{
  "regression": {
    "linreg": {
      "val": {
        "MAE": 18635481.848606516,
        "RMSE": 676305820.8841715,
        "R2": -137667681320031.4
      },
      "test": {
        "MAE": 9124250.80308588,
        "RMSE": 479162648.70245594,
        "R2": -83527695637906.27
      }
    },
    "rf": {
      "val": {
        "MAE": 8.864394871114648,
        "RMSE": 12.382560257019293,
        "R2": 0.9538505374962416
      },
      "test": {
        "MAE": 8.341302467343976,
        "RMSE": 11.795224227671387,
        "R2": 0.9493852624920154
      }
    }
  },
  "classification": {
    "logreg": {
      "val": {
        "ROC_AUC": 0.5605660748907593,
        "PR_AUC": 0.2307595299425911,
        "best_thresh": 0.3439192131260163,
        "best_F1": 0.33671343242082863,
        "prec_at_best": 0.2152880573154124,
        "rec_at_best": 0.7723024638912489,
        "cm@0.5": {
          "threshold": 0.5,
          "TP": 2505,
          "FP": 8247,
          "TN": 10739,
          "FN": 2203
        },
        "cm@best": {
          "threshold": 0.3439192131260163,
          "TP": 3636,
          "FP": 13254,
          "TN": 5732,
          "FN": 1072
        }
      },
      "test": {
        "ROC_AUC": 0.5822184622794265,
        "PR_AUC": 0.2408386041438036,
        "best_thresh": 0.3718390472880485,
        "best_F1": 0.346835443037621,
        "prec_at_best": 0.22508214676889376,
        "rec_at_best": 0.7555147058823529,
        "cm@0.5": {
          "threshold": 0.5,
          "TP": 890,
          "FP": 2751,
          "TN": 3885,
          "FN": 742
        },
        "cm@best": {
          "threshold": 0.3718390472880485,
          "TP": 1233,
          "FP": 4246,
          "TN": 2390,
          "FN": 399
        }
      }
    },
    "rf": {
      "val": {
        "ROC_AUC": 0.565292979372808,
        "PR_AUC": 0.23576994050121192,
        "best_thresh": 0.04523530827541717,
        "best_F1": 0.3380202699992933,
        "prec_at_best": 0.20829424833374474,
        "rec_at_best": 0.8961342395921835,
        "cm@0.5": {
          "threshold": 0.5,
          "TP": 382,
          "FP": 1066,
          "TN": 17920,
          "FN": 4326
        },
        "cm@best": {
          "threshold": 0.04523530827541717,
          "TP": 4219,
          "FP": 16037,
          "TN": 2949,
          "FN": 489
        }
      },
      "test": {
        "ROC_AUC": 0.5845926186930468,
        "PR_AUC": 0.23927684228034252,
        "best_thresh": 0.10647777982201612,
        "best_F1": 0.3482332907616705,
        "prec_at_best": 0.22659279778393351,
        "rec_at_best": 0.7518382352941176,
        "cm@0.5": {
          "threshold": 0.5,
          "TP": 98,
          "FP": 285,
          "TN": 6351,
          "FN": 1534
        },
        "cm@best": {
          "threshold": 0.10647777982201612,
          "TP": 1227,
          "FP": 4189,
          "TN": 2447,
          "FN": 405
        }
      }
    },
    "dt": {
      "val": {
        "ROC_AUC": 0.5597756946248728,
        "PR_AUC": 0.2331532715819382,
        "best_thresh": 0.393416047034411,
        "best_F1": 0.3343742001532047,
        "prec_at_best": 0.22027382477911917,
        "rec_at_best": 0.693712829226848,
        "cm@0.5": {
          "threshold": 0.5,
          "TP": 2606,
          "FP": 8800,
          "TN": 10186,
          "FN": 2102
        },
        "cm@best": {
          "threshold": 0.393416047034411,
          "TP": 3267,
          "FP": 11577,
          "TN": 7409,
          "FN": 1441
        }
      },
      "test": {
        "ROC_AUC": 0.5773444332901938,
        "PR_AUC": 0.23812603302365612,
        "best_thresh": 0.35596054475175604,
        "best_F1": 0.34887302253919666,
        "prec_at_best": 0.22609326800943566,
        "rec_at_best": 0.7634803921568627,
        "cm@0.5": {
          "threshold": 0.5,
          "TP": 894,
          "FP": 2823,
          "TN": 3813,
          "FN": 738
        },
        "cm@best": {
          "threshold": 0.35596054475175604,
          "TP": 1249,
          "FP": 4284,
          "TN": 2352,
          "FN": 383
        }
      }
    }
  },
  "clustering": {
    "k": 3,
    "silhouette": 0.335232106156968
  }
}