y_true,y_prob
0,0.49028292082428054
1,0.4649514762576767
0,0.5233114765228889
1,0.760356618948661
1,0.35194682542333877
0,0.27927711609521455
0,0.4665792021068797
0,0.24656536221601577
0,0.012804947867579597
0,0.1955173464784655
0,0.8136286404695635
1,0.45381279759691656
1,0.012804947867579597
0,0.1015226717953392
0,0.603472794966392
0,0.6780799501394646
1,0.012804947867579597
0,0.17410267803950685
0,0.7775363721407058
0,0.5296377344043807
0,0.5016915229539752
0,0.19878825384654086
0,0.16302924993369156
1,0.5082683321240726
0,0.41977262296493656
0,0.6565401196224312
1,0.18043114878555447
1,0.5048488745396118
0,0.1646873718107551
0,0.25001986747325716
0,0.1348277606144054
1,0.5743433211386143
1,0.5931241821802913
0,0.7132538365382919
0,0.6973504194125673
0,0.39335399755409306
0,0.3330373103086535
0,0.4848252805621313
0,0.6486860082904531
0,0.7369725870634379
0,0.4925579046034156
0,0.31512307353796526
0,0.12094243361441122
0,0.4455718416880167
0,0.2830328871224148
1,0.5971157278205155
0,0.6598384366054058
0,0.5954134568442954
1,0.6053422438393338
0,0.4186665530854394
1,0.5493228323020481
0,0.012804947867579597
1,0.6579995450607896
1,0.012804947867579597
1,0.35975514169221867
0,0.6860756016561512
0,0.012804947867579597
0,0.8296519768586894
0,0.012804947867579597
0,0.633418209135995
0,0.28323045191379703
0,0.46640427684635466
0,0.5160981113609237
0,0.14929832429717574
0,0.38830619679577044
0,0.5096173319724494
1,0.781247344352481
0,0.5786534904906143
0,0.20415790067283981
0,0.4342984087864127
0,0.6153744270221863
0,0.4385259833410785
0,0.6687771984202112
0,0.7535331940872965
0,0.5479594249345057
0,0.2814938980346938
0,0.8037059277170595
0,0.5843420397266796
1,0.48248299701866404
1,0.012804947867579597
0,0.5322687544331918
0,0.17604064588194113
0,0.012804947867579597
0,0.5922787486373977
0,0.1859027854357678
1,0.44128488274136785
0,0.39131307500518986
0,0.5033105382257317
0,0.46817191903422656
0,0.21764476149720927
0,0.5143273858584443
0,0.43343742978696603
0,0.5962213298770114
1,0.3218319897770769
0,0.769577007126736
1,0.5321796362494948
0,0.6621383150497678
0,0.27043451460201584
0,0.4850817594683963
0,0.32357369480645737
0,0.3881577644303228
0,0.012804947867579597
1,0.6951772434253256
0,0.3162998095146298
0,0.6430981000203818
0,0.18802331632431826
0,0.5105266132539854
0,0.6664012719269673
0,0.012804947867579597
0,0.7004389798770243
1,0.32577338919134696
1,0.5018037408417051
0,0.699806073550444
1,0.012804947867579597
0,0.38482852377645577
0,0.2735282790349132
0,0.48537980784248674
0,0.5767687385924749
0,0.21212813573724687
0,0.8129011129979141
0,0.4255944213574438
0,0.012804947867579597
0,0.6508945658951752
0,0.5473844125642896
0,0.6648245914065225
0,0.635113001843035
0,0.3270111945177894
1,0.6055253677676404
0,0.6975197781570545
0,0.5017980582133985
1,0.4493985228248452
1,0.46741464307202985
0,0.45308431266984095
0,0.7268172821345831
0,0.7325794712370869
0,0.35184850136133744
1,0.24696105059447507
0,0.5177061313769369
0,0.7020232071895162
1,0.39380289927633366
0,0.6572423831093201
0,0.7761933058686331
1,0.3540528013789831
1,0.5529141683725562
0,0.620966317786388
0,0.7039951675428266
0,0.28092528085316415
0,0.5118195147334791
0,0.012804947867579597
0,0.6389053068429594
0,0.3225765670227933
0,0.4336546528194543
0,0.351176670121231
1,0.560909996588931
0,0.19039277845274674
0,0.3424689470955522
0,0.5841917773286569
0,0.16150534907053724
0,0.5097826374155984
0,0.5675426710276004
0,0.5174137048303845
0,0.47366000384918266
0,0.012804947867579597
0,0.20666826347628167
0,0.3037942814564316
0,0.7382358678950003
0,0.2976813726082111
0,0.7776774900199755
1,0.7481375353947198
1,0.5694257691907918
0,0.5149418071877478
0,0.5382990156956361
0,0.13193444656361075
0,0.6218401931716537
0,0.1321280849463924
1,0.4575207662891352
1,0.554788160791033
0,0.6729063159122559
0,0.4044996712926596
0,0.40398461608895064
0,0.7902526945824432
0,0.5273618650066341
0,0.25795337131193713
0,0.5604127568013202
1,0.41829584720467533
0,0.3516089920575164
1,0.672092156731799
0,0.41485102876912944
0,0.8010725177040434
1,0.37767685361304143
0,0.5331500794426268
1,0.40519240992259964
0,0.4745742490965302
0,0.45230231115617253
1,0.6562055460114289
0,0.4473620575397577
0,0.012804947867579597
0,0.654663797004665
1,0.454271769954953
0,0.6522739903427741
0,0.22685379724602678
0,0.66297359199539
0,0.32883940884046664
0,0.37000378603350076
0,0.012804947867579597
1,0.23289550117920468
1,0.6952133169855317
0,0.2738862119899122
0,0.44458703970214597
0,0.7243611641953145
1,0.5976080956791577
0,0.7655829244334642
0,0.012804947867579597
1,0.691431003689959
0,0.18880547374259615
1,0.3156458793326924
0,0.2776637876606224
1,0.346741094698696
1,0.24011190870710242
0,0.48766573997532187
0,0.554380118120895
0,0.7692564964083852
0,0.7127813555572242
0,0.5626129205051945
0,0.4612951830757214
0,0.6997218237613214
0,0.34419675471819755
0,0.7748381322736642
1,0.40694005120459625
0,0.31137399737359533
0,0.37381455875785596
0,0.5457033134116271
0,0.6341327806013712
0,0.6353330671487887
1,0.5861591156209139
0,0.4557270616556092
1,0.6462884718076127
0,0.2785210796874092
0,0.4642451438997056
0,0.5373894440456202
0,0.480393015923384
0,0.17940344447382137
0,0.5379641782564579
0,0.012804947867579597
1,0.7728401920503447
0,0.5300359969142792
0,0.5013415409156272
0,0.012804947867579597
0,0.4621215235348453
1,0.5559518607918722
0,0.6766549358693134
1,0.6776432361131197
0,0.012804947867579597
0,0.5671945110764389
1,0.44042128285813825
1,0.6121634452167228
0,0.5624433749585073
0,0.2855161041646359
1,0.5106020658361796
0,0.23789983238487084
0,0.012804947867579597
0,0.41263362234026446
0,0.6950674419628659
1,0.47184828370596
0,0.3971889805626658
0,0.5510375860064924
0,0.433247470326417
0,0.4230094067376861
0,0.012804947867579597
1,0.4745403372327645
0,0.4571404917625997
0,0.5043606432910046
0,0.41007533149272196
0,0.4557362267679267
0,0.012804947867579597
0,0.37080385466957044
0,0.012804947867579597
0,0.4521086865701641
0,0.7507448495847717
0,0.2826693083083459
0,0.5826321034308986
0,0.47128356810847216
0,0.22165584342610595
0,0.40825464298163794
0,0.857482741030061
0,0.3824612422773326
0,0.012804947867579597
0,0.6001880997666226
0,0.45238333899196664
0,0.4451670873704173
0,0.4212388631033621
0,0.4744437832189939
0,0.15765437525906223
0,0.7751266579647569
0,0.6469678818222544
0,0.5965320002152812
0,0.3349697430582323
0,0.45107377174038876
0,0.28730161753230987
0,0.4153009008888435
0,0.3468613552864357
0,0.19580563022471456
0,0.27030522378350985
0,0.42172567596217236
0,0.3163977792204503
0,0.31710126530918586
0,0.47039235881602637
1,0.5586470722847904
1,0.012804947867579597
1,0.012804947867579597
1,0.5592983725048162
1,0.405255975012009
0,0.6183052313423247
0,0.782714488703522
0,0.6266365795081363
1,0.6382968631342141
0,0.5054995548695249
0,0.32946621459306996
0,0.6448739794299723
0,0.012804947867579597
1,0.6444782813220632
0,0.1676707850484224
1,0.4006875185556073
1,0.6026806336448198
1,0.5514704800119621
0,0.7583086243296726
0,0.6020142336793906
1,0.012804947867579597
0,0.473482903692546
0,0.3866897136060917
0,0.3491730706948821
0,0.3523260874555627
0,0.5677385430597547
1,0.6254198597825981
0,0.5980704287513146
1,0.654442240836796
0,0.3060500171851684
0,0.7571693512937705
1,0.22997248562991524
0,0.4889104667479564
0,0.012804947867579597
0,0.012804947867579597
0,0.3883885470523332
0,0.5168676215039247
0,0.012804947867579597
0,0.5893396584613433
0,0.427117423133503
0,0.3779799014216252
1,0.6597358877448362
0,0.012804947867579597
0,0.5656104881528831
1,0.4747302354892354
0,0.7195348116886804
0,0.4581811034935397
0,0.47741323719904627
0,0.5819250400130549
0,0.012804947867579597
0,0.5159972332268348
0,0.5778670159291597
1,0.6031868822480067
0,0.5187551115589976
0,0.9808065481918008
1,0.012804947867579597
0,0.5669021062073656
0,0.3478580677163215
0,0.49698878206369257
0,0.6816801306660137
0,0.012804947867579597
1,0.5411223686050638
0,0.40131909361905804
1,0.7017470103719868
0,0.6981554386015733
1,0.32278800454977513
0,0.2665534795607563
0,0.4645312758263116
0,0.45479835407509794
0,0.4974461722361175
0,0.4340035843453157
0,0.5858618917577681
0,0.15857610532817554
1,0.6202179542669447
0,0.28175134777658795
0,0.8120440713262328
0,0.012804947867579597
0,0.44941943450432864
1,0.36155635560808436
0,0.5449810990331436
1,0.5267103741232084
0,0.661665618312096
0,0.525785719996674
0,0.5627542337513486
0,0.6914805062649908
0,0.6000437185764853
0,0.012804947867579597
0,0.18722732494297437
0,0.5263992800442935
0,0.22103289686485017
0,0.21507472542478417
0,0.5794702807678859
1,0.5235790577286779
1,0.7263641698050308
0,0.6149947881436041
0,0.2572526974302772
0,0.4457731226906176
0,0.571232699911398
0,0.5022580287883601
0,0.012804947867579597
0,0.16864629355112054
0,0.5143649823942933
0,0.49258887886407615
0,0.6984677534351766
1,0.21789998892117876
0,0.33190490552409074
1,0.6634608644878663
0,0.5037263079867339
1,0.8328621259063499
0,0.7293281599288264
0,0.3404791791499529
0,0.6267499660184573
1,0.4197761065511883
1,0.3427234355277004
0,0.7693962770008278
0,0.43206478755752953
1,0.3409865696789033
0,0.012804947867579597
0,0.27196175819091467
1,0.5958059523824887
0,0.10779389586893363
0,0.5551456470672501
0,0.5187851983829935
0,0.6472853901190082
1,0.21502947609255077
0,0.6707650463850098
0,0.012804947867579597
0,0.4221131169944314
0,0.5018067105478681
1,0.6232572794680106
1,0.45113288019361125
0,0.3169826050826808
0,0.7273226793053549
0,0.5816582892602365
1,0.5011799684943948
1,0.5181215241794902
0,0.5663349543674652
0,0.41163836058237663
1,0.6434585049703905
0,0.4436381485465175
0,0.46847046204234655
0,0.7055492280400795
0,0.7005005488461719
0,0.40675488293896084
0,0.5819417289336073
0,0.012804947867579597
0,0.5656104881528831
0,0.5404897193383739
1,0.713056745532802
0,0.7572024682558798
1,0.012804947867579597
0,0.3188781170098265
0,0.6643107778048356
1,0.5551224219734848
0,0.4965381241908649
0,0.012804947867579597
1,0.5163759958178785
0,0.7017894213025535
0,0.121102486107736
0,0.012804947867579597
0,0.5065741989136097
0,0.3732430332315767
1,0.6484463748828547
0,0.42381246989545296
0,0.5317456938497584
0,0.012804947867579597
0,0.37127184325650103
0,0.3579835119526774
1,0.6115585676009428
0,0.37554451443428594
0,0.31096656519717947
0,0.5603502143297925
0,0.5634453859774667
0,0.427863438527437
0,0.3214125009582049
1,0.712573473260027
0,0.8954512648735092
1,0.5755081036579278
0,0.7075007861422664
1,0.4204150062415699
0,0.46733130224473235
0,0.012804947867579597
0,0.4140941858113153
1,0.5874125863373655
0,0.012804947867579597
0,0.44785839501742314
0,0.6308604503227919
0,0.47354853079411807
0,0.2798709047093583
0,0.8183919663742055
0,0.26910502083239496
0,0.5081762911157801
0,0.012804947867579597
0,0.3556598296693791
1,0.6289880375885613
0,0.5042189585221277
1,0.012804947867579597
0,0.012804947867579597
0,0.7730062800932446
0,0.7055554445454604
0,0.46192399752280816
0,0.012804947867579597
0,0.6872274085356332
0,0.5858966311663166
0,0.5099138159352445
0,0.4946480337102001
0,0.44448015912822897
0,0.6585724576131867
0,0.6028966060959353
0,0.806767532803926
0,0.3446012516013291
0,0.2927568798790495
0,0.5890040156091587
0,0.5195816671501565
0,0.5809814481283875
1,0.7427569081917541
0,0.5766699798672288
0,0.6614309959794776
0,0.5568940057864898
1,0.5047232415788866
0,0.6000495127176597
0,0.698279120793313
0,0.2850597140346482
0,0.745950791348715
0,0.3780448373504028
1,0.675559317106928
0,0.4045670386596381
0,0.4285947639921181
0,0.012804947867579597
0,0.2270099952523534
0,0.2473464932613162
1,0.7897405956971815
0,0.012804947867579597
0,0.416064263944916
1,0.6677310665987484
0,0.3983383420336864
0,0.6143824139219775
0,0.6450080876937467
1,0.6430164897215654
0,0.5999618259042279
0,0.5451596249720131
0,0.46503413412157024
0,0.37304147855771835
0,0.3934754563579798
0,0.7176557603151926
0,0.5500641001121539
0,0.2567041953668409
1,0.5673427445055668
0,0.6333805970553726
0,0.6150295064846156
1,0.5712428661495695
0,0.4043370796428013
0,0.25389912144521987
0,0.5259104844113021
0,0.757296777957852
0,0.5860808072700071
0,0.012804947867579597
1,0.7000311467742178
0,0.6337615071645272
1,0.30876846173898026
0,0.5457611790413427
0,0.7820153586728471
0,0.1797051768727069
1,0.6367284245827195
0,0.5797217064284699
0,0.5685924624450907
0,0.7560648545594122
0,0.2803904470422209
1,0.6593112955820659
0,0.4066116595160789
0,0.3505087155296638
0,0.6476962830788143
0,0.7944946836291936
0,0.34815474014383835
0,0.012804947867579597
0,0.632814860760995
0,0.3268729721286172
1,0.012804947867579597
1,0.24709322535425068
0,0.5002751152093244
0,0.4927389210555057
0,0.5017203538586487
0,0.44231414998078866
0,0.7355217708262864
0,0.5547307374368571
0,0.012804947867579597
0,0.012804947867579597
0,0.38002090862899407
0,0.7328011825429628
0,0.5974577294818091
0,0.4773230329541843
0,0.6801317706983206
0,0.5901691967035292
1,0.5938315781927246
0,0.5636688587802379
0,0.7423876749028561
0,0.515813230620416
0,0.4256390810915192
0,0.44447607676516865
0,0.3468472005406581
0,0.47202825501184453
0,0.42443057585346355
0,0.6168925841534374
1,0.7310651366953401
0,0.32502435991826006
0,0.5466038952229096
1,0.7194751753905261
0,0.6960220956336971
0,0.5669140462893866
0,0.45911753499984725
0,0.5703752467317449
1,0.5496834685818446
0,0.371563867997806
0,0.5435815972546533
0,0.22909227996557655
0,0.9147849078059929
0,0.012804947867579597
1,0.43750781809948397
0,0.43283930781900776
0,0.6392375927428894
0,0.012804947867579597
0,0.2398931893885282
1,0.6803836139977167
0,0.44941943450432864
0,0.29854074876322023
1,0.39042931459767366
0,0.4575807275067597
0,0.012804947867579597
0,0.24598895292087766
1,0.5673060468322477
0,0.012804947867579597
0,0.4282170888209944
0,0.6325839561894335
0,0.2979094007262935
1,0.5754880534532895
0,0.4457058211887936
0,0.5976296145696679
0,0.25253239781469883
0,0.44422580773113973
1,0.3595036063849986
1,0.766657729383491
1,0.8031333039108943
1,0.6717742860799341
0,0.5766286750000712
0,0.4608721339168515
0,0.2494403028960944
0,0.4057980176671239
1,0.352782165334343
0,0.14178736461616942
1,0.7067111615645197
1,0.5677308839332906
1,0.5462730746678464
0,0.41389011026638967
0,0.3570223684004883
1,0.461137043546753
0,0.31187153045054644
0,0.5858765610042946
1,0.6538449164930652
0,0.012804947867579597
0,0.45904020081637464
0,0.012804947867579597
0,0.4304969363303317
0,0.5974931481058964
0,0.4578641626169867
0,0.5173018598868342
0,0.6695599076823933
0,0.3992645634839823
0,0.603412406785122
0,0.5499423968665377
0,0.630650186853213
0,0.012804947867579597
0,0.7280223448651568
1,0.5188107494372045
0,0.012804947867579597
0,0.41391376210079456
1,0.5825049220939489
0,0.7376505468011763
0,0.2711991638244011
0,0.5922381534743704
0,0.22709143134326618
0,0.4211468004466849
0,0.3261338868225299
0,0.6938783157884689
0,0.2670097805938518
0,0.20468303156084916
0,0.712961150396298
0,0.4152782850816848
0,0.47005530818004476
0,0.012804947867579597
0,0.32115680996426205
0,0.18481376563207869
0,0.5296553351141238
1,0.012804947867579597
0,0.5207898444840923
0,0.569930371337195
1,0.4755003844039895
1,0.4328640037300141
0,0.4274893639513056
0,0.5238681217561988
0,0.012804947867579597
0,0.49495941429266577
0,0.7601795090166422
0,0.7404358496885651
0,0.568179336202121
1,0.5749690970144183
0,0.8433391561165854
0,0.42677093446785974
1,0.456057919942822
0,0.2352398907962779
0,0.5511563283040972
0,0.7161754795176479
0,0.4123334887470133
0,0.5751590915788841
0,0.012804947867579597
0,0.39178329134490925
0,0.3429659320462069
0,0.6060618665864185
0,0.21907934516633523
0,0.46070477749834954
0,0.46092238043291
0,0.6396820967959403
0,0.2607873660137807
0,0.7071256436389759
0,0.7200735992939901
1,0.5748041075090469
0,0.49447802413625647
0,0.16407161047653826
0,0.5213053952109148
1,0.7940169758548422
0,0.6079840039022718
0,0.5934095063907008
0,0.3609919351048565
0,0.39415722632162786
0,0.8475980419169952
0,0.6343126678781587
0,0.012804947867579597
0,0.27177254572592086
0,0.6204267454694761
1,0.6212836421615002
0,0.5872566300972477
1,0.012804947867579597
0,0.6807495205024041
0,0.4103059847373055
0,0.43981889034898564
0,0.4278826742392462
0,0.7884697484367394
0,0.6200758105291445
0,0.7496189143976159
0,0.40582486931851924
0,0.5390967781757289
0,0.5034487119419262
0,0.15532728585618566
0,0.6533793696910766
1,0.38440871419010514
0,0.6593732558186962
0,0.7669783689924264
0,0.6035406689901599
0,0.42966537190434667
0,0.5645672456343003
0,0.012804947867579597
1,0.45736363496158655
0,0.3935975416493134
1,0.5158375109081103
0,0.6662170909843433
0,0.012804947867579597
1,0.7766285782071517
1,0.46489395800558697
0,0.18729975523704462
0,0.3864483832897587
0,0.7530762646378536
0,0.5510661747614817
0,0.5327780564181985
0,0.5916494119238007
0,0.4107547234653895
0,0.5473796328925278
1,0.6215848793919411
0,0.3764961346938433
0,0.595891351001546
0,0.431067180860141
0,0.5801102837546981
0,0.012804947867579597
0,0.42855712027564685
0,0.5792572927608977
0,0.012804947867579597
1,0.7098937375995213
0,0.5818590496864778
1,0.20319780234528
0,0.3854713107527375
1,0.430520244243527
0,0.47623241397505134
1,0.609371070443281
0,0.5817463581565155
1,0.5382017081724055
0,0.3390355761206966
0,0.5895533313485527
0,0.39172974905162405
1,0.012804947867579597
0,0.36183968559597096
0,0.5518625434700704
0,0.5723882594099019
0,0.6485646182884477
0,0.4358406143039008
0,0.3012713300609976
1,0.6762420754692815
1,0.738435913644345
0,0.2872814792121484
0,0.30373301656074236
1,0.5402010106217131
0,0.5425689012783378
0,0.3528606605325332
0,0.6097784132230659
0,0.2155325686885051
0,0.012804947867579597
0,0.39402816543719427
0,0.5168440991655009
0,0.012804947867579597
0,0.47580166784380945
0,0.4709013900803096
0,0.611554949407379
0,0.46740338293547873
0,0.763744851083367
0,0.6115505336222283
0,0.5377897926172247
1,0.5803979150680821
1,0.9804690042943438
0,0.6457201465584304
0,0.6895995911281585
0,0.012804947867579597
0,0.5296141433491733
0,0.47721176631514656
0,0.012804947867579597
0,0.5954611244730995
0,0.6684869084894651
0,0.6941414906643983
1,0.5197658009106846
1,0.012804947867579597
0,0.5128017388039369
0,0.3311874302046006
0,0.012804947867579597
0,0.33734748017823274
0,0.44291764452804105
0,0.464137988023961
0,0.6356586557534365
0,0.2866258723647307
0,0.5132757495496673
0,0.4155092973756115
1,0.28781282521226503
0,0.012804947867579597
0,0.012804947867579597
0,0.21533648580333886
0,0.6668790687974134
0,0.776972863886456
0,0.012804947867579597
0,0.5470079094234483
1,0.5511831342224118
0,0.6276559635940031
0,0.18094119437570177
0,0.012804947867579597
0,0.5786366338748832
0,0.3352756245675751
1,0.6976660704336206
0,0.640576295128129
1,0.6601797854466507
0,0.36120474609179054
0,0.3663998614348518
0,0.4128095530413882
1,0.6922362926656369
1,0.46280124565823755
0,0.012804947867579597
1,0.6524332600933269
0,0.6298011345559035
0,0.47556689848279954
0,0.3784300822007395
1,0.6560085186358017
0,0.45968237921169053
0,0.5513608958795615
0,0.39067862871616815
0,0.6599897490034143
0,0.5082376528428528
0,0.42370932709727566
0,0.08345844315240522
1,0.4537927461024119
0,0.357440978112868
0,0.677216206386589
0,0.34546760441110175
0,0.5200804479523147
0,0.5032867037648721
0,0.5038674396226414
0,0.7998240220185842
0,0.1466890401304662
0,0.25073217765027006
0,0.6298332644386151
0,0.4353146302867014
0,0.48827662737138033
0,0.7046894076084502
0,0.012804947867579597
0,0.6236748754115984
0,0.49073592818183137
0,0.3859177172506097
0,0.16269714430191973
0,0.3151126581169121
0,0.23529136358453429
0,0.4568740393862388
0,0.4408693500308015
0,0.591726629583765
1,0.8116815792156584
0,0.6596492700505662
0,0.10997920550430208
0,0.7044075954662122
0,0.3910977563500316
0,0.40542973484685496
0,0.619395685457237
1,0.2528422055006405
0,0.5028401790096264
0,0.5406565163397948
0,0.1544778858144202
0,0.5005499965314801
0,0.6117544630099452
1,0.3647047734527118
1,0.42593754162606956
1,0.4589396946683168
0,0.012804947867579597
0,0.7196182094548038
0,0.32404728044656034
0,0.6686019734270391
0,0.5302894310952891
0,0.6750587645149391
0,0.012804947867579597
0,0.6640118060981597
0,0.5428241342316592
0,0.012804947867579597
0,0.012804947867579597
0,0.5488153635956382
0,0.569352146855111
0,0.4506780481906695
0,0.45922793415124785
0,0.42301424058964665
0,0.6342984319194521
0,0.8090902921409349
0,0.13407353905786404
0,0.751300855648068
0,0.46109891334334335
0,0.595179588186167
0,0.4494161814196605
0,0.5879168822395742
1,0.6782316867511201
0,0.6780020208104255
0,0.5141890288285399
0,0.6583673331303211
0,0.6645166908545932
0,0.36741423156436015
0,0.6846696283048738
0,0.6892000296283395
0,0.1963624129888546
0,0.5434129901528573
0,0.27868357210489186
0,0.012804947867579597
0,0.4793258079928041
0,0.012804947867579597
0,0.6308781443836746
1,0.3129454636345305
0,0.4209456865198885
1,0.6889639795343372
0,0.6543499881763145
0,0.6820784237908778
0,0.8152668373355859
0,0.38179996272436795
0,0.3973728121618855
0,0.5604514888259611
0,0.4482936225996559
0,0.49911208151136094
0,0.3515608734195745
1,0.6137079334741132
0,0.6347357935572279
1,0.4632906324533058
0,0.26842031989737763
0,0.4401159201511929
0,0.5734587686870876
0,0.32207629874370763
0,0.21475829515053566
0,0.6545732886012844
0,0.6961007223798176
0,0.37714713469905725
0,0.7582718819519564
0,0.7118220757036763
1,0.5012906006178443
0,0.6129973544921039
0,0.4569768618891955
0,0.5611275057500028
1,0.6132515702422517
0,0.4877444630482831
0,0.18413526046871412
1,0.5423283550765455
0,0.21814970025695873
0,0.41139295508272583
0,0.012804947867579597
1,0.46309271838132143
1,0.4897301375641021
0,0.52540585787214
1,0.2575075022309064
0,0.42317820008882445
1,0.4194610761353872
0,0.4510484989875554
0,0.7929986802788688
0,0.48816933843381083
0,0.45176647609231557
1,0.49289460220231623
0,0.2194650642144735
1,0.16179498510290427
0,0.4751623906441935
1,0.2343520770440555
1,0.4793126352126936
1,0.37272671859858625
0,0.012804947867579597
0,0.5020852945831373
0,0.5719154270303535
0,0.6246785459578393
0,0.5308770109816553
0,0.175025595463877
0,0.515086542140418
0,0.42382259118445087
0,0.6193523262042153
0,0.6007817101865656
0,0.012804947867579597
0,0.321182098909349
0,0.7282417515156406
0,0.6437563725352239
0,0.31643378388968135
1,0.4368895043791329
0,0.6726554318118483
0,0.012804947867579597
0,0.44573898659645794
1,0.7776908384096385
1,0.012804947867579597
0,0.43485236016263684
1,0.7102654217493309
0,0.012804947867579597
0,0.4385145742639737
0,0.44912840951294225
0,0.012804947867579597
0,0.8604202452576568
0,0.6886889137022493
0,0.5009643895722588
0,0.27683409223325667
0,0.012804947867579597
0,0.6370713699061112
0,0.644972075684244
0,0.012804947867579597
1,0.6072900730929601
0,0.470249558553992
0,0.368265700287782
0,0.7923598579566209
0,0.5184437717944256
1,0.6943374324759239
1,0.34339566417394396
0,0.5079526182731537
0,0.5055439091156565
0,0.36578449785709244
0,0.012804947867579597
1,0.4741567162032886
0,0.012804947867579597
0,0.7742732567747062
0,0.6898067067174667
0,0.542092017402773
1,0.49434225368432344
0,0.6032233630539647
0,0.5596977748926087
0,0.4428675648587446
0,0.48094925187210597
0,0.4438212393472533
0,0.4041775827537444
1,0.3258431250285532
0,0.43707683262078456
0,0.31388094157518404
0,0.5013361287265734
0,0.5440896418384902
0,0.4989548392523767
0,0.4962078368495074
1,0.4036392350140098
0,0.48601715166847614
0,0.49578600731027306
0,0.800739603227218
0,0.7988632905627542
0,0.6129245053166898
0,0.7952922091608219
0,0.46236114257132965
0,0.44814028325428645
1,0.5094913455459394
0,0.7740031750875228
0,0.3367696268042936
0,0.2182671628898717
0,0.18906134930060706
0,0.4342424739167727
0,0.5982536975472552
0,0.2607271678525294
1,0.012804947867579597
0,0.5763840528705905
0,0.5066557003277206
1,0.5097885326969759
1,0.3857133095605585
0,0.49174950090358005
0,0.6197445458843428
1,0.012804947867579597
0,0.17292137669086724
0,0.652587657683985
0,0.5697168599322459
1,0.012804947867579597
1,0.4832011823133048
0,0.5994628052634997
0,0.5596710812140605
0,0.4511218312821448
1,0.3282145090522781
1,0.012804947867579597
0,0.012804947867579597
1,0.8059847990976098
0,0.2518602364964674
1,0.5368528122045553
1,0.61228538411393
0,0.4804072080740748
0,0.6866491488272871
0,0.7046128741002208
0,0.5318746890887084
0,0.46987111854793817
0,0.5865119823294485
1,0.7698551078455158
1,0.8037170679853949
0,0.3045852564978164
0,0.012804947867579597
1,0.5797646765108386
0,0.7299461126927597
0,0.28084417409770557
0,0.7362768724226787
0,0.5593596055629512
0,0.44111790300044634
0,0.3674369143654465
0,0.5674184446731049
1,0.5136324023982884
0,0.7165176480200346
0,0.6019891345132529
0,0.5848465759434278
0,0.012804947867579597
0,0.25693364612162356
0,0.012804947867579597
0,0.3188544753192309
0,0.5793722976270865
0,0.7248455079827475
0,0.7131191526777151
0,0.6942143058587001
0,0.49006338838408836
0,0.012804947867579597
0,0.17770687536654495
0,0.012804947867579597
0,0.4368191919262859
0,0.4002458058708837
0,0.6035998917376711
0,0.5721869069423408
0,0.28631229453388296
0,0.47567991959510353
1,0.239101335944788
0,0.012804947867579597
1,0.5443400666307812
0,0.10214435625070921
1,0.631864251444791
0,0.5688842029235287
0,0.6536223335582878
0,0.33624952932662455
0,0.4667362207405028
0,0.3427729269316974
1,0.663037094995078
0,0.6483145974804457
0,0.2695119231135355
0,0.39245026659370885
0,0.2942638333246945
0,0.7786205466746817
0,0.642333006261833
1,0.34134044113322387
0,0.5793186562530419
0,0.4070618464430578
0,0.48184127250671704
1,0.012804947867579597
0,0.48320200584765666
0,0.4424162947684625
1,0.4997808061677878
0,0.08605640500121961
0,0.5401213824200831
0,0.5356890765133545
0,0.012804947867579597
0,0.3546948192688627
0,0.7721223557065516
0,0.49168315914755356
0,0.20771691787639515
0,0.673263514088783
0,0.4469207882861934
0,0.43902625660855427
0,0.4835279693584057
0,0.7574406412072003
0,0.26119879970153176
0,0.6624145410961305
1,0.35229614879338417
1,0.6732029253878765
0,0.6757407958430894
0,0.2479327807477333
0,0.6053532915050368
0,0.7557415601015761
0,0.3504713888162066
0,0.5669147738990403
1,0.2336351999936379
1,0.8932621330754141
0,0.7282963262051504
0,0.5678681450050159
1,0.6250067487450903
0,0.474135407264285
1,0.39076774334163245
0,0.5694673511430414
1,0.36531082342689114
0,0.7509042806788236
1,0.5916333546887932
0,0.6457778443922435
0,0.8618341811650042
0,0.7837025417122113
0,0.3184451460509
0,0.47007246642717904
1,0.502814065230917
1,0.4333648374596738
0,0.30161263160915613
1,0.012804947867579597
1,0.7799493261704549
0,0.012804947867579597
0,0.5885583304150682
0,0.45599412078982526
0,0.5533478259091514
0,0.6255492739047224
0,0.5560352718504561
0,0.39075228485391655
1,0.7555359932261047
1,0.558420461305864
0,0.8252893880427119
0,0.1552259859955134
0,0.5376592116744271
1,0.6982328093434844
1,0.7428009303325429
0,0.34762076622062016
1,0.45759283708462395
0,0.8193060126356972
0,0.513459983392817
0,0.555645315245108
0,0.4425811599814277
0,0.517185720075666
0,0.6142566987750218
0,0.3820708227770706
0,0.4690777330840998
0,0.4262741960379573
0,0.4218584238408995
0,0.2758730598780817
0,0.6678757042448892
0,0.5665805517379803
0,0.012804947867579597
0,0.6400661047535543
1,0.012804947867579597
0,0.5589413980062697
0,0.5933418857392181
0,0.2827326800953183
1,0.7251938338433782
0,0.6464813169919381
0,0.44889858758892787
0,0.7161885246435146
0,0.6981554386015733
0,0.5548326338146019
1,0.620681988929001
0,0.7263055975541911
0,0.4577631913374861
1,0.7538803407712809
0,0.3304253604256974
0,0.6091663429851261
0,0.41765481025511
0,0.7643715007522083
0,0.23734949600011002
0,0.628419209049928
1,0.5595855828700504
0,0.78384545520117
0,0.46431602894077995
1,0.35388885686772953
0,0.5767159636724644
0,0.30268102078479603
0,0.5544772760448021
0,0.012804947867579597
0,0.4315735734495871
0,0.6452664113765647
0,0.60158060014461
0,0.012804947867579597
1,0.5890323587263149
0,0.49194783327376485
0,0.6261114055219704
0,0.20114907691780393
0,0.012804947867579597
1,0.7604542966869103
0,0.5647220274349131
0,0.26167447996003407
0,0.3212395061154164
1,0.6008696211944434
1,0.7416186472918892
0,0.3941537134774522
1,0.4575393864838455
0,0.6979435700141384
0,0.4259881512906156
0,0.7031808712356931
0,0.45143712845110545
0,0.48615093142726784
0,0.7223599902689358
0,0.35332781478877084
0,0.279003552722006
0,0.7660708477412757
0,0.012804947867579597
0,0.5102245870644893
0,0.012804947867579597
0,0.5039681483159895
0,0.7204822533459332
0,0.5635044912878481
0,0.5275682452642196
1,0.6194482085170763
0,0.44036547638202866
0,0.3861388394332644
0,0.41602763856045827
1,0.8338346181605344
0,0.012804947867579597
1,0.012804947867579597
0,0.44868680352119933
0,0.3024076395510865
1,0.6650326732130943
0,0.4243258637004614
1,0.7564102626174307
1,0.8090896600119641
0,0.6974412476467866
0,0.6228349208948212
0,0.012804947867579597
1,0.012804947867579597
0,0.7015437363297026
0,0.32898938147844625
0,0.49724338199342744
1,0.48015430656633734
1,0.4876422519478027
1,0.7084643713374352
0,0.6589556598331249
0,0.2460212329335762
1,0.5917952938492839
0,0.4748814828788767
0,0.6063468284193756
0,0.3988601885411343
0,0.7697041368798765
0,0.6117496810871154
0,0.5026545638230079
0,0.6072994282964941
0,0.012804947867579597
0,0.7085584623816641
0,0.37195998908503625
0,0.494182543117461
0,0.4064088641769408
0,0.012804947867579597
0,0.012804947867579597
0,0.858257992860819
0,0.4524262635458451
0,0.5389545503272356
0,0.5307262635564098
0,0.5249871859786139
0,0.4979603140009062
0,0.33759320438100526
0,0.7792872817404178
0,0.5423199598157988
0,0.3732442029533333
1,0.7974916681873753
1,0.6370086127937559
0,0.23774073039507573
0,0.6257289305563478
0,0.6608561522816314
1,0.012804947867579597
1,0.5873762990127842
1,0.557291370422015
0,0.012804947867579597
1,0.6334523337383612
0,0.49980370260722196
0,0.012804947867579597
0,0.4820862973637443
0,0.22722794138846905
0,0.4336020158219048
1,0.012804947867579597
0,0.5712003083076888
0,0.780103296423799
0,0.38338559776551906
0,0.503069985785277
0,0.5043903819543103
0,0.6284253866454427
0,0.8377964721003027
0,0.5947241530715829
1,0.6029202977414385
0,0.6426287217681769
0,0.5789763766392179
1,0.6813399686650189
0,0.2607856002671651
0,0.6021479117941091
0,0.5560756852677189
0,0.40282054287704844
0,0.6386088379222686
1,0.7122003309371672
0,0.21348510809374624
0,0.4770839621943932
0,0.5196799089508622
0,0.5022875512879155
0,0.521965991434029
0,0.49749350246662705
0,0.2853575245324586
0,0.5630402561648421
0,0.3127418348045331
1,0.6634061229389386
0,0.6756023435746148
0,0.6609097514495589
0,0.5023580595033724
0,0.5971221005101344
0,0.660750040899109
0,0.494794841923195
0,0.49947566938887866
0,0.3872958268883878
0,0.48158473963589965
0,0.8100052898296866
0,0.5599821442684791
0,0.5735438521523507
0,0.5189910012749017
0,0.3622539102102542
0,0.32649776313877754
1,0.581290138574195
1,0.791125579015311
1,0.012804947867579597
0,0.36335027693764677
0,0.5257045161879128
0,0.43060271652930915
0,0.6838329260309007
0,0.35702088338929144
1,0.48151211235548846
0,0.2954129144372404
0,0.8121827883718644
1,0.859329525366423
0,0.4947176806233118
0,0.7837007383883363
0,0.1990142996804582
1,0.33818368949908795
0,0.8203084463353729
0,0.6587058954854246
0,0.5468926868264282
0,0.012804947867579597
0,0.49418844870077855
1,0.5583319116264267
0,0.012804947867579597
0,0.4489980144168736
0,0.012804947867579597
0,0.6488993296571571
0,0.3819654925499028
1,0.012804947867579597
0,0.29250148514988134
1,0.6213947817495763
0,0.5546734616974411
1,0.7372531263406424
0,0.3516955356268672
0,0.41859015132988664
0,0.5840442817499528
0,0.012804947867579597
0,0.5182077956496953
0,0.446375195195168
0,0.696115538180245
0,0.6860345526043051
1,0.5464204975532597
0,0.8028207958731907
0,0.012804947867579597
0,0.8443505895742603
1,0.5387171772527246
0,0.5082589694472374
0,0.4580285687073001
0,0.20552728902251158
0,0.6002666241831022
0,0.7704756547856653
0,0.790525112535468
1,0.4098250536872302
0,0.3091953758953791
0,0.012804947867579597
0,0.41434128342509585
0,0.012804947867579597
0,0.012804947867579597
1,0.012804947867579597
0,0.37063706831886317
0,0.012804947867579597
0,0.418656556824109
0,0.3208939538696898
0,0.6136150331548703
0,0.4373183845039879
0,0.012804947867579597
0,0.5390057089689683
0,0.6569376780148007
0,0.28987653396746316
0,0.7876383507115463
0,0.5478171690511526
1,0.850721561122206
0,0.012804947867579597
0,0.5561823281051046
0,0.5683288645031792
0,0.18198681986670973
0,0.5117800828501604
0,0.616858057905449
0,0.012804947867579597
0,0.7109848809284287
0,0.3691092648370981
0,0.23877129780652526
0,0.627667400866046
0,0.5132475545844922
0,0.5984713448180307
0,0.48879487606549565
0,0.012804947867579597
0,0.18896202937817258
1,0.012804947867579597
0,0.6550078758042132
1,0.662097220193152
0,0.287302285888506
1,0.2993718004228429
0,0.6182988885156043
0,0.627359261682811
1,0.7169441331989744
0,0.5204496363275639
0,0.3237102713789403
0,0.5943618804292928
1,0.34984467185176377
0,0.5019769018551599
0,0.48948910258075906
0,0.4295202922420058
0,0.012804947867579597
0,0.5428641619390453
1,0.4738980795707005
0,0.4319877310206531
0,0.7347864017822023
1,0.2816911540562304
0,0.3817922218368212
0,0.4372979366001967
0,0.8441616542866485
0,0.45095336140915027
1,0.8029807517809895
0,0.48074652440573934
0,0.012804947867579597
0,0.2226685741863776
0,0.6970302974957243
0,0.5851072112182443
0,0.32593402753992934
0,0.1763872112130949
0,0.4197176824002792
0,0.3835086667361736
0,0.5364640019878992
0,0.46642689725985553
0,0.5582768211576329
1,0.7671240211831468
1,0.5702034673564644
0,0.5716566592524437
0,0.6174969154701245
0,0.48629504429180803
1,0.5978340960613333
0,0.7950907500935097
0,0.726283718855248
0,0.5393755710972628
0,0.5271916275594971
0,0.6161176611240056
0,0.4938494516269454
0,0.22098976431715817
0,0.012804947867579597
0,0.7766285782071517
0,0.5216819408050986
0,0.7922140276156223
0,0.17012427842997918
1,0.5947841524101699
0,0.48046822739023953
0,0.6648914443275222
0,0.2659499650097087
0,0.2194650642144735
0,0.43546999041237144
0,0.5503384832666713
0,0.2610427395481437
0,0.3322723657868465
0,0.650314755237536
0,0.3072855485750644
0,0.5616591316842839
0,0.6123301954870177
0,0.6200843399386275
1,0.7372540590347677
0,0.6444346987312659
1,0.4836861289369221
0,0.09734167783850427
0,0.3353587215826858
0,0.31746149381492295
0,0.4833861431213696
1,0.717592671637828
0,0.461037373386466
0,0.34775215879237437
1,0.7684522617926494
0,0.5631718349006144
0,0.4414818607423883
0,0.15809613808058523
0,0.012804947867579597
0,0.5465614983852436
1,0.5581308486023225
0,0.4133489890832399
0,0.5817216735727436
0,0.75573078291339
0,0.25162559326359274
0,0.5810915385053081
0,0.620815311713954
0,0.6073610194595404
1,0.3637059412293912
0,0.3266431856816037
0,0.3262665154977937
0,0.2952529247430085
0,0.6792040534109189
0,0.012804947867579597
0,0.181780656879468
0,0.554457251036644
0,0.6126284355187582
1,0.4450224995512944
1,0.5708849651338535
1,0.7397374295588263
1,0.5304298192800224
1,0.7996222130514508
0,0.4420156417732138
1,0.6507669924962962
0,0.5992189732240369
0,0.5394218010642426
1,0.5797646765108386
1,0.3458707202643749
0,0.6384006713783519
0,0.49734687744511846
0,0.6260914662897413
0,0.2168434815264132
1,0.8195488579046516
0,0.46377412378565824
0,0.4392883877346273
0,0.5052435578928693
0,0.5885106808484825
0,0.4061500200471224
0,0.6603953506789243
0,0.5560793571908668
0,0.640379048899612
0,0.012804947867579597
0,0.012804947867579597
0,0.6978023197833241
0,0.5431460466138128
1,0.6382826161650313
0,0.3644918475958733
0,0.6051001331991916
1,0.21420872098318644
0,0.19921309170189383
0,0.1411004628402289
0,0.7778019324694178
1,0.7684648058849796
1,0.5107275922060158
1,0.5457897969109986
0,0.0851848148992966
1,0.5290334752786704
1,0.8049645754372309
1,0.5464106856732136
1,0.6587133886869483
0,0.5825902738756572
0,0.3573519166378176
1,0.527680285311314
0,0.35464240000774494
0,0.012804947867579597
0,0.48146795603594017
1,0.632234537392055
1,0.480584168884013
0,0.012804947867579597
1,0.6929017081506447
0,0.012804947867579597
0,0.3905778530582219
1,0.4449193977656642
1,0.38998901229271643
0,0.4568792180402775
0,0.5319658792316264
0,0.3109636325302569
0,0.4488911876568788
0,0.6280967031535848
0,0.580430948090477
1,0.5376349461845051
0,0.514218465816111
0,0.5990729482885846
0,0.6104339877744187
0,0.656932391434825
1,0.6482706727767327
1,0.5908245960798401
0,0.5388741355426777
0,0.15927413830112594
0,0.5986651897409581
0,0.012804947867579597
0,0.46698608381214357
0,0.012804947867579597
0,0.6983396858654333
0,0.41455370627929217
0,0.012804947867579597
0,0.012804947867579597
1,0.43413339700674247
1,0.5153858263141905
0,0.3649788722944215
1,0.6210172767244533
1,0.4832438279154756
1,0.7453078967349908
0,0.6678471081391768
0,0.5202220559436684
1,0.6922348263402359
1,0.49229230640302685
0,0.6659069645864917
1,0.7202999563868759
0,0.3878380470369805
0,0.012804947867579597
0,0.5110811670776724
0,0.6711510770318384
0,0.7627297608372848
1,0.6048773293965192
0,0.1840017837380375
1,0.7007198284340735
0,0.5732754057741056
0,0.6542542394830677
0,0.4329732333707856
0,0.5412114745446767
0,0.5382300472077863
0,0.35012648773175103
0,0.012804947867579597
0,0.19296460244423833
0,0.5826155666475304
0,0.49697238149759193
1,0.7916539966343472
0,0.34835929593740383
0,0.44127102850980926
0,0.012804947867579597
0,0.18590940687197616
0,0.6176393312078204
0,0.607575920419365
0,0.4516196529593242
0,0.20696207604890884
0,0.6130011684762049
0,0.3922538150493633
0,0.5396577044587376
0,0.6946446596223758
0,0.4071897999544891
0,0.7750995694860826
0,0.7067719615459331
0,0.5752359145219729
0,0.19179166229051361
0,0.6667007705399822
0,0.683047555210319
0,0.5608110606098414
0,0.20762901952586182
0,0.4811732021869398
0,0.6293407611630795
1,0.33534305994069347
0,0.24501439641477404
0,0.5795263221965765
0,0.6066332443146067
0,0.012804947867579597
0,0.6126844744096662
0,0.45913623671337445
1,0.012804947867579597
1,0.4407113154422294
0,0.2890108999007631
0,0.5079391917581921
1,0.43995419650659645
0,0.3048424419758097
0,0.012804947867579597
0,0.42362278551674826
0,0.5138524558508086
1,0.7039208939504404
0,0.5756536293139201
0,0.25937921562397565
0,0.6402612126811531
1,0.012804947867579597
1,0.558712106138846
0,0.012804947867579597
0,0.39846461168563757
0,0.60546643861798
0,0.4841827713539009
0,0.6482485383776327
0,0.747075226967842
0,0.012804947867579597
0,0.012804947867579597
0,0.6050403947810825
0,0.5678812167096126
1,0.6423654581892758
0,0.619036686451733
0,0.5993332227416458
0,0.7329973679582231
0,0.012804947867579597
0,0.5045959290292119
0,0.9808065481918008
0,0.12859481423734068
0,0.4508816110991115
0,0.5030209905502531
0,0.39250968257546837
0,0.23103452340229155
0,0.4221475054062251
0,0.012804947867579597
0,0.3901720452645851
1,0.6403319652826784
0,0.6406063715255966
0,0.15461850079811928
0,0.5077627671697033
0,0.5896748128548838
0,0.2022598472286043
0,0.369543133591815
0,0.5202235811235
0,0.6827708309334417
0,0.5566042332817526
0,0.5379282714496281
0,0.501025243045669
0,0.3384873191731942
0,0.6172264212810343
1,0.809072159934194
0,0.4916307603441263
0,0.5545717833041204
0,0.29901825374706603
0,0.5718616851677343
0,0.23782534518351012
1,0.623443355882817
0,0.7194751753905261
0,0.4317681673388828
0,0.45818425976598004
0,0.012804947867579597
0,0.7730767578690753
0,0.47050753480060514
0,0.8355080886285038
0,0.5532915090828558
0,0.6752591546093404
0,0.3393011257694449
0,0.012804947867579597
0,0.45492622686130973
0,0.26550003191458477
0,0.5140277215966953
0,0.012804947867579597
0,0.012804947867579597
0,0.32136593282237996
0,0.4021708600408527
0,0.4473258960981689
0,0.5799604173796843
0,0.39157617533334155
0,0.012804947867579597
1,0.8051950250185282
0,0.5169243844010262
0,0.734640756230371
0,0.6129195398741132
0,0.5759661531156447
0,0.38608284765561063
0,0.5880406240838716
1,0.5407279105433717
0,0.424019502547686
1,0.49174950090358005
1,0.6095736422375803
0,0.7840881034653879
0,0.2395454388648085
0,0.4553370254774658
0,0.49641110713575753
0,0.13121541524084818
0,0.2974059324497867
0,0.7407878110436655
1,0.5457399299375132
0,0.4521508237620324
1,0.6559064610916984
1,0.6375734475393753
0,0.6482630717187541
1,0.6391602997863651
0,0.27608946777878096
0,0.46535882384130284
1,0.3994090922999464
0,0.46607300735293977
0,0.012804947867579597
0,0.346408944154601
1,0.5397421245280446
0,0.5885627399217301
1,0.7196957653868562
0,0.7949214791162004
0,0.3786825842505013
0,0.012804947867579597
0,0.6444504099300199
0,0.7506507505259536
0,0.47076674370238836
0,0.2459447629942056
0,0.5441983363781527
0,0.012804947867579597
0,0.45497834696235423
0,0.3555563824376276
0,0.5862402354364328
0,0.5374301808577561
0,0.49922885320281174
0,0.15875487077276207
1,0.3782877739606767
0,0.4406640726984229
0,0.6586525644478469
0,0.764095463492397
0,0.17335626127053255
0,0.4267279357242065
0,0.7877714025167252
0,0.3176705557352985
0,0.5149735850611089
0,0.517555537308876
1,0.6936708438149874
0,0.6289574027365741
0,0.6887603689029955
0,0.3949264543306559
0,0.012804947867579597
1,0.711240600722774
1,0.4212986962767153
0,0.24537191095930705
0,0.012804947867579597
0,0.5741663684485646
0,0.6716155659225994
1,0.7003615280158327
1,0.6008334542722307
0,0.35902141450336605
0,0.5328198497603382
0,0.5784947934475113
0,0.15882719614030127
0,0.4868460451469348
1,0.012804947867579597
0,0.3614621700006432
0,0.34560360583056504
0,0.3553957716928236
0,0.3463973002484809
1,0.27842615602387755
0,0.5384642707237771
0,0.4496433235243027
0,0.5754793547373829
0,0.33479843372657825
0,0.7216610166680832
0,0.012804947867579597
0,0.555291330053272
0,0.24684582440376104
1,0.44849702455442264
1,0.5260075331625368
0,0.5885312601794579
0,0.9807052110616448
0,0.3914604509244514
0,0.3434027335141917
1,0.4626805971953989
0,0.6701447591600939
0,0.42622376967425296
0,0.4731865357146383
1,0.6468763668767581
0,0.6239742704207254
0,0.4558195758515544
0,0.012804947867579597
0,0.6020387229649272
0,0.012804947867579597
0,0.4726258583486237
0,0.5203242329041864
1,0.7712555774684461
1,0.5560218405058928
0,0.5938579291823783
0,0.7370157666924213
1,0.6225612199309715
0,0.755239118821453
0,0.76044950323057
0,0.6753258448908989
0,0.5451321210791574
1,0.8219675088770856
0,0.35613124077233643
0,0.6017119672136964
1,0.7242726019680801
0,0.012804947867579597
0,0.5448130847957858
0,0.5279661795588012
0,0.30111828729566725
0,0.1727371764933347
0,0.6515996355967443
0,0.5059442422097572
1,0.7019885020640234
0,0.6397951225028817
0,0.5440750294610142
0,0.27945516177668267
0,0.39716166185805013
0,0.35952660475512443
0,0.4870629972542323
0,0.6760072210264104
0,0.5939747205083069
0,0.012804947867579597
0,0.24463417399057896
0,0.38945756368409135
0,0.6489331361721136
0,0.44926259982564665
0,0.5068956097912153
0,0.6828299425176628
0,0.6502800234104269
0,0.6810248886546626
0,0.48969045101435366
0,0.28943045089361225
0,0.012804947867579597
0,0.012804947867579597
0,0.26455462822089804
0,0.012804947867579597
0,0.6588461295771746
0,0.4185776614173696
0,0.012804947867579597
1,0.3400751856247316
0,0.29079770586342674
0,0.4137874890491864
1,0.3830774675825171
1,0.16311371682112533
0,0.567760751681169
0,0.573582791983924
0,0.5748573382063664
0,0.5884212958126586
0,0.012804947867579597
0,0.6188365125678315
1,0.012804947867579597
0,0.47741323719904627
1,0.5201486137142347
0,0.37600908348275697
0,0.40924910611508736
0,0.31532151276806736
0,0.6437385520670009
0,0.4378443226826234
1,0.012804947867579597
0,0.6890228373492777
0,0.6477033619049175
0,0.5035280690670897
0,0.8438651747058636
0,0.31244426279064746
0,0.7718654865336
1,0.5002751152093244
0,0.21481858384202793
0,0.012804947867579597
0,0.47648437554844086
0,0.2439830860852084
0,0.39542319833301054
0,0.3197527040626018
0,0.6373400466702632
0,0.6855159504197563
1,0.25398346242097086
1,0.6551287721368595
0,0.36181119576907245
1,0.31064860513225634
0,0.17596512430943567
0,0.6893736971598224
0,0.4405271517418171
0,0.17774968505313132
0,0.5036025200366886
0,0.40232065832457975
0,0.2246140174032591
0,0.012804947867579597
0,0.49133193555681387
0,0.327539362360985
0,0.3086011695301907
1,0.6217171229847508
0,0.5101262917730378
0,0.7110035012676098
0,0.4187607322955082
0,0.5749786126749208
0,0.6210779348691281
0,0.5036337275675741
1,0.5843433762750864
1,0.4738980795707005
0,0.012804947867579597
0,0.3826951514096875
1,0.522759749848233
0,0.39244048379592406
0,0.6006471656362774
0,0.40636738534010347
0,0.4109498244826312
0,0.012804947867579597
0,0.4329833815533049
0,0.3695044717997232
1,0.572622054321532
1,0.4829724194827672
1,0.5498776724963199
1,0.6271668280600472
1,0.5053984898968346
1,0.45821028862118396
0,0.012804947867579597
1,0.012804947867579597
0,0.3292073236652562
1,0.5063740341515793
0,0.41228438560694547
0,0.6250209258666015
0,0.2427586505874433
0,0.42383910677634423
0,0.7228570134088586
0,0.6648139693917062
0,0.012804947867579597
0,0.43327621818976675
1,0.7577701919936657
1,0.3803292648477614
0,0.6215887210463344
0,0.38793362734378933
0,0.5118028628272443
1,0.012804947867579597
0,0.2850781656099244
0,0.7447758759922138
1,0.47659193688146795
0,0.012804947867579597
0,0.43087781691409927
0,0.012804947867579597
1,0.1231110019703648
0,0.012804947867579597
0,0.510997391866941
0,0.29421298291398523
0,0.6542930905218736
1,0.6650661890481734
0,0.41463087567009943
0,0.6686097324650413
0,0.4638955679051727
1,0.6180343911810549
1,0.4746870120215312
0,0.3381007103697888
0,0.6117544630099452
0,0.5412923424856834
0,0.7855095615167742
0,0.357063109567603
0,0.40064586010627984
0,0.3113278957028399
0,0.5329854987931084
0,0.6175025667624434
0,0.5290326118625843
0,0.3376546693172446
1,0.5780903266044198
0,0.583480573683371
0,0.7994674102997104
0,0.2671565870062466
0,0.2900754886527654
0,0.6957128367114815
1,0.6238293108379273
0,0.5434741764267002
1,0.7161121978151148
0,0.5957782753096827
0,0.37478203107196756
0,0.34367199319815656
1,0.012804947867579597
0,0.012804947867579597
0,0.6772622618579371
0,0.29061121247714355
0,0.40090515860382386
0,0.5435947938556329
1,0.720251863630028
0,0.3440091166292599
1,0.601790399487791
0,0.42486039238987533
0,0.7817019442487686
0,0.43146341504324176
0,0.57737120435691
0,0.37160810397846894
0,0.3927889412251774
0,0.5714957109431672
1,0.012804947867579597
0,0.366492090657068
0,0.012804947867579597
1,0.5399516990158714
1,0.45439698467115125
1,0.6195488508174266
1,0.4760081139040501
1,0.201666652004189
0,0.49148855174395717
0,0.012804947867579597
0,0.3290823028480214
0,0.3259040613082249
0,0.39542319833301054
0,0.2156902920712557
0,0.012804947867579597
0,0.5145079238245199
0,0.5169238408709101
0,0.5341913722277488
0,0.5240720151495627
0,0.20531894690805272
0,0.5009462946068471
0,0.5637032881303693
0,0.5196739694007367
0,0.012804947867579597
0,0.4557362267679267
1,0.012804947867579597
0,0.7173912169088063
0,0.5596645681612806
0,0.6993773743865048
0,0.3816382349131696
0,0.598258313143316
0,0.19367739720647612
1,0.47328099521722267
0,0.2216976766424963
0,0.17419129858837915
0,0.4195306825103049
0,0.8054548391342179
0,0.5972111498805779
0,0.7428920617181007
1,0.98121219625864
1,0.7203622297711302
0,0.22544760884896303
0,0.012804947867579597
1,0.21280413163505518
0,0.7178160432386729
0,0.6355359959286385
0,0.467646658566844
0,0.6176338643458927
0,0.29910740455297924
0,0.5412437516719828
1,0.38232655790021586
1,0.37759560395855013
0,0.3755207475088812
0,0.6029632466758224
1,0.6768972500374213
0,0.4878334021154601
1,0.7227326909196089
0,0.5665424853083547
0,0.3226183945998748
0,0.012804947867579597
0,0.46118441151457423
0,0.012804947867579597
0,0.4698815719968386
0,0.6140519707374263
0,0.623445948456646
0,0.5155285492204779
0,0.012804947867579597
1,0.41055153014320067
0,0.661885087592057
0,0.5882412761024494
0,0.7661462819857421
0,0.7237556265086784
0,0.7356232160514093
0,0.6825872025312401
0,0.6393778349805562
0,0.7356389092512939
0,0.012804947867579597
0,0.25347097941332986
0,0.6854213755140265
0,0.5933662881631039
1,0.4726652145064487
0,0.7044877231397596
0,0.18746827291051274
1,0.6088108005392402
0,0.13648670143913477
1,0.5286588233156296
0,0.5679337884693454
1,0.7072240074164178
0,0.5909560403328613
1,0.6483139185947222
0,0.012804947867579597
0,0.3987595765217723
0,0.5035142757735972
0,0.5493574784950667
0,0.36334941966725565
0,0.5484783663865059
0,0.23447994711273693
1,0.47696526272163553
1,0.7761716742754386
0,0.012804947867579597
1,0.53496817517393
0,0.43142944799713695
0,0.3156068537370584
0,0.42052518175670905
1,0.6716598759028667
0,0.25361292686142467
0,0.41777176438225294
1,0.5359508974756307
1,0.012804947867579597
0,0.6924773790120189
0,0.564607800520558
0,0.2741263062020003
0,0.012804947867579597
1,0.6878661046739231
0,0.4657437628183949
0,0.45056798342929794
0,0.5087613008542826
0,0.012804947867579597
0,0.33368637520590916
0,0.36391736442787925
0,0.47203590826716785
0,0.5417107429809529
0,0.7882687658239521
0,0.4112800406523343
0,0.7189328077533728
0,0.710512826896843
0,0.4614884624276493
0,0.5273176585908803
0,0.33427491087972616
0,0.3464654259546407
0,0.012804947867579597
0,0.41221444575566
0,0.5031139511115649
0,0.3892225005503574
1,0.5853576148345295
0,0.747134669435015
0,0.5560809584831106
0,0.36228772641384444
0,0.012804947867579597
0,0.9200693472771434
0,0.33063189526987385
0,0.012804947867579597
1,0.4500728788128961
0,0.6084676716124258
1,0.49478506266514555
0,0.5524738701903793
1,0.5991352288258208
0,0.5366989729646463
0,0.48612047819509907
0,0.6268744034642524
1,0.8010164508952671
0,0.644822845814836
0,0.012804947867579597
0,0.715130712805378
1,0.8079655387262404
0,0.7836888866599834
0,0.3090836926837248
0,0.31637559355600897
0,0.6092192980812982
0,0.6246892261257468
0,0.44638229051245015
1,0.38302189189540914
0,0.5237783349944536
0,0.6427494485419953
0,0.5935848695148971
1,0.012804947867579597
1,0.012804947867579597
0,0.21031660367215052
0,0.38160364380286177
0,0.6499077937773251
0,0.6498169098643758
0,0.4249495466938419
0,0.5279481155069569
0,0.7574954798008995
0,0.6266783201047699
1,0.5160178701420198
0,0.5710153872676998
0,0.5038786050356902
0,0.7061523192510045
1,0.5631055765752808
1,0.5319028498137847
1,0.5577390239882226
0,0.7489078487731947
0,0.20280074329613557
1,0.6431913478491545
1,0.4302225089609059
1,0.25530322413750306
0,0.6422729136858855
0,0.012804947867579597
1,0.7082785476582154
0,0.21647932112266907
0,0.35699281453661164
1,0.012804947867579597
0,0.012804947867579597
0,0.6372843110160827
0,0.392988801366681
0,0.1797051768727069
1,0.36787579644669627
0,0.7344047741673091
0,0.628456891127725
0,0.12094243361441122
0,0.5738235312405957
0,0.44411545020875676
0,0.6010676909436237
0,0.3565036530667602
0,0.21004830033687888
1,0.012804947867579597
1,0.44801391573953
1,0.2750026249926341
0,0.6693841588150677
0,0.4497205699355137
0,0.3580352941724679
0,0.012804947867579597
0,0.46831172874113475
0,0.6122491831398873
0,0.8117330270784571
0,0.3217960599677816
0,0.5862719038524882
0,0.23519062905034446
0,0.012804947867579597
0,0.7004932165317209
0,0.4948074321367806
0,0.5387643927048187
0,0.39095004519152415
0,0.6788232357814796
0,0.5105349989157658
0,0.398433471889369
0,0.28257474863232285
0,0.7766378250363928
0,0.5686348430961101
1,0.012804947867579597
0,0.798139106776939
0,0.4959119338591478
0,0.7247822846684304
0,0.4341093779821622
0,0.2794044668267324
1,0.605022027956331
0,0.8391782012655025
0,0.6535732397415187
0,0.5546032713654087
0,0.7553335553337923
0,0.5846069160248122
0,0.6468608517019643
0,0.5998156880567939
0,0.3723195373578843
0,0.6044385349384648
0,0.6611891219359122
1,0.3302314858230349
0,0.46226006741657094
0,0.1483386115623036
1,0.49548727687073285
0,0.3628645340509983
0,0.012804947867579597
0,0.012804947867579597
0,0.5150551549196173
0,0.4426002652998519
0,0.35481006854614316
1,0.630100282534277
0,0.4916856960202237
0,0.47113898872096016
0,0.6879118434931991
0,0.18975749492398258
0,0.5800452136018284
0,0.012804947867579597
0,0.32794617705552
0,0.3953105628290725
0,0.8095773877052805
0,0.55497354406173
1,0.6858760578262029
0,0.3434632753477872
0,0.6014704537575265
0,0.012804947867579597
0,0.4113971722116653
0,0.42962272851029365
0,0.40921323424415385
0,0.5817856877127748
0,0.8325932197817715
0,0.23996934917591153
0,0.6063331980386312
0,0.4274871821835887
1,0.7730422867402914
1,0.5052435578928693
0,0.606210164824985
0,0.6287688424662159
0,0.4496347651344783
0,0.42704524447958003
0,0.6403407190343074
0,0.5201192543219019
0,0.012804947867579597
0,0.5177743944156437
0,0.012804947867579597
0,0.4270248775569831
0,0.3224195195689652
0,0.48801958383596317
0,0.7257613127725322
1,0.5982733090661917
0,0.5273426552614929
0,0.5175490167918776
0,0.5513279552553084
0,0.633936265184545
0,0.4739598536588838
0,0.6465232245293329
0,0.012804947867579597
1,0.5664072762053664
0,0.3817411010581763
0,0.2861206591330927
1,0.8258346256853245
1,0.722787473486581
1,0.649697449936402
0,0.012804947867579597
0,0.46599689705852054
0,0.33388331671695193
0,0.5359804297760397
0,0.012804947867579597
0,0.34098685529866607
0,0.34060411872944046
0,0.012804947867579597
0,0.2957251871127254
0,0.586685970832394
0,0.15353238269436298
0,0.3316559600384024
0,0.4680282070077955
0,0.6239820736636829
1,0.5937238789592572
0,0.5695249355238882
0,0.6260873607531614
0,0.6751447355736349
0,0.012804947867579597
0,0.3410388049108815
0,0.3145775804166103
1,0.5950038368410325
0,0.3401448882266309
0,0.5392133182169627
0,0.5503387214497448
0,0.012804947867579597
0,0.5046926473802981
0,0.6022074078399132
0,0.7614931397497784
0,0.48046822739023953
1,0.7117597110449825
0,0.5382420219729634
0,0.7992663816564128
1,0.5202585456577512
0,0.4789904727847292
0,0.012804947867579597
1,0.32560399658137557
0,0.3101351129887312
1,0.7314667085961459
0,0.7027871914019199
0,0.34010611459705425
0,0.40663305122134213
1,0.7971260992231681
0,0.5667920302725719
0,0.3738763494534375
0,0.6531741455543355
1,0.39149036782579116
0,0.3523191891334806
1,0.6406039474308167
0,0.32225511614935953
1,0.8527850491501993
0,0.6413738935883315
1,0.42170173758302987
0,0.012804947867579597
1,0.4267068931927751
1,0.48581644380625594
0,0.5911573767121886
1,0.012804947867579597
0,0.2424931014678982
1,0.6362582269578745
0,0.4495274387095259
0,0.563513912877021
0,0.4342694343292105
0,0.47686082166384325
0,0.5237635509934775
0,0.39847656007050714
1,0.27924351488020127
0,0.5447225070640223
0,0.012804947867579597
0,0.012804947867579597
0,0.6613339686794568
0,0.5873059498126036
0,0.6212069106340211
0,0.49694069853186407
0,0.5486898320196233
0,0.682796831588158
0,0.4015881664757915
0,0.4308248016731575
0,0.287171252949255
0,0.2609802618608469
1,0.4639703135122607
0,0.15601221036635163
0,0.5766282104245883
0,0.8226547274458871
0,0.5334291902392644
0,0.545480987637375
0,0.5520443368200375
0,0.18989083331197876
0,0.14204372539072618
0,0.42298003892197145
0,0.6973336328364997
0,0.8314049548602105
1,0.5812814567165843
0,0.4977011218415506
0,0.29201310059659585
0,0.2933898734933299
0,0.2899878391961188
1,0.5783762883982152
0,0.4846459674958379
0,0.5703097802550263
1,0.6479732712815971
0,0.012804947867579597
1,0.47855782358908316
0,0.3829946952871303
0,0.42550660901153003
1,0.668999826135731
0,0.6136681167842105
1,0.7461066331782954
1,0.7281989404178801
0,0.4888142653544595
1,0.6888747245377084
0,0.5624923252543552
0,0.5187993745222247
0,0.3404120087871869
0,0.4664328165064776
0,0.6406701693913069
0,0.012804947867579597
0,0.3920708797930952
0,0.012804947867579597
0,0.66703047861231
0,0.541009746416304
0,0.6624136347801126
0,0.40683441126489484
0,0.5416535702654082
0,0.6780821468356428
0,0.012804947867579597
0,0.5346414759597576
1,0.36128030724536825
0,0.34319768066818807
1,0.6620565220899862
1,0.3873361292879961
1,0.687167920494299
0,0.4282875810289307
0,0.6596219794616249
0,0.47006783683082143
0,0.6042857162886378
1,0.4666684222310519
0,0.012804947867579597
0,0.20366955360885192
0,0.25404050648383436
0,0.7576247637401291
0,0.7374217794242345
0,0.27927220723174895
0,0.3107473294362998
1,0.27510209051705303
0,0.787860488274278
0,0.6492450062173022
0,0.012804947867579597
0,0.4584030182220491
0,0.2787213490112508
0,0.6620120351027081
0,0.31833450674798236
0,0.6646513491717108
0,0.5442695446378524
0,0.43301999451701423
0,0.4738161753462775
0,0.012804947867579597
0,0.38383733166036904
0,0.46971989197487557
1,0.4529176826381903
0,0.6659416580373247
0,0.6661218701483576
0,0.5885630008584023
1,0.6025650531393653
0,0.6351749391268009
1,0.24868314268636352
0,0.7173659016915641
0,0.38956978520509544
0,0.3130498036553307
0,0.41455370627929217
0,0.7241049697959523
0,0.6483664611900115
1,0.6453810475338854
0,0.2767459540460937
1,0.3507839225729346
0,0.1264820724790478
0,0.012804947867579597
1,0.2545419058026332
0,0.012804947867579597
0,0.012804947867579597
0,0.012804947867579597
1,0.1692336967353629
0,0.012804947867579597
0,0.4447144009265159
0,0.012804947867579597
0,0.22986219610557504
0,0.43133417846176336
0,0.5032515976180043
0,0.5667082311928183
0,0.24402960370467508
0,0.38005668304195145
0,0.29156950783826846
0,0.702585837965003
0,0.340131762946723
0,0.6804802245868702
0,0.2768883759315931
0,0.41004372535757955
0,0.5927751707497451
0,0.5768740748546097
0,0.5159622124219645
0,0.012804947867579597
0,0.5909848289887196
0,0.6722567191919313
0,0.30854255542374137
0,0.012804947867579597
0,0.50667625645298
0,0.7216682463287626
0,0.012804947867579597
0,0.49109758445939294
0,0.28522568501202156
0,0.5405665994364822
1,0.5629408791690547
0,0.5098207586518444
0,0.012804947867579597
0,0.012804947867579597
0,0.6369164202719373
0,0.5685407098241123
0,0.45680670687044095
0,0.2454758450994877
1,0.521450544369701
1,0.6704818077280255
0,0.26585851598936533
0,0.5972862893199556
1,0.5537405581256423
0,0.012804947867579597
0,0.012804947867579597
1,0.6002796555012263
0,0.6659500303920389
1,0.7055275678359437
0,0.6705861307355507
0,0.29373631555557306
0,0.13878241024269664
0,0.6876733692460631
0,0.22947772965584168
0,0.5963672083882579
0,0.4876871853334
0,0.6614060546327748
0,0.012804947867579597
1,0.5010702213138448
0,0.6956173296934638
0,0.5324114989179591
0,0.012804947867579597
1,0.7084947486961645
0,0.34118284214317307
0,0.48015670552325435
1,0.43201366670267255
0,0.5281492270865229
0,0.012804947867579597
1,0.25243388798435545
0,0.37134137714214
0,0.3489174180795852
0,0.6610481816668602
0,0.37063706831886317
0,0.17604064588194113
1,0.40095953179568855
1,0.559260380517264
0,0.7324749287492273
0,0.4231729261219173
0,0.012804947867579597
0,0.42793836022149395
1,0.6656205138509519
0,0.4428830545173431
0,0.5055524265635255
0,0.3356952161622552
0,0.4736283917154759
0,0.34682513732146697
0,0.44772216370857504
0,0.6222800004967166
0,0.6271928758624524
0,0.4586998595525863
0,0.7573710999442342
0,0.012804947867579597
0,0.29750318355788036
0,0.5943628144604499
0,0.47370732381941744
0,0.5728628615982527
0,0.3440302780658899
0,0.46254198827894266
0,0.6477874699117145
0,0.6241290250033741
0,0.5794960444000193
1,0.7008144125700647
0,0.5736301278092244
0,0.3995666384767933
0,0.531968015671569
0,0.5269556058657788
1,0.6674745458768042
0,0.6887856596393319
0,0.6202051318702422
0,0.5883722011346366
1,0.3770401041589996
0,0.17762083123894257
0,0.22900595548257136
0,0.2070064340559931
0,0.6783799415425619
0,0.5042899768020821
0,0.319269905887927
0,0.5108353278882888
0,0.26056423635714693
0,0.45869183670649266
0,0.3519828249942557
0,0.16296379895131663
0,0.6666605364384427
0,0.3829015737373002
0,0.18184759966999445
1,0.5378577309697395
1,0.38959473851990906
0,0.5792345153256296
0,0.6215565808332845
0,0.012804947867579597
0,0.012804947867579597
0,0.6770665878834271
0,0.6940046943428341
1,0.5177743944156437
0,0.4536136093748318
1,0.5709105213876426
1,0.6503591420920555
0,0.9808065481918008
0,0.012804947867579597
0,0.18372132543146732
0,0.647370138240242
0,0.5600090853409263
0,0.012804947867579597
0,0.1307472326911924
0,0.13390634387023018
0,0.3471412196903672
1,0.6675125835532991
0,0.012804947867579597
0,0.6326437476803208
0,0.5291628632666764
0,0.012804947867579597
0,0.012804947867579597
0,0.3349520794111786
0,0.012804947867579597
0,0.401795094181828
0,0.4968774713944866
1,0.708182071683097
0,0.38638495134081874
1,0.7558768538471492
0,0.5122912962732826
0,0.5091892247345525
0,0.7350868733421043
0,0.7662740096024727
0,0.4634541500654106
1,0.5694158483372138
0,0.012804947867579597
0,0.3966157436113623
0,0.3797148667246589
0,0.7943333929819779
1,0.5637949608146731
0,0.8470546495785201
0,0.6069266766541073
0,0.012804947867579597
0,0.7823930457600311
0,0.012804947867579597
0,0.5384464284982616
1,0.3344349194359715
1,0.569686069191966
0,0.3493966544703461
0,0.626235524731569
0,0.012804947867579597
0,0.4018674408927546
1,0.5773013294654796
0,0.4650765675850469
0,0.6236257835563833
0,0.3214751654405958
0,0.012804947867579597
0,0.40090515860382386
1,0.26279361763601056
0,0.4442229438588552
0,0.7263641698050308
1,0.37355369173931885
0,0.5701417669648445
0,0.6792382962474471
0,0.41389695254522557
1,0.603252143804794
0,0.44637372798444186
0,0.012804947867579597
1,0.38241562277463426
0,0.8960484574453522
0,0.36223067581948254
0,0.5974429468431683
1,0.14931196581758818
0,0.7025872128528712
1,0.6543096294642703
0,0.3351582180567675
0,0.5542735857628174
0,0.2891231204413134
0,0.012804947867579597
0,0.39228369763240833
0,0.32726031326313465
0,0.41448896058691587
0,0.8635763470312943
1,0.08152739080501527
1,0.5571994012286385
0,0.35576760720771017
1,0.6292886149663506
0,0.5633692697546118
1,0.38614780862914355
0,0.42419530738323524
0,0.8311510684633995
0,0.7401330105396862
1,0.51045138125163
0,0.012804947867579597
0,0.4813710389332129
0,0.5521095619517138
0,0.6743195809952436
1,0.5272003056958458
0,0.2410520137386249
0,0.5232870904232751
0,0.22406028852087784
0,0.4686397974540494
1,0.6927178053438782
0,0.3769990984777143
0,0.5930070521965074
0,0.6125811368189553
0,0.808840634564838
0,0.4297044784188052
0,0.45414915288989144
0,0.012804947867579597
1,0.5666372258621291
0,0.622514694821558
0,0.15594809208595334
1,0.48214744931144105
0,0.16090665135222304
0,0.5722730951653641
0,0.3823356151888102
0,0.5074058390731273
0,0.47487015043504716
0,0.36263588868575747
1,0.44451746751127563
0,0.7721746480141893
0,0.6644199106597386
0,0.5328250505929635
0,0.7236546539463906
0,0.5859586407125184
0,0.512795556917891
0,0.012804947867579597
0,0.012804947867579597
0,0.24471517757498387
1,0.6550531159486538
0,0.3841638750511345
0,0.36290245879557365
0,0.4911115493104581
0,0.5385548266758685
0,0.4958360390630207
0,0.48318506257497496
0,0.2528758410321245
0,0.5178357224703309
1,0.6569283353997536
0,0.5850034971484838
1,0.8094951809675328
0,0.5119685130092356
0,0.44216296318988746
0,0.2949157342316519
0,0.6069401489563688
0,0.5610794327470305
0,0.31023027256174013
0,0.1377499177263987
0,0.4176058950837451
0,0.48696339383470905
0,0.6366956683544408
1,0.6069846882524449
0,0.6320568163467896
0,0.6578094786814029
0,0.5156998157604579
1,0.8012796778403269
0,0.22381553104008883
0,0.7527397024627831
0,0.164249957855673
1,0.012804947867579597
1,0.5200356599496161
0,0.4996442344078702
0,0.48991932426516066
0,0.7647616837325699
0,0.5834903520012106
1,0.5957716503324114
0,0.7450119168514571
0,0.5909350184253864
1,0.4869888493182827
0,0.202970509287918
0,0.4826241565247589
0,0.417500845927456
0,0.5826339323234566
0,0.60484767976617
0,0.6114839333443701
0,0.4458895134201287
0,0.7387710362576381
0,0.37104146214139244
0,0.5567548684569542
0,0.39097490303198446
0,0.012804947867579597
0,0.012804947867579597
0,0.11470067924491145
0,0.6932763674134191
0,0.4953359748998368
0,0.16891798484281376
0,0.5298688835299792
0,0.6641989880607049
0,0.5197650113239715
0,0.5055439091156565
0,0.611398817013555
0,0.5130728556695558
0,0.41432698469884977
0,0.46793843206109864
1,0.4282248844819859
0,0.5000265924035251
1,0.46955341094176745
0,0.29464206645290403
0,0.43219891843588193
0,0.47586195304622136
0,0.44423986087588574
0,0.7133103098340743
0,0.5822394973746651
0,0.4336934320595369
0,0.012804947867579597
1,0.46226268963918643
0,0.6655727711090532
1,0.5296025761981575
1,0.36061669638888777
0,0.1447660901320636
0,0.5978782321558359
1,0.3381973397105773
1,0.7500184079820512
0,0.48881813381500067
0,0.2338905315851957
0,0.30098243579049344
1,0.33885960537576343
0,0.5337667699545549
0,0.42316385900839365
1,0.33787717042174764
0,0.6683703146294578
0,0.14589200081503645
0,0.35792905847622225
0,0.37402681008364447
0,0.012804947867579597
0,0.6200583930766467
1,0.287302285888506
1,0.7301120397766401
0,0.012804947867579597
0,0.4354170970224562
0,0.41746510114787166
0,0.012804947867579597
0,0.5198092927803677
0,0.600845133940646
0,0.5480618076101167
1,0.5342558938783749
0,0.5989926451588234
0,0.012804947867579597
0,0.012804947867579597
0,0.6958532519336793
0,0.650545202453928
0,0.5451322681385586
0,0.7010785672152524
1,0.6923517895608068
1,0.6104525119281478
0,0.65174327502801
1,0.012804947867579597
0,0.6132979207446226
0,0.27221821781856487
0,0.5963545893206489
0,0.012804947867579597
0,0.5165898992754343
0,0.17412126320536744
0,0.22602229631039594
0,0.012804947867579597
0,0.4283288873807944
0,0.6913790859768854
0,0.3573581631842208
0,0.012804947867579597
1,0.6503637556188322
0,0.35500161035742633
1,0.4956311865566647
0,0.361387553216408
0,0.48347940181628885
0,0.7765546879001627
1,0.4935989686867785
0,0.43865619659678984
0,0.24263972608580206
0,0.012804947867579597
0,0.5348139632774668
0,0.5547331003694954
0,0.39477132308786517
1,0.012804947867579597
1,0.012804947867579597
1,0.012804947867579597
0,0.012804947867579597
0,0.012804947867579597
0,0.559313570750344
1,0.7707811909331967
0,0.33844369436591853
0,0.3176455474297987
1,0.7956681676430372
0,0.5425938232893377
0,0.44908914009807116
1,0.4014930398159389
1,0.5605798752951597
0,0.012804947867579597
1,0.1848278105723955
0,0.012804947867579597
0,0.6265852234904659
1,0.32145378008911135
0,0.4558195758515544
0,0.5180878686589241
1,0.3781854331926495
0,0.5932417839545773
0,0.332477018971918
0,0.4043647251273003
0,0.3716067461394058
0,0.24325841665560227
0,0.012804947867579597
0,0.012804947867579597
0,0.21666115593347135
1,0.2803827195318087
0,0.012804947867579597
0,0.44930309744878844
0,0.3230537460216801
1,0.379564272148272
0,0.49715449689980695
0,0.1548135293293434
0,0.012804947867579597
1,0.6396809472221157
1,0.6031426718881228
0,0.3629419629700699
0,0.23420421958313076
1,0.5925711369853823
0,0.946771565300678
1,0.533379843033983
0,0.7544057958059657
1,0.5661415729641707
0,0.5868534390546575
0,0.17210020680683571
0,0.6597496431910369
0,0.5172688052684048
0,0.31424163373285396
0,0.5779508226244672
1,0.6311558262143222
0,0.6470671607625286
0,0.012804947867579597
0,0.28885051516189986
0,0.43772932147767063
0,0.7568380048727276
0,0.6451939381918586
0,0.4496902200312214
0,0.33711903924054204
0,0.5745132970857412
0,0.5975521304651208
1,0.4294738953017233
1,0.7059341386811085
0,0.3110214404008374
1,0.562371216368528
0,0.3522636772774814
1,0.012804947867579597
0,0.8954831464810645
0,0.012804947867579597
0,0.6772811405548593
0,0.5677379364329984
0,0.7182454556649974
0,0.3803350057932037
0,0.6929664287408387
0,0.3519828249942557
0,0.012804947867579597
0,0.758463996994765
0,0.2594636020342371
1,0.4837079292381173
1,0.012804947867579597
1,0.589407221099995
0,0.3908122303263534
0,0.6520813762832987
0,0.2535166040161256
1,0.7985325179810812
0,0.18413526046871412
0,0.012804947867579597
0,0.1598612585018863
0,0.4894399521970712
1,0.6250820857529369
0,0.29483353092981385
1,0.6791706112277669
0,0.43378595207919035
0,0.8005720402672932
0,0.7210769847508138
0,0.3806664602659074
0,0.590715093568412
1,0.4502376383270335
1,0.012804947867579597
0,0.48182623304369004
0,0.5558210027769317
1,0.413757748668708
0,0.012804947867579597
0,0.012804947867579597
0,0.4382611174949685
0,0.5987352672416302
1,0.6163177630805691
0,0.4714790140017165
0,0.36256728593359927
0,0.6358911166279374
0,0.26056423635714693
0,0.7232234135326033
0,0.7036010441657883
0,0.7493777538315606
0,0.41969689279773514
0,0.6809549864410293
0,0.5273634510158729
0,0.38823908809248353
0,0.012804947867579597
0,0.8319984801946861
0,0.39606419182964603
0,0.5703198589655306
0,0.6644187329466388
1,0.5068288293948462
1,0.664586098499744
0,0.34595308738493674
1,0.44422796467049
0,0.7206137828954805
0,0.6537500771966043
0,0.5378032168864268
0,0.35103775487117317
0,0.82885495478733
0,0.012804947867579597
1,0.012804947867579597
0,0.49991133862194287
1,0.5995038686449751
0,0.29230757847867017
0,0.5807721608789075
0,0.5350155162652235
1,0.012804947867579597
0,0.012804947867579597
0,0.37914190867299047
0,0.7330242562109641
1,0.012804947867579597
0,0.38859689715492923
0,0.57918571669412
0,0.3578073254607666
0,0.8252893880427119
1,0.6784536481411128
0,0.8424030577045816
0,0.3855053461468183
0,0.5578672833650332
0,0.012804947867579597
1,0.7606701777293325
0,0.578491111243182
0,0.535792929169434
0,0.6092802117890842
0,0.29999516172618446
0,0.36632357829348733
1,0.6183593002156486
0,0.24080810255413032
0,0.2525468991665644
0,0.7048434859635412
0,0.6064686658176917
0,0.6040103124335944
1,0.012804947867579597
0,0.7721007678292012
0,0.7602915326540559
1,0.4707006311134839
0,0.46156278713679544
0,0.550235444704574
1,0.5858308861525834
0,0.6658839882859472
0,0.4230779562968232
0,0.6835536662968817
0,0.269708378144552
0,0.33273199354054134
0,0.3801869895381866
0,0.49522724027068415
0,0.24819421954846535
0,0.6012815600840375
0,0.34368147634284674
0,0.7520727221365457
0,0.6133240456859472
0,0.012804947867579597
1,0.7638314378312872
1,0.564298115770735
0,0.16748479747956996
0,0.46922896967941086
0,0.5257286202367333
0,0.20402792592389257
0,0.2559359627168164
0,0.6288365456696065
1,0.4539922382037614
0,0.5575249477257477
1,0.012804947867579597
0,0.589366209933406
0,0.5999162621483786
1,0.6740292724124658
0,0.5318861765018862
0,0.5567911789789795
0,0.6357708428819424
1,0.4509604025749103
1,0.4742700661309379
0,0.7244156129606886
0,0.7280008932567544
1,0.6756919729298315
0,0.4643119889187491
0,0.012804947867579597
1,0.5563626996606358
0,0.8909639775465201
0,0.4813548141369066
1,0.5936282446126551
0,0.64975966406728
1,0.012804947867579597
0,0.4601222070210014
0,0.012804947867579597
1,0.4650851814891034
0,0.6231422135666479
0,0.802145386042479
0,0.5998903448219999
0,0.2807635026176528
0,0.5877288681746529
0,0.18284907269164086
0,0.3149006976023524
1,0.6257289305563478
0,0.7054243272833299
0,0.44626131159327675
0,0.4676810205282396
0,0.8095773877052805
1,0.012804947867579597
0,0.6622724483141246
0,0.6410459764777438
0,0.5077349688501146
0,0.330645731097321
1,0.6910765989521548
0,0.28767392980936285
0,0.28315101782049185
0,0.5382465320048351
0,0.4979398805216378
0,0.5971529389630478
0,0.5198092927803677
0,0.012804947867579597
0,0.4535066824588652
0,0.41735032566726277
0,0.43009812532973607
0,0.18156715869078718
0,0.23674676262794392
1,0.841599650269693
1,0.5992761266216512
0,0.6002522000478745
0,0.5061584552526044
0,0.6174389174522568
0,0.550630066098503
0,0.45102153389341515
0,0.38627836322044207
0,0.7684708306362128
0,0.37355634114659453
0,0.26580422827347877
1,0.7631465404804728
0,0.3072258725408577
0,0.16379191351524938
1,0.34705241538460013
0,0.012804947867579597
0,0.5426567027061555
0,0.7046709553294365
0,0.6543421481609628
0,0.2711358779051603
0,0.8056331177302466
0,0.49772978907704246
1,0.6408618330723329
0,0.3385274851250176
1,0.7953465563959125
0,0.9030292212149256
0,0.012804947867579597
0,0.5838056837840515
1,0.8322787509420777
0,0.6313041749028889
0,0.44146359262093815
0,0.5629060054034085
0,0.541736595912496
0,0.38887939425002865
0,0.4406000399208313
0,0.4827975763384457
0,0.012804947867579597
0,0.6895705007382715
0,0.30446916391222045
1,0.2783829331109235
0,0.36463353408748383
0,0.5059363441374454
0,0.44724672133216226
1,0.7090996536820713
0,0.4321020697934424
0,0.4145054667438677
0,0.32560399658137557
1,0.5625726190704834
1,0.6756569628841266
0,0.6242943594712871
0,0.27053660366803844
0,0.33365002110076486
0,0.5533081394838123
0,0.475978015700599
0,0.4349898214584774
0,0.2350786321096553
0,0.5102494963550458
1,0.383562874651214
0,0.37316105533132643
0,0.012804947867579597
0,0.48295811455734733
0,0.2183589048531891
0,0.4185502527977809
0,0.7197874195685987
0,0.5701476836875717
0,0.7616054975665211
0,0.6370607775486278
0,0.7700238990310692
1,0.314135528408375
0,0.3469414049636725
0,0.6617953312255427
1,0.5473539693849083
0,0.36877022725358527
1,0.37201933567899276
1,0.3360877236696378
0,0.43358448204139344
1,0.012804947867579597
0,0.3841838612464637
1,0.4328373988407767
1,0.6015649716902276
0,0.5091961191681227
0,0.10710767876603759
0,0.213245551476962
0,0.6544689693552059
0,0.5866754851930044
0,0.5513720128417151
1,0.4292303894531975
0,0.4180505658987295
0,0.37296657774225667
0,0.012804947867579597
0,0.012804947867579597
1,0.3465982249214831
0,0.37987265686604244
0,0.5278184019993224
0,0.8119905172785402
0,0.012804947867579597
0,0.544877409760149
0,0.4492928543594748
0,0.7719984892863543
0,0.478435795860961
1,0.3024076395510865
0,0.6663031744074666
0,0.34118226610795216
0,0.32655625418608986
0,0.3935416205185398
0,0.8198838444791351
0,0.5436493454929963
1,0.40496329983595647
0,0.4314916232525881
0,0.3849309158370598
0,0.4160428749000366
0,0.1759158925060621
0,0.8258724106917137
0,0.4386386176902686
0,0.5395091892490808
0,0.7475970091232408
0,0.80293153839584
1,0.5463052590715411
0,0.4407212000663645
0,0.47066938318822704
1,0.3230738134619392
0,0.27943424456533317
0,0.17039925103275072
0,0.5683891423837122
0,0.012804947867579597
0,0.7926170966250413
0,0.012804947867579597
0,0.012804947867579597
0,0.4506797463560204
0,0.3841068969630988
1,0.674814272481896
0,0.4141889745250382
1,0.4558495519476649
0,0.09964242193470883
0,0.012804947867579597
0,0.6196152443480151
0,0.7165900495123871
0,0.34820075539367107
0,0.4145177912521867
1,0.5808729695820971
0,0.012804947867579597
0,0.3716416923885029
1,0.012804947867579597
0,0.40027778891931814
0,0.6635428639358089
0,0.738399209809817
1,0.6611750863369332
0,0.31161397313460976
0,0.5828273437662959
0,0.012804947867579597
1,0.012804947867579597
0,0.5436818429311809
0,0.6314348689765592
1,0.5614243815764343
0,0.8021825793217533
0,0.2086172986484405
0,0.534777369056419
0,0.012804947867579597
0,0.6382976965142513
0,0.7707026714955375
0,0.7377871064553956
0,0.3586127031147907
0,0.8486050441857245
1,0.012804947867579597
0,0.2528426876492026
0,0.5317880428113625
1,0.5523805393917127
0,0.5272378563276481
0,0.3393093583254459
1,0.5109966089949779
1,0.6743600304253784
1,0.5801330520397764
1,0.4302343497184202
1,0.36357851472234765
0,0.34791686373375363
0,0.5293028665241248
0,0.5641349761059125
0,0.012804947867579597
0,0.41092738415941726
0,0.2148275668024542
0,0.46796519929781094
0,0.7807070136537797
1,0.4610137214107166
0,0.6403334360445474
0,0.468088103274109
0,0.7764775672550948
1,0.7468173942570152
0,0.7084129985156825
0,0.32639974876925526
0,0.35122894512222286
0,0.5989422366540761
1,0.6748082652844625
0,0.3497143499041193
0,0.5050136833497361
0,0.012804947867579597
0,0.2989265259295103
0,0.3638134707371054
0,0.49525723823786805
0,0.3949514937203648
0,0.6213507723253555
0,0.4566392053884575
0,0.5303712698785578
1,0.7244813386850386
0,0.8707610922582714
0,0.750059901358874
0,0.5560411113769448
0,0.6731043014036001
0,0.5481551911143948
1,0.636380653542192
0,0.012804947867579597
0,0.6005123653653855
0,0.012804947867579597
0,0.5639053375195011
1,0.48385595806767273
1,0.7271869647255269
0,0.5720116769526096
1,0.37132278045077816
0,0.7284007209306572
0,0.7481071471077582
0,0.4790963029649552
0,0.4828712493017452
0,0.5124110829586069
1,0.23057727217996232
0,0.5119921996095724
0,0.4832409011764263
0,0.27654098720525183
0,0.4945198489940112
0,0.7468173942570152
1,0.7738059512868504
0,0.4793254578719526
1,0.4866241795936457
0,0.4033981984425242
0,0.5039498552912781
0,0.29405148345456955
0,0.47533163035587933
0,0.44044341044635105
0,0.33743623779079557
0,0.012804947867579597
1,0.3464313437843384
0,0.6147293340485072
0,0.44191491615078743
0,0.7404073102386967
0,0.40561148895838905
0,0.012804947867579597
1,0.5923823638457323
1,0.47781394718063075
0,0.5308227104776522
0,0.4100605896725887
0,0.5748758015110486
0,0.4136722830388849
0,0.5731885943492167
0,0.6737041848458092
1,0.47347694717150535
0,0.5500526538261761
1,0.24480781472284383
0,0.012804947867579597
0,0.8147482992010984
0,0.8221821559225901
0,0.5135870691350024
0,0.5187527832421991
1,0.6523519447543868
0,0.4023102426524413
0,0.5885305798742625
0,0.5803797824822595
0,0.7827951632550986
0,0.012804947867579597
0,0.012804947867579597
0,0.7506344932934107
0,0.012804947867579597
1,0.5239338076368142
0,0.517742091688737
0,0.42750758829959307
0,0.3252291879207529
0,0.6078419295412966
0,0.3420042916120353
0,0.7523891519855725
0,0.012804947867579597
0,0.6415394579626752
0,0.6059927315844552
0,0.520740439622266
0,0.41293622282291964
1,0.313317428644747
0,0.3183017148447949
0,0.6457007238919026
0,0.29326249962305695
0,0.012804947867579597
0,0.6465182854645426
0,0.434492418370897
0,0.8169155737370424
0,0.35332781478877084
0,0.31051051713569194
0,0.3806133210498496
0,0.5935370604409109
0,0.34775856601951965
1,0.586084576127622
0,0.41372754743982865
0,0.5098543073622597
0,0.7400827877948402
0,0.4010210333177747
0,0.28535892624873527
0,0.7237167435891533
0,0.32974898216344867
1,0.5938579291823783
0,0.33770963345478605
0,0.40311453586536333
0,0.46933396422243634
0,0.4368698759867209
0,0.012804947867579597
1,0.33259543528169366
1,0.6379635849988816
0,0.6883991593538892
0,0.38464546008814965
0,0.5054172681502248
0,0.5487209350103572
0,0.22301408779762866
1,0.5031079714960287
0,0.4644173765790336
1,0.4705551155457255
0,0.5733420626726006
0,0.4813988072336389
1,0.5803634211735735
0,0.5363421347979399
0,0.555264672539937
0,0.21085520391129034
1,0.6735350188915212
0,0.6082033020047897
1,0.5558818809287018
1,0.35277134332764315
0,0.7291615447920802
1,0.7883634054182607
0,0.24751578454394707
0,0.610103368265898
1,0.7423677870797651
0,0.5576731511356465
0,0.38263651049298986
0,0.2504228865259315
0,0.4239570162203556
0,0.012804947867579597
0,0.7701770784047061
0,0.8510242982746457
0,0.21450396092239465
0,0.012804947867579597
1,0.4968674893753103
0,0.6481664617942229
0,0.5469349303736207
1,0.012804947867579597
0,0.39232312714375833
0,0.5367810512581523
0,0.9802224081442191
0,0.369951568020097
0,0.4953835157666129
0,0.6427904295977341
0,0.4966627182745385
0,0.5319563707465182
0,0.5032467936866782
1,0.7486154655386456
0,0.5903940202801115
0,0.2684421687626277
1,0.48300242161912166
0,0.7827792198853993
0,0.46198819107166217
0,0.40590451462670946
1,0.5009940320027576
0,0.26374588304200375
0,0.5731448928575991
0,0.6668328478374084
0,0.4194366901926908
0,0.3886042300828574
0,0.6488942226895099
0,0.4207926356149235
0,0.012804947867579597
0,0.012804947867579597
0,0.2095786168509919
0,0.5467600776412868
0,0.2026766890792054
0,0.2559359627168164
0,0.012804947867579597
0,0.4826241565247589
0,0.5403190025064697
0,0.6336847808117938
0,0.5884348276872365
0,0.5599238409459134
0,0.5936528180187663
0,0.7367688078001549
0,0.5889720324639899
0,0.5893809374394252
1,0.7243508035860139
1,0.6258080986611471
1,0.6157755778904478
0,0.5142022293793281
0,0.012804947867579597
0,0.46429359651533975
0,0.012804947867579597
0,0.012804947867579597
0,0.6098454817057475
0,0.5103948453333671
0,0.5631619189231877
1,0.1403731685682665
0,0.3639337363839619
0,0.47289850445761605
1,0.5137517282613956
0,0.8196979956261944
0,0.3101061130466652
0,0.707861348648562
0,0.6208116359648999
0,0.5952933545914568
0,0.5793317236971584
0,0.7232915983555444
0,0.16144968763251533
0,0.4684674206237031
0,0.6395889402126588
0,0.650232879166162
0,0.462741874892622
0,0.2632072550771384
0,0.6425606008540367
0,0.40839443500699285
0,0.702208451124743
0,0.33408810243778925
0,0.21996353263601992
0,0.4275067481084644
0,0.18315602377985035
0,0.5581612605526642
0,0.4774156846131468
0,0.5761462502606742
1,0.34306410310921037
0,0.6042027766585268
0,0.3319697516274308
0,0.5762578446224135
0,0.43061349403337457
1,0.5868974576952024
0,0.5450319396124607
0,0.5149617182012112
0,0.3500896717991856
0,0.7426984284876169
0,0.7470554022524547
0,0.6246635136864784
0,0.4732987457996347
0,0.17081869815529732
1,0.012804947867579597
0,0.6527643288226628
0,0.46529162965365367
0,0.32696772240895877
0,0.1266539712594965
0,0.6764217753403846
0,0.6021851586587778
0,0.5283411025338688
0,0.5961166998117363
0,0.537654533735383
0,0.012804947867579597
1,0.7257308911547876
0,0.5835111560810483
0,0.9063047995782064
1,0.39881250089002096
0,0.6811116272557565
0,0.561984186740286
0,0.38990142864449817
0,0.7576530034184425
0,0.37668053258270756
0,0.7439608007770968
1,0.6996485934984578
0,0.33373573021416186
0,0.456774835231178
1,0.5465999753788351
0,0.47287327192568607
1,0.5962114175832571
0,0.5337386311565847
0,0.6487882684849327
0,0.5157993387999499
0,0.29791545207470477
0,0.012804947867579597
1,0.7385321878573885
0,0.7575247925848103
0,0.012804947867579597
0,0.585084347069966
0,0.20338942623715597
0,0.012804947867579597
0,0.20393443653527138
0,0.6161680941759532
0,0.65879202625747
1,0.3252574043162729
1,0.6649548912675988
0,0.29770754326545085
0,0.45099196236143807
0,0.417495710552044
0,0.012804947867579597
0,0.012804947867579597
1,0.5630360268297411
1,0.6129195398741132
0,0.5658355244481453
0,0.5730458377425998
0,0.6146660989129725
0,0.3949967543946301
0,0.7900389427120927
0,0.6080743379953251
0,0.012804947867579597
1,0.6939763873700502
0,0.7016634429849208
0,0.5004134906949986
0,0.5903598711372551
0,0.4878611742670168
0,0.012804947867579597
0,0.5809251895270272
0,0.6506723708762998
1,0.5548302974226859
0,0.42944963079201437
0,0.45531513838546717
0,0.43772267337148635
0,0.5360712953570129
0,0.41988608220657164
0,0.7415569695020537
1,0.5584659796370746
0,0.012804947867579597
0,0.012804947867579597
0,0.5751803576038387
1,0.6624849619992471
0,0.6091246244776478
1,0.7739670561023483
0,0.6737309101196701
0,0.40414548192327193
0,0.29706898266554427
0,0.7023717141782407
0,0.44517936679660064
0,0.6321046344438648
0,0.32436479844285604
1,0.3782310132793418
1,0.6604757605856988
0,0.4954556251025699
0,0.47503279593231273
0,0.6479494625217777
1,0.47359500881378547
0,0.21139949887250808
0,0.49272716660424487
0,0.012804947867579597
0,0.5246459100824612
0,0.2786671390883988
0,0.519324154253014
1,0.4623106257600254
0,0.6442494175381936
0,0.8090902921409349
0,0.7434016587227622
0,0.5275563926621204
1,0.012804947867579597
0,0.3592899574576608
0,0.012804947867579597
0,0.3494898455220065
1,0.3757299729570362
0,0.012804947867579597
0,0.28994751622516923
0,0.39444059244388363
0,0.5866921407735843
1,0.5020837255616666
1,0.6645737347393762
0,0.4156999707855902
0,0.012804947867579597
1,0.7981054663592076
0,0.4838588198014609
0,0.6797248949413855
1,0.5798451630578101
0,0.29678884263740113
0,0.7127919420547125
0,0.7394310334991517
0,0.21008961184457112
0,0.259237772569659
0,0.5300789874802706
0,0.6036380607923905
1,0.681872373605014
0,0.43157713350777205
1,0.5989167475211007
1,0.4252643149578246
0,0.012804947867579597
0,0.7975151265676187
0,0.36044182716000256
0,0.38302859204323647
0,0.5525402641399816
0,0.2746946319059216
0,0.012804947867579597
0,0.32547272768313174
0,0.6685301719008205
0,0.6204599117839155
1,0.012804947867579597
0,0.6218457111704144
1,0.23876983278850383
1,0.43367326536488393
0,0.7187006278101118
0,0.5550758739592107
0,0.41331801766287474
0,0.28374583300036854
0,0.16807128678284075
0,0.5454115225210451
0,0.5157915749141745
1,0.012804947867579597
0,0.5004351476832972
1,0.5105009432926275
0,0.6903318789572713
0,0.8329832633223597
0,0.42427329067243036
0,0.6324570162997519
0,0.4996538317353321
1,0.5623803414774103
0,0.6383727464920208
0,0.4679509231345482
0,0.248326090009219
0,0.377796255422554
0,0.3840433648638821
0,0.48157070058191387
0,0.5412261252877173
0,0.012804947867579597
0,0.4585014717202868
0,0.012804947867579597
0,0.657591866392554
0,0.6708902694318148
0,0.29328551162384436
0,0.29912938629250313
0,0.6761971824394403
0,0.5718637733544712
0,0.7008287759304894
0,0.7780793503450922
0,0.20608663669770455
1,0.4932191430967688
0,0.5259104844113021
0,0.16668379926801694
0,0.012804947867579597
0,0.4267264098095388
1,0.3951800159798314
0,0.6855969891123017
0,0.5719208357505086
0,0.6755886666202799
1,0.6846892976908737
0,0.44886637982556643
0,0.012804947867579597
0,0.15153065427368018
0,0.4710236430616748
0,0.9808065481918008
0,0.21277657059640104
0,0.6076115745427461
1,0.36781187617081385
0,0.13683458033576495
0,0.4909697225514666
0,0.5464647305985655
0,0.012804947867579597
0,0.4940100775522744
0,0.6024395917639369
0,0.6713990945810254
0,0.4209456865198885
0,0.32546361231420645
0,0.6255492739047224
0,0.6155277267534891
0,0.5751803576038387
1,0.3396638820157741
0,0.49370747487143923
0,0.5132718844815222
0,0.6797939714956358
0,0.4932469364173155
0,0.7884703642095899
0,0.3966100952733382
0,0.2379277598909509
0,0.26626164530701446
0,0.012804947867579597
1,0.5617823083035262
0,0.3691213275919654
0,0.6350572536400594
1,0.5893903915053513
0,0.7854004559245167
0,0.8049645754372309
1,0.012804947867579597
0,0.012804947867579597
0,0.6087645272091046
0,0.5008537260545576
0,0.3467325252408258
1,0.5616818334560794
0,0.22754691712997108
0,0.5576178724370092
0,0.5402952431235238
0,0.36995352098460405
0,0.20370321694619267
0,0.7154616976268008
0,0.5447410980776549
1,0.34147476285169326
0,0.2558624601801506
0,0.559352482074269
1,0.36095689868953645
0,0.5618132097207351
0,0.6104839568053008
1,0.5511299260215209
0,0.5799310869432728
1,0.6010187786494647
0,0.4328934494229578
0,0.47271628607636174
0,0.3391739743152012
1,0.36510451842599567
1,0.6367228796237653
0,0.6502477906440169
0,0.012804947867579597
0,0.578844746336388
0,0.4204993139733735
0,0.7353361983338453
0,0.7086307962468797
0,0.5498271148706335
0,0.5840837796871398
1,0.33976979126274326
0,0.46090623968404565
0,0.012804947867579597
0,0.24109619881771743
0,0.7412201152158299
0,0.3921467024016445
0,0.012804947867579597
0,0.37530703072757843
1,0.5523958090189051
0,0.35343779100332173
1,0.6223847132340257
0,0.5719363676451378
0,0.5378059501157779
0,0.4741215077406818
1,0.7098723864957265
0,0.5474379566924386
0,0.3760595796430735
0,0.452133878292395
0,0.4706240494760493
0,0.7884845126486608
0,0.5625549666089883
0,0.55669777522626
0,0.43529201191443556
0,0.012804947867579597
0,0.5384116886515611
1,0.012804947867579597
0,0.5000081090880121
0,0.6999778542375689
0,0.012804947867579597
0,0.5695735869693626
1,0.6071712015517496
0,0.5054859898631628
0,0.39137809020985387
0,0.6564426466772006
0,0.577025877006883
0,0.7461869770541699
1,0.9808065481918008
0,0.012804947867579597
1,0.6659416580373247
0,0.012804947867579597
0,0.5112304044553699
0,0.8141020054727205
0,0.33528697005928854
0,0.6662992033877388
0,0.6453558407364173
0,0.6449859612379552
0,0.47459272734447405
0,0.012804947867579597
0,0.5004687914101746
0,0.3320346003888622
0,0.6328537439755835
0,0.4623471484929306
0,0.35027875856956503
0,0.4797886277816084
0,0.012804947867579597
0,0.6122527641344363
0,0.6078198332232029
0,0.6051848987805859
0,0.8955690958750183
0,0.5120011366184701
0,0.3652889252674662
0,0.5126380586717983
0,0.7007198284340735
0,0.5767919015643175
1,0.6478683867139935
0,0.6714700126930176
0,0.012804947867579597
0,0.3951905540378065
0,0.6277676122499755
0,0.5895628716951461
0,0.31278304092734377
0,0.3654391838698547
0,0.5312246452817927
0,0.5986958982651986
0,0.34080689068710673
0,0.562514310596646
1,0.6922141902196246
0,0.41073670057705647
1,0.5468814199585392
0,0.012804947867579597
0,0.6148853888343464
1,0.8043037538761186
1,0.6294659496243019
0,0.7580425279269529
0,0.640513018093258
0,0.8250514040325959
0,0.29414162058362586
0,0.5922843304600667
0,0.6760996092458882
0,0.5459323990527064
0,0.5634453859774667
0,0.2251822383539673
0,0.5236407113203272
0,0.7652102509162143
1,0.012804947867579597
0,0.5858313197210897
0,0.6629436880542114
0,0.6246535372584373
0,0.45818154029497127
0,0.47606810879171674
0,0.7164021721016041
0,0.6518772543736144
0,0.3515294125383196
0,0.35369767901503746
1,0.012804947867579597
0,0.5923932172129811
0,0.5234728082402154
1,0.551727862779113
1,0.6935747925080806
0,0.4598815408979261
1,0.370827214069484
0,0.4254222912344847
0,0.13198509191439653
0,0.2952619490648364
1,0.7406316443350337
0,0.4228427258235943
0,0.20902447246606418
1,0.4528716524769394
0,0.32767496575100447
0,0.5747795430844432
0,0.8987399230778922
0,0.46359382984409603
0,0.5831529191197111
0,0.012804947867579597
1,0.012804947867579597
0,0.6271921969100238
0,0.6172205002629548
1,0.455967412848695
0,0.5934098359156599
0,0.63578713233198
1,0.5539528059753956
0,0.5677806413684983
0,0.347733939722228
0,0.3586072001806778
0,0.012804947867579597
0,0.012804947867579597
0,0.012804947867579597
0,0.7578712390864062
0,0.012804947867579597
0,0.6711510770318384
0,0.4370852775600344
0,0.5584435389371449
0,0.6723131609919896
0,0.627500194783596
0,0.6306348049093147
1,0.7261734036935513
0,0.797449598300692
1,0.6472913043771867
0,0.5934639234825724
0,0.48636868743380895
0,0.733755161100008
1,0.7562573276159139
1,0.6640425296546829
0,0.30659811150232524
0,0.7761440990666453
0,0.5663173882890999
0,0.3493857691622131
0,0.012804947867579597
0,0.6088813899109325
0,0.6468103821775392
0,0.42107881204466296
0,0.46094361697908715
0,0.1704115338338316
0,0.4189348795486001
0,0.7702777568788997
0,0.2948601249763323
0,0.980586710468454
1,0.5910674091848434
0,0.5113526522107902
0,0.44589209961195087
1,0.30485748045775857
0,0.16631062121503665
1,0.5369962964692088
0,0.5097598054033935
0,0.17791365833762698
0,0.012804947867579597
0,0.322900455318374
0,0.40210947545424663
0,0.6971806382421732
0,0.5673594057583353
0,0.4977871098622454
0,0.49693942452378737
0,0.515848434272701
0,0.5316147213807532
1,0.5705647800913902
0,0.5231779149031074
0,0.47674132859510465
0,0.594915811508615
0,0.7743326503609298
0,0.3449317207457535
0,0.4468843564700054
0,0.5631383940148486
0,0.28933158361576133
0,0.7062047238918717
0,0.5571038759099153
1,0.4444949863194303
0,0.5305586658177722
0,0.5623631667374588
1,0.5504095334649389
0,0.7845530842054512
0,0.5399409591009956
0,0.41570626100001107
0,0.45222040641226896
0,0.380914608344785
0,0.012804947867579597
0,0.5687826931410344
0,0.3939437432394357
0,0.4406364152110451
0,0.5978193290778825
0,0.36044977896255925
0,0.593060974203132
0,0.2691048914136414
0,0.012804947867579597
1,0.5675696888899948
0,0.5923366482434327
0,0.44681485377317487
0,0.33329316861733266
0,0.012804947867579597
0,0.012804947867579597
0,0.7270586597716514
0,0.29379500307706236
0,0.22753749362618902
0,0.6025700936279901
0,0.6069831722319958
0,0.3360877236696378
1,0.7184552186791522
0,0.5502934196689804
0,0.45000461617261606
0,0.31529572704696035
1,0.6235319829284064
1,0.6357555750725428
1,0.3990890241229097
0,0.5245078595352677
0,0.42175122193946313
0,0.16096664042351494
0,0.3878042700481738
0,0.6574743078123043
0,0.42095630500587755
0,0.012804947867579597
0,0.012804947867579597
1,0.5439905982590463
0,0.7248576688067576
0,0.6410662445815437
0,0.6829072283452892
0,0.7337906604168215
0,0.6336996631333586
0,0.6572959526977382
0,0.65504862487953
0,0.5055101233388146
0,0.38991624037205175
0,0.6053521947006866
0,0.6842261161010067
0,0.658883135209312
0,0.3855053461468183
0,0.5579169030959049
0,0.7342203121407236
0,0.5708947317870133
0,0.47986370221597247
0,0.6151360169839918
0,0.6410010764386521
0,0.28631229453388296
0,0.6050712487070575
0,0.6299986164782384
0,0.4711470319912376
0,0.4324842164900708
0,0.24018859980550428
0,0.012804947867579597
1,0.4096833816732212
0,0.7037252106026751
1,0.8136286404695635
0,0.5631948565253159
0,0.012804947867579597
0,0.272893875282404
0,0.3409392499625369
0,0.4893109791831021
0,0.08900638738031838
0,0.6715630402112548
0,0.6643753542116139
0,0.4805911204549697
0,0.012804947867579597
0,0.5216994698045561
1,0.012804947867579597
0,0.4842106684858885
0,0.7109282978794096
0,0.24659558122340594
1,0.9811174902715164
0,0.2775135008653175
0,0.365470796737255
0,0.711987224229594
0,0.2368680447993406
0,0.5768324830560713
1,0.6418545775792759
0,0.48650530035601247
0,0.6250820857529369
0,0.977642581604257
0,0.34334259171027215
0,0.7820676025624679
0,0.5893573451691317
1,0.5760781969385131
1,0.5166784047715067
1,0.6627915032849957
0,0.3673376644957857
1,0.6668907744837901
1,0.7498094451986927
0,0.4809620157945641
0,0.4359479118242327
1,0.48230079548270444
0,0.012804947867579597
0,0.3767954084008611
1,0.5672044154813477
0,0.40768279718525385
0,0.6925051746276778
0,0.6756023435746148
0,0.4971899071668069
0,0.3299566060905893
0,0.6386095017245845
1,0.58821084730609
0,0.49173089311281837
1,0.26159697663319026
0,0.5979568168022328
1,0.6543421481609628
0,0.7533513260328163
0,0.012804947867579597
0,0.43712056795597615
0,0.4704743696628298
0,0.40066723615835514
0,0.21277657059640104
0,0.6375770968966947
0,0.5218522905833957
0,0.5680257989863828
0,0.5496726795310368
0,0.4889000669768149
0,0.4793988891167024
0,0.012804947867579597
0,0.7712251628424255
1,0.5667797271045626
1,0.6830575234996576
0,0.7302244028973521
0,0.304923799235757
0,0.46587067611672783
0,0.755076086501628
0,0.6209659641125211
0,0.9150013539606549
0,0.6495996622582462
1,0.6360027751135786
0,0.5374113093239077
0,0.1630394788918525
0,0.5868555667677302
1,0.5241576591384394
0,0.5730059301672985
1,0.6813137360074818
0,0.012804947867579597
1,0.5465262621854822
0,0.4732577050479569
0,0.6378672114880858
0,0.32297468969359866
0,0.5199126316596075
0,0.44842444353311356
0,0.6852615445106991
0,0.5191691014555245
0,0.6549838324934086
0,0.012804947867579597
0,0.6537582135196359
1,0.7007985911725454
0,0.012804947867579597
0,0.76835601499363
1,0.3971286815928173
1,0.660864589478422
0,0.3881577644303228
0,0.6390736130465176
0,0.012804947867579597
0,0.45451035066533385
0,0.3998625233081341
1,0.6565461165301476
0,0.012804947867579597
0,0.462623513941549
0,0.402925089245986
0,0.263618861914777
0,0.40582894375722756
0,0.2987896694823752
0,0.7393288930860772
0,0.750337831700493
1,0.7497896016424073
0,0.012804947867579597
0,0.6131240507454206
0,0.2697674830505297
0,0.39653423860965
0,0.7519436940165094
1,0.63209559437205
1,0.5952748929984667
0,0.6723944636330299
0,0.4780878583725284
0,0.3064756754477078
0,0.7299965471064362
1,0.012804947867579597
0,0.012804947867579597
1,0.5850504887690241
0,0.012804947867579597
0,0.6225185458879328
1,0.012804947867579597
0,0.5304768460509939
0,0.15375696789700302
0,0.6513108120306668
0,0.5499935160449577
0,0.012804947867579597
0,0.40043448282676863
0,0.3142967049067119
0,0.5430990240669188
1,0.685927149812724
0,0.5793074385112176
0,0.012804947867579597
0,0.3699229955011864
0,0.49332583678137665
0,0.43320990777563806
0,0.44393034105244905
0,0.6793357959728921
0,0.5507665431803547
0,0.27451239975670066
0,0.7210685386832282
0,0.012804947867579597
1,0.5226442005254138
0,0.7113933712464727
0,0.6004156090520923
0,0.5892618807690013
0,0.5993035222595606
0,0.5969085503965249
1,0.3924923800230522
1,0.6654323268854094
0,0.774983940042235
0,0.4772181199718627
0,0.012804947867579597
0,0.3333102880563197
0,0.47034301023098407
0,0.012804947867579597
0,0.6476693721639576
0,0.648717550477562
0,0.6311486152350829
0,0.012804947867579597
0,0.012804947867579597
0,0.21484025493846795
0,0.4435806218026492
0,0.60979169925185
0,0.7691167455118479
0,0.012804947867579597
0,0.6952147308649498
0,0.42467160324672104
0,0.46917337514712637
0,0.508162351779339
0,0.7603184667898375
0,0.5511831342224118
0,0.5495246638336918
1,0.836506966919406
0,0.012804947867579597
0,0.5455836408752482
0,0.012804947867579597
0,0.698813555028425
0,0.012804947867579597
0,0.012804947867579597
1,0.3441724348186313
0,0.6072375070755502
0,0.3506228323494424
0,0.4637121924842917
0,0.7201625149652399
0,0.012804947867579597
0,0.49115221596308717
0,0.2695989302208043
0,0.6359985206919623
0,0.6383183585546149
0,0.5325427763256426
0,0.3553206565681325
0,0.5808771003952319
0,0.6467455589385745
0,0.7243834764091385
0,0.6076467622499233
0,0.5962041962260635
0,0.569224682872061
0,0.6313225303564447
0,0.42420233740138147
0,0.012804947867579597
0,0.6100678955358384
0,0.43671038121826
0,0.29464206645290403
0,0.6957035351207901
0,0.3800121686306864
0,0.35462199358228635
0,0.5327636966962628
0,0.2911800549022255
1,0.6472452031092383
0,0.41488905232530976
0,0.012804947867579597
0,0.3385254834821277
0,0.5409957420943536
0,0.8468007502193463
0,0.39822166842181805
0,0.22547254116176157
0,0.4401406802686433
0,0.6568499114444407
1,0.012804947867579597
1,0.6036462362814667
0,0.5689369004247252
0,0.35498373101290764
0,0.6848141579269693
0,0.32656237399103194
0,0.6378672114880858
0,0.24850061082585229
0,0.7378357653014969
0,0.6268744034642524
0,0.33331363805991965
1,0.7212497453642452
0,0.4965020846487814
1,0.6682553031031145
0,0.3691182418655208
0,0.4537227463266392
0,0.012804947867579597
0,0.44268593872983963
0,0.012804947867579597
0,0.4168699771766136
0,0.7131120722435192
0,0.40959588056434115
1,0.012804947867579597
1,0.012804947867579597
0,0.012804947867579597
0,0.5354486110540176
1,0.4372531504235119
0,0.012804947867579597
0,0.4300596322901589
0,0.383102608176631
1,0.012804947867579597
0,0.48420107646876115
1,0.4749034748747342
0,0.3411275836846984
0,0.7581808078033568
0,0.665718401264021
0,0.5725906345098308
1,0.7727721745620333
0,0.6908381180078067
0,0.012804947867579597
0,0.4585657196788456
0,0.334102295673612
1,0.5816243533127604
0,0.5789502573516766
0,0.48182623304369004
0,0.7182674088992612
0,0.5156060250607213
0,0.2140082325484443
0,0.1647010240716253
0,0.5509250208022459
0,0.5658355244481453
0,0.7258284138769959
0,0.22908568222909464
0,0.5543522314344481
0,0.594605152602004
0,0.7279795979510951
0,0.3971330309010068
0,0.3433043832587441
0,0.7003287114418149
0,0.7107358441980451
0,0.6756159730893938
0,0.012804947867579597
0,0.6225463800328133
0,0.6272048834334509
0,0.012804947867579597
1,0.606969352362411
0,0.47091286529331977
0,0.48419533265837567
0,0.552300445306795
1,0.359419417040769
0,0.6786313511744139
0,0.21496093609003306
0,0.9807444228532164
0,0.4303224204332468
0,0.31575690298200715
0,0.5209017839001546
0,0.3346900957743118
1,0.5048857983291135
1,0.6170936948911219
0,0.7286602811819335
0,0.551779080048539
1,0.21803752378352054
0,0.4231118998269151
1,0.4135967363789838
0,0.012804947867579597
1,0.7574829918332097
0,0.40294946497261064
0,0.3626111391388138
0,0.6352417440623022
0,0.444834128760544
0,0.5403941673637336
0,0.2666753518922432
0,0.38100647527347636
1,0.49066950951339433
0,0.4665193222122006
0,0.561759028118657
0,0.012804947867579597
0,0.17556833027352395
0,0.47718168889811313
0,0.39443061328925305
0,0.582779297336591
0,0.7319111745950736
0,0.8090530985171525
1,0.41821904557439277
0,0.3838969454922659
0,0.6613440445296375
1,0.012804947867579597
0,0.37196418017661587
0,0.17665992356657406
0,0.22100603708114502
0,0.012804947867579597
0,0.5781707533708599
1,0.2107380018783951
1,0.5810767665107486
0,0.5235307311874011
0,0.6782311268366141
0,0.4992591174227594
0,0.767611415475036
1,0.5157408474724154
0,0.9147219430448147
1,0.13794255810982406
0,0.7382403506938437
0,0.3013083629167459
0,0.5886220693297579
0,0.40408547969436176
0,0.4413885195380814
0,0.613517203132789
0,0.6618536557740231
0,0.6289109742811153
0,0.23860258101313517
0,0.5609647893309875
0,0.4209456865198885
0,0.4494161814196605
0,0.48543360241261874
0,0.3329056950973311
0,0.7232248874864514
0,0.6686585145914595
0,0.7951589824831027
0,0.7013951817457357
0,0.012804947867579597
0,0.5531941746453619
1,0.4521946370882765
0,0.36683185644097654
0,0.3386308268410015
0,0.6709668485377486
0,0.5746337397237054
1,0.6271928758624524
0,0.5620016834517745
0,0.6215386837103568
0,0.4608170321522041
0,0.566878259744573
1,0.5715131540255582
0,0.23083815925854317
0,0.551266511153768
0,0.3666688557769059
1,0.6624118003430909
1,0.012804947867579597
0,0.11054851036358154
0,0.703193141666877
1,0.5799236635217918
0,0.33634616282709
1,0.5830349273469617
0,0.6264490134994457
1,0.8073276343016849
0,0.012804947867579597
0,0.8435548900749619
0,0.3676855200900674
0,0.3870939006852501
1,0.5909525529443521
0,0.2792330329541418
1,0.5787509386920985
0,0.5072010591061017
1,0.3530622162430297
0,0.57929414049608
0,0.7689464367145983
0,0.5263339647787632
0,0.012804947867579597
0,0.32764300216174397
1,0.9048557904950201
0,0.5596575471918542
0,0.6272938367167961
0,0.5806579481060701
1,0.75145332879706
0,0.4447458439476672
0,0.4008810961339264
0,0.35717733597390366
0,0.8344733526810418
0,0.35582210605041803
0,0.45854593083815265
0,0.012804947867579597
0,0.6471855956312227
0,0.43028906386176624
0,0.3125904122304374
0,0.5870382679874464
0,0.5013659326685322
0,0.6394569491037883
1,0.5208279615106547
0,0.42140885648797666
0,0.6643401603874705
0,0.7107440051421273
0,0.46154704333417296
0,0.2459304180168223
0,0.25833528035336784
1,0.31988371571945534
0,0.7093855812640906
1,0.6546756251082865
0,0.012804947867579597
1,0.6502920583567586
0,0.4703257621995608
0,0.012804947867579597
0,0.1437208044615194
1,0.5047078694614646
0,0.2596901469329128
0,0.33307025047423167
1,0.49388475055125136
0,0.5757748406990606
0,0.7569080907365873
1,0.012804947867579597
1,0.5180824611342186
0,0.49380044153073827
1,0.3880372536727423
0,0.6045789887491709
0,0.5221445093967967
1,0.566034990452305
0,0.3053312014708959
0,0.4825507982578965
0,0.5586526832939059
0,0.5287901545132719
0,0.2749935516370745
0,0.012804947867579597
0,0.3927896917256263
0,0.5355686567884241
1,0.6133896414520361
0,0.012804947867579597
0,0.5761449133765754
0,0.3669645106519825
0,0.5820358380948032
0,0.23963699397295363
0,0.5793490823161705
0,0.012804947867579597
1,0.5246328011216204
1,0.855587223056031
1,0.5466446393526223
0,0.45222040641226896
1,0.738420347788295
1,0.012804947867579597
0,0.2848003101034492
0,0.5570073574605197
0,0.10471912917561263
0,0.43871101641898796
0,0.6549597774586916
1,0.38859689715492923
0,0.34453968484512343
1,0.012804947867579597
0,0.6845095008468243
0,0.6318412832950195
1,0.6059955813990126
1,0.7199168454217227
0,0.012804947867579597
0,0.6616139004759639
0,0.6836628182840632
0,0.35663727789341426
0,0.8863924779703009
0,0.4483029075945896
1,0.13369552607605958
0,0.012804947867579597
0,0.21782484632365273
0,0.28080635409315935
1,0.523349432525399
0,0.6614558720861694
0,0.25834948316559664
1,0.5451871202827918
0,0.42776106991012053
0,0.7361352763880433
0,0.493443192906803
0,0.5150442106000716
0,0.5669796964287825
1,0.012804947867579597
0,0.6767271376307404
0,0.7198774869995299
0,0.5273885246417168
1,0.012804947867579597
0,0.37862951523813454
0,0.10207782076844812
0,0.7696041397883802
0,0.012804947867579597
0,0.5423000615215475
0,0.4936465689421295
0,0.35319603823221446
0,0.285304144860302
0,0.19413517194032703
1,0.6890798590960491
1,0.4682582708009322
1,0.012804947867579597
0,0.7185584001868637
0,0.25201339807147405
0,0.8452024961972049
0,0.5179390575431341
0,0.6233622391163312
0,0.3499933129630494
0,0.4227380688527359
1,0.7049640371405932
0,0.5797440260688126
0,0.012804947867579597
0,0.2472644002769206
0,0.6892671185612637
0,0.012804947867579597
0,0.5306835439169685
0,0.4255101200953794
1,0.5749405202285367
1,0.8102215165989198
0,0.40923146872350874
1,0.5784737548618816
0,0.6389876317062364
0,0.4925672782648636
0,0.27840895244395125
0,0.012804947867579597
0,0.6903501762764668
0,0.21270544015689946
0,0.36394532240972394
0,0.39134762892182806
0,0.6134509558537733
0,0.4607856354838511
0,0.5552503244972671
0,0.4676463509143411
0,0.5946696076736744
1,0.5331016746018474
0,0.720586975786136
0,0.38264794636870636
0,0.4888661299020481
0,0.5214270444796437
0,0.19179166229051361
0,0.48526556215103095
0,0.7240585297712865
1,0.6269441073590126
0,0.012804947867579597
0,0.6550480112238035
0,0.5348254780706752
0,0.012804947867579597
0,0.5518699362941093
0,0.7470596710897787
1,0.4992331110847125
1,0.6586467383441379
0,0.42247952318679477
0,0.17919723128398027
0,0.012804947867579597
0,0.012804947867579597
1,0.7487061721448116
1,0.45182642445579896
1,0.44274186405072724
0,0.2239492188188375
0,0.012804947867579597
1,0.35184850136133744
0,0.5769640689568892
0,0.6053521947006866
0,0.7858624053711794
0,0.37066081543185875
0,0.6661592831408761
0,0.4083472051335435
0,0.3646556165581478
0,0.6120878940790646
0,0.7928118919642287
0,0.31136814357539777
0,0.41295380229511564
0,0.3736528487948582
1,0.6642234271256156
0,0.604259675398414
0,0.3409595063835518
0,0.379557841091544
1,0.6793873689389471
0,0.012804947867579597
1,0.635147400513091
1,0.6426918640107498
1,0.8020445613582242
0,0.012804947867579597
0,0.546735812351195
0,0.36269347545659403
0,0.7559369958019111
0,0.5247086768618423
0,0.012804947867579597
1,0.5924960155772393
0,0.4934981733566241
0,0.5685441808519541
0,0.20594750870191614
0,0.5249325652116442
0,0.9808065481918008
1,0.5141870233305846
0,0.37203281546733497
1,0.2392818967153124
0,0.26822512079629196
0,0.3809724916843329
0,0.5452415716562052
0,0.592412724751167
0,0.7441482579981584
0,0.32425599537953076
1,0.5729774438649761
0,0.8086695129260787
0,0.012804947867579597
0,0.40201656894558363
0,0.602761329418355
1,0.7345731631197007
0,0.012804947867579597
0,0.7901710168770967
0,0.5069865869867904
1,0.4922171231428378
0,0.37671428817310215
1,0.589462577343458
0,0.5562319051473689
0,0.7071020713327651
0,0.4485645235253417
0,0.012804947867579597
0,0.6725177932055437
0,0.545929726611253
1,0.7622666808407125
0,0.4242443322939948
1,0.6510809584777015
0,0.44693550010707755
0,0.012804947867579597
0,0.24940866168983722
0,0.5618248493981086
0,0.45054330930711955
1,0.7044459546078898
1,0.3195501891988986
0,0.35334153497457743
0,0.41733322480348245
1,0.495801618145826
0,0.3820589309125229
0,0.14936809315507052
0,0.7696878986448846
0,0.3488364504909043
0,0.765863626628987
0,0.15542403831144253
0,0.4848379746407793
0,0.49987504738778266
0,0.3734245557751413
1,0.546871265769715
1,0.45094177499188937
1,0.7091095344771243
0,0.012804947867579597
0,0.3048424419758097
0,0.5672766865017598
0,0.4592459649327126
0,0.9806363278291774
0,0.3665061583738235
0,0.5575351982008674
0,0.47868506814084244
0,0.3686198818089256
0,0.6668613802767281
0,0.832171638992725
0,0.43915086584669477
1,0.44521798567573484
1,0.568019569828501
0,0.3250717149142893
1,0.5671906377622639
0,0.5400893802106014
1,0.3409943310041174
1,0.742127302164429
0,0.5513292656968074
0,0.7704756547856653
0,0.3993176544392433
0,0.4263010631392139
1,0.5252922442153345
0,0.575444816067997
0,0.5208277884906691
0,0.36127948415957756
0,0.6288550681906214
0,0.4899762316121265
0,0.6849764203434806
0,0.5499325262033399
0,0.3738114509526702
0,0.6648482646085653
0,0.4375175910892296
0,0.5145049932830058
0,0.31820094680109595
0,0.012804947867579597
1,0.5040881960676253
0,0.6601818251167331
0,0.538163050855537
0,0.4580114274480159
0,0.7018786842437462
0,0.012804947867579597
0,0.5460407829932147
0,0.5915478243938467
0,0.35203755394742364
1,0.5033176203448421
0,0.5500262184938358
1,0.6070906874914096
0,0.3906729238343327
1,0.2650282526646554
0,0.5638446164803493
0,0.7694053263277054
0,0.195911775691501
1,0.6534020279794057
0,0.7576051075617707
0,0.44761605952206784
0,0.5761449133765754
0,0.8736396132557139
0,0.4366352678192896
0,0.37041007171471935
1,0.012804947867579597
1,0.6267523484423607
0,0.41792980673399643
1,0.567045231425185
0,0.47832822336319225
0,0.8243673848189279
0,0.3745365800458456
1,0.24462335997983106
0,0.6205228049772123
0,0.6236610716381231
0,0.8355962761748371
0,0.5497296533752641
0,0.012804947867579597
0,0.5815280402303536
0,0.40851188184233256
1,0.7165771981447299
0,0.7138485489689649
0,0.3605936282909854
0,0.6072451928134707
0,0.012804947867579597
1,0.42336504705230615
1,0.507541192429581
0,0.5855721221998605
1,0.523576165777735
0,0.46132401014989294
1,0.4791438985531721
0,0.20445343227241808
0,0.012804947867579597
0,0.7198293634107171
1,0.49987069079626856
1,0.6954529397652467
0,0.3480334540188186
0,0.3156632444460126
1,0.6892688503119345
0,0.3890790055296679
0,0.43301999451701423
0,0.7244204055714458
0,0.5135455951646051
1,0.733318418155535
0,0.6053368724993374
0,0.3138077897003605
0,0.38596424540930696
1,0.012804947867579597
0,0.012804947867579597
0,0.493648114160116
0,0.2872480254837076
0,0.7090894236231968
0,0.41190805539535263
0,0.31899138426306123
0,0.37364006481085327
0,0.4029764321466204
0,0.7062134405266367
0,0.5797268966024622
0,0.6143824139219775
0,0.3358361973878671
0,0.012804947867579597
0,0.4580358734007383
1,0.4257947476856727
0,0.7812479228570456
1,0.012804947867579597
0,0.3771455173348115
0,0.012804947867579597
1,0.5180267511841681
0,0.672561469800519
1,0.6618325677369039
0,0.531249950543431
0,0.012804947867579597
0,0.415670768159431
0,0.012804947867579597
1,0.7370983121965342
0,0.32510308728268666
0,0.5889021460201256
0,0.5323712209696979
0,0.5333159781144774
0,0.012804947867579597
0,0.4087107803681761
0,0.613251825943082
0,0.5735982740776324
0,0.30814822415651394
0,0.5184207596686534
0,0.5329035775616073
1,0.38087854456194997
0,0.1511354205719413
0,0.31224088266842087
0,0.5530681908372078
0,0.6062892005175861
0,0.6569927310475973
0,0.6195816716904817
0,0.6399722361449732
0,0.38506361026165314
0,0.6078788661814123
0,0.43142373167907855
1,0.012804947867579597
0,0.2623799900436324
0,0.3811259791754087
0,0.012804947867579597
0,0.17839586363055585
0,0.5087938514275369
1,0.535779547809085
0,0.37859629870639727
1,0.5549074513511953
0,0.7072849799113626
0,0.6911656051679532
1,0.5461606247882824
0,0.47567991959510353
0,0.45296589386508845
0,0.5296045619121985
0,0.44236261753726963
0,0.2881332963820034
0,0.6146704924246609
0,0.23641981506764748
0,0.49181204128085837
1,0.6607139503369882
0,0.625624674157258
0,0.012804947867579597
1,0.6202320607832492
1,0.3736108092769458
0,0.6905991048362186
0,0.012804947867579597
0,0.42931193991660505
0,0.5875094514959246
0,0.4845127122613397
0,0.29430356610548175
0,0.6349995146790125
0,0.7849326953648843
0,0.44738531762893696
0,0.012804947867579597
0,0.4212833537329494
1,0.6564020299736062
1,0.8467168687975196
0,0.6735841776284989
0,0.7437252298755375
0,0.012804947867579597
0,0.5885797164040886
1,0.7131347975599507
1,0.27710551394058386
0,0.6619334400623251
0,0.7287130220129945
0,0.012804947867579597
0,0.533956716891672
0,0.681389879125178
0,0.3569788183916162
0,0.3530863592352969
0,0.6383727464920208
0,0.012804947867579597
0,0.41862883537963635
0,0.7181237837799163
0,0.33546658261355117
0,0.6134672213576013
0,0.3016349876116274
1,0.4482936225996559
0,0.5571389333603034
0,0.012804947867579597
0,0.1956900427378653
0,0.5714220641124256
0,0.566410342277694
1,0.6913134787719412
0,0.3895059849377353
0,0.5450407944838406
0,0.4956040903204094
0,0.012804947867579597
0,0.5267187456159829
0,0.44230270945224237
0,0.2972916116280414
0,0.2441066866600194
0,0.6979987315161651
0,0.664127731157069
1,0.4400216316801935
0,0.012804947867579597
0,0.5141387830678613
0,0.7829898328482091
0,0.5117480272587159
1,0.2087054584663971
0,0.5441791139200524
0,0.5949818551796316
1,0.7016141755250314
0,0.277212493041644
0,0.5777893931838686
0,0.2456005818972787
1,0.6056471460402396
0,0.1833387924804161
0,0.34925471927276425
1,0.7088920284671416
0,0.3241427494333284
0,0.4992947586045819
1,0.6471659343284885
0,0.5718012593544753
0,0.5257684323062967
0,0.6499140969535264
0,0.4785463406066359
0,0.4479155265674348
0,0.18755202957780961
0,0.6759690222233569
0,0.2892178321243249
0,0.597565167332109
1,0.5471923350588725
0,0.44612196315290725
0,0.5645386386406612
0,0.3831340091705141
0,0.5149709751167416
0,0.012804947867579597
0,0.48656215714506984
0,0.4399951713379181
1,0.6277827047624718
1,0.46682478817251477
0,0.1395712824022906
0,0.5134716044683709
0,0.46599689705852054
1,0.4162051636830169
0,0.7109153213707889
1,0.7160515464716728
1,0.5325338706484942
1,0.49274073464782203
0,0.23366661473954342
0,0.2715124146195676
0,0.7128454821998084
0,0.5886248758770845
0,0.22888987493592905
0,0.7184449296152917
1,0.4386031401830636
0,0.42504652067218224
0,0.28094383404959117
0,0.3139805612088126
0,0.012804947867579597
0,0.4587624174000785
0,0.012804947867579597
0,0.2983320144706014
0,0.46442865406972356
0,0.38416971960212754
0,0.14031676579363922
0,0.4317166022486144
0,0.4982343261298799
0,0.624306669524417
0,0.5417754463907449
0,0.6976935396352592
0,0.6105848845697132
0,0.6780821468356428
0,0.2768152481292417
1,0.6889639795343372
0,0.540066962890347
0,0.6498093336622642
0,0.7797076427759371
0,0.6591423708065878
0,0.5698196172267744
0,0.7404505822778393
0,0.5661206157606153
0,0.5105201385679873
0,0.012804947867579597
0,0.46733130224473235
0,0.5412539947704716
0,0.5309469467717925
0,0.6297268587037047
0,0.012804947867579597
0,0.27226966064108876
0,0.6553044546968871
0,0.616552689960714
0,0.46998586475776044
0,0.361535962323229
0,0.4938661874193197
0,0.5414331404724203
0,0.40742753050037145
0,0.6997384979484165
1,0.707644411017669
0,0.6394613060764228
0,0.6935298027629864
0,0.3696131675920533
0,0.6003841680319651
0,0.648533987571818
0,0.5027754555338533
0,0.5395291351009432
0,0.6472797445462473
0,0.5123727173501231
1,0.24707152123200288
0,0.012804947867579597
0,0.5390560151132375
0,0.6739897528043453
1,0.4754665691822572
0,0.17598096600534197
1,0.6160148055950079
1,0.8428915854877678
0,0.6057942908762424
1,0.012804947867579597
0,0.5021377276537548
0,0.2400791104595247
1,0.551296846007307
0,0.5111925230987574
1,0.5411595257385168
1,0.012804947867579597
1,0.012804947867579597
0,0.012804947867579597
1,0.7548482984924352
0,0.3520470917465314
0,0.7783757719917099
0,0.012804947867579597
0,0.1879470430375641
0,0.3810446464562857
0,0.3356676021658341
0,0.5903412439993206
0,0.48610083744709054
0,0.46011648761030133
0,0.012804947867579597
0,0.6881081200491814
0,0.7528756782665005
0,0.5635267809395933
0,0.012804947867579597
0,0.634688519995518
0,0.13484604163366543
1,0.3683008509154501
0,0.5982668390704868
0,0.6253122590024264
0,0.2872814792121484
0,0.5182939849980276
1,0.6538769789903133
0,0.4482936225996559
0,0.5223626833913033
0,0.012804947867579597
0,0.28167835452112944
0,0.5522059125367114
0,0.6389500187389021
0,0.49909589439058427
0,0.276268055187063
0,0.5294189165478274
1,0.6090950502487334
0,0.6202580697697552
0,0.5378577309697395
1,0.6268532611125437
0,0.38481204006618425
0,0.25985860406387706
0,0.5208273337392016
0,0.42499496797709213
0,0.33287948595567374
0,0.6531741455543355
0,0.012804947867579597
0,0.3568606357227165
1,0.012804947867579597
0,0.6609358462919769
0,0.6349896292971751
0,0.7736103535858598
1,0.35198349915687394
0,0.012804947867579597
0,0.3472070481755571
0,0.012804947867579597
0,0.3041028351874527
0,0.5151389970624972
0,0.5025322775675141
0,0.7649280807521895
0,0.3506843979766426
0,0.6623454083817997
0,0.4966938910829944
0,0.3414515676266606
0,0.5975545795686072
1,0.3421429766074761
0,0.4159108083775654
0,0.3875519475646361
1,0.5617072082523242
0,0.012804947867579597
0,0.6360625501010341
0,0.4241575216383204
1,0.6316284255358443
0,0.6735743488632421
0,0.7802866268335221
0,0.6751707830163729
0,0.3476532634818152
1,0.012804947867579597
0,0.012804947867579597
0,0.2727187894031366
0,0.153421182889693
1,0.5812143369451334
0,0.17601374702976957
1,0.600837756148763
0,0.2790433773920909
1,0.2983974883084347
0,0.5207839836315903
0,0.6483019203018878
0,0.2891391335837345
0,0.36302335544965314
0,0.6324635825266312
0,0.35188068908331455
0,0.4436721360655012
0,0.5755623124531126
0,0.6804176511674079
0,0.4405271517418171
0,0.4379965309661458
0,0.3570702575358239
1,0.012804947867579597
0,0.6131550129267228
0,0.6039275528920961
0,0.012804947867579597
0,0.644822845814836
0,0.012804947867579597
0,0.4349651514720389
0,0.28676902842995744
0,0.513695877483131
1,0.7587283542002202
1,0.6233740261022337
0,0.2233722911443005
0,0.012804947867579597
0,0.9123199406456273
1,0.31568000925477196
0,0.486429254439518
0,0.7736103535858598
0,0.7579690982109212
0,0.47853655062580114
0,0.3194178154659597
0,0.5231214398884444
0,0.5631179802848848
1,0.012804947867579597
0,0.2044247129625813
0,0.46945394067812857
0,0.2607856002671651
0,0.2283969777982746
1,0.012804947867579597
0,0.7178629088088185
0,0.47434080215036384
0,0.012804947867579597
0,0.5683053510189762
1,0.37887076323698354
0,0.35804861606768007
0,0.7953288419601275
0,0.5565730027623484
1,0.644120371146273
0,0.323582872777143
0,0.012804947867579597
0,0.543595576221464
0,0.5682162527880262
0,0.46975109017910793
0,0.2860439286920982
1,0.396530466141087
0,0.6355099366340218
0,0.012804947867579597
0,0.5415582085755721
0,0.3964733407714139
0,0.28315101782049185
1,0.6662622814592318
1,0.012804947867579597
1,0.5853643516820194
0,0.35070757865348645
1,0.34517208173697506
0,0.012804947867579597
0,0.4487219883980693
0,0.6562491249024397
1,0.6224884424120126
0,0.6306091760729107
0,0.012804947867579597
0,0.5359269975052536
0,0.012804947867579597
0,0.28508340851136493
1,0.012804947867579597
0,0.5628285207209508
0,0.4917604032398613
0,0.4308329743575375
0,0.40062019281487526
1,0.8241096859906142
0,0.7198209067274388
0,0.5571253597828134
0,0.012804947867579597
0,0.32047330024326764
1,0.45545703324906484
1,0.6773610556478571
0,0.6535535537705334
0,0.32909578943873014
0,0.5071303373076662
0,0.21209130255566533
0,0.6580908011436825
0,0.5247283096996852
1,0.7546064428057693
0,0.7343804634346338
0,0.41442546912524836
0,0.012804947867579597
1,0.5391363755107353
0,0.5109179211816848
0,0.7621894281850022
0,0.7040637469417178
1,0.45836026369607763
1,0.36755200590896575
0,0.36427392143707954
0,0.4801142244740332
0,0.4439714071230551
0,0.13483687775511147
1,0.3949013179344809
0,0.1381339970638366
0,0.3886208575675998
0,0.5797025738260686
0,0.6538203194605031
0,0.6061068571931357
0,0.20672640384873966
0,0.604148066278099
1,0.4758709344543752
0,0.42879006917686624
0,0.6527207850502936
0,0.4869853007383254
0,0.620994908631801
0,0.6163493826711308
0,0.33659761847969205
0,0.35392381040246296
1,0.5238395701405874
0,0.23860258101313517
1,0.5336950962666623
1,0.5608548069127349
0,0.4100456980954248
0,0.42114538312900407
0,0.4799307454254313
0,0.49997481781839437
0,0.6798798956758807
1,0.5785765675113058
0,0.5125996863899872
0,0.012804947867579597
0,0.5027469279916351
0,0.36092776670720583
1,0.5589026264801392
0,0.012804947867579597
0,0.7983417212110768
0,0.22942138845322393
0,0.45070959759038276
0,0.6523679890897917
0,0.5574240063729976
0,0.5723215947991003
1,0.7318265288019935
0,0.5911814971285242
0,0.6675342809961117
0,0.8521699635678792
0,0.6246224750474482
0,0.5586526832939059
0,0.3624043795018298
0,0.3320322109647883
0,0.29823841192696054
0,0.7292762146124132
0,0.6022282069703652
0,0.5095939569034511
0,0.4253732230063976
0,0.6831770255494557
0,0.3211162470799331
0,0.012804947867579597
0,0.6681252365501155
0,0.5397975728999669
0,0.5561061922407573
0,0.31244426279064746
0,0.4582162921625282
1,0.6884822431966178
1,0.426748083903227
0,0.7985220372089997
0,0.3197527040626018
0,0.5271453237736297
0,0.012804947867579597
0,0.644126722871199
0,0.41041626863610114
0,0.6336996631333586
0,0.407610865282712
1,0.4621082310037167
0,0.7180158920026064
0,0.5376958961499118
0,0.5143981315810671
0,0.712961150396298
0,0.012804947867579597
1,0.5998467463364534
1,0.26151357712170303
0,0.5159173133676626
0,0.2885080279984974
0,0.012804947867579597
0,0.5411973851032442
0,0.3765242397087278
0,0.764893021347246
1,0.7477038841753906
0,0.4710714501464944
0,0.5608639128652206
0,0.3647094867539199
0,0.012804947867579597
0,0.7101319138022288
0,0.35016443275253
0,0.38751584719183646
0,0.43429380309673177
0,0.6305370590611958
0,0.34396500603572394
0,0.012804947867579597
1,0.35280552340349414
0,0.6332016991732242
1,0.5495552591997126
0,0.32731848832301
0,0.5722891271083141
0,0.012804947867579597
0,0.2766874277162372
0,0.26522695297595417
0,0.5178523299408148
0,0.37229298045793474
0,0.16929064683743283
0,0.6784559979634427
0,0.3914849763565115
1,0.683765464558923
0,0.35982552137584956
0,0.4457058211887936
1,0.650563659920065
1,0.756474024564333
1,0.7258499186851419
0,0.6648245914065225
0,0.5308608708495871
1,0.48694104089558843
0,0.29778058681956204
1,0.7602406020030127
0,0.5159556672598665
0,0.5613242668139865
0,0.6209987867534864
0,0.7467908514146496
0,0.4845651189079167
0,0.4005428517859014
1,0.6583471036943176
1,0.21129910464167237
0,0.5727285753942493
0,0.5815681106915939
0,0.161029622239541
0,0.7731747788583252
1,0.6093847925180603
0,0.38307781754640946
1,0.5904239289713739
0,0.7566062425003418
0,0.3124061166712936
0,0.5621454517719808
0,0.6030540163950243
0,0.5765086781128528
0,0.43384080655367585
0,0.52679099896416
0,0.38231933518225636
0,0.4741567162032886
1,0.4369759300727099
0,0.2917263927646554
1,0.4215632503387
0,0.012804947867579597
0,0.7327975549330776
0,0.40022089651865506
0,0.3410502690683322
0,0.012804947867579597
1,0.8075617395179869
0,0.6161494273895388
0,0.012804947867579597
1,0.46688810975917305
0,0.5986719223977532
0,0.6313687679922554
0,0.554539092531707
0,0.7577755501124938
0,0.5059484829207148
0,0.3668107265117253
0,0.44677919631744545
0,0.5990647514869367
0,0.44690691286023015
0,0.012804947867579597
1,0.6446390132626162
0,0.6631137508719298
1,0.5002968030248812
0,0.6669477885598678
1,0.448353089252021
1,0.5178030537130907
0,0.4522981223927059
0,0.511109850617775
0,0.2991703694198612
1,0.44675249220103125
0,0.3199752372919694
0,0.3080512356854534
1,0.502055728004404
0,0.012804947867579597
0,0.6679291287693924
0,0.63156981817717
0,0.1455988452153143
0,0.4845464772935208
1,0.5841001327858498
0,0.6153744270221863
0,0.4912810161224205
1,0.6667429901951719
1,0.5919370906534533
1,0.6641272978340125
1,0.7923407361021079
0,0.5578833713408259
0,0.2763102495323715
0,0.2946804266823939
0,0.37979494236496625
0,0.7004434908295475
0,0.5224480798322833
0,0.5287807633053947
0,0.5692467637981738
0,0.42656830688684155
1,0.6085747660845945
1,0.5811471004605483
0,0.012804947867579597
0,0.5820591462635822
0,0.012804947867579597
0,0.8258374529960483
0,0.4384462503398241
0,0.5568841845137386
0,0.7559475971139759
0,0.08952287199507407
0,0.6281374553360357
0,0.762209132385575
0,0.26374588304200375
0,0.5189772506399805
0,0.012804947867579597
1,0.012804947867579597
0,0.012804947867579597
0,0.6271602218347769
0,0.012804947867579597
0,0.42492748748547166
0,0.39433870320341263
0,0.31782295789180753
0,0.5756319234317325
1,0.6842909480426161
0,0.5240368159431937
0,0.012804947867579597
0,0.012804947867579597
0,0.6593656716049313
0,0.6948103635261943
1,0.6796742736171644
0,0.42466463068588944
1,0.7033461623523997
1,0.5066822886314729
0,0.012804947867579597
1,0.504522805851082
0,0.6544797756188756
1,0.012804947867579597
0,0.012804947867579597
0,0.2348437994119263
1,0.5127028341888605
0,0.012804947867579597
0,0.5841528048561584
0,0.012804947867579597
0,0.012804947867579597
0,0.28288995970376557
0,0.5777886700182835
0,0.3732367490296249
0,0.3663255325755627
1,0.6453514638713949
0,0.26029876067192886
1,0.6152187476519472
0,0.4322092162147963
1,0.32599872298484156
1,0.012804947867579597
1,0.6484449435932346
0,0.27920948988628785
1,0.8215391302471147
0,0.29925048580724306
0,0.7181799326541292
0,0.5865119823294485
0,0.25985860406387706
0,0.7842495890490059
0,0.4011380725194741
0,0.4392099429312952
0,0.4557356056757297
0,0.5948946040228482
0,0.6498116762790183
0,0.41326983052344934
1,0.26974221474251114
0,0.1737610577430453
0,0.29502401915725146
0,0.5520758981319933
1,0.5877405801618221
0,0.012804947867579597
0,0.2539447458643614
0,0.18463247359735008
0,0.0952308422451156
0,0.14731031689886673
0,0.5745714989286189
0,0.4110198764183181
0,0.4889805288350324
0,0.44271812497521423
0,0.4675395348836685
0,0.5705543332643404
1,0.012804947867579597
0,0.012804947867579597
1,0.7539428708788034
0,0.6059294425805497
0,0.700086168207661
1,0.6375016003032189
0,0.6271193641529854
0,0.5663635655088415
1,0.012804947867579597
0,0.012804947867579597
1,0.28099153086381023
0,0.531166164011864
0,0.4018106348955921
0,0.3719256362163076
0,0.43123003876808724
0,0.562355608632661
0,0.012804947867579597
0,0.71582269402921
0,0.17081900376727166
0,0.6479519608783991
0,0.5639555519552935
1,0.1797610723942974
0,0.4864948281112253
0,0.841599650269693
1,0.012804947867579597
0,0.815190896055951
0,0.5726440823035766
0,0.3434046139729433
0,0.6810546439722469
0,0.5012670827654511
0,0.2895796734823514
0,0.7788847611899956
0,0.36655638572875887
0,0.6419178590767475
0,0.4721918857262433
0,0.5138093846137387
0,0.012804947867579597
0,0.6828441783382507
0,0.012804947867579597
0,0.012804947867579597
1,0.43682920016531485
0,0.5847143348673569
1,0.5919016066522375
1,0.5205901467213065
0,0.16948784487158722
0,0.5077260743946342
0,0.5059761183649901
0,0.012804947867579597
0,0.5591074605124627
0,0.7954730361429727
0,0.513820043392725
0,0.495201547305537
0,0.7041259023906333
1,0.6060930594699424
0,0.5273557644907679
0,0.19028251135056556
1,0.5074434720829897
0,0.16906570725047215
1,0.5036025200366886
0,0.4277370833594088
1,0.6140394147108456
0,0.6593708786190438
1,0.5513993552460487
0,0.49249578852570336
0,0.5128519040441424
0,0.5689928157650653
1,0.7257127581240761
0,0.6203040767858305
0,0.012804947867579597
0,0.47741323719904627
0,0.4564336717567831
0,0.012804947867579597
0,0.15683304500505602
0,0.44733465509562564
0,0.5045788457343462
0,0.587371403531562
0,0.6643738475035216
0,0.23537756457019052
0,0.5665071687330335
0,0.3267512287567467
0,0.6644771907688904
0,0.7282632773059712
0,0.42707716718752187
1,0.4328846589613255
0,0.2713405130380135
0,0.4653839420968073
0,0.48659360361494175
1,0.6834076732039888
0,0.012804947867579597
0,0.6102807667723225
0,0.7177609115697521
0,0.012804947867579597
0,0.3612658168915253
0,0.6291558528789523
0,0.37182436557549703
0,0.5990379716531943
0,0.31827454615863987
0,0.6873098045045192
0,0.632814860760995
0,0.6580908011436825
0,0.5996563293462713
1,0.5102189095233439
0,0.012804947867579597
0,0.5075178807410223
0,0.4731066442172476
1,0.689751953530434
1,0.5768931465127647
0,0.5769710410244108
0,0.56766084573639
0,0.38276613506141416
0,0.26238761577909586
0,0.23999879065039073
0,0.012804947867579597
0,0.012804947867579597
0,0.4875701143318566
0,0.5095876499674302
0,0.012804947867579597
0,0.3608965070990953
0,0.5178718918386491
0,0.4018106348955921
0,0.5426082477733869
0,0.4550086636303303
0,0.5632500080604463
0,0.14924801506600416
0,0.3632798131151391
0,0.47428408117096216
0,0.012804947867579597
0,0.012804947867579597
0,0.5877662597454849
0,0.49132865584361735
0,0.3917013055313771
1,0.6834368693621575
0,0.5018330798997584
0,0.5063652087594037
0,0.5999787188832288
1,0.012804947867579597
0,0.5646936415377093
0,0.1941001193195186
0,0.3583344389384675
0,0.6097279292878196
0,0.5341799399706899
0,0.7039057554057828
0,0.2153445477146013
0,0.3472641990961144
0,0.16422397680099182
0,0.7857596505536287
0,0.012804947867579597
0,0.29156950783826846
1,0.6176176411003503
0,0.3340964355040233
0,0.5680113415739418
0,0.2861568703763752
1,0.5595998421834748
0,0.4446054503507842
1,0.4610276076812447
0,0.9807444228532164
0,0.6622520378793799
0,0.14643111757876837
1,0.6777089854209889
0,0.6990209440151063
1,0.5034673377331748
0,0.27953535264123053
1,0.3639273863005602
0,0.012804947867579597
0,0.36169699606998384
0,0.5359804297760397
1,0.4572437587902651
0,0.5870793835672239
0,0.6112809922934805
0,0.012804947867579597
0,0.40291519071470094
0,0.43860704301854336
0,0.2969357810221048
0,0.36805197969706704
0,0.7525230845269036
0,0.36462734929943647
0,0.16734732558566648
1,0.3776545018166673
0,0.3660863424554445
0,0.5199341205352787
0,0.4929142973096439
0,0.7273790243334015
0,0.7128318822369766
0,0.5601233377782546
0,0.35561502018747543
0,0.5523146010509428
0,0.6997524028863784
1,0.7382403506938437
0,0.6875664501270087
0,0.6420968013465485
0,0.4168409304510009
0,0.6581342881183371
0,0.26531144771820403
0,0.012804947867579597
1,0.4499032387253488
0,0.4821452680571713
0,0.4708489493994239
1,0.738591794364665
1,0.45745485956064036
0,0.6678703709120862
0,0.48598334935320836
0,0.4084062110941701
0,0.3969808127062309
1,0.5608545687764188
0,0.012804947867579597
0,0.6494135416457751
0,0.5705472610854787
0,0.29627531538621865
0,0.3536580987704923
0,0.44009355887087603
0,0.6730780981785804
0,0.012804947867579597
0,0.39498936965175585
0,0.4421090960780931
0,0.1790311990712446
0,0.32975948600704075
1,0.7185676671640058
0,0.6498169098643758
0,0.27137367281390584
0,0.46364466201261323
0,0.5273460937174147
0,0.6030019030653831
0,0.4580492510086443
0,0.26872182344656526
1,0.45252900074214447
1,0.4106518976488239
0,0.4688823443272016
1,0.549500088171292
0,0.8041444284766364
0,0.27949292284733507
0,0.6869934499028625
1,0.4739464442071858
0,0.012804947867579597
0,0.5268945164243186
0,0.5975810927825381
0,0.7207602437688163
0,0.2338905315851957
1,0.8113331137652665
1,0.012804947867579597
0,0.7033778828433246
0,0.3077311320725371
1,0.7440727617881283
0,0.853158416860387
0,0.3883539086669151
0,0.47399705102215284
0,0.6305494281441507
0,0.6391038348277488
0,0.3343221604543785
0,0.45163695930214937
0,0.6597335189927188
0,0.3864020337291761
0,0.7806814762127422
1,0.6898027727161823
0,0.5061443598396731
0,0.6317546527623774
0,0.28499075708892657
0,0.6419410582238629
1,0.46762689154478604
0,0.6351883665754482
1,0.6661143435473698
0,0.5764358794470392
0,0.29863840846775064
0,0.4572047134115329
0,0.7105797939196581
0,0.012804947867579597
1,0.4877172775101566
0,0.012804947867579597
0,0.4468195789287457
0,0.6046297823243885
0,0.3275203358229609
0,0.686922319943827
0,0.4845704211683914
0,0.6274017029495936
0,0.012804947867579597
0,0.012804947867579597
0,0.44118864494212406
1,0.5246509758970611
0,0.7135185114277787
0,0.3825999435350329
0,0.41463199921651056
1,0.7190572072096939
0,0.45140400366627104
0,0.6351883665754482
0,0.6460771452090591
0,0.42171698111558786
0,0.2137054173140237
0,0.5492810910319635
0,0.791369572807191
0,0.31431999193586
0,0.6374394668859834
0,0.012804947867579597
1,0.599192291721578
0,0.5710153872676998
0,0.3619281970249363
0,0.6592635411327303
1,0.34403798551455406
1,0.7162969797302067
0,0.6526969599901916
0,0.6143369563761972
0,0.4041225426721876
1,0.3593070635559644
0,0.7722286616832065
0,0.012804947867579597
1,0.6159276636615543
0,0.5267187456159829
1,0.7601429170093317
0,0.3939273275132465
0,0.22351037743179758
1,0.495529549001834
0,0.35042816646569164
0,0.45043635643732877
0,0.6878276258442518
0,0.012804947867579597
0,0.5851444804990059
0,0.5792345153256296
1,0.7744897774746703
0,0.5654894594761369
0,0.47927880261412203
0,0.7070506905359908
0,0.012804947867579597
0,0.3839023786482078
0,0.3563461950811171
0,0.4730195468147473
0,0.5073555082225498
0,0.5677385430597547
0,0.34184600313112756
0,0.012804947867579597
0,0.5151505856228662
0,0.7033918887568603
0,0.4244356381162054
0,0.4354216844816238
0,0.43155580506458774
0,0.7660972525266045
0,0.3929084213066481
0,0.39382420247641353
0,0.5285218769801274
1,0.5648057358232914
0,0.4503441449800136
0,0.3194062211001676
0,0.13598861558989056
0,0.5153214987628698
0,0.6602727258566543
0,0.16096664042351494
0,0.7109761255311099
0,0.5370311839571652
0,0.5223120398885938
0,0.6700041863926796
0,0.37494414996166325
0,0.4608444586223309
0,0.012804947867579597
0,0.012804947867579597
0,0.012804947867579597
0,0.5762888808300868
0,0.46979046840515953
1,0.5712677041254131
0,0.48079637045862755
0,0.28301246198361085
0,0.5613848567169079
0,0.012804947867579597
0,0.3342707904104242
1,0.4003258902255467
1,0.22783895019373585
0,0.2834698623790582
0,0.6756264134235807
0,0.2562077467009746
0,0.7764745808791469
0,0.6311558262143222
0,0.2540293733495795
0,0.6085268640411939
0,0.6532433803573976
1,0.6573127235099531
0,0.6858334297074336
1,0.6056502316059899
0,0.39948786014604604
0,0.40086525318498967
1,0.7855665213938645
0,0.5551787498771429
1,0.40181947503712145
0,0.45965794004322974
0,0.48431334100878015
0,0.31215911429839477
0,0.42500919644831947
0,0.012804947867579597
0,0.012804947867579597
0,0.3507384078864783
0,0.7646091987921454
0,0.37364188537721443
0,0.4265619904367719
1,0.6495211222291365
1,0.8351584293013046
0,0.7104333923418104
0,0.5683931501415038
0,0.6394979446290058
0,0.2560515090669039
1,0.5539725196399554
1,0.012804947867579597
0,0.012804947867579597
0,0.45839784589893406
1,0.7958857109423543
0,0.7929358663578284
0,0.43717992048947635
1,0.8025263955600048
0,0.4869825885112531
1,0.47056998056175214
0,0.4284023005948581
0,0.5935253892653773
0,0.012804947867579597
1,0.7258592411486703
0,0.49350437628725835
0,0.012804947867579597
0,0.6357555750725428
0,0.012804947867579597
0,0.012804947867579597
1,0.6130126445671366
0,0.598108750672512
1,0.23469242576955152
0,0.31217122346484033
0,0.012804947867579597
0,0.3553019319737871
0,0.012804947867579597
0,0.7518025502713666
0,0.3254021893760468
0,0.3358349448163187
0,0.012804947867579597
0,0.7377904496246714
1,0.4833410043273397
1,0.5121071581099338
1,0.40577976950947137
0,0.012804947867579597
0,0.5399266098101144
0,0.5992130227956828
0,0.40463558704298164
1,0.5859586407125184
0,0.25561167045904665
0,0.5376134895004643
0,0.34161428087975787
0,0.3058114254668644
1,0.7045308153504156
0,0.6838139777749729
1,0.5816643628243605
0,0.3362118128192969
0,0.7440675524159743
0,0.486505648158025
1,0.18293307266430575
0,0.5137426123132844
0,0.39537973977957935
0,0.37297895879856424
0,0.012804947867579597
0,0.7409054393558298
0,0.3494898455220065
1,0.012804947867579597
1,0.6392056153603666
0,0.18133017776383387
0,0.7880887187199712
0,0.6804032639131481
0,0.012804947867579597
0,0.46887031703675447
0,0.5415346727746705
0,0.6191798418612271
0,0.24127125565804958
0,0.6687657119364127
0,0.15166295137237062
0,0.2976814546906328
0,0.4446856214964333
0,0.33646170447906404
0,0.568179336202121
0,0.572077378442994
0,0.5682595414013745
0,0.34358407799276475
0,0.6258974504100703
0,0.5109005116555045
1,0.6312480948946408
0,0.17745895145598845
0,0.43613936473449594
1,0.6314332967121853
0,0.5624670536315625
0,0.012804947867579597
0,0.012804947867579597
0,0.4816651864387183
1,0.012804947867579597
1,0.012804947867579597
0,0.245746641042319
0,0.37867048106771406
1,0.27920948988628785
0,0.1807803844756306
0,0.38416971960212754
0,0.36765258257622035
0,0.3610485886477362
0,0.7670925740676476
1,0.36272540161562183
0,0.012804947867579597
0,0.5141220922730512
0,0.4005943928431646
0,0.30570213956114006
1,0.5525758452439848
0,0.42976487618217557
0,0.5958158923449165
0,0.012804947867579597
0,0.581985834093681
0,0.012804947867579597
0,0.6740995619048682
0,0.6167928449003389
0,0.3680450455950342
0,0.2869308596217522
0,0.36155635560808436
0,0.012804947867579597
0,0.49758795762437236
1,0.5963161438128679
0,0.012804947867579597
0,0.670045291777105
0,0.503309119295085
0,0.4441402827635036
0,0.7120885236031042
0,0.30680321078526973
0,0.4664884410726269
0,0.7284112900232036
0,0.2927899007946525
0,0.29695901314783035
0,0.6700212900453171
0,0.3571688879931656
0,0.012804947867579597
0,0.324501912330213
0,0.3673376644957857
0,0.18316399785558038
1,0.5521794712974464
0,0.5656625772197548
1,0.8988743637698069
1,0.012804947867579597
0,0.012804947867579597
1,0.6980727731687909
1,0.8570692874919197
0,0.4893429263612612
0,0.6530800359281822
0,0.19500231804027904
0,0.4267730260608907
0,0.6958505102464458
1,0.7085849880339947
0,0.36115082374191765
0,0.3642083279646071
0,0.4005026191866556
0,0.30810227825120146
0,0.012804947867579597
0,0.4399497035591737
0,0.622198288996335
0,0.012804947867579597
0,0.5631999628000534
0,0.5384986395495903
0,0.49434287313661124
0,0.4908531295554506
0,0.5886326836263696
0,0.5821471160659542
0,0.012804947867579597
0,0.5716235568268765
0,0.2803904470422209
0,0.012804947867579597
0,0.4599706189671926
0,0.3116087156677504
0,0.4378385205844944
0,0.4571853993394855
0,0.20708469636759141
0,0.6254891189984559
0,0.3535293855883101
0,0.6734516172476173
0,0.7519533633445739
0,0.2568097864367355
0,0.7419779739504537
0,0.012804947867579597
0,0.5296141433491733
0,0.3918789678465123
0,0.6953652201291874
0,0.8960484574453522
0,0.3792539790592769
0,0.012804947867579597
0,0.012804947867579597
0,0.529684639981636
1,0.8955690958750183
0,0.7160009146470336
0,0.1516503391969258
1,0.5097576736352633
0,0.329335326689463
1,0.5780460243638311
0,0.012804947867579597
0,0.7283205158066676
0,0.39750936595497177
0,0.7342159204085716
0,0.3421329166155306
0,0.8016345238450087
0,0.7122454538159295
0,0.43707683262078456
1,0.5450993924344145
0,0.7198081395668852
1,0.5716756483581166
0,0.42232563560820785
0,0.012804947867579597
1,0.6714541887521134
0,0.5637271773933958
0,0.7291615447920802
0,0.29533503491318136
0,0.25731006571609166
0,0.012804947867579597
0,0.492898658632464
0,0.297226930109066
0,0.16224912425306678
0,0.7093875466307322
0,0.5203822577244571
0,0.35599801817542703
0,0.1585150067139982
0,0.5799417079221314
0,0.6460033160159111
0,0.5561534727376574
0,0.42640105849279625
0,0.012804947867579597
0,0.3761467325932412
0,0.83629771535472
0,0.3966176993188283
0,0.75551274025235
0,0.7667193886732254
0,0.2782454978374326
0,0.5467882472200224
0,0.47625937084087483
1,0.44354091227724746
0,0.5900570798163158
1,0.5620633212207389
0,0.5784877711604491
1,0.48829994940915245
0,0.4755189887401552
1,0.012804947867579597
0,0.4716353954108574
1,0.5384464284982616
1,0.49841172564180686
0,0.45363382829428783
0,0.5999610148998341
1,0.3263776186541045
0,0.012804947867579597
0,0.3022317497298884
1,0.659304547101441
1,0.6596677939540174
0,0.7654414849180726
0,0.8085917112008324
0,0.43219891843588193
0,0.5143821270339307
0,0.5034568353847662
0,0.5499937997377157
0,0.30161441017950424
0,0.840713412372789
0,0.4297090208079301
0,0.7045139895282028
0,0.520740439622266
0,0.272105272084299
0,0.2635869952996645
1,0.48957241071346835
0,0.012804947867579597
0,0.3346716481600367
0,0.5416954295712872
0,0.5564002724209376
0,0.012804947867579597
1,0.4459071815797474
0,0.4942969220575988
0,0.564859295173351
0,0.8985631122474538
1,0.6650564767186453
0,0.012804947867579597
0,0.6194906451493407
0,0.012804947867579597
0,0.7223599902689358
0,0.24587013634759763
0,0.4298529143575382
0,0.6247512061121503
1,0.41120500414463435
1,0.14457838363110978
0,0.28118753431368404
1,0.3274829781423796
0,0.3005721340245284
0,0.3235556368480063
0,0.2223407066845443
0,0.2875117106047388
0,0.5347709290510869
0,0.4766327709536718
0,0.012804947867579597
0,0.012804947867579597
0,0.295716452411679
0,0.3177482763760652
0,0.47692949689437264
0,0.7956442885012401
0,0.4969013713567858
0,0.012804947867579597
0,0.37478327154354363
0,0.349396623357838
0,0.012804947867579597
0,0.6115968768158591
0,0.7496802252157868
0,0.5869801962780337
0,0.6985193421952055
0,0.7982414832213568
0,0.012804947867579597
0,0.5075239719468279
0,0.5933012503464511
0,0.3202104599327315
0,0.4293990946367783
0,0.3586551337938402
0,0.012804947867579597
0,0.5203664857606427
0,0.1586610364152732
0,0.40902453722327986
1,0.6630586800657928
0,0.6605739811889134
1,0.6707039013807944
1,0.41429167895705665
1,0.7172261057679045
1,0.532070653959081
0,0.43687315490820333
0,0.2819428520160974
0,0.38829692944870364
0,0.5777571337689884
1,0.43920589659646647
0,0.6369864245425029
0,0.012804947867579597
1,0.1802275372071996
0,0.5719354104621222
1,0.012804947867579597
0,0.5353245533050905
0,0.6448629753269989
1,0.5581108522937455
0,0.4523980974754253
0,0.6557573166544108
0,0.012804947867579597
0,0.5748022029381791
1,0.8404894247557275
0,0.2760085805577626
1,0.3933420622280632
0,0.4013755846970054
0,0.6553259023064801
0,0.17598096600534197
0,0.3907606931693803
0,0.8392678077329785
0,0.4216199541545108
0,0.6930930439529575
0,0.641425472419484
0,0.543520869034448
0,0.35556204742728
0,0.16553571902345604
0,0.5506020232891163
0,0.5095826922473263
0,0.48462665650283526
1,0.5096589140936498
0,0.7639611681877417
0,0.8344486017644046
0,0.6295582954436267
0,0.012804947867579597
0,0.7442824933451914
1,0.5399570117610452
0,0.3560623707431733
0,0.60522306244961
0,0.6766638627976692
0,0.468616153120721
0,0.48136764659839415
0,0.012804947867579597
0,0.3237302428445863
1,0.45911938419886683
0,0.30551409018700876
0,0.46577563649110054
0,0.012804947867579597
0,0.3165534653400576
0,0.5551408127745964
0,0.6177448630153191
0,0.012804947867579597
1,0.7113763086342481
1,0.4898386860449261
0,0.5919314393537842
0,0.012804947867579597
0,0.6275807134127793
0,0.4273586549054051
0,0.5400221217753566
0,0.6803101573026137
0,0.5187851983829935
0,0.6484900427976314
0,0.5277908005322957
0,0.33018888832670684
0,0.2680584454606523
1,0.7777855756243787
0,0.3264800128802471
0,0.15784084427197867
0,0.012804947867579597
0,0.43458019788311647
0,0.38232294085717977
0,0.40980145882133506
0,0.5353208752024614
0,0.36599670082568786
0,0.3364122632194735
1,0.4992475662193811
0,0.8982602004499176
0,0.4482936225996559
0,0.2540545782355357
0,0.5859833490340141
0,0.2382712277659268
1,0.5381256274044846
0,0.7876383507115463
0,0.5499428644792376
1,0.6839972708321391
0,0.6716584359982388
0,0.28703158843972737
0,0.4492300736816099
0,0.7327097204416562
0,0.31770448251025746
0,0.4239318647509261
0,0.4358087813302898
0,0.7427569081917541
0,0.28288995970376557
0,0.6056405672698856
1,0.44123137283789005
0,0.24976772346356219
0,0.4998716747951526
0,0.7075834819855158
0,0.49589849690835547
0,0.2237296063708895
0,0.46124213747595083
0,0.263038573378276
0,0.5693008071178267
0,0.6473059149589611
0,0.4528025836625154
0,0.012804947867579597
0,0.46479993845336304
0,0.30843908190278124
0,0.7468287116832666
0,0.2229813300903921
0,0.28088230361098354
1,0.3896845225731873
0,0.6548970421807092
0,0.5519737987114984
0,0.7138514100869199
0,0.7817019442487686
0,0.5177616981597463
0,0.276452846495841
0,0.6055221062572632
1,0.6154139758997546
1,0.6063764533381768
0,0.3409392499625369
0,0.4267659697868395
0,0.3062629824938267
0,0.5229540295773065
0,0.4643284274669491
0,0.6577533507673666
0,0.519010123238882
0,0.637736586619882
0,0.5063361017599513
0,0.5682162527880262
0,0.6482755900468788
1,0.7779296491546113
1,0.29036417168735823
0,0.6844475979854885
1,0.6860439840868856
0,0.5084503995762014
0,0.4796214206141091
0,0.5305021438402451
0,0.22566524232147642
0,0.4608444586223309
0,0.6213611946185442
0,0.49829762359263213
1,0.16475277746750264
0,0.6268289500616999
0,0.696260573425364
0,0.568348598140077
0,0.6953702046776912
0,0.4708071720848672
1,0.6542015660065263
1,0.7261716623340867
0,0.012804947867579597
0,0.7751693142061634
0,0.4562044243011483
1,0.5378577309697395
0,0.6853752361593145
0,0.532070653959081
0,0.3805686398043947
0,0.540919048143025
0,0.3478580677163215
0,0.26964203425315264
0,0.14957156742870706
1,0.37123268572203044
0,0.5651897731420965
0,0.46459030397228984
0,0.6786474253240677
0,0.5722756940474217
0,0.23389509876979023
0,0.5213100549538401
1,0.5044142329664295
1,0.5688926079199772
0,0.012804947867579597
0,0.5759432846974087
0,0.57920045717801
0,0.5326396990096275
0,0.5735844463270336
0,0.6401456198132264
0,0.35031776274432047
0,0.8505886361086191
0,0.501752356449751
1,0.6812551628587656
0,0.5546068799075042
0,0.012804947867579597
0,0.3672496555631915
1,0.012804947867579597
1,0.666150697036302
0,0.44939423695410124
1,0.6816801306660137
0,0.4975995291887751
1,0.6189408987692617
0,0.32246781639495464
0,0.2821656575359051
0,0.34934675618118294
0,0.3916495336318247
0,0.45967290225626484
0,0.543652200267719
1,0.012804947867579597
1,0.7311440706787082
0,0.6183795583094959
0,0.4866474439871318
0,0.38731229757889085
0,0.012804947867579597
1,0.3058978058873796
0,0.6005467518413389
0,0.6188639702481008
0,0.2094960026037442
1,0.41503494305900307
0,0.512365072891154
0,0.42695916014748786
1,0.5710048138578855
0,0.012804947867579597
0,0.4949333573419623
0,0.5592949877983259
0,0.3168811240770413
0,0.7827892424971123
0,0.7580709340818147
0,0.4148470879535714
0,0.3144200726945232
0,0.45131179423634515
0,0.625624674157258
0,0.4970849834219774
0,0.012804947867579597
0,0.2663999284849319
0,0.4751795266433595
0,0.48157588423280845
1,0.6845391279384418
0,0.6887081424998125
0,0.2882954632264234
1,0.4328640037300141
0,0.619503124479947
0,0.7539865623765435
0,0.28561080567498226
1,0.5013257447814133
0,0.30505703317551497
0,0.44430606265287353
0,0.49756770819736623
0,0.6373147296515732
0,0.4323227460197018
0,0.27362626237391174
0,0.5274529741756319
0,0.32281469252771533
0,0.15668084161149998
1,0.012804947867579597
1,0.4779527886083548
0,0.6399945877152367
1,0.3134402860171449
1,0.23809775021103705
0,0.4041225426721876
1,0.6130980798891805
1,0.42343260556999734
1,0.7227760068810468
1,0.5906716070950688
0,0.3027254212910243
1,0.5517350987033969
0,0.37302005873356847
0,0.45252900074214447
0,0.5468926868264282
1,0.6501361241055246
0,0.012804947867579597
0,0.012804947867579597
0,0.4428126778470167
1,0.012804947867579597
0,0.4883676106410748
0,0.4300596322901589
1,0.7079653533048064
0,0.5988129934922428
0,0.789574980232181
0,0.980764821220538
0,0.012804947867579597
0,0.2506553613110186
1,0.6318667188864274
0,0.32589004363503526
0,0.41695298677789616
1,0.4182721319242346
0,0.4637998070281452
1,0.4922928009804582
0,0.39194043183918714
0,0.5589031590441162
0,0.012804947867579597
1,0.5841291237717227
0,0.6355755911582904
0,0.48015430656633734
1,0.691007054924241
0,0.18737189845251492
0,0.6161511602855785
0,0.16784049911333337
0,0.4104567305132524
1,0.6914805062649908
1,0.6848019481460765
0,0.6802331705664699
1,0.012804947867579597
0,0.5855041676373859
0,0.21762452913621477
0,0.012804947867579597
0,0.7244761752373353
0,0.47578033153677207
0,0.012804947867579597
1,0.5035139525381471
0,0.4720575289760212
0,0.4801321900226906
0,0.60979169925185
0,0.4860735157453154
0,0.48184727171826647
0,0.8082646038754823
0,0.4368650733524051
0,0.738591794364665
0,0.12859481423734068
0,0.3709506679903417
0,0.012804947867579597
0,0.6193655992697207
0,0.012804947867579597
0,0.526062409284873
0,0.4791747164636581
0,0.4475242835335123
1,0.5449031757150243
0,0.4695776276265316
0,0.5168636345879455
0,0.7287192090867762
0,0.012804947867579597
0,0.2646026592200622
0,0.7644925937446301
1,0.6508952010237763
0,0.012804947867579597
1,0.40249010628502196
0,0.6794005625626416
0,0.6524551860005762
0,0.4230244912594378
1,0.6107142211574684
0,0.5006495281711737
0,0.20125355900483755
0,0.4108713005454203
0,0.5224676900877882
0,0.43083064897566903
1,0.7172910726386375
0,0.7754577634444478
1,0.21989985781103577
0,0.2565810035755472
0,0.4099165178511875
0,0.78317142384868
0,0.5058859548281825
0,0.012804947867579597
0,0.012804947867579597
1,0.5039160290556336
0,0.012804947867579597
1,0.3428617827342881
1,0.1786882041903441
0,0.2575075022309064
0,0.47021170062260204
1,0.6060584986331622
0,0.6117760806952195
1,0.6047885294420481
0,0.3037942814564316
0,0.012804947867579597
1,0.503689686457678
0,0.7430220907612638
1,0.2819770945157773
1,0.6385797288553015
0,0.30161441017950424
1,0.6855636188722551
1,0.012804947867579597
0,0.012804947867579597
1,0.7007109588840218
1,0.5678208190259759
0,0.34591669201793634
0,0.6109484706797167
0,0.49832360346066534
0,0.012804947867579597
0,0.5022258716331534
0,0.28999362587115124
0,0.5507753965875395
1,0.4369454449718118
0,0.22139272787642958
0,0.012804947867579597
0,0.5207500711707949
0,0.49089344666963847
0,0.28227867574837573
0,0.16963154426714258
0,0.5908100047741336
1,0.5698131458332053
1,0.5857278490370655
0,0.5141870233305846
1,0.012804947867579597
0,0.6469590902627919
0,0.3434504765091243
0,0.012804947867579597
1,0.4982402127214713
1,0.377852008996669
0,0.4359964433940034
0,0.21410538389453243
0,0.18206533836086955
0,0.7503999586902197
1,0.012804947867579597
0,0.535545409104955
0,0.44589209961195087
1,0.5523128926156066
1,0.6798519874316842
0,0.6331875025472775
0,0.7509878499022764
0,0.58106082660156
1,0.7023969144027478
1,0.012804947867579597
0,0.29600166518453086
0,0.8287092817418327
0,0.24315459018320956
0,0.5491505912572677
0,0.4213261377976227
0,0.2563075521528686
0,0.4744950355974405
0,0.012804947867579597
0,0.45589453540872343
0,0.9165621538049077
0,0.52420003017951
0,0.5065091286969557
0,0.6698135621169995
0,0.36729271176805556
0,0.5975287379545046
0,0.46481257287905586
0,0.5949860907981287
0,0.7943852474136848
0,0.17245102835684764
1,0.7367209122460111
0,0.6426175711992062
0,0.6885422606770867
0,0.6935164032120181
1,0.506759973231247
0,0.1359959724827951
0,0.3042461877251244
1,0.29768350947678995
0,0.5361989644076594
0,0.2873573070284721
0,0.1286745498960469
0,0.5308227104776522
0,0.22980196481446147
0,0.012804947867579597
0,0.45327913965861416
1,0.699731713539773
0,0.553143963658088
0,0.5187610596065586
0,0.31531465909521406
0,0.519410722275292
0,0.012804947867579597
1,0.5759636149235966
0,0.6406522707657214
0,0.5110890240237679
0,0.3406332018635714
0,0.6003976741597903
0,0.6627544329259656
0,0.012804947867579597
0,0.7552743448042961
0,0.36091367594241136
0,0.40293722549443156
0,0.7540807999614656
0,0.3532177472454587
0,0.2232062914102072
0,0.4891029585630928
0,0.32739999257781227
0,0.4240933957233309
0,0.6836636402730994
0,0.36267631143835605
0,0.7220565999159361
0,0.012804947867579597
1,0.22215244061611564
0,0.2556122784346624
0,0.6652803897965304
1,0.8241036998631432
0,0.1433598841434999
1,0.012804947867579597
0,0.4774877976196301
0,0.45363306505214757
0,0.33378804547941077
0,0.4529526502291629
0,0.13047442681637839
0,0.012804947867579597
0,0.6711576293664181
0,0.4970849834219774
0,0.7345808222662886
1,0.012804947867579597
0,0.7278049912687808
1,0.415342481857998
0,0.4838026294712574
0,0.012804947867579597
0,0.32714438499374454
0,0.3961140700586943
0,0.27795919796256324
0,0.012804947867579597
0,0.3059109658721134
0,0.43993351138041437
0,0.5906846024053808
0,0.542249884297954
0,0.5914946008167739
0,0.34590402480671106
0,0.32037790973579267
1,0.599000748572914
1,0.7229769066733908
0,0.45731741164492673
0,0.3270651262602132
0,0.660750040899109
0,0.564716607245598
1,0.6084911764991284
0,0.5489850810829738
0,0.5023472914207541
0,0.301924731409517
0,0.259869609420977
0,0.3209155509793246
0,0.6683657563557742
0,0.5918605618990174
0,0.6679073412488502
0,0.012804947867579597
0,0.5441395534655701
0,0.4337209233834521
0,0.5544722656356104
0,0.5668973164935801
0,0.9805641293512426
0,0.4055206758768778
0,0.2772464572057256
0,0.012804947867579597
0,0.012804947867579597
0,0.702363292609069
0,0.5556686103822263
0,0.7539167085503433
0,0.89185660879011
0,0.012804947867579597
1,0.6033909379222119
0,0.48206744042382554
0,0.17593433166401162
1,0.32324813735382796
0,0.4951488584825131
0,0.16096664042351494
0,0.5001747224145329
0,0.307478578708203
0,0.4460493598665057
1,0.3659539100144622
0,0.44617732042924124
0,0.5258907696635535
0,0.7621032025344864
1,0.4971795683011174
0,0.8315526449958817
0,0.3620522387206317
0,0.012804947867579597
0,0.24669379766554708
0,0.33879693756541157
0,0.5114528674356725
0,0.2930294041635531
0,0.8065059197562733
0,0.583421677515451
1,0.6992494021510555
0,0.24231867510206376
0,0.3222495765617763
0,0.4969714907284671
0,0.48994769669426114
0,0.6277984500584562
0,0.8288798851586775
0,0.5406224134372507
0,0.7851039643724557
0,0.6400656795016599
0,0.6319990581463171
0,0.5884348276872365
0,0.7109130264690642
0,0.6279254455800887
0,0.631881000886947
0,0.012804947867579597
0,0.6983170336557339
0,0.42302620405339797
1,0.012804947867579597
0,0.43172946753845126
0,0.3396014271566329
1,0.561570043205698
0,0.5028912495499852
0,0.4387831138998124
0,0.5561793316044895
0,0.5242412776694223
1,0.49400909774573776
0,0.186692071415381
1,0.6741498576114058
0,0.36704344538138234
0,0.6643180420091643
0,0.48009372377666276
0,0.576979397153354
0,0.275612535084178
0,0.6747839344500803
0,0.4427983096082801
1,0.7185078502826673
0,0.36408285909268573
0,0.48829096385152126
0,0.5058195406777279
1,0.7315514439607274
0,0.012804947867579597
0,0.012804947867579597
0,0.7193740411482508
0,0.7797464231387774
0,0.29055378263165954
0,0.5619831214080838
0,0.5237702823350806
0,0.44483874149503266
0,0.6640118060981597
0,0.5834903520012106
0,0.7356389092512939
0,0.012804947867579597
0,0.37249237644125394
0,0.8284535246087911
1,0.012804947867579597
0,0.69586250547105
1,0.4194819706945447
0,0.012804947867579597
0,0.5337667699545549
0,0.22669047002269274
0,0.5168794582690721
0,0.012804947867579597
1,0.3761467325932412
0,0.4333648374596738
0,0.36846985723092474
0,0.5173588132267354
0,0.5554039204471041
0,0.7564038768758372
0,0.2782454978374326
1,0.6943730995497004
0,0.5638446164803493
0,0.012804947867579597
0,0.39697761587768277
0,0.5327518856772347
0,0.6868248121185565
1,0.012804947867579597
0,0.4025119456522327
1,0.3759093941102643
0,0.5223372233991582
0,0.3123737295929641
1,0.5506621584043153
1,0.46452451458153093
1,0.6706788439706517
0,0.5794935554402458
0,0.16902430709047192
0,0.6311966815450147
0,0.7146840522662231
0,0.16730499156235726
0,0.7068439155085676
0,0.22511622134650888
0,0.8938338802475908
0,0.4269987266642135
0,0.36830013664257955
1,0.7071212685381539
0,0.6938349667304571
0,0.3579263585570283
0,0.012804947867579597
0,0.6746399845658526
0,0.3987595765217723
0,0.2261060820395575
0,0.4971898248622816
1,0.6016523801270245
1,0.4055118465819341
0,0.5980144097731783
0,0.6006875359873189
0,0.5454005057831574
0,0.012804947867579597
1,0.9136125765937704
1,0.795163586562734
0,0.012804947867579597
1,0.46543993412439255
0,0.5817463581565155
0,0.5002214012456042
1,0.6204498060870504
0,0.448561829605389
0,0.49575257502451486
0,0.41121323134465715
0,0.5959867933934431
0,0.3409392499625369
0,0.012804947867579597
1,0.4288953089265876
0,0.5803790458189078
0,0.012804947867579597
0,0.012804947867579597
0,0.6463723508056349
0,0.4330717746067048
0,0.522185455946291
1,0.660864589478422
1,0.4965593056140979
0,0.415003230896032
0,0.012804947867579597
0,0.31635956323355996
0,0.34380440560782183
0,0.28301246198361085
0,0.559260380517264
1,0.5850278208911103
0,0.2292020332236727
1,0.8406080912655097
0,0.4491132865889471
0,0.4259651576026347
0,0.012804947867579597
0,0.012804947867579597
0,0.6112418655697701
0,0.6472889043885748
1,0.5301022980586332
0,0.4355049370970131
0,0.4328032713293807
0,0.012804947867579597
0,0.459062615131383
0,0.4437722939308272
0,0.5456436073018717
0,0.5072539271355884
0,0.35481831133183017
0,0.4166626181439475
0,0.4676810205282396
0,0.4412843462162661
1,0.2638167643490439
0,0.6102705458521785
0,0.13616171828470883
1,0.2686833413852749
0,0.33586172597313313
0,0.7993410874218859
0,0.4830200063746625
0,0.5967365936224154
1,0.4572624120733676
1,0.4099057716398355
0,0.39678637663191396
0,0.012804947867579597
0,0.46753679190304387
0,0.5053648510571276
0,0.17039925103275072
0,0.6139360454720046
0,0.34404374786101904
1,0.2622317323519021
0,0.5756319234317325
0,0.555413924704118
0,0.598705709187216
1,0.535727574660676
1,0.553792339235489
0,0.6746570310139244
0,0.5759432846974087
0,0.1377373298281649
1,0.7423073180096726
0,0.3254244531408367
0,0.46618884531057636
0,0.707159632013739
0,0.500673376198605
0,0.672789110151997
1,0.012804947867579597
0,0.769126113838409
0,0.32324813735382796
1,0.012804947867579597
0,0.5165664501656798
0,0.8137814883266724
0,0.5516225164363181
0,0.34665435619790147
1,0.3072613579041731
0,0.5675696888899948
1,0.012804947867579597
1,0.6737613980215562
0,0.6855238460951836
0,0.5544390781491182
0,0.48036977396600344
0,0.4264772151772991
1,0.6971796946316386
1,0.43480688628971303
1,0.7892768652725703
1,0.012804947867579597
0,0.44148870879993996
0,0.33669377918056426
0,0.4386566078916945
0,0.7939388016117617
0,0.4945134785895277
0,0.7386288075865877
0,0.5042515890373682
0,0.012804947867579597
0,0.6199847459619183
1,0.6567573859756
0,0.5742110641889769
0,0.4536236913495091
1,0.537585445080791
0,0.35231624750084645
1,0.6671464768894901
0,0.4796125405794645
0,0.5481360313983543
0,0.29876587622309514
0,0.6130606854614826
1,0.7039190036319845
0,0.6289967533033217
0,0.012804947867579597
0,0.012804947867579597
0,0.012804947867579597
0,0.5617438859809512
1,0.6698265388056875
0,0.3284237408641566
0,0.6907081161628437
0,0.5011296714244724
0,0.509884278510486
0,0.4238473690560698
1,0.5401410918938859
0,0.7503314723999435
0,0.5276219799483786
0,0.4321702373657855
0,0.47995865288946354
0,0.26239295370182875
0,0.49580225788843546
0,0.3715043380146155
0,0.4976096590911128
0,0.6031029332236318
0,0.012804947867579597
0,0.7356636342105309
0,0.22602229631039594
1,0.6598371169783129
0,0.6628464470708778
0,0.47067195608160556
0,0.4805478668125094
0,0.6680188345963928
0,0.6282083491138007
0,0.012804947867579597
0,0.3462615061147329
0,0.7289309411497303
1,0.7068063212305239
1,0.7581877098266497
1,0.6519118811380482
0,0.012804947867579597
0,0.6369238699481949
0,0.6409152507545578
0,0.2296132191988713
1,0.4691182798415324
0,0.5050253371330898
0,0.012804947867579597
1,0.6457602825194197
1,0.6953668291780274
0,0.6129195398741132
0,0.012804947867579597
0,0.5054404939171301
0,0.6297748629434715
0,0.5829506221174928
0,0.012804947867579597
0,0.17412126320536744
0,0.49854283343573136
0,0.3960322049587628
1,0.40912775189115513
1,0.5919342202416306
0,0.4973417971506947
0,0.6755983385244851
0,0.1379648880439712
1,0.38338559776551906
1,0.576311958518204
0,0.5663094093691206
0,0.6456688130362778
0,0.7422006446814826
1,0.5405614495555715
1,0.6353216390251428
0,0.9797898206001787
0,0.2981172669254016
0,0.3615681817980322
0,0.4982943853911684
0,0.5586346042020363
1,0.5213053289261984
0,0.2952337203574578
0,0.5027940390797938
0,0.29158514433802357
0,0.7670541323625046
0,0.6647942035258876
0,0.17884615971878765
0,0.6332370514477379
0,0.5841643448384612
0,0.012804947867579597
0,0.4838810424445203
1,0.3492768582081855
0,0.18009512810059541
0,0.4995326012452888
0,0.643494874855403
0,0.8239075480048317
0,0.5738239281376085
0,0.19415797091304032
1,0.727307825077945
0,0.6509936499560729
0,0.5902473114245163
0,0.480017734296106
0,0.8418264332520742
0,0.4116724997729179
0,0.012804947867579597
1,0.43961025812896165
0,0.5194384581325394
0,0.5537405581256423
0,0.6799820921437231
0,0.5625302316756056
0,0.5400413299450197
1,0.6062222276496421
0,0.7545698351240423
0,0.5519011947159602
1,0.30283379816923117
0,0.35729312510454814
0,0.5917803562597513
0,0.6355480622518394
1,0.3099740415212638
0,0.46515117536365497
0,0.7293419456900554
0,0.5752093612316599
0,0.37785791951388426
0,0.19898475710735294
0,0.6386285410574596
0,0.34952694318325017
0,0.31716725490549563
0,0.5259731771884506
0,0.849176908039699
1,0.6444271841160372
1,0.7040452726924421
0,0.790847062423267
0,0.34791686373375363
0,0.6786804727676706
1,0.3626746429543078
0,0.2894632460803639
0,0.13881408148529906
1,0.5253481964348596
0,0.24548010680010185
0,0.6565729476457414
0,0.5733978785403222
0,0.4555743671197694
1,0.5079231712473264
1,0.45249602673992984
1,0.8592385412952374
1,0.46464719209614014
1,0.39072703139579734
0,0.6382509489671971
0,0.6110523729897019
0,0.6295704818748833
0,0.6234988598722396
0,0.20578568087301494
1,0.012804947867579597
0,0.6828475008325302
1,0.40752548815144635
0,0.5320639616398722
1,0.8650059144340503
0,0.7127188182463582
0,0.42881209897506783
0,0.3568372369876384
0,0.012804947867579597
0,0.589109230871033
0,0.402172012763776
0,0.3439425841023699
0,0.012804947867579597
0,0.5617543984492315
0,0.4428126778470167
0,0.6723688560110869
0,0.5806643643692908
0,0.4055424645255574
0,0.4163978426760763
0,0.5344999652626675
0,0.23385983514877148
0,0.5962085863655225
0,0.4855207179899093
0,0.6398496152062211
0,0.5883887706274847
0,0.4597071821755174
0,0.6006118944566353
0,0.3102571322526525
0,0.012804947867579597
1,0.5877662597454849
0,0.5291153361602368
1,0.7583431336688179
0,0.7385298515491351
1,0.6757075918658919
0,0.3712931118523804
0,0.6347357935572279
0,0.27730829049138894
0,0.8926992472752043
0,0.6091643968013153
1,0.38823908809248353
0,0.557117254284965
0,0.012804947867579597
0,0.4116656046088363
0,0.624261094931212
0,0.5502435432579076
1,0.40009041180806554
0,0.44600781539938755
0,0.4229973163904776
1,0.012804947867579597
0,0.538660960944425
0,0.5262224507593113
0,0.19198421630006493
0,0.012804947867579597
1,0.8387912191132013
0,0.30964987215331147
0,0.5428497442924237
0,0.5285851414220935
0,0.012804947867579597
0,0.5790568725971555
1,0.6789840659574266
0,0.4120708386815255
0,0.3838317405857126
0,0.44496666810906904
1,0.601844647290563
0,0.43986324633958795
0,0.3719040364674537
0,0.7047799045520039
0,0.588433261262808
0,0.5491332467008312
0,0.012804947867579597
1,0.6151521066587556
0,0.7759017083782468
0,0.5919349190464175
0,0.7182587294389001
0,0.012804947867579597
0,0.5001393643492538
1,0.5759624831351255
1,0.9799130788626934
1,0.7263903224775424
0,0.4778149624696613
0,0.6801106509007155
1,0.7332724516007885
1,0.012804947867579597
0,0.572902450513443
0,0.5940828735669579
0,0.6550531159486538
0,0.24975536737016452
1,0.5575572748543224
1,0.365470796737255
0,0.2894116234949393
0,0.6434378557066891
0,0.5516955389594111
0,0.6713752914474821
0,0.012804947867579597
0,0.36174288250443287
0,0.22914098550939735
0,0.2293411141032189
0,0.44447185494068936
0,0.012804947867579597
1,0.42410875864340974
0,0.012804947867579597
0,0.39112230468328407
1,0.660680176259362
1,0.4082532695870355
0,0.012804947867579597
0,0.6292849622299964
0,0.31710126530918586
0,0.3146546806396866
0,0.4777592555391278
0,0.4318437011653308
0,0.4308463722414365
0,0.3468952587274873
0,0.2672967688343449
0,0.42645703007982627
0,0.3118308085889764
0,0.3569178194358701
0,0.3015432741057329
0,0.5275407184973725
0,0.3706389226761199
1,0.3188553860777555
1,0.4078410042014697
0,0.6102700916589369
0,0.1871398153294231
0,0.4867258041568556
0,0.2369468518709102
0,0.7190095180824034
0,0.15813479984172318
1,0.6433620471614558
0,0.4244502227937621
1,0.6349131847413283
0,0.012804947867579597
0,0.5232120683131701
0,0.10334730576319413
0,0.36122514754259405
0,0.012804947867579597
0,0.5275436831654734
0,0.012804947867579597
0,0.012804947867579597
0,0.5600719042366494
0,0.3588335066305153
1,0.7280315270719483
0,0.3417175543309078
0,0.42260974646888655
0,0.17940344447382137
0,0.012804947867579597
0,0.524399134414881
0,0.8096424138713678
1,0.7285335753048533
0,0.5351068300482841
0,0.29177630183153347
0,0.43924155337737397
0,0.6176213908520867
0,0.012804947867579597
0,0.442471548924978
0,0.6502989249341601
0,0.012804947867579597
1,0.6123582276520054
1,0.534115987201052
0,0.46098675015441504
0,0.4190002703358634
0,0.586245064926988
0,0.5207559897464802
1,0.6444522121722048
1,0.6705861307355507
0,0.012804947867579597
0,0.6490287254452944
1,0.5079929359656168
0,0.4648328826786793
0,0.6499140969535264
1,0.5253467173288962
1,0.8351584293013046
1,0.6593732558186962
0,0.4895501122276957
0,0.6719248584314614
0,0.2964205442448116
0,0.42459493304898455
0,0.5947972064668169
0,0.345725326889593
0,0.6572423831093201
0,0.3392029595121128
0,0.48947805553643553
0,0.43549604745072257
0,0.5466750927716556
1,0.012804947867579597
0,0.17335243154334812
0,0.5290802911111461
0,0.2979971401738056
0,0.15534688497602703
0,0.5517452736807553
0,0.3700562268310408
0,0.47747940355215296
1,0.47173627396148987
0,0.34456867384897855
0,0.6902029497224166
0,0.5154539293994884
0,0.7415440377812588
0,0.7026140016885374
0,0.6483455043456172
1,0.3573581631842208
0,0.6608594696601184
0,0.18464850634636934
0,0.41861313529180394
1,0.6121076223907093
0,0.6491179200678013
0,0.5426777969735836
0,0.3486417273026551
0,0.012804947867579597
1,0.5885630008584023
0,0.4821452680571713
0,0.5253192262790457
0,0.620281377847745
0,0.012804947867579597
0,0.6859416280601176
0,0.2513808695066019
1,0.012804947867579597
1,0.563401538225575
0,0.5527664966433634
1,0.3343186652639003
0,0.3229947185446488
0,0.44592827757423315
0,0.5366494413383456
0,0.49955311892427895
0,0.41021749383850736
0,0.3785062005730619
0,0.802826393720038
1,0.7339481616797626
0,0.35341106204768613
1,0.42807309062812804
0,0.012804947867579597
0,0.5918211919495187
1,0.5403722677448005
0,0.37781964155827713
0,0.012804947867579597
1,0.2794422645477955
0,0.4359479118242327
1,0.012804947867579597
1,0.4679512261784682
1,0.4123007996316114
0,0.4180731017333198
0,0.6316255140968182
1,0.5046738347746648
1,0.816189553773641
0,0.6014765403804015
0,0.012804947867579597
0,0.5045256807406131
0,0.012804947867579597
1,0.7993914104646168
0,0.7329861848681423
0,0.503759511285691
0,0.012804947867579597
1,0.7334957952119335
0,0.46593844488463004
0,0.8863072072730912
0,0.012804947867579597
0,0.25965693907145454
0,0.3827314247385253
0,0.012804947867579597
0,0.5962115951302134
0,0.32753828796328305
1,0.43796199024736576
0,0.7102325630496105
1,0.7446116926884194
0,0.012804947867579597
0,0.5463872147427686
0,0.5028122162371982
0,0.5673268549512481
0,0.3870208139592361
1,0.4573318653021022
0,0.4309584812498317
1,0.8146897118211567
0,0.6423620262428515
0,0.4241311420596183
0,0.520251671034356
0,0.45233579626897524
0,0.458662546400653
0,0.5424636192370337
0,0.628164089833292
1,0.7072849855713279
1,0.7912293394912299
0,0.7079959825531223
0,0.012804947867579597
0,0.44072280872295344
0,0.4866386228968375
0,0.6581342881183371
0,0.7054851460523697
0,0.012804947867579597
0,0.012804947867579597
0,0.4187506225093815
0,0.8252893880427119
0,0.45755161601319605
0,0.45961957723825825
1,0.8104772635783519
0,0.29699395382118177
1,0.528127933834898
0,0.012804947867579597
1,0.50597036049976
0,0.32598881307604316
0,0.6473496086734681
1,0.3411971531757137
1,0.34222327862617924
1,0.680141006121366
0,0.6705634497401242
0,0.3247891946013099
0,0.7413282760897638
0,0.45752051878454886
0,0.6589511428282757
0,0.7695315637406539
0,0.35210539275770336
1,0.012804947867579597
0,0.012804947867579597
0,0.4742100872538606
0,0.25767574221160455
0,0.6411911437214765
0,0.012804947867579597
0,0.3869262684968451
0,0.20319780234528
1,0.368062921996633
0,0.012804947867579597
1,0.6706788439706517
1,0.7226029910284879
0,0.4690688731280409
0,0.28821711447711673
1,0.7192650963854815
1,0.5893735556792982
0,0.12843934868968807
0,0.42526954987645027
0,0.6349433463216333
0,0.012804947867579597
0,0.3785526308658256
0,0.575918604840874
0,0.6373916433375855
0,0.45701893811818406
0,0.27264679151498605
0,0.4865281064068813
0,0.3216127047983333
0,0.7558595448539325
0,0.4305873532827156
0,0.5563866166724784
0,0.5188695950762237
1,0.4609811375631789
0,0.30203571915798477
0,0.012804947867579597
0,0.5007093944541586
0,0.60373653079181
1,0.4096807615682217
0,0.14716092229175362
1,0.8232588541654191
0,0.35283088054185113
0,0.8325932197817715
0,0.41943152521539534
0,0.7261992836625324
0,0.5606380348977139
0,0.3642892190078121
1,0.5871244211165723
0,0.40130930855491087
0,0.5769461553237497
0,0.5752149545736821
0,0.6306635284227113
1,0.6587429561724523
0,0.6019921463858618
0,0.6748081345857384
0,0.6842268848056124
0,0.508602431636077
1,0.7368250570997972
0,0.5006223500942782
0,0.012804947867579597
0,0.6520720201199721
0,0.7802500766502474
0,0.012804947867579597
0,0.42406094578191295
0,0.36926349750340504
0,0.3651117132384923
1,0.012804947867579597
0,0.4666738360151581
0,0.7953563917029521
0,0.299678079262138
0,0.012804947867579597
0,0.5708065891380029
0,0.22488835607585286
0,0.496975175470193
0,0.5032643041759473
0,0.7162524905136494
1,0.8241096859906142
0,0.19124834935053917
0,0.427529086056366
0,0.4856571969112791
1,0.5951021783261752
0,0.012804947867579597
1,0.6285863786537903
0,0.41574162877681553
0,0.5962408854869407
0,0.767134042806867
1,0.6191321680888494
0,0.5616976200033731
0,0.5422658890879128
0,0.4405854668335372
0,0.7691478070253362
0,0.6641085853970323
0,0.16155269865496857
0,0.4595621115023404
0,0.563769264798881
0,0.3755101220593221
0,0.8329930144520923
0,0.5707413388642137
0,0.592431817725174
0,0.2843235723908686
1,0.4664820887060547
1,0.47928345594567223
0,0.48642206993826875
0,0.625622926985628
0,0.6032643675238661
0,0.6726882406567645
0,0.32436479844285604
0,0.7380603018600023
1,0.6002680800293237
0,0.568801411888176
0,0.47271628607636174
0,0.3189330175913515
0,0.517555537308876
0,0.012804947867579597
0,0.7106638068000458
1,0.012804947867579597
0,0.5305647232970443
0,0.3365953962268146
0,0.012804947867579597
0,0.012804947867579597
0,0.5993728806424246
0,0.5287985052558529
0,0.38149185050034495
0,0.012804947867579597
1,0.495489889242339
0,0.012804947867579597
0,0.46604712478028165
1,0.5631533509119786
0,0.6826301816342055
0,0.5801330520397764
0,0.44520390571731944
0,0.012804947867579597
0,0.012804947867579597
0,0.4239288310612662
0,0.19936217689541172
0,0.49422891177950057
0,0.33864702196375385
0,0.3922787836636544
0,0.44626131159327675
1,0.5097793929999235
0,0.5382649428980689
0,0.3140259878075229
0,0.2237416415912498
0,0.5456897425565681
0,0.4771200955571687
0,0.419631440369361
0,0.5868188498462004
1,0.6832843399950776
0,0.721619511244446
0,0.600672394616678
0,0.443408486683413
0,0.6095566190087691
0,0.8150788877353452
0,0.48769910215585605
0,0.5337616316922263
0,0.5499994431946605
1,0.5277151468864227
1,0.5710929562147462
0,0.45255729346345125
0,0.41015546213960935
0,0.6416363736591647
0,0.6298784781317535
1,0.4284279421407583
0,0.3991522587450713
0,0.5217409807335914
1,0.5048017346306656
0,0.1855655555348543
0,0.30439604146814775
0,0.35517153901542114
0,0.5778233257070854
0,0.6509638665202121
0,0.7334957952119335
0,0.012804947867579597
0,0.9803891719110454
0,0.4554937765119862
0,0.5143108792809951
0,0.3662187625161616
1,0.012804947867579597
0,0.012804947867579597
0,0.3111887202434284
0,0.20953411732644472
0,0.45013688090193027
0,0.40002643434366364
0,0.45506240258636516
0,0.4198918994354153
0,0.6087463933059079
0,0.22761140862196028
0,0.5129659679763628
0,0.4721555806794735
0,0.22023771911349557
0,0.5850541909399533
0,0.7632924395283994
0,0.5493607158470969
0,0.6711980994247543
1,0.012804947867579597
1,0.4678731468037849
0,0.6679220496034072
0,0.012804947867579597
0,0.37918016766630536
0,0.5399085397496793
0,0.012804947867579597
0,0.4070802419811702
0,0.4790720868047751
0,0.012804947867579597
0,0.604696076298144
0,0.6682551829069078
0,0.7072383306525124
0,0.3435758196177122
1,0.012804947867579597
0,0.6505324110482954
0,0.5274882381676973
0,0.5400869062409972
0,0.31534436320501635
0,0.4509589652702784
0,0.12441490249747707
0,0.012804947867579597
0,0.28378480797726513
0,0.4071573816827118
0,0.5411686702429875
0,0.37682654664249404
0,0.684701267917285
1,0.524954036372821
1,0.6514712182555787
0,0.5856317794760899
1,0.309900077705137
0,0.728061733611329
0,0.38375467073726655
0,0.6380227594189574
0,0.36883771292500483
0,0.3069007821329134
0,0.563239402537899
0,0.6841471365898637
0,0.7655879737692178
0,0.012804947867579597
1,0.49028292082428054
0,0.290879155451711
0,0.012804947867579597
0,0.27243363877939586
1,0.6843540567154641
0,0.012804947867579597
0,0.859329525366423
0,0.19765814546279314
0,0.3874196029499796
1,0.8106722092411363
0,0.5562058649206103
0,0.46748366016414655
0,0.4341665290984236
0,0.012804947867579597
0,0.5491347923801897
1,0.563029668594918
0,0.4805457806636292
0,0.3606506931819517
1,0.6735350188915212
1,0.5253467173288962
0,0.30455098742185294
0,0.012804947867579597
0,0.6012690465150949
0,0.5735438521523507
0,0.5838739866074363
0,0.3873361292879961
0,0.6535159152451377
0,0.4905992771629929
0,0.4833794475696806
0,0.47386792976573466
0,0.3929505654075546
1,0.4366939589853788
0,0.27024910120048246
0,0.5527639367610829
1,0.46274233796457437
0,0.33394034872639944
0,0.5303767008282536
1,0.012804947867579597
1,0.46374671270743906
0,0.7205224787979171
0,0.37981525938394683
1,0.39564291484884867
0,0.26403316542008015
0,0.5238251751563188
0,0.5543489574396157
0,0.535761285262912
0,0.5552279563944927
0,0.012804947867579597
0,0.36923499825169437
0,0.6613339686794568
0,0.35907291123701807
0,0.4216310194994157
0,0.012804947867579597
1,0.7479794365633865
0,0.31437900553010195
0,0.47314764772392554
0,0.6808788911540874
0,0.4892094175116413
1,0.5948421454019035
1,0.6912628673539732
0,0.6435537069337594
0,0.47222658652693983
0,0.16414187060000293
0,0.6345624526689274
0,0.7688640449462717
0,0.5609496481328772
0,0.48324929433204994
1,0.6179991407048058
1,0.5371125453227765
0,0.012804947867579597
0,0.3991605659599211
0,0.41215979563654376
0,0.7041378111487937
0,0.5527386481008442
0,0.202970509287918
0,0.6616097569751863
0,0.2971661386150206
0,0.5806034044536449
0,0.5709496165183111
1,0.500029421601447
0,0.012804947867579597
1,0.5381287973470633
0,0.5093678372396728
0,0.2492489320919877
1,0.7979194935555328
0,0.012804947867579597
0,0.562849457904041
0,0.012804947867579597
0,0.5494136833671724
1,0.41003658258541503
1,0.45192690353286286
0,0.7491990937063397
0,0.40881938655211225
1,0.5695039684539951
0,0.6383023629299088
1,0.4928376045787467
1,0.5680668134623669
1,0.39303444448338587
0,0.41763611300978826
0,0.556707109521239
0,0.5827143510014554
0,0.19678798038431392
1,0.4549741447729236
0,0.16475277746750264
0,0.400428669107494
0,0.5167417482633836
0,0.4632240385932044
0,0.4498123096258787
0,0.012804947867579597
0,0.5769712229499039
0,0.2667361145029334
0,0.012804947867579597
0,0.6952648284091606
0,0.3558201547586184
0,0.3103028819653091
0,0.6403895954604405
0,0.6845388255863114
0,0.7470529353651909
0,0.4219512051395783
1,0.5846066642695789
1,0.5861458017966291
0,0.5480270398730265
0,0.48917436451325336
0,0.7248440611743683
1,0.25176548063471527
1,0.4760842362854264
1,0.7909469199714895
0,0.3290823028480214
1,0.37647066604878676
0,0.6003841680319651
0,0.5863618710185546
0,0.30691334608295656
0,0.012804947867579597
0,0.6680571194346052
0,0.35930555586651924
1,0.8172649304430405
0,0.299671568912982
1,0.6315181837309783
0,0.5845634114047711
0,0.012804947867579597
0,0.5654582160310926
0,0.48999985321623785
0,0.012804947867579597
0,0.7196433321658204
0,0.7093979912916372
0,0.5959889354317007
0,0.31208571872887764
0,0.5408396603949007
1,0.6986067419314285
0,0.9802453782838644
0,0.6044045110631736
0,0.5881908110653271
1,0.6124900782992005
0,0.3557479800887021
0,0.16445856837484188
0,0.2887514454626129
0,0.40455715719586893
1,0.5767823568385989
0,0.6803101573026137
0,0.1694865491499336
0,0.012804947867579597
0,0.012804947867579597
0,0.012804947867579597
0,0.4911292315633379
1,0.2906089369353378
0,0.012804947867579597
0,0.348922711505995
1,0.6118188379328098
0,0.5172832664085522
0,0.7488273596296975
0,0.666160522770977
0,0.6319576974555838
0,0.6532008679841839
0,0.33300506002483127
0,0.610544787806128
1,0.34053954895943295
0,0.4732004335393032
1,0.3646361853853775
0,0.6015486255356687
0,0.5169841441031939
0,0.8196979956261944
0,0.340613173227243
0,0.6620797460300037
0,0.6790410908696134
0,0.5492907358640222
0,0.5854661901084514
1,0.6038494261812876
1,0.012804947867579597
1,0.25767414260809224
1,0.5693428339631853
0,0.7877720057756394
1,0.3092699214412754
0,0.37499917228454954
0,0.43745061634288096
0,0.30518595863208847
0,0.5071375795128554
0,0.20787699221850175
0,0.38311320346764244
0,0.4712825313654105
0,0.5971737001397034
0,0.4464095731067392
1,0.3903045848576526
0,0.468299154080872
0,0.5246103136408629
0,0.5535182248370789
0,0.6299986331969583
0,0.6438415911574407
0,0.3551625749206334
0,0.6383577689167945
0,0.012804947867579597
0,0.012804947867579597
0,0.5921401910531271
0,0.6025669537762208
1,0.5952091597521693
0,0.4464687847632556
0,0.6602595165185776
1,0.5548326338146019
0,0.3667830959825536
0,0.41281908217251134
0,0.5547495009980979
1,0.49866405075972026
0,0.45441968523684234
0,0.17914237504726893
0,0.3140259878075229
0,0.629564765319722
0,0.10088502217062502
1,0.5009643895722588
1,0.012804947867579597
0,0.5002186178241677
0,0.34984744614199875
0,0.3829869977828302
0,0.30209763217506175
0,0.012804947867579597
0,0.012804947867579597
0,0.012804947867579597
0,0.6510321866479526
0,0.5563756820227312
1,0.4386460774313626
0,0.35864051119410345
0,0.5919314393537842
0,0.4148748408721303
0,0.7276890538728409
0,0.4401159201511929
0,0.5196042172490635
1,0.4269508129566075
0,0.4908483191128919
0,0.5330598065005747
0,0.8257155803490464
0,0.4131323593838974
0,0.661843321915598
0,0.5774891441531718
0,0.6569283353997536
0,0.28374583300036854
0,0.2514238581782018
0,0.5514523970573343
0,0.60764523908863
0,0.7079797099942845
0,0.6487702086917392
1,0.49839830505807836
0,0.5084298776543684
0,0.4095728571351747
0,0.2787929720644031
1,0.5133677587253835
0,0.41064618678265763
1,0.012804947867579597
0,0.5308170851484953
0,0.7249118910493769
0,0.25552951894531933
0,0.4394755632702777
1,0.5735190455930934
0,0.633101218439742
0,0.46414416844341666
0,0.40391153313569733
0,0.6171719484296667
0,0.6727242317984942
1,0.3283941839465437
0,0.7208473443141183
1,0.25219856470749197
0,0.2333205444795457
0,0.1760765366364718
0,0.3330729624959554
1,0.301449866145872
0,0.7067111615645197
1,0.5026741114512583
0,0.48998529831465604
0,0.5183343767944119
0,0.4564517905248349
0,0.012804947867579597
0,0.44202443066680114
1,0.43746589567816085
0,0.7249118910493769
0,0.6547789656093722
0,0.6088371917140651
0,0.6192462769921937
1,0.16202337854402177
0,0.7669783689924264
0,0.8017369158824799
0,0.5051380519158132
0,0.5023093664181268
1,0.3786560884912358
0,0.012804947867579597
0,0.012804947867579597
0,0.5588206061989189
0,0.012804947867579597
1,0.4748868803149228
0,0.32024577149346095
0,0.3664299060100025
0,0.012804947867579597
0,0.3142645524392915
0,0.3814852840847909
1,0.5653096689812579
0,0.5547909818578926
1,0.8049133772126646
0,0.5957856508363155
0,0.7110172652839398
0,0.46587725092022597
0,0.9807444228532164
0,0.4370445566159805
0,0.6661458992202313
0,0.27457236462508006
0,0.3272685420158761
1,0.20876317029782152
0,0.5532793075334673
0,0.012804947867579597
0,0.6284586667576813
0,0.5116518519245266
0,0.6187056526622375
0,0.012804947867579597
0,0.4733259833479145
0,0.5990024538782585
0,0.36253329065399476
0,0.8044127768323586
0,0.012804947867579597
0,0.47201781104505464
0,0.14046919862478385
0,0.35064049956492005
0,0.3228502730373335
0,0.012804947867579597
0,0.410253763731705
1,0.783711567394021
0,0.26303315169780045
0,0.22377450377474456
0,0.5340503408686303
