y_true,y_prob
0,0.023098322
1,0.99745244
0,0.03334319
1,0.3864007
1,0.168378
0,0.0058963965
0,0.06827373
0,0.010508014
0,0.298711
0,0.019590419
0,0.006914049
1,0.9978175
1,0.73938864
0,0.031190654
0,0.013583084
0,0.009163321
1,0.20020717
0,0.019291589
0,0.020550545
0,0.03197738
0,0.09168955
0,0.017530642
0,0.02768852
1,0.3085786
0,0.11286263
0,0.016938543
1,0.013853007
1,0.9712216
0,0.011824614
0,0.00618698
0,0.04117697
1,0.9823089
1,0.22812368
0,0.016403465
0,0.03887343
0,0.021628894
0,0.04573269
0,0.028975518
0,0.022127291
0,0.06374484
0,0.112721555
0,0.056734987
0,0.13340434
0,0.029263306
0,0.033463776
1,0.99966204
0,0.05188485
0,0.04893576
1,0.8699197
0,0.03415568
1,0.9605204
0,0.016952356
1,0.8950443
1,0.31519783
1,0.9972555
0,0.08141314
0,0.016101258
0,0.010071638
0,0.014813906
0,0.014100111
0,0.007001265
0,0.0132069215
0,0.07082
0,0.015593465
0,0.08288453
0,0.2613688
1,0.94151586
0,0.024700986
0,0.011052894
0,0.014031516
0,0.039289434
0,0.01804126
0,0.048534162
0,0.035178363
0,0.037972283
0,0.019595122
0,0.06507811
0,0.020870063
1,0.98144054
1,0.74137414
0,0.028609555
0,0.03581932
0,0.22007483
0,0.022613797
0,0.026163429
1,0.23757769
0,0.04440173
0,0.01382663
0,0.011596056
0,0.0066029797
0,0.024312176
0,0.023203278
0,0.013601014
1,0.51770926
0,0.05780769
1,0.5220954
0,0.007791894
0,0.025165357
0,0.019453483
0,0.025010725
0,0.28735268
0,0.03469692
1,0.99845636
0,0.07926112
0,0.018086044
0,0.019471055
0,0.029318811
0,0.16645664
0,0.019919407
0,0.072552726
1,0.9384376
1,0.9993284
0,0.20633665
1,0.07112357
0,0.051570795
0,0.02464832
0,0.017415324
0,0.03613353
0,0.014375435
0,0.26540485
0,0.05614948
0,0.008298981
0,0.06690479
0,0.02336957
0,0.018443335
0,0.008332807
0,0.032170426
1,0.97745466
0,0.029424505
0,0.08853479
1,0.15334044
1,0.114329524
0,0.17199667
0,0.07658666
0,0.026700031
0,0.5784326
1,0.603629
0,0.010682852
0,0.024736488
1,0.9999256
0,0.038075004
0,0.08959071
1,0.96709186
1,0.9955531
0,0.036071323
0,0.012346988
0,0.015740234
0,0.058436695
0,0.05090638
0,0.006304959
0,0.023336587
0,0.055549763
0,0.02082588
1,0.087776154
0,0.017823989
0,0.054571826
0,0.06269519
0,0.07639742
0,0.01707059
0,0.013836932
0,0.029908268
0,0.010888591
0,0.018809369
0,0.019792933
0,0.030187164
0,0.046875454
0,0.014813092
0,0.111777596
1,0.9595372
1,0.9998776
0,0.06952271
0,0.021379385
0,0.035409126
0,0.0065712715
0,0.04349242
1,0.83241695
1,0.99847466
0,0.18853052
0,0.013920196
0,0.09400829
0,0.032827083
0,0.030408604
0,0.059973627
0,0.014066265
0,0.021836907
1,0.7369438
0,0.06375634
1,0.035112854
0,0.0048352117
0,0.043948624
0,0.012298875
1,0.02947829
0,0.070457295
1,0.047034558
0,0.014101006
0,0.017571177
1,0.89853895
0,0.0860927
0,0.035865787
0,0.032842923
1,0.14212312
0,0.03905222
0,0.01804335
0,0.016720477
0,0.016184859
0,0.052622065
0,0.025609381
1,0.9999256
1,0.28902143
0,0.023747837
0,0.041820154
0,0.01794839
1,0.736929
0,0.01154296
0,0.09431209
1,0.9827215
0,0.016637985
1,0.999724
0,0.015896251
1,0.1363787
1,0.52295417
0,0.006635176
0,0.026805822
0,0.0832515
0,0.07152062
0,0.03521116
0,0.018738499
0,0.02648048
0,0.013459269
0,0.026967317
0,0.016387006
1,0.78146386
0,0.034757245
0,0.021091938
0,0.040060475
0,0.057316035
0,0.48227188
1,0.9798697
0,0.15338975
1,0.23788314
0,0.017419871
0,0.042587347
0,0.06492205
0,0.041612323
0,0.1479906
0,0.015407029
0,0.015964853
1,0.15713297
0,0.01986544
0,0.068914644
0,0.012396154
0,0.014977902
1,0.98862606
0,0.016320642
1,0.6673637
0,0.009696619
0,0.17534569
1,0.5945904
1,0.2900628
0,0.020257233
0,0.031849753
1,0.98635256
0,0.1489725
0,0.01136839
0,0.021051478
0,0.11370356
0,0.07571271
1,0.9572141
0,0.055445347
0,0.084765084
0,0.019364871
0,0.01181827
0,0.036049794
1,0.65775514
0,0.054910917
0,0.005012334
0,0.0049614445
0,0.0322761
0,0.042901352
0,0.018694391
0,0.030162698
0,0.23691575
0,0.008660538
0,0.084682904
0,0.0139510855
0,0.05318339
0,0.020102635
0,0.030661466
0,0.044950698
0,0.0217749
0,0.06997831
0,0.05791195
0,0.034794357
0,0.03166797
0,0.05140941
0,0.009384403
0,0.014823249
0,0.02894315
0,0.043323703
0,0.090716824
0,0.035498004
0,0.0055214176
0,0.05062195
0,0.030070076
0,0.010306909
0,0.009016035
0,0.041976955
0,0.204924
0,0.017389527
0,0.04977012
0,0.039419405
0,0.0114690345
0,0.009104616
1,0.54637563
1,0.41936532
1,0.78206986
1,0.21623476
1,0.7551457
0,0.030664127
0,0.031032037
0,0.026993047
1,0.99327314
0,0.07120476
0,0.023402724
0,0.015368228
0,0.044116605
1,0.32339126
0,0.045008603
1,0.23716949
1,0.99422497
1,0.9999256
0,0.064927265
0,0.026016913
1,0.012485083
0,0.040068556
0,0.014039336
0,0.018401079
0,0.018214405
0,0.15704931
1,0.10134844
0,0.032042377
1,0.059012607
0,0.010909472
0,0.022390647
1,0.9664334
0,0.03666401
0,0.020261018
0,0.14668822
0,0.07267463
0,0.076137826
0,0.020513322
0,0.04235598
0,0.07729995
0,0.010391418
1,0.29788303
0,0.011653263
0,0.017076047
1,0.5141257
0,0.011021495
0,0.010029409
0,0.02862033
0,0.024376942
0,0.056012843
0,0.079467446
0,0.0601781
1,0.9987816
0,0.0576859
0,0.10177373
1,0.99796176
0,0.020277204
0,0.011610537
0,0.011588194
0,0.035351705
0,0.011503181
1,0.04262394
0,0.044575185
1,0.8345584
0,0.07052149
1,0.061475065
0,0.040769547
0,0.03205049
0,0.034823466
0,0.16186494
0,0.079740256
0,0.010157871
0,0.004681796
1,0.7723934
0,0.023694761
0,0.14318699
0,0.26937374
0,0.087025896
1,0.7546973
0,0.068533294
1,0.12914297
0,0.04378193
0,0.017719243
0,0.14129867
0,0.056253534
0,0.0587336
0,0.007980562
0,0.019013207
0,0.017802496
0,0.033457004
0,0.024445647
0,0.032695346
1,0.30871826
1,0.26300004
0,0.04518392
0,0.0074203825
0,0.011553951
0,0.01966509
0,0.04201511
0,0.059065945
0,0.013630807
0,0.028538909
0,0.20115393
0,0.019892382
1,0.06914702
0,0.030223133
1,0.74712795
0,0.01830276
1,0.43110958
0,0.025290886
0,0.053363606
0,0.03905909
1,0.014750683
1,0.23962878
0,0.0131412605
0,0.027821438
1,0.39650127
0,0.008067267
0,0.034513783
1,0.7945209
0,0.020634605
0,0.006986962
0,0.011938673
0,0.01629377
1,0.9992113
0,0.019416135
0,0.04653039
0,0.01308813
0,0.005737758
1,0.9999256
1,0.99955255
0,0.015581147
0,0.09936805
0,0.009712883
1,0.049175136
1,0.28505725
0,0.009891612
0,0.030787436
1,0.2912189
0,0.023730703
0,0.025110733
0,0.01907343
0,0.06548175
0,0.009384612
0,0.005604445
0,0.054087453
0,0.012532805
0,0.009459643
1,0.9999256
0,0.014428664
1,0.9906384
0,0.02177141
0,0.013680866
1,0.90067154
0,0.024246292
0,0.004089689
1,0.02018787
0,0.013366777
0,0.02425342
0,0.008090259
0,0.043371476
0,0.046008006
1,0.91331655
0,0.049861975
0,0.0098739145
0,0.019147867
0,0.016228437
0,0.010037892
1,0.0807346
0,0.03256334
0,0.045706913
0,0.033264954
0,0.105106704
0,0.020642493
0,0.027574373
1,0.98348445
0,0.013900431
1,0.42633605
0,0.017782772
1,0.29246092
0,0.034449924
0,0.013566443
0,0.023689657
1,0.09804264
0,0.10948326
0,0.009749897
0,0.24066037
0,0.0065872716
0,0.019612508
0,0.007442259
0,0.0069151195
0,0.026090518
0,0.018481808
0,0.03529779
1,0.8573655
0,0.020833215
1,0.9211025
0,0.053209905
0,0.13050777
0,0.020566352
0,0.012449548
0,0.05969365
0,0.009658264
0,0.03197649
0,0.020973412
0,0.0051586297
0,0.0140226595
0,0.050872818
0,0.11601237
0,0.14137715
0,0.027115997
0,0.017303849
0,0.01790993
0,0.03094972
0,0.052272603
1,0.46318784
0,0.0116679305
0,0.03666193
0,0.04775352
1,0.90671694
0,0.026873127
0,0.11721069
0,0.03181798
0,0.012940667
0,0.017648399
1,0.9995728
0,0.050914865
0,0.022992918
0,0.025992297
0,0.021133693
0,0.0071172793
1,0.34420982
0,0.024346914
0,0.0108327
1,0.9983518
0,0.009261579
0,0.012645801
0,0.020923004
1,0.22752889
0,0.111967705
0,0.0046309093
0,0.009529738
0,0.030589407
0,0.031236095
0,0.008710927
0,0.0118087735
0,0.026819726
1,0.71302426
0,0.022855254
0,0.009058136
1,0.28815356
0,0.025021316
0,0.14042823
0,0.014866763
0,0.07032425
0,0.14080743
0,0.109885305
1,0.41147357
0,0.017801104
1,0.05408639
0,0.041780304
0,0.25410232
0,0.05083037
1,0.7538562
0,0.016689915
0,0.03329727
0,0.03566397
0,0.012102307
1,0.24892479
0,0.011932876
0,0.015757997
0,0.009847256
0,0.020300591
0,0.014629096
0,0.02235042
0,0.05897702
0,0.064932935
0,0.030464977
1,0.1485738
1,0.16158286
0,0.020965615
0,0.018850429
0,0.120138936
0,0.016214749
0,0.041803267
0,0.010127251
0,0.023200857
0,0.018233089
0,0.109705
0,0.025260122
0,0.010607292
0,0.015622267
0,0.061057296
0,0.082421474
1,0.21830398
0,0.10014727
0,0.039137065
0,0.020631684
0,0.0054034726
0,0.08213371
0,0.027368283
0,0.021085126
0,0.015703378
0,0.04854432
1,0.98098445
0,0.014054928
0,0.119067006
1,0.96207535
0,0.26809576
0,0.054773133
0,0.01571251
0,0.04507637
1,0.9639275
0,0.030031346
0,0.019367998
0,0.05992583
0,0.024528107
0,0.03787173
1,0.98513144
0,0.18957876
0,0.06579433
0,0.101502895
0,0.022741165
1,0.87999356
0,0.10895997
0,0.009325106
1,0.99975485
0,0.028209278
0,0.0014599131
0,0.019723825
1,0.67612976
0,0.014156665
0,0.16584507
0,0.056196526
0,0.038751904
1,0.0786415
0,0.03666773
0,0.016264921
0,0.01987992
0,0.047432832
1,0.998218
1,0.16608918
1,0.2665924
1,0.79956293
0,0.025066111
0,0.08319818
0,0.02512662
0,0.0494719
0,0.017783096
1,0.9999256
0,0.04006863
1,0.998847
1,0.5243467
1,0.90793484
0,0.015164368
0,0.06592812
1,0.42609304
0,0.042334083
0,0.070659935
1,0.17935567
0,0.01010645
0,0.014351492
0,0.02233128
0,0.076604076
0,0.068676196
0,0.0352852
0,0.011216862
0,0.026235186
0,0.17663188
0,0.026481831
0,0.016603451
0,0.058201723
0,0.034604307
0,0.06828754
1,0.5080066
0,0.0076634446
0,0.05557456
1,0.071408
0,0.020278364
0,0.015665596
0,0.010577742
0,0.058013972
0,0.009955322
0,0.041854225
0,0.012460909
0,0.06747139
0,0.019898
0,0.033463106
0,0.13013889
0,0.04973108
0,0.022498606
0,0.005547759
0,0.030195178
0,0.015852641
0,0.027569713
1,0.99983716
0,0.07085369
0,0.033354893
1,0.94376415
1,0.22989963
0,0.019045852
0,0.011845337
0,0.016309032
0,0.029229183
0,0.011508182
0,0.007250755
0,0.036847383
1,0.999895
0,0.086944066
0,0.024435772
1,0.49461156
0,0.015058024
0,0.013505631
0,0.05952453
0,0.030917093
0,0.016152335
0,0.07265222
0,0.012935477
0,0.039678983
0,0.16083425
0,0.01525178
0,0.05617828
0,0.04323267
0,0.10188239
0,0.05233673
0,0.021326698
0,0.1526009
1,0.9997427
0,0.04537229
0,0.021148963
0,0.06206641
1,0.9999256
0,0.050184455
0,0.040704124
0,0.010585695
0,0.064901106
0,0.021879716
0,0.026444042
0,0.017881561
0,0.010857729
0,0.02114358
1,0.9999256
0,0.011944958
1,0.052034922
0,0.019636663
0,0.02868902
0,0.06933964
0,0.17856166
0,0.012982907
0,0.04823909
0,0.040403664
0,0.010515711
0,0.06578029
0,0.004365693
0,0.02756628
0,0.04515732
1,0.99596477
0,0.12299031
0,0.041620802
0,0.061057992
0,0.0061769662
0,0.017291585
0,0.039199453
1,0.83296025
0,0.10178425
1,0.08004241
0,0.014020768
0,0.021232855
1,0.4659378
1,0.9999256
0,0.0412163
0,0.016539708
0,0.026374636
0,0.015727732
0,0.009297118
0,0.046181325
0,0.02372665
0,0.03328372
1,0.57559866
0,0.027901007
0,0.1426424
0,0.08206759
0,0.03573268
0,0.01564741
0,0.014259021
0,0.025818497
0,0.017597884
1,0.08803539
0,0.02739244
1,0.97293335
0,0.07468541
1,0.014621453
0,0.057398356
1,0.09084816
0,0.020122243
1,0.9997912
0,0.061026707
0,0.10201976
0,0.011180324
1,0.05415497
0,0.011137541
0,0.017395858
0,0.029853344
0,0.2465862
0,0.03919708
0,0.017910257
0,0.014808383
1,0.23783268
1,0.59144026
0,0.02415937
0,0.01630413
1,0.56098866
0,0.054739315
0,0.022236934
0,0.0511305
0,0.005488077
0,0.052897796
0,0.022705745
0,0.018202193
0,0.015372795
0,0.023345714
0,0.02769996
0,0.059052102
0,0.09402393
0,0.010488166
0,0.038288083
0,0.033505064
1,0.84602606
1,0.9999256
0,0.027100973
0,0.02679713
0,0.020196129
0,0.007522434
0,0.006987336
0,0.004924557
0,0.008412517
0,0.03458315
0,0.015580613
1,0.98937887
1,0.9997223
0,0.019491434
0,0.023633251
0,0.05431772
0,0.06989547
0,0.009343427
0,0.015527589
0,0.05533535
0,0.030078545
0,0.028540263
0,0.010780961
0,0.027232723
1,0.19102818
0,0.04856815
0,0.012200528
0,0.052536428
0,0.016526734
0,0.04859623
0,0.018690266
0,0.056433424
1,0.5817532
0,0.031026028
0,0.056556992
0,0.017429063
0,0.021181034
0,0.01056166
1,0.99991393
0,0.044222184
1,0.6020022
0,0.005302629
0,0.026296183
0,0.08317907
1,0.9993418
1,0.98589814
0,0.03610451
1,0.3030406
0,0.028493881
0,0.019532599
0,0.010452048
1,0.26636103
0,0.012821493
0,0.009807724
0,0.03286719
0,0.03575906
0,0.02320623
0,0.15993007
0,0.010417714
1,0.035572
0,0.04618076
0,0.025399737
0,0.020642951
0,0.019146103
0,0.05125304
0,0.058610562
0,0.049767856
0,0.041267864
0,0.010957907
0,0.02985201
0,0.037937805
0,0.057220757
0,0.050257843
0,0.016881619
0,0.022267366
0,0.005445947
0,0.038695265
0,0.009446587
0,0.028236063
0,0.024627293
0,0.012443652
0,0.17089878
0,0.017225308
1,0.5658949
0,0.1056192
0,0.029604685
0,0.029941158
0,0.039318252
0,0.011963945
0,0.038362563
0,0.057415888
1,0.016950488
0,0.08410724
0,0.06938477
0,0.011140719
0,0.018951463
0,0.0655489
1,0.4681894
1,0.6865464
1,0.67265826
0,0.0123331435
0,0.033246763
0,0.023608746
0,0.034618344
0,0.039682243
0,0.01990042
0,0.015961967
0,0.03617559
0,0.020003987
0,0.010458027
0,0.027352082
0,0.05727679
0,0.009390336
0,0.027941128
0,0.0107176965
0,0.025668118
0,0.01935669
0,0.18707912
0,0.023576632
0,0.093391724
0,0.01633045
0,0.015568513
0,0.018584415
0,0.029780326
1,0.14123157
0,0.01718857
0,0.101723745
0,0.0113977585
0,0.021620981
0,0.024378933
0,0.02707466
0,0.010232343
0,0.019311616
0,0.30752775
0,0.03290671
0,0.05068479
0,0.01606965
0,0.010469659
0,0.023450457
1,0.30203924
0,0.03632224
1,0.5825036
0,0.16287038
0,0.06812645
0,0.048202697
0,0.01532783
0,0.026000185
0,0.013269935
0,0.034644656
0,0.030240662
0,0.008411287
1,0.2852727
0,0.07139149
1,0.93276423
0,0.047482725
0,0.026355818
0,0.050843235
0,0.033046048
0,0.0071458058
0,0.04169397
0,0.039439756
0,0.01835535
0,0.02477664
0,0.009394618
1,0.35325631
0,0.028287854
0,0.016865158
0,0.008499276
1,0.9999056
0,0.052829526
0,0.04446494
1,0.51006263
0,0.047226995
0,0.017617984
0,0.06547198
1,0.74987537
1,0.49005428
0,0.06909124
1,0.8293789
0,0.013090434
1,0.02001309
0,7.376467e-05
0,0.06820082
0,0.012960146
0,0.005064605
1,0.00957677
0,0.023978963
1,0.47849342
0,0.0139970705
1,0.24148054
1,0.82625383
1,0.66663945
0,0.023915546
0,0.018385572
0,0.022374062
0,0.01047894
0,0.01411646
0,0.0279779
0,0.017853336
0,0.022951907
0,0.039792955
0,0.083237454
0,0.054647796
0,0.016848302
0,0.045143258
0,0.03349494
0,0.13872612
1,0.1539457
0,0.13845983
0,0.02478141
0,0.03210236
1,0.30036232
1,0.064350136
0,0.20479964
1,0.0830626
0,0.023687122
0,0.07157006
0,0.046562377
0,0.017451804
0,0.08588662
0,0.03563583
0,0.015461129
0,0.03026923
0,0.058986533
0,0.03090568
0,0.020485545
0,0.013171646
1,0.7996614
0,0.08679071
0,0.016563853
0,0.019670129
0,0.091813564
1,0.9995701
1,0.42329714
0,0.09180571
0,0.043922514
0,0.008887898
0,0.0132997995
1,0.99684393
0,0.018981121
0,0.061536137
0,0.041563522
0,0.04594797
1,0.03298978
0,0.16716258
0,0.028034545
0,0.012221072
0,0.02322804
0,0.016551213
0,0.020687487
1,0.10492029
0,0.029609146
0,0.020375377
0,0.142691
0,0.03045114
0,0.015795773
0,0.017917562
1,0.9999256
0,0.008133913
0,0.031751525
0,0.011110643
0,0.08467259
0,0.02234732
0,0.005806847
0,0.19026501
0,0.0577306
1,0.16823676
0,0.01535629
0,0.016825216
0,0.023132164
0,0.06485572
0,0.010420993
0,0.04677529
0,0.037799533
1,0.912899
0,0.027126644
0,0.04113023
0,0.025475588
1,0.16854848
1,0.034760028
0,0.010686042
0,0.026263786
1,0.48696697
0,0.030891437
0,0.028361656
0,0.0734664
1,0.16018388
1,0.9981598
0,0.023126228
0,0.007647904
0,0.007497175
1,0.62392163
1,0.9999256
0,0.06814531
1,0.7822029
0,0.015840558
1,0.0638724
1,0.99913234
0,0.021729676
0,0.059702825
0,0.06155552
0,0.17920132
0,0.0077796862
0,0.008452134
1,0.061590005
1,0.67240745
0,0.013997729
0,0.016812291
1,0.5005809
0,0.07453257
0,0.03163952
0,0.016854938
0,0.049695417
0,0.0070844577
0,0.25435463
0,0.043129824
1,0.5978133
0,0.07740437
0,0.010758396
0,0.051581755
0,0.0060776835
0,0.0148774665
0,0.013291248
0,0.022218138
0,0.031951364
0,0.045814406
0,0.024588516
0,0.031688903
0,0.0155704925
0,0.036522824
0,0.022390824
0,0.0063504325
0,0.0079950895
0,0.015810212
0,0.022822449
0,0.037856337
0,0.018690838
0,0.040511787
1,0.9204032
0,0.036913227
1,0.9995839
0,0.041002035
1,0.86807024
0,0.013967729
0,0.05102497
0,0.024321375
0,0.053377543
0,0.016559893
1,0.16879429
0,0.05251126
0,0.05371007
0,0.014464225
0,0.012459911
0,0.14566384
0,0.047350693
1,0.67177695
0,0.046472374
0,0.0060319724
0,0.025130935
1,0.43842626
0,0.042158857
0,0.034842182
1,0.9999256
0,0.010609139
0,0.026717836
0,0.04303791
0,0.016053684
0,0.10203214
0,0.024795882
0,0.018417541
0,0.020901589
0,0.0018056037
0,0.016225439
0,0.027667345
0,0.010063274
0,0.03807243
0,0.008912597
0,0.014798861
1,0.58625466
1,0.9893467
0,0.048692062
0,0.022871159
0,0.014858671
0,0.010343921
0,0.036859985
0,0.015241671
1,0.13423495
1,0.96474755
0,0.02438229
0,0.08144264
1,0.99642855
0,0.01460715
1,0.9988288
0,0.021968469
1,0.9997174
0,0.05162154
1,0.9050966
0,0.0331094
0,0.38090986
0,0.012902957
0,0.03206514
0,0.0036325853
1,0.05095366
1,0.4981274
0,0.01068128
1,0.16133437
1,0.27044168
0,0.0516148
0,0.021966133
0,0.03904808
0,0.0131881805
0,0.010648999
0,0.13742918
0,0.04628483
1,0.99816895
1,0.033826545
0,0.054478254
0,0.0147037925
0,0.01285099
1,0.6046649
1,0.83456784
0,0.012983102
1,0.9983734
0,0.028766043
0,0.029883618
0,0.046464145
0,0.011652165
0,0.041437358
0,0.023125678
0,0.027500492
0,0.20647193
0,0.043305613
0,0.16222352
0,0.028177164
0,0.0076623172
0,0.27375272
0,0.010922693
0,0.058449905
1,0.39424378
0,0.040509157
0,0.015459743
0,0.029537978
1,0.5766555
0,0.036944695
0,0.0075240713
0,0.0077345422
0,0.026884658
0,0.010158595
1,0.52167153
0,0.031159848
0,0.023473045
1,0.6694998
0,0.012776365
0,0.021136545
0,0.05371277
0,0.012794096
0,0.033713996
0,0.10563253
1,0.1919938
0,0.056363575
0,0.038550097
1,0.9979955
0,0.01728475
0,0.020797007
0,0.02426218
0,0.0032933517
0,0.050832555
0,0.013986314
0,0.059747975
0,0.02488419
1,0.99826545
0,0.024041275
0,0.04186374
0,0.021582125
0,0.0503387
1,0.5039873
0,0.044219974
0,0.012657708
0,0.013937874
1,0.9993228
1,0.7229861
0,0.042148422
1,0.9998976
0,0.076075636
0,0.08400023
0,0.009544728
0,0.06829057
0,0.02474552
0,0.046825632
0,0.03343537
0,0.021579085
0,0.0338478
0,0.0275874
0,0.02523958
0,0.019816436
0,0.019289996
0,0.0113230115
0,0.046850365
0,0.02518096
1,0.25631922
0,0.011707004
0,0.027669737
0,0.014276148
1,0.6100768
0,0.0048351474
1,0.9817043
0,0.015987977
0,0.011654048
1,0.66104937
0,0.032553885
1,0.9610386
1,0.9739102
0,0.009036167
0,0.015951209
0,0.005682549
1,0.73736864
0,0.023452051
0,0.013929456
0,0.0679253
1,0.9964468
1,0.116618946
1,0.631978
0,0.25301677
0,0.020043312
1,0.9949273
0,0.020283137
0,0.017553974
0,0.007805287
0,0.06828805
0,0.08607269
0,0.02428348
0,0.10020474
0,0.012961947
0,0.020194657
0,0.03910962
0,0.018826034
0,0.031827677
0,0.029847255
0,0.033056792
0,0.016537117
0,0.04558107
0,0.01375663
0,0.013745558
0,0.029260114
0,0.01687582
0,0.026695045
0,0.011555176
0,0.06586906
0,0.02706708
0,0.010121833
1,0.9959021
1,0.08469314
0,0.09533978
0,0.050589364
0,0.02119613
1,0.656375
1,0.98853683
1,0.28035614
0,0.00906523
1,0.9996351
0,0.028659206
0,0.02424214
0,0.03256205
0,0.008625972
0,0.06849916
1,0.8364101
0,0.010029797
0,0.014729487
0,0.035568327
0,0.01433315
0,0.19397618
0,0.022609249
0,0.06354469
0,0.016333561
1,0.22789939
0,0.037157275
0,0.0050504385
0,0.024086036
1,0.5874387
0,0.14078826
0,0.039015543
0,0.04667359
0,0.019117795
0,0.027933592
1,0.46008724
0,0.14580375
0,0.00996843
0,0.049042348
0,0.020192431
0,0.11484616
0,0.030495878
0,0.016984688
0,0.05502764
0,0.029775573
1,0.99349797
0,0.00803927
0,0.0118248155
0,0.024768922
0,0.020811329
0,0.18150334
0,0.012648468
0,0.06588977
0,0.032343965
0,0.051462766
0,0.03530794
0,0.046076473
0,0.014175891
0,0.0292732
0,0.02255797
0,0.01405822
1,0.24697542
1,0.6048582
1,0.7017664
0,0.05210611
0,0.1416968
0,0.058409326
0,0.040422726
0,0.048214644
1,0.94147056
0,0.017522072
0,0.046850387
1,0.36085695
0,0.0071517797
0,0.01632107
0,0.020639906
1,0.14049718
0,0.039685417
0,0.030431015
0,0.038715918
0,0.010521418
0,0.009797972
1,0.9998067
0,0.010246527
0,0.010342082
0,0.014843234
0,0.02249116
0,0.019736188
1,0.16779977
0,0.020874277
1,0.9999256
0,0.011557795
1,0.438743
0,0.0110728135
0,0.06379744
0,0.028545422
0,0.06091799
0,0.008343504
0,0.049363986
0,0.044962052
0,0.023717875
1,0.7625725
0,0.017280707
0,0.031726316
0,0.03238964
1,0.22466514
0,0.051352117
0,0.052630354
0,0.015167914
0,0.4869822
0,0.026840558
0,0.10031094
1,0.29622257
0,0.025172176
0,0.023869
0,0.03411937
0,0.06464471
0,0.010858682
1,0.76146096
0,0.00627925
0,0.015676947
0,0.018039698
0,0.009886108
0,0.020355664
0,0.04830636
0,0.06316221
0,0.047993496
0,0.0030239539
0,0.1471943
0,0.03431795
0,0.01417841
1,0.995689
0,0.02809085
0,0.020959476
0,0.02399418
0,0.15715122
0,0.048974868
0,0.028799074
0,0.021510214
0,0.10490221
0,0.00653397
0,0.0070029665
0,0.08970911
0,0.11859015
0,0.019721119
0,0.10636801
0,0.0453468
0,0.019156538
1,0.9993117
0,0.01403865
1,0.17894149
0,0.049064703
1,0.9999256
0,0.019407593
0,0.01742663
1,0.880711
0,0.01250351
0,0.014368884
0,0.049304336
1,0.111047454
0,0.033307794
0,0.026158575
0,0.1414265
0,0.012830675
0,0.03128544
1,0.99865544
0,0.023559509
0,0.07812208
0,0.046476454
1,0.89522743
0,0.030580815
0,0.12465916
0,0.09654167
0,0.10108125
1,0.692001
0,0.02421762
0,0.004943382
0,0.022305658
0,0.065588415
0,0.086134136
0,0.02012332
0,0.051866073
0,0.010134467
0,0.12818503
0,0.018416727
0,0.019525738
0,0.015579252
1,0.99576557
1,0.16781679
0,0.04158068
0,0.020805465
0,0.03176683
1,0.9999002
0,0.10446133
0,0.014612435
0,0.03089163
0,0.025801644
0,0.030632246
0,0.1641061
0,0.02203935
0,0.021131232
0,0.033703633
0,0.013578573
0,0.010677395
0,0.010901047
1,0.99634796
0,0.09741582
0,0.27684617
0,0.008980572
0,0.018393528
0,0.022696171
0,0.060681146
0,0.026599051
0,0.036844093
0,0.06938481
0,0.026282372
0,0.02690928
0,0.062325045
0,0.067774355
1,0.85220003
0,0.086037256
1,0.8613687
0,0.009467304
0,0.06412859
0,0.035008416
0,0.16073088
1,0.34305403
0,0.037951082
0,0.02502702
1,0.32528654
0,0.024506714
0,0.011812564
0,0.012104371
0,0.009511199
0,0.02602738
1,0.87798387
0,0.08198467
0,0.011554227
0,0.025132962
0,0.022142978
0,0.03936519
0,0.0314588
0,0.04914186
1,0.16135551
0,0.02360714
0,0.07851138
0,0.0143136
0,0.01823597
0,0.056667488
0,0.023487411
0,0.032436077
0,0.012728117
0,0.021895222
1,0.22203381
1,0.8506168
1,0.046909012
1,0.34654206
1,0.9992555
0,0.051981844
1,0.18613888
0,0.07878122
0,0.011199761
1,0.11405465
1,0.9999256
0,0.013466432
0,0.017033992
0,0.04873754
0,0.01060436
1,0.9304461
0,0.007908732
0,0.017966874
0,0.053342905
0,0.3148031
0,0.013610865
0,0.08270785
0,0.074386284
0,0.02635793
0,0.04748463
0,0.0117666535
0,0.015039195
0,0.021900497
1,0.1349831
0,0.02054965
0,0.04679013
1,0.046387643
0,0.0315028
0,0.11853468
0,0.030691033
1,0.9918046
1,0.41399112
1,0.99956876
0,0.008748477
0,0.04072349
1,0.2871307
1,0.027854428
1,0.08093249
1,0.21173592
0,0.015270096
0,0.025014551
1,0.99366367
0,0.016908554
0,0.056453574
0,0.049865738
1,0.80316216
1,0.99905366
0,0.025721999
1,0.97085214
0,0.027173568
0,0.009006126
1,0.9999256
1,0.030348103
0,0.025772851
0,0.036114696
0,0.0108766835
0,0.021612005
0,0.060059972
0,0.26763794
1,0.3987839
0,0.09053491
0,0.0155957
0,0.016828205
0,0.012570346
1,0.05936439
1,0.43144652
0,0.03200354
0,0.03756716
0,0.2626874
0,0.008356541
0,0.065581866
0,0.090770744
0,0.042234123
0,0.0881305
0,0.13703248
0,0.07340866
1,0.88532573
1,0.06573872
0,0.018216485
1,0.32113087
1,0.4452946
1,0.3214224
0,0.0021075497
0,0.022416223
1,0.9998752
1,0.60792434
0,0.062200706
1,0.38086638
0,0.027658783
0,0.07692328
0,0.038250517
0,0.07361097
0,0.037393898
1,0.3170581
0,0.07535841
1,0.088465065
0,0.1084046
0,0.045039713
0,0.052920282
0,0.32693133
0,0.0105590895
0,0.026088953
0,0.012393995
0,0.0056800493
0,0.11065346
0,0.051625293
1,0.9997478
0,0.052452665
0,0.021750692
0,0.028549472
0,0.038554102
0,0.023674997
0,0.010318945
0,0.04637442
0,0.05228697
0,0.018431894
0,0.012574294
0,0.0084437225
0,0.011626833
0,0.14547826
0,0.031878628
0,0.3147815
0,0.028681023
0,0.0153330695
0,0.029139208
0,0.031667665
0,0.07454155
0,0.01288007
0,0.012354648
0,0.060966216
1,0.9545755
0,0.016272156
0,0.008985038
0,0.015649855
0,0.01751942
0,0.100223206
0,0.29186624
0,0.058389362
1,0.2004107
1,0.26590207
0,0.054426994
0,0.009795626
1,0.8677161
0,0.052630566
0,0.005203253
0,0.005292059
0,0.020188529
1,0.19708692
0,0.016471474
0,0.014715832
0,0.040691495
1,0.9999256
1,0.956241
0,0.018378444
0,0.07389787
0,0.020642923
0,0.025772763
0,0.059889182
0,0.12993394
0,0.006214501
0,0.016706254
0,0.023706421
0,0.030565739
1,0.13872235
0,0.04412305
0,0.020372313
0,0.019918784
0,0.026782775
0,0.031387024
0,0.05415454
0,0.0067652347
0,0.015029212
0,0.0064543895
0,0.19262314
0,0.002839273
0,0.023778317
0,0.045819532
0,0.012952201
1,0.24190111
0,0.01500566
0,0.0134590855
0,0.009960894
0,0.034957208
0,0.011285201
0,0.14223751
0,0.012086059
0,0.053077012
0,0.026922533
0,0.053907678
0,0.017257312
0,0.22789715
0,0.027017849
1,0.70563376
0,0.008484168
0,0.023667855
0,0.0070823682
0,0.07372824
0,0.010553675
1,0.3178522
0,0.035764784
0,0.019507838
0,0.11032309
0,0.061956163
0,0.5239978
0,0.02728672
0,0.009844031
0,0.015058542
0,0.008001787
0,0.05325327
0,0.109157465
0,0.0061944607
0,0.011416122
0,0.0155950915
0,0.026468182
0,0.054021493
0,0.046580657
0,0.014051824
0,0.017855193
0,0.015122467
0,0.010830544
0,0.056073762
1,0.9852299
0,0.02497124
0,0.047127135
0,0.08996455
0,0.12257443
0,0.0068075573
0,0.21898021
1,0.9082144
0,0.033770878
1,0.17280622
1,0.86803734
0,0.01567847
0,0.027628938
0,0.036859386
0,0.011364173
0,0.015648548
0,0.0146417
0,0.03721992
1,0.9810135
0,0.03904068
1,0.243282
1,0.41041553
0,0.0055952817
1,0.027069397
0,0.045261987
0,0.021377724
1,0.9873197
0,0.018044962
0,0.017067725
0,0.030533547
1,0.8247916
0,0.14940815
1,0.6848549
0,0.010798469
0,0.030200932
0,0.015373727
0,0.019355044
0,0.016864764
0,0.024498118
0,0.058080755
0,0.021434955
0,0.018850606
0,0.022053752
0,0.006531763
0,0.014359265
0,0.062429342
0,0.028602978
0,0.012145511
1,0.4013716
0,0.088655084
0,0.006327282
0,0.038675662
0,0.034319215
0,0.009101459
0,0.12986259
0,0.03377633
0,0.73600405
0,0.020281311
0,0.024890725
1,0.113027595
0,0.013226101
0,0.017542325
0,0.3173291
0,0.031671297
1,0.08205998
1,0.9999256
0,0.013657484
0,0.012862058
0,0.047283534
0,0.0583097
1,0.11458477
1,0.9999256
0,0.0060987533
0,0.040746447
0,0.03387783
0,0.038799766
0,0.16497454
1,0.7815849
0,0.0062112007
0,0.049281575
0,0.005486274
0,0.006846867
1,0.1380774
0,0.01867714
0,0.0057996362
0,0.012885885
0,0.027134608
0,0.035117168
0,0.016984172
0,0.006719809
0,0.023037784
1,0.47874144
1,0.5921418
0,0.039806258
0,0.021274941
0,0.027593452
0,0.025956634
1,0.065282926
0,0.020208187
0,0.04113937
0,0.035168454
1,0.27509797
0,0.055427212
0,0.06434794
0,0.020525603
0,0.008227098
0,0.029521422
0,0.09807771
0,0.023292966
1,0.52900505
1,0.8710465
0,0.026581205
0,0.039140034
1,0.9999256
0,0.010460208
0,0.048051655
0,0.02368972
0,0.01682306
1,0.9586951
0,0.04819383
0,0.0034830354
1,0.9049719
0,0.030253321
0,0.031504095
0,0.044227112
0,0.019426912
0,0.049721017
0,0.10320916
0,0.035526354
1,0.42424697
0,0.027507506
0,0.009682773
0,0.020038184
0,0.041426923
0,0.016192902
0,0.029360488
0,0.07098848
0,0.048558664
0,0.065604284
0,0.15393911
0,0.058876336
0,0.024332268
0,0.013531137
0,0.028552635
0,0.026111173
0,0.040169127
0,0.25143677
0,0.057376985
0,0.07253383
0,0.016716707
0,0.014049842
0,0.036265366
0,0.053669676
0,0.016709741
0,0.027096475
0,0.052424308
1,0.77348554
0,0.08292103
0,0.0124221705
1,0.261855
1,0.7605612
0,0.023731504
0,0.016034398
0,0.033800203
0,0.021629248
0,0.020286044
0,0.042291272
1,0.5243748
0,0.041685358
1,0.95851696
0,0.12729998
0,0.01662953
0,0.008572904
0,0.0121594835
0,0.049562052
1,0.99913836
0,0.04349586
0,0.04169429
0,0.028504748
0,0.049212698
0,0.022598216
0,0.06170569
1,0.8021286
0,0.021761343
0,0.031087894
0,0.037025485
0,0.020178182
0,0.018920569
0,0.01541054
0,0.034112804
0,0.0327823
1,0.21971634
1,0.9977502
0,0.016457211
1,0.4174039
0,0.0069266954
0,0.02588941
0,0.008961186
0,0.048090596
0,0.017366182
0,0.01762075
0,0.008689945
0,0.03916063
0,0.2074576
0,0.012751898
0,0.018113952
1,0.4677017
0,0.06167799
0,0.006730505
0,0.04020765
0,0.06802162
0,0.07968856
0,0.09599552
1,0.369722
1,0.9914057
0,0.07500295
0,0.013665503
1,0.073698774
0,0.023260823
0,0.06560751
0,0.046390355
0,0.089200765
0,0.017495217
0,0.015707675
0,0.027834686
1,0.48906973
1,0.9901596
1,0.1991633
1,0.2765899
1,0.9923954
1,0.022853808
0,0.19071504
1,0.5578928
0,0.0063291737
1,0.08636858
0,0.21007098
0,0.12684694
0,0.038930345
0,0.01460212
0,0.08065627
0,0.011826816
0,0.011609913
0,0.024795277
1,0.973767
1,0.33251473
0,0.019861119
0,0.025563782
0,0.013899203
1,0.6518397
0,0.20650528
0,0.079137534
1,0.9052183
0,0.036310907
0,0.013679739
0,0.008178664
1,0.030183816
0,0.030774742
0,0.014205455
0,0.027161047
0,0.02537505
1,0.26429817
0,0.0497042
0,0.03610503
0,0.012207914
1,0.36301512
1,0.8577773
0,0.07628691
0,0.021577988
0,0.046411242
0,0.1094474
0,0.012211302
0,0.019561706
0,0.024704663
0,0.02845238
0,0.14341849
0,0.01505229
0,0.06352911
1,0.091828994
0,0.09453152
0,0.06547595
0,0.013047388
0,0.021576377
0,0.037224304
1,0.08886839
0,0.011358447
1,0.99888223
0,0.093444645
0,0.012240053
0,0.02394965
1,0.9976857
0,0.032576904
0,0.012248768
0,0.044515222
0,0.05387804
0,0.056141216
1,0.024211679
0,0.012065715
1,0.999795
0,0.016616326
0,0.027650962
0,0.030504895
0,0.019048508
0,0.05790288
0,0.026534101
0,0.028666062
1,0.9999256
0,0.12202311
0,0.01667141
1,0.6222514
1,0.9920134
1,0.035550717
1,0.99938977
1,0.9953642
0,0.08874619
0,0.0591436
0,0.051789448
0,0.016049564
0,0.057905342
0,0.022425607
0,0.023488417
0,0.004384372
0,0.02703228
0,0.0018754534
0,0.030710047
0,0.025835851
0,0.007569192
0,0.009244247
0,0.08876038
0,0.032284368
0,0.055329602
0,0.025409441
1,0.3084211
0,0.07291011
0,0.021388432
0,0.007941548
0,0.0282164
0,0.021843726
0,0.01066558
1,0.7607843
0,0.025937617
0,0.0127388425
0,0.017751224
0,0.06138301
0,0.0098026125
0,0.040226094
1,0.32558063
1,0.9436526
0,0.005695045
0,0.047854327
1,0.9999256
0,0.060086705
0,0.06418578
0,0.019006383
0,0.012622429
0,0.024585748
0,0.012995139
1,0.6582006
1,0.5798263
0,0.011637797
0,0.02054777
1,0.99983716
0,0.021530883
1,0.2113976
0,0.011222142
0,0.01010419
0,0.0042562196
0,0.026775874
0,0.025508963
0,0.040044423
0,0.06652029
0,0.032166522
0,0.017105028
0,0.027634032
0,0.0043093464
1,0.1756513
0,0.047957875
0,0.018574147
0,0.015773106
0,0.02693619
0,0.035588305
0,0.05504273
0,0.017346917
0,0.12461895
0,0.5665337
0,0.04306086
0,0.042981647
0,0.021257326
1,0.9382358
0,0.034701146
0,0.012947642
1,0.05810844
0,0.009340139
1,0.07378604
0,0.03968558
1,0.99882716
0,0.044805344
1,0.21517058
0,0.23963721
0,0.0108624725
0,0.017609915
0,0.02463979
0,0.1752216
0,0.06518244
0,0.023416508
1,0.09570227
1,0.9848221
0,0.02721717
1,0.6469181
0,0.1962433
0,0.009933215
0,0.009075473
1,0.028084887
0,0.059231047
0,0.027130678
1,0.99911946
1,0.061081294
0,0.10636789
0,0.014985144
0,0.02205728
0,0.030363316
1,0.9997174
0,0.008963012
0,0.054155823
0,0.01973974
0,0.03699561
0,0.020607881
0,0.018808654
0,0.031761505
0,0.039910045
0,0.14970304
0,0.037637036
0,0.14211485
0,0.040960405
0,0.0104036
0,0.0068023046
0,0.020991035
0,0.011681454
0,0.08404913
0,0.019528832
0,0.04310429
0,0.0802882
1,0.43222174
0,0.0088751465
0,0.015426507
0,0.05001622
0,0.03709208
0,0.06895587
0,0.026433593
0,0.024004702
1,0.99907184
0,0.04499359
1,0.165972
0,0.010122874
1,0.4218167
0,0.022345511
0,0.009659395
0,0.1332251
1,0.93304807
0,0.13559765
0,0.031951282
0,0.01723071
1,0.8416768
0,0.033993315
0,0.0072084917
0,0.010695109
0,0.04389343
0,0.028015083
0,0.33409217
1,0.4321903
0,0.028744256
0,0.013828671
0,0.034512877
1,0.09891052
1,0.99474263
0,0.017806124
0,0.022271534
0,0.018099204
0,0.030251062
0,0.018042764
0,0.055231947
0,0.04123719
0,0.038765326
1,0.85564345
0,0.08664178
0,0.04970466
0,0.04084865
1,0.9988506
1,0.09373328
1,0.7117392
0,0.055125523
0,0.011334082
1,0.04862506
1,0.72621095
1,0.04500601
0,0.16467401
0,0.02854069
1,0.66103476
0,0.0058662808
0,0.23092619
1,0.85032564
0,0.23673955
0,0.08460757
0,0.013818426
0,0.03423429
1,0.12070541
0,0.03869168
0,0.016766345
0,0.07755529
0,0.013660041
0,0.012244983
0,0.015079695
0,0.03201454
0,0.023712697
1,0.50564563
1,0.9983682
1,0.1380281
0,0.053786125
0,0.025338717
0,0.072178565
0,0.02188709
0,0.024052579
0,0.050640736
0,0.017525997
0,0.028926212
0,0.0141818635
0,0.016751567
0,0.027505508
0,0.008100026
0,0.054554142
0,0.0572586
0,0.19655474
0,0.013920374
0,0.020903315
0,0.010814974
0,0.0016498452
0,0.03390354
0,0.028025083
0,0.011586178
1,0.9999256
0,0.0074398965
0,0.04371585
0,0.034962017
0,0.30755973
0,0.009015737
1,0.9784927
0,0.043114025
0,0.013835604
0,0.058218844
0,0.10799788
0,0.035766196
0,0.059166517
0,0.06347031
0,0.094290905
0,0.016087975
0,0.034350146
1,0.5672355
0,0.0097453855
0,0.057592504
1,0.9997819
0,0.045140103
0,0.03296431
0,0.008472515
0,0.03143204
0,0.022638693
0,0.014243011
1,0.41554564
0,0.119265996
0,0.036221195
0,0.011116623
0,0.057283733
0,0.024251677
0,0.036725882
0,0.016506651
0,0.054389052
0,0.039348517
0,0.032554876
0,0.017625803
1,0.64279956
0,0.024046669
0,0.00967722
0,0.03403588
0,0.017172894
0,0.02039957
0,0.036406398
0,0.012354449
0,0.0047740666
0,0.009646254
0,0.08535757
0,0.0067584584
1,0.9973199
1,0.98370874
0,0.017816925
0,0.019737262
0,0.05124145
0,0.0075066444
0,0.020568771
0,0.012289714
0,0.026310222
0,0.025446888
0,0.03634503
0,0.0118484525
0,0.011575737
0,0.05602883
0,0.13888654
1,0.03357985
0,0.02333394
0,0.011185565
0,0.009342897
0,0.025143573
0,0.012351307
0,0.013714868
0,0.020026857
1,0.12693635
0,0.04203108
0,0.014148263
1,0.9999256
1,0.99760073
1,0.05430283
0,0.046280365
0,0.015581132
0,0.014794245
0,0.026108153
0,0.044961303
0,0.065760344
0,0.0082074925
0,0.039921466
0,0.02403254
0,0.03786343
0,0.07718251
0,0.02666681
0,0.016291952
0,0.043646324
1,0.9999256
0,0.02488127
0,0.02098135
0,0.008802647
0,0.033981606
0,0.068961196
0,0.07827139
1,0.9985001
0,0.05220282
0,0.059560813
0,0.013161684
0,0.03378517
0,0.1673499
0,0.07807667
0,0.10341753
0,0.30377895
1,0.9999256
0,0.021919398
0,0.07077467
1,0.8696284
0,0.027570738
0,0.047243714
1,0.6829875
0,0.038207464
1,0.34229457
0,0.019324414
0,0.023677234
0,0.013358529
1,0.9896119
0,0.37098482
0,0.039317958
0,0.045011014
1,0.9896331
0,0.029135425
1,0.9981598
0,0.013787801
1,0.4171385
0,0.17115498
1,0.050426524
0,0.01564304
1,0.5803933
1,0.9999256
0,0.049275175
1,0.99839956
0,0.010183669
1,0.12029318
0,0.026364183
0,0.017282343
0,0.061207827
0,0.026721094
0,0.03457762
0,0.14398728
1,0.0751698
0,0.047500808
0,0.03271683
0,0.0032279647
0,0.026521426
0,0.101615496
0,0.11863467
0,0.010242818
0,0.03869437
0,0.01118092
0,0.031050967
0,0.014874992
0,0.011936801
0,0.021583978
0,0.027774332
1,0.54355496
0,0.0143830795
0,0.081495605
0,0.024456732
0,0.012680342
0,0.11250497
0,0.09906395
0,0.06015106
0,0.027653962
0,0.010057362
0,0.017702479
0,0.026356485
1,0.096829906
0,0.009194184
0,0.029086677
0,0.007167039
0,0.04072724
1,0.21330717
0,0.022339141
0,0.06955162
1,0.9867599
0,0.02795673
1,0.94215935
0,0.090969004
0,0.019148828
1,0.9961894
0,0.036671396
1,0.9999256
1,0.99554944
0,0.013762065
1,0.87186927
0,0.013939591
0,0.034832384
0,0.08405056
0,0.04064633
0,0.01397079
0,0.43929875
0,0.02527917
0,0.017857693
0,0.021470532
0,0.01328966
0,0.0142707005
0,0.055509266
0,0.01741348
0,0.016750984
0,0.020409016
0,0.049173877
1,0.9975473
0,0.013890702
1,0.9989017
1,0.32342032
1,0.4029568
0,0.010917856
0,0.008074673
0,0.012077613
0,0.016129337
0,0.023813238
1,0.19601704
0,0.015540569
0,0.01845186
0,0.010479223
0,0.009292511
0,0.01686942
0,0.018947039
0,0.010351648
1,0.1136913
0,0.04569906
0,0.0130347265
0,0.08523478
0,0.03297525
0,0.12092511
0,0.10015733
0,0.022104392
0,0.010599043
0,0.3573272
0,0.031777646
0,0.015864728
0,0.019383777
0,0.0246756
0,0.06079295
1,0.2524947
0,0.02258008
0,0.5961339
0,0.04001136
1,0.5659724
0,0.039731327
1,0.09516082
0,0.05463457
0,0.013439276
0,0.009857337
0,0.026925901
0,0.04433337
0,0.038562283
1,0.9909018
0,0.01070673
1,0.5176298
0,0.017863087
0,0.010774378
1,0.03092796
0,0.033692826
0,0.13641202
0,0.1264559
1,0.9999256
0,0.24787597
0,0.06985845
0,0.010891673
0,0.044921104
0,0.029596906
0,0.0020317216
0,0.032241654
0,0.035535693
0,0.058539145
0,0.04716537
0,0.048473876
0,0.12990683
0,0.01923417
0,0.027022725
0,0.046573885
0,0.021845037
0,0.04447371
0,0.04245297
0,0.06916223
0,0.1647252
0,0.090026625
0,0.025339536
0,0.063881494
0,0.025690388
0,0.014804994
0,0.016026877
0,0.22694689
0,0.06296975
0,0.013304211
1,0.9999256
0,0.049440417
0,0.028113779
0,0.043717865
0,0.032564107
0,0.011684102
0,0.017477578
0,0.021230461
1,0.73443407
1,0.07714099
0,0.0065664914
0,0.01943041
1,0.91363007
0,0.019995559
0,0.07586296
1,0.0787827
0,0.03190007
1,0.9999256
0,0.064457566
0,0.019064734
0,0.055591546
0,0.2134687
0,0.022094537
0,0.01635465
0,0.03524692
0,0.011120848
0,0.03857658
1,0.16565795
0,0.014723702
0,0.016512891
0,0.052474
1,0.6311139
0,0.0050184233
0,0.01099409
1,0.35825866
0,0.058855396
0,0.2956405
1,0.6121111
0,0.03128414
0,0.036508784
0,0.036907032
0,0.0059190793
0,0.0374879
1,0.46297905
1,0.99991107
0,0.019297548
0,0.020699311
0,0.013441502
0,0.04329158
1,0.06395324
0,0.016251309
0,0.06266619
0,0.10483898
0,0.07739746
0,0.028953876
0,0.03233522
0,0.017011236
0,0.025358757
0,0.24666724
0,0.015652904
0,0.028077878
0,0.024538292
0,0.062899806
0,0.022151675
0,0.013170605
0,0.051755615
0,0.014918804
0,0.022973085
0,0.059023626
0,0.011236596
1,0.8432249
0,0.20894349
0,0.011389379
0,0.07910551
0,0.039069798
1,0.48384675
0,0.091080405
0,0.057575062
0,0.026439821
1,0.46798062
0,0.028963225
0,0.11678221
0,0.02770868
0,0.22999062
0,0.023600794
0,0.039842233
0,0.0068494612
0,0.04645692
0,0.06553151
0,0.009813445
0,0.014593115
0,0.023930538
0,0.010520157
0,0.021553874
1,0.60956854
1,0.07838838
0,0.016245896
0,0.021676073
0,0.013773027
0,0.03782448
0,0.17263082
0,0.012693035
1,0.99911946
0,0.018234262
1,0.44086894
1,0.8557455
0,0.7311775
0,0.019138962
0,0.013394916
0,0.06906248
0,0.051810976
0,0.008432974
0,0.009877943
0,0.017906088
0,0.023284283
1,0.2973533
0,0.08924067
0,0.04342617
0,0.036181316
0,0.061455704
0,0.019223783
0,0.039923247
0,0.023698501
0,0.00599344
0,0.057287898
1,0.7265487
0,0.06787208
1,0.9998635
0,0.010712439
0,0.043609817
0,0.026237391
0,0.009639659
0,0.03113208
1,0.9928757
0,0.0139614595
0,0.016364295
0,0.07934905
0,0.04417237
1,0.42712337
0,0.058243945
0,0.009150152
0,0.03232781
0,0.042449042
0,0.07846701
0,0.008409311
1,0.30681753
1,0.092383206
0,0.02472495
0,0.02548211
0,0.07881958
0,0.047088455
1,0.21831648
0,0.05200836
0,0.03166136
0,0.016623847
0,0.050945453
0,0.36757854
1,0.05495199
0,0.047383465
0,0.040164385
1,0.7632046
0,0.011333976
0,0.010668297
0,0.025703724
1,0.96095693
0,0.037118383
0,0.009397649
1,0.16296528
0,0.05736422
0,0.017189883
0,0.036649335
1,0.030791726
0,0.026043681
1,0.919173
0,0.023325147
0,0.008620522
0,0.010895547
0,0.03406818
0,0.10986809
0,0.039989848
0,0.02829094
0,0.037919834
1,0.9751515
1,0.8236025
0,0.007494397
1,0.4122183
0,0.019426577
1,0.92553073
0,0.044409897
0,0.0071327626
0,0.030353986
1,0.011972368
0,0.044306777
0,0.017629188
0,0.02087475
0,0.008054502
1,0.19408825
0,0.11530109
0,0.0507639
0,0.037443258
0,0.0677209
1,0.04404616
0,0.019409709
0,0.020453617
0,0.024479493
0,0.0127413
0,0.008904421
0,0.02705214
0,0.030208321
1,0.8834518
0,0.0073632044
0,0.04519357
1,0.8085047
0,0.030737204
0,0.1933822
0,0.27205858
0,0.014270419
0,0.383706
0,0.030303303
1,0.027518988
0,0.023977224
0,0.06791338
0,0.012856677
0,0.016315782
0,0.072354876
0,0.022838194
0,0.039141387
0,0.011839836
0,0.22483672
1,0.52645713
0,0.06428455
0,0.04082644
0,0.14096518
0,0.017434241
0,0.11305597
0,0.010862048
0,0.011326829
0,0.086127795
1,0.7050486
0,0.23380987
1,0.94917196
0,0.019678202
0,0.26803422
0,0.0119560445
0,0.0110373795
0,0.022574209
0,0.031571213
0,0.005425142
0,0.025941495
0,0.024826936
0,0.038861144
1,0.008835952
0,0.016154237
0,0.24929851
0,0.1354919
1,0.999469
0,0.038769793
0,0.008798246
0,0.029178211
1,0.18997744
1,0.70201886
0,0.010269795
0,0.01295414
0,0.011577433
0,0.015537631
1,0.2989275
0,0.02895639
0,0.015052566
1,0.42796016
0,0.047715306
0,0.012312726
0,0.016144887
0,0.011920671
0,0.015315204
0,0.022660334
0,0.052310072
0,0.07488974
0,0.013768287
0,0.021692464
0,0.016346099
0,0.013597651
0,0.015516834
0,0.008849132
0,0.029357988
0,0.017900655
0,0.016049819
0,0.011996427
0,0.04422638
0,0.038698386
0,0.005869719
0,0.008819384
0,0.03593364
0,0.14677922
0,0.038051706
0,0.016471079
1,0.015313435
0,0.015693158
1,0.94953704
0,0.014929242
0,0.041190755
0,0.07592209
0,0.03513017
0,0.027942352
0,0.016428178
0,0.056211967
0,0.011081139
1,0.40917104
0,0.07522306
1,0.773579
1,0.015788538
0,0.03747866
0,0.06699978
1,0.09609
1,0.36409327
0,0.05426639
0,0.03360313
0,0.019888585
1,0.6799287
0,0.029893123
0,0.023513578
1,0.05129809
0,0.03590986
0,0.076316506
0,0.0377802
0,0.01822127
0,0.14470945
0,0.023009967
1,0.5335205
1,0.9902953
0,0.040597938
0,0.04932343
0,0.050903063
0,0.106626846
0,0.013751242
0,0.026321094
0,0.10051858
1,0.99562764
0,0.00811454
0,0.036148924
0,0.04957836
0,0.04017092
0,0.018983532
0,0.041700207
0,0.020995293
1,0.857543
1,0.7811655
0,0.040863205
1,0.082699165
0,0.042305607
0,0.029738292
0,0.016172502
0,0.016716095
0,0.032270607
0,0.02533079
0,0.041142203
0,0.008630504
0,0.011341818
0,0.06332201
0,0.010817438
0,0.023869
1,0.4986658
0,0.026609555
1,0.8978633
0,0.27929538
0,0.029088179
0,0.023745507
1,0.1335749
0,0.023420053
0,0.012048932
0,0.013514071
0,0.030215355
0,0.016889479
0,0.01409962
1,0.55521744
1,0.97563964
1,0.99633044
0,0.054335147
0,0.008027957
0,0.14273103
1,0.6036125
0,0.031430252
0,0.06063608
1,0.29176095
0,0.2612116
0,0.030046321
1,0.18271053
1,0.95570576
0,0.068720765
1,0.4599845
0,0.031821005
0,0.04290233
1,0.9999256
0,0.023315068
0,0.052717153
1,0.93860114
0,0.010360566
0,0.062255677
0,0.022583539
0,0.013556849
0,0.06798304
0,0.031905554
0,0.0048530265
0,0.010811843
1,0.9999256
0,0.04447867
0,0.024776993
0,0.038057674
1,0.9993874
0,0.027208038
0,0.04610665
0,0.0065404205
1,0.9999168
1,0.36764723
0,0.046591513
0,0.014571353
1,0.08887039
0,0.033858366
1,0.9942729
0,0.05173426
1,0.89515895
0,0.034840353
0,0.03494353
0,0.15425454
0,0.013194102
0,0.05090836
0,0.014107815
1,0.9987596
0,0.050180636
0,0.013450059
0,0.02198423
0,0.015817894
0,0.09147451
0,0.0171303
0,0.14427547
0,0.012951263
0,0.014056205
0,0.07908162
1,0.3737818
1,0.9921165
0,0.0447536
1,0.17394008
0,0.02792704
1,0.24528804
0,0.02714085
0,0.112679735
0,0.013790267
0,0.22965862
0,0.20982972
0,0.026720706
0,0.01836661
0,0.011205978
0,0.015029805
0,0.020448616
0,0.020048589
1,0.68200624
1,0.35269982
1,0.9997745
0,0.010123996
0,0.13731964
0,0.027750043
1,0.9974445
0,0.008361569
0,0.010297871
0,0.018960835
0,0.02805091
1,0.22444193
0,0.00843914
1,0.8313802
0,0.11693888
0,0.04486198
0,0.027842758
0,0.012047661
0,0.039369743
1,0.9494994
1,0.83967245
0,0.050885726
0,0.0341567
1,0.9999256
0,0.007007481
0,0.09215725
0,0.007708957
0,0.022276483
1,0.24277794
0,0.012803398
0,0.041364454
0,0.098976284
0,0.028930712
0,0.037856683
0,0.024381807
0,0.034170836
0,0.075443015
0,0.012430521
0,0.21704608
0,0.031169336
0,0.04020408
0,0.045999218
0,0.025793124
0,0.024659052
0,0.07903546
1,0.9758902
1,0.15986852
0,0.08833785
1,0.24356142
0,0.030168764
0,0.012259658
0,0.022952035
0,0.018103985
0,0.070433475
0,0.04171417
1,0.9974694
0,0.15765865
0,0.04426604
1,0.20715196
0,0.019253716
0,0.043727726
0,0.056592185
1,0.520913
0,0.00789743
0,0.011962553
0,0.075295106
1,0.9749909
0,0.03233546
0,0.02490396
0,0.02172486
0,0.054208614
1,0.2974858
0,0.019878697
0,0.012601811
0,0.020132003
0,0.030885577
1,0.9999256
0,0.009817842
0,0.06162395
0,0.0122515485
0,0.102425024
0,0.02436383
1,0.21680933
0,0.026201233
0,0.046433933
0,0.025151053
0,0.06607664
0,0.008124744
1,0.9995016
0,0.16858143
0,0.03825321
1,0.44106922
0,0.005656161
0,0.08811482
1,0.9987062
0,0.08767087
0,0.026350256
0,0.019249324
0,0.019324742
0,0.008074829
0,0.051120263
0,0.023931375
0,0.05183702
0,0.011345699
0,0.018892067
0,0.015597221
0,0.018391466
0,0.040727302
1,0.050315615
1,0.9999083
0,0.018023927
0,0.010815888
0,0.020833142
0,0.018567594
0,0.0096195275
0,0.015331047
0,0.03672436
1,0.02180828
0,0.062030368
1,0.30109212
0,0.039239224
0,0.055641506
1,0.25382257
0,0.019992134
0,0.010506318
0,0.030591227
1,0.999859
1,0.16349852
0,0.014033001
0,0.010681355
1,0.39165658
0,0.018441029
0,0.015695212
1,0.9960091
0,0.17111318
0,0.008316479
1,0.1451567
0,0.03738489
1,0.026662324
0,0.022934167
0,0.059490472
1,0.14659502
0,0.013867429
0,0.112528175
0,0.034702465
0,0.020213349
0,0.082082815
0,0.041046675
0,0.015529221
1,0.9994456
0,0.036021013
0,0.013027882
0,0.05149796
0,0.01932806
1,0.99948895
0,0.14310986
0,0.01966588
0,0.037212845
0,0.02192119
1,0.18633837
0,0.041019626
0,0.03294835
0,0.023506787
0,0.05623112
0,0.105154686
0,0.007744785
0,0.022811105
0,0.08771517
0,0.028686471
0,0.036020167
0,0.036996014
0,0.020932315
0,0.005547149
1,0.5404068
1,0.4170838
0,0.062651515
0,0.010797058
0,0.0230861
0,0.12744841
0,0.041646287
0,0.010062538
0,0.017638372
0,0.09238472
0,0.17158002
1,0.89758956
0,0.023840599
0,0.048415225
1,0.15523091
0,0.014180663
0,0.03115405
0,0.008873032
0,0.15980512
0,0.0075006173
0,0.029610647
0,0.033312246
1,0.9999256
0,0.008072328
1,0.6932281
0,0.027666518
0,0.028955856
0,0.014379889
1,0.2012433
0,0.017766189
0,0.018660536
0,0.019781794
0,0.06304273
0,0.019012423
0,0.034773335
0,0.013259625
0,0.19752426
0,0.021819124
0,0.014721654
1,0.74043274
0,0.025472576
0,0.07749386
0,0.26896834
1,0.31336465
0,0.018499197
0,0.017144049
0,0.03630114
1,0.9779308
1,0.9931162
0,0.03852092
0,0.015350349
0,0.019836763
0,0.16293776
0,0.02021652
0,0.09648064
0,0.01497369
0,0.039825317
1,0.48633954
0,0.019650167
0,0.004004966
0,0.029426428
0,0.0150978705
0,0.034028456
0,0.023175698
0,0.12807207
0,0.04404934
0,0.037390087
0,0.029817438
1,0.12335085
0,0.033421196
0,0.026831448
1,0.4394096
0,0.015306002
1,0.051139176
1,0.63323474
0,0.020101286
1,0.16642557
0,0.011434067
1,0.36823162
1,0.9982323
0,0.10975361
0,0.010755736
0,0.028471656
0,0.051082958
0,0.049391128
0,0.06283636
1,0.9999256
0,0.07611311
0,0.097123824
0,0.011030734
0,0.12875737
1,0.6317345
0,0.0361306
0,0.019731538
0,0.11109049
0,0.02821286
0,0.3225026
0,0.09167402
0,0.01736213
0,0.029040206
1,0.9690726
0,0.015987348
0,0.059563495
0,0.014375335
0,0.010090772
0,0.00913061
0,0.007113325
1,0.86593217
0,0.006919011
0,0.04317962
0,0.37807974
0,0.04235896
0,0.023239303
0,0.022063607
0,0.02726501
0,0.01798451
0,0.09680923
1,0.014560688
0,0.026959479
0,0.022546768
1,0.99974436
0,0.016953047
0,0.008989799
0,0.026529497
0,0.015801089
0,0.098860234
0,0.015015411
0,0.02751114
0,0.011905549
0,0.017645704
0,0.013001868
1,0.099956185
0,0.013316549
1,0.1542727
0,0.005454865
0,0.0150195435
0,0.049714316
0,0.037670463
0,0.043660183
0,0.02182197
1,0.3745836
0,0.0068435376
0,0.017784571
1,0.42713392
0,0.18345854
0,0.013697355
0,0.029085625
1,0.98569196
0,0.01652014
0,0.012514548
0,0.011232972
1,0.069208704
0,0.13922763
0,0.052249663
1,0.93283165
0,0.119325586
0,0.016636832
0,0.0250065
0,0.007255393
0,0.09398289
0,0.011076139
0,0.06411625
0,0.11967962
0,0.04396272
1,0.9995353
0,0.040495597
0,0.0219576
1,0.99889463
0,0.014536782
0,0.032351155
0,0.006017407
1,0.99952877
1,0.72104657
1,0.5956529
1,0.95703334
1,0.20324995
0,0.044237472
0,0.0068092695
0,0.26544866
0,0.027485803
0,0.025128556
0,0.07340175
0,0.03139399
0,0.026886597
0,0.033817507
1,0.9974969
0,0.10003109
0,0.02492643
0,0.038705368
1,0.9999256
0,0.024890464
0,0.08661
0,0.034565452
0,0.09159071
1,0.5224327
0,0.01161434
0,0.023294393
0,0.019633863
0,0.016241057
0,0.011758606
0,0.015612936
0,0.03316113
0,0.057705157
0,0.015686
0,0.011496578
1,0.6445005
0,0.034042675
0,0.098547995
0,0.010758361
0,0.086738475
0,0.19913815
1,0.73423356
0,0.13888764
0,0.00937642
0,0.02433877
0,0.016258758
1,0.99792624
1,0.9999256
0,0.018151844
1,0.9978436
0,0.037625406
0,0.13962534
0,0.0515993
0,0.02525712
0,0.046555612
1,0.058415737
0,0.013192699
0,0.03892833
0,0.041978125
0,0.043599255
0,0.010739817
1,0.21901469
0,0.01045968
1,0.9465739
0,0.023337707
0,0.014465293
0,0.0286955
0,0.011432984
0,0.025557144
0,0.019343896
0,0.06687003
1,0.99988496
0,0.02701679
0,0.016555304
0,0.17908052
0,0.086455986
0,0.15493552
1,0.84999686
1,0.65673405
0,0.03453706
0,0.10680386
0,0.08609139
0,0.05058933
0,0.038954582
0,0.01816225
1,0.46897686
0,0.030227827
1,0.7405297
0,0.048900373
0,0.02164287
0,0.029193113
0,0.055795852
0,0.10289952
1,0.066732146
0,0.005621513
0,0.02355073
0,0.20218459
0,0.030303765
0,0.028622985
0,0.073830545
0,0.050597943
0,0.05046518
1,0.85081595
0,0.07540261
0,0.0108387
0,0.044293888
0,0.28551635
0,0.022483243
0,0.029518
0,0.12401505
0,0.061742473
0,0.012779957
0,0.00691656
0,0.011242865
1,0.9984609
0,0.027673855
0,0.027787603
0,0.012069377
0,0.037871398
0,0.011676032
0,0.029049471
0,0.025634391
0,0.014622999
0,0.020746494
0,0.019665416
0,0.015262986
0,0.025720619
1,0.7616232
0,0.020658445
0,0.026223604
0,0.1257732
0,0.018026706
0,0.028049551
0,0.029666565
0,0.030416436
1,0.9999256
0,0.07241972
0,0.012975154
0,0.015779236
0,0.021991137
0,0.039092503
0,0.03591263
0,0.009429117
1,0.7436306
1,0.9999256
0,0.0058817016
0,0.023292042
0,0.042094763
0,0.07948077
0,0.020750985
1,0.40400058
0,0.01553348
1,0.7388513
0,0.038838837
0,0.023285287
1,0.24672388
0,0.02480392
0,0.016902555
0,0.022951303
1,0.99975663
0,0.020479873
1,0.98454064
1,0.7364781
0,0.054636046
1,0.37410676
0,0.024907842
0,0.03720988
1,0.6690119
0,0.015747756
0,0.05230912
0,0.014624485
0,0.034665268
0,0.025314528
0,0.06545652
0,0.08079305
0,0.07823867
0,0.0048438534
1,0.34527314
0,0.014132257
0,0.010748388
1,0.9511675
0,0.020334002
0,0.035608344
0,0.05034107
0,0.016618533
0,0.01095502
0,0.011157074
0,0.031834576
0,0.018458145
0,0.05358506
1,0.086279616
0,0.055983044
0,0.011341663
1,0.9972656
0,0.017766772
0,0.019129958
0,0.013656559
1,0.5341991
0,0.076342076
0,0.012385073
0,0.029365556
0,0.010880214
0,0.024503611
0,0.051713094
0,0.039989334
0,0.109800465
0,0.0059489114
0,0.082931735
0,0.05167691
0,0.030113585
0,0.033107594
0,0.020605052
0,0.021724198
0,0.010219477
0,0.056245446
0,0.07584483
0,0.011407212
0,0.020873172
0,0.0430396
0,0.022173526
0,0.043907862
1,0.86756337
1,0.7806216
1,0.047128417
0,0.03418079
0,0.036427453
0,0.0056534205
0,0.06903306
0,0.021364516
0,0.010364131
0,0.020192487
0,0.02687067
1,0.4744211
0,0.036491375
0,0.017555404
1,0.85450333
0,0.09399028
0,0.032393888
0,0.07519655
0,0.08202415
0,0.12042053
0,0.019469742
0,0.047872037
0,0.0084523745
0,0.016096583
0,0.014258559
0,0.02852299
0,0.0229967
0,0.021823421
0,0.012288302
0,0.014920086
0,0.005751683
0,0.0164004
0,0.01824722
0,0.029488994
0,0.0072614923
0,0.067118004
0,0.01890608
0,0.0052263048
1,0.9995993
0,0.14077336
0,0.041465748
0,0.028772086
0,0.053846862
1,0.13252297
0,0.0089980485
0,0.011457174
0,0.018265592
0,0.010433727
0,0.01967178
0,0.019479208
0,0.049165998
0,0.014734767
1,0.66824853
0,0.017189134
0,0.09373909
0,0.017724672
0,0.035478227
0,0.015058936
0,0.9515988
0,0.008725891
0,0.06150363
0,0.05658811
0,0.0108099105
0,0.10186031
1,0.8095397
0,0.0084903035
0,0.15179224
0,0.0021380617
1,0.99893945
0,0.10776717
0,0.04072789
0,0.0076860585
0,0.022200469
0,0.0106235985
0,0.028428517
1,0.19495526
0,0.024539411
0,0.051849894
1,0.9968077
0,0.0082597695
1,0.919699
0,0.05270251
0,0.06438554
0,0.01430442
0,0.016898539
0,0.012317395
1,0.66553813
0,0.06662727
0,0.017562093
0,0.018255046
0,0.0070278994
0,0.028792141
0,0.02706772
0,0.007877314
0,0.08039871
1,0.07173703
1,0.99940264
0,0.024217023
0,0.029134499
0,0.046887282
0,0.026678806
0,0.011686597
1,0.013031224
1,0.99956745
0,0.039128255
0,0.010774266
0,0.11380682
0,0.016892234
0,0.02603261
0,0.021137146
0,0.06849434
1,0.30296752
0,0.011934968
0,0.011437764
0,0.02813379
0,0.034631327
0,0.017271671
0,0.03417623
0,0.034726385
1,0.24011001
0,0.023858078
0,0.022181135
0,0.028337141
0,0.014207899
0,0.17648542
0,0.021868804
1,0.21140607
0,0.010327499
0,0.0033993735
0,0.09102628
1,0.9950917
0,0.11199069
1,0.40774426
0,0.0141391605
0,0.01674048
0,0.014289657
0,0.0130860675
0,0.16581133
0,0.025879787
0,0.024144258
1,0.9998976
1,0.25840297
0,0.031114543
0,0.025401909
0,0.076417126
1,0.95851153
0,0.025219416
0,0.02687718
0,0.007721917
0,0.030664105
0,0.028862271
0,0.039030652
1,0.99984133
0,0.08293153
0,0.01193967
0,0.035562024
0,0.36724585
1,0.6967991
0,0.013701097
0,0.04563386
0,0.031571038
1,0.9908256
0,0.015606962
0,0.023574349
0,0.045588464
0,0.028200287
1,0.9873223
1,0.024476852
0,0.03597488
0,0.061795533
1,0.92096865
0,0.03815138
0,0.021707984
1,0.115421124
0,0.018049749
0,0.021502828
0,0.07016305
0,0.023884762
0,0.026682584
0,0.046444397
0,0.025389146
1,0.6739617
0,0.022612158
1,0.26903453
1,0.88401383
0,0.041674733
0,0.026224488
0,0.047096137
0,0.013685332
0,0.020747434
0,0.03580808
0,0.02179482
0,0.009711452
0,0.0179383
0,0.051774174
1,0.9992974
0,0.032435704
1,0.75305265
1,0.28643253
0,0.015349118
0,0.02061047
0,0.024214031
0,0.027528562
0,0.014516119
0,0.0097569665
0,0.03279737
1,0.022446327
0,0.011156353
1,0.30976385
0,0.030428512
0,0.05063607
0,0.023832716
0,0.014597579
0,0.08965084
0,0.012380414
1,0.5417711
0,0.04969231
0,0.019304011
0,0.01585064
0,0.014508849
0,0.042340588
0,0.030995745
0,0.015105729
0,0.030492079
0,0.018133217
0,0.015298553
0,0.008363451
0,0.064004146
0,0.012333771
0,0.028952371
0,0.065540135
0,0.018220777
0,0.022312077
0,0.07461885
0,0.032087293
1,0.29592583
0,0.02025418
0,0.03433019
0,0.0059903585
0,0.00817213
1,0.91077423
0,0.018236222
0,0.037521437
0,0.09705332
1,0.97893906
0,0.008233274
0,0.025084458
0,0.02184881
0,0.037746914
0,0.17095514
0,0.024370972
0,0.06146662
1,0.3397289
0,0.022523094
0,0.087892264
0,0.00868884
0,0.021644626
0,0.04396609
0,0.06245567
0,0.014136681
0,0.053621378
0,0.057171647
0,0.00657129
0,0.016625617
0,0.021396581
0,0.024559896
1,0.99102414
0,0.028435836
0,0.018661086
0,0.016626256
0,0.020774946
0,0.059440564
0,0.017798671
0,0.013621963
0,0.010866556
0,0.03275993
1,0.6656463
0,0.013067242
0,0.09435659
1,0.3146419
0,0.016291501
0,0.04152634
1,0.3012002
0,0.05163078
0,0.01408929
0,0.28648552
0,0.016945126
1,0.4821672
0,0.011388687
0,0.04907782
0,0.04767259
0,0.030802222
0,0.023439735
0,0.02582583
0,0.013235102
1,0.9999256
0,0.061908722
0,0.07117722
1,0.7301477
0,0.02327569
0,0.046829738
1,0.9999256
0,0.048706334
1,0.4199231
0,0.019202558
0,0.015233078
0,0.021820134
1,0.7238098
1,0.98377824
0,0.0069189817
0,0.008121904
0,0.0095782615
0,0.02388624
0,0.1386365
0,0.15282947
0,0.016956273
0,0.010534671
1,0.833009
0,0.033236098
0,0.04726413
0,0.037126392
0,0.00716954
0,0.017693775
0,0.018555181
0,0.010256475
1,0.14348894
0,0.012905673
1,0.40541846
0,0.0367467
0,0.025613962
0,0.012119821
1,0.958254
0,0.062448647
0,0.013041445
0,0.011862379
0,0.041038584
0,0.22284648
0,0.064122155
0,0.037672106
0,0.048253793
0,0.08155518
0,0.014824007
1,0.50167066
0,0.032369245
0,0.025768548
0,0.032638468
0,0.04365386
1,0.9870767
0,0.04510912
0,0.022200737
0,0.00956814
0,0.06210555
0,0.0860626
1,0.9966074
0,0.19089016
1,0.114459015
0,0.02156506
0,0.032433055
0,0.009886757
0,0.045826726
0,0.08239872
0,0.018834826
0,0.015302618
0,0.033692468
0,0.019467613
0,0.047819242
0,0.08031172
0,0.01629896
0,0.006282765
0,0.028669529
0,0.008514756
0,0.018457094
0,0.017038744
0,0.038023684
0,0.15149358
0,0.36395758
0,0.064789176
0,0.036483407
0,0.016309638
0,0.018356891
0,0.016812
0,0.0327724
1,0.53239036
0,0.012806551
0,0.018004263
0,0.020786377
0,0.039569337
0,0.017433358
0,0.034495886
0,0.027427195
0,0.031931717
0,0.049306635
0,0.027657803
0,0.1222662
1,0.99669844
0,0.018729111
1,0.9973394
0,0.0062329457
0,0.0400223
1,0.7965646
1,0.51616323
0,0.05197581
0,0.029497737
0,0.53762543
0,0.013790597
0,0.02370068
0,0.041655928
0,0.043290235
0,0.048679937
0,0.029378379
0,0.015557467
0,0.027529472
1,0.08864366
0,0.28384078
0,0.05475277
0,0.02486843
0,0.05320916
0,0.012356149
0,0.006767183
0,0.038541667
0,0.20459422
0,0.05333424
0,0.025682034
1,0.87505585
0,0.01602162
0,0.014068348
1,0.9740839
1,0.1684192
0,0.027276421
1,0.38263828
0,0.008482432
0,0.03290282
0,0.030149914
1,0.9999256
0,0.048438825
0,0.056562282
1,0.4685677
0,0.026686285
0,0.01384182
0,0.044604536
0,0.017022794
0,0.028253062
0,0.006836204
1,0.6039056
0,0.027569432
0,0.028809326
1,0.06783136
0,0.025482254
0,0.009716778
1,0.113754004
0,0.027368154
0,0.017920978
0,0.009293496
0,0.034809597
0,0.023773411
0,0.027560122
0,0.0124890935
0,0.007882525
0,0.09927208
0,0.015905451
0,0.03764698
0,0.020665603
0,0.00873523
0,0.01499103
1,0.3531419
0,0.033946406
1,0.030964583
0,0.0116886515
0,0.023196762
0,0.031451054
1,0.8951264
1,0.03349062
0,0.019195672
0,0.043079652
0,0.0057815425
0,0.014640812
0,0.036785994
0,0.018945102
0,0.045714766
0,0.06887817
0,0.037014052
0,0.021963961
0,0.02358595
0,0.012622715
0,0.015664479
0,0.015675394
1,0.8239999
0,0.029293235
0,0.012927073
1,0.6581643
0,0.021569353
1,0.9999256
0,0.037931073
0,0.020831192
0,0.051563796
0,0.011897435
0,0.009204994
0,0.012654841
0,0.01790079
0,0.23009868
0,0.23078258
0,0.030265557
0,0.015629029
1,0.9999256
0,0.1065944
0,0.026441801
0,0.08454345
0,0.045465127
0,0.03014674
0,0.039749462
0,0.15026905
0,0.024143154
0,0.09403119
0,0.026496261
1,0.7940423
0,0.018865772
0,0.015851535
1,0.08085435
0,0.009717677
0,0.0109771695
0,0.013400821
0,0.012972481
0,0.008134806
0,0.021478543
0,0.07508948
0,0.12790485
0,0.025802616
0,0.03896465
0,0.024142433
0,0.034529198
0,0.013102297
0,0.43006408
1,0.72347844
0,0.034446657
0,0.014421207
0,0.09970064
0,0.061949737
0,0.01849425
0,0.01930208
0,0.02373299
0,0.033688128
0,0.03462192
0,0.30718017
0,0.026445983
1,0.17772706
0,0.02650698
0,0.013994267
0,0.016066432
1,0.35008156
1,0.2909285
1,0.82454973
0,0.015509189
0,0.037829902
0,0.027288826
0,0.026618542
0,0.020615948
0,0.09411154
0,0.019191632
0,0.040209636
1,0.6225269
0,0.020446362
0,0.116358675
0,0.13783212
0,0.019556375
0,0.04177352
0,0.023094777
0,0.009668864
0,0.016584286
0,0.0076336223
0,0.1562194
0,0.052563537
0,0.0052262205
0,0.022997176
0,0.01378029
0,0.17803884
0,0.13582808
0,0.027104188
0,0.0518238
0,0.016489273
0,0.024919534
0,0.020739142
0,0.017870218
0,0.034150507
0,0.071638644
0,0.008135952
0,0.06335805
1,0.14875007
0,0.048872463
1,0.027311124
0,0.065697424
0,0.013957934
0,0.029275356
0,0.03700708
0,0.07550522
0,0.0187903
0,0.045705847
0,0.07859475
0,0.10841756
0,0.035402767
0,0.0066265827
1,0.2159265
0,0.054453585
0,0.068819456
0,0.06511582
1,0.8960591
0,0.05241701
0,0.01572574
0,0.03822466
0,0.025673928
0,0.03172242
1,0.6039191
0,0.043011505
0,0.01099746
0,0.051939327
0,0.009758763
0,0.013964572
0,0.004463093
0,0.081223436
1,0.6956067
1,0.99366015
1,0.9999056
0,0.049702447
1,0.9990853
1,0.5261066
0,0.015767591
0,0.01634666
1,0.9927827
0,0.014366736
0,0.0069257277
1,0.048128862
0,0.05134774
0,0.05396039
0,0.016455097
0,0.023836916
0,0.017913343
0,0.21792269
1,0.53225315
0,0.049674705
1,0.3712596
0,0.30490178
1,0.4075169
0,0.15422533
0,0.022790201
0,0.010095304
0,0.08633593
0,0.018152282
0,0.00957435
0,0.04088227
0,0.025529644
0,0.015514751
0,0.055043902
0,0.009923236
0,0.15017179
0,0.015716176
0,0.013745565
1,0.13474564
1,0.24913232
0,0.04758782
0,0.005857925
0,0.011317654
0,0.05269075
0,0.067371525
0,0.04033445
0,0.01517856
1,0.9815932
0,0.018434333
0,0.011103468
0,0.10121348
1,0.4694989
0,0.074475735
1,0.9766718
0,0.07771714
1,0.9582183
0,0.009508347
0,0.012790586
0,0.056787126
0,0.25105202
0,0.08106288
0,0.020541782
0,0.023359785
0,0.06004481
0,0.022101011
0,0.06170257
1,0.12596934
0,0.067389995
0,0.018200124
1,0.12051639
1,0.58711433
0,0.014229969
0,0.015543626
0,0.013804762
0,0.015511292
0,0.039482538
1,0.18147896
0,0.029775808
0,0.07838951
0,0.010644011
0,0.05492677
0,0.01869886
0,0.01528206
0,0.24517627
0,0.16173723
1,0.9944155
0,0.039778326
0,0.010030153
0,0.023571743
0,0.07678121
0,0.017687295
1,0.24947868
1,0.38817033
0,0.02926768
0,0.019666841
0,0.033653133
0,0.032099552
0,0.0314131
1,0.39432305
0,0.005686713
1,0.171127
0,0.016277874
0,0.04347256
1,0.21902998
0,0.09477729
0,0.036813796
0,0.018177256
0,0.025973795
0,0.02721389
0,0.009665414
0,0.01821238
0,0.013766189
1,0.9999256
0,0.021698745
0,0.031104641
0,0.03781838
0,0.010557849
0,0.022748053
0,0.0073566167
0,0.07043556
0,0.059866194
0,0.009594035
0,0.098608464
0,0.02838284
1,0.774973
0,0.13085356
0,0.044397585
0,0.016244577
0,0.064142026
0,0.011367013
1,0.26959258
1,0.89212644
0,0.015177748
0,0.10366632
0,0.108034074
0,0.09864425
0,0.012567304
0,0.051560942
0,0.18884037
0,0.027138302
0,0.033296365
0,0.07649103
0,0.038470354
0,0.17612545
0,0.04650187
0,0.013384554
0,0.009827828
0,0.0031715007
0,0.027483266
0,0.009996808
0,0.020688232
0,0.06619746
0,0.038707763
0,0.12102655
0,0.015106388
1,0.111349046
0,0.034388952
0,0.03433185
0,0.08724389
0,0.011698781
0,0.040137425
0,0.011653236
1,0.97545415
0,0.039759435
0,0.22719952
0,0.04669056
0,0.07908591
0,0.039699767
0,0.018157365
0,0.017217988
0,0.05158835
0,0.0329936
0,0.4026482
0,0.012733829
0,0.016893724
0,0.0090710325
0,0.027861029
0,0.012282262
0,0.07595324
0,0.02241848
0,0.023144951
0,0.029202066
0,0.07371707
0,0.015050057
0,0.037847333
0,0.027811084
0,0.042506985
0,0.12406317
0,0.034380212
0,0.018433789
0,0.049235582
1,0.8713045
0,0.012143743
0,0.008260739
0,0.06424065
0,0.069072075
0,0.18290475
0,0.005724183
0,0.014567765
0,0.02020738
0,0.074953176
1,0.39424115
1,0.9945815
0,0.026943527
0,0.12381867
0,0.03192927
0,0.020649098
0,0.0113189295
0,0.021547293
0,0.023065126
0,0.09783221
0,0.015001523
1,0.9282234
0,0.015933031
1,0.8642788
0,0.036086746
0,0.02049052
0,0.033304032
0,0.037184607
0,0.009072828
0,0.037898816
0,0.10234577
0,0.026178468
1,0.9999256
1,0.79676855
0,0.07058751
0,0.024068102
1,0.05970814
0,0.009803418
0,0.04309733
0,0.015771218
1,0.5020808
0,0.025436953
1,0.977007
0,0.02163747
0,0.039876312
0,0.0156243555
0,0.09171159
1,0.9999256
0,0.015453393
0,0.010389422
0,0.00869043
0,0.015838321
1,0.7474409
0,0.011916885
0,0.06830812
0,0.007829838
0,0.03407271
0,0.23893091
0,0.022851644
0,0.012432628
0,0.025019813
0,0.031227764
0,0.039445754
0,0.006256814
0,0.040916055
0,0.007030825
0,0.012922261
0,0.037025392
0,0.015912237
0,0.19010824
0,0.12040033
0,0.0026152334
0,0.020152459
0,0.08497993
0,0.015802706
1,0.9087315
0,0.18049908
0,0.06633433
0,0.02783919
1,0.99768245
0,0.071579255
0,0.023896175
0,0.037294414
0,0.004899516
0,0.036962148
0,0.029540218
0,0.06383321
1,0.74177086
1,0.9865759
0,0.103278205
0,0.046062868
1,0.9858111
0,0.042464864
1,0.99980277
0,0.022535585
1,0.9999256
0,0.02025618
0,0.015900182
0,0.13788223
0,0.12779868
0,0.007759611
0,0.04395702
0,0.05142964
0,0.035395995
0,0.011391978
1,0.90403867
0,0.026956378
0,0.040783625
0,0.011387388
0,0.012167654
0,0.016112547
0,0.00903471
0,0.05624151
0,0.06783694
0,0.046688367
1,0.37970257
0,0.021414112
0,0.022903228
1,0.5854249
0,0.07613112
0,0.011221697
0,0.01180677
0,0.028476004
0,0.017792843
1,0.99981064
1,0.23278221
0,0.13887696
0,0.008942509
0,0.02489787
0,0.039184835
1,0.37948155
0,0.015669001
1,0.9667777
0,0.01742191
0,0.004213249
0,0.011329681
0,0.017364131
0,0.0033477987
0,0.11282115
0,0.08931069
0,0.070742406
0,0.044597007
0,0.008361079
0,0.07267998
0,0.045592386
0,0.029499592
0,0.04519828
0,0.045435365
0,0.012632233
0,0.011228689
0,0.022591723
0,0.013994201
0,0.020229932
1,0.98004925
0,0.01042873
0,0.0148245655
0,0.06703091
0,0.083807915
1,0.49925503
0,0.042288877
0,0.009596803
0,0.013932967
0,0.031278178
1,0.6971563
0,0.01515391
0,0.008517458
0,0.11006404
1,0.54067683
1,0.15867978
0,0.020759556
0,0.06255169
1,0.24037768
0,0.012824739
1,0.09233256
0,0.014089973
1,0.9975758
0,0.008310656
0,0.019644056
0,0.04214258
0,0.02405751
1,0.95637935
0,0.008124498
1,0.99911064
0,0.016012348
1,0.25649485
0,0.021619942
0,0.037172865
0,0.03021365
0,0.029049102
0,0.0507757
1,0.068882495
0,0.030765168
0,0.14658491
0,0.026242448
1,0.99943477
0,0.021527326
0,0.0171567
0,0.02270037
0,0.024695644
0,0.014838465
0,0.025071057
0,0.025999842
0,0.02941929
0,0.024212053
0,0.030543981
0,0.02408913
0,0.038023204
0,0.027633082
1,0.8976661
0,0.015754795
0,0.046729356
0,0.107327506
0,0.044326488
0,0.08924637
0,0.009295159
1,0.5527991
0,0.029508801
1,0.99924797
0,0.022444323
1,0.9993062
0,0.01729639
0,0.016382266
0,0.022088462
1,0.13087688
0,0.16950558
0,0.020397536
1,0.7831784
0,0.020993162
0,0.01122763
1,0.3837814
1,0.6898057
0,0.01686663
1,0.40853637
0,0.029689886
0,0.009178144
1,0.26846394
0,0.01809299
0,0.0047198185
0,0.017527662
0,0.03305607
0,0.11907445
0,0.034889597
0,0.00980658
0,0.032458622
1,0.99599093
0,0.02911317
0,0.062903285
0,0.013413607
0,0.013734482
0,0.011624406
0,0.011413613
0,0.00700346
1,0.999602
1,0.41680047
1,0.36659297
0,0.060062695
1,0.1573967
1,0.99268204
0,0.010247547
0,0.014013763
0,0.007177361
0,0.030805418
0,0.03261377
1,0.9999256
0,0.061977558
1,0.115922086
0,0.012184614
0,0.025017448
0,0.011304935
1,0.69733405
1,0.9136439
0,0.019711254
0,0.13284439
0,0.02560169
0,0.016110385
0,0.04382275
0,0.009969409
1,0.0346571
0,0.021874063
0,0.037094418
0,0.01779727
1,0.98825794
0,0.0148842465
0,0.042928047
1,0.6114273
0,0.014231126
0,0.054434296
0,0.027569221
0,0.08688639
0,0.037337497
1,0.9999256
0,0.08128049
0,0.057806455
0,0.03289437
1,0.08359489
0,0.041104324
0,0.005119346
0,0.07988319
0,0.0027787741
0,0.03047252
0,0.023873407
0,0.025113488
0,0.013189955
0,0.023123374
1,0.35346916
1,0.98725593
1,0.99143994
0,0.06901017
0,0.0234506
0,0.05196461
0,0.3562523
0,0.09652444
0,0.018845636
0,0.020664519
1,0.3680108
0,0.11938028
0,0.055765126
0,0.039391834
0,0.021799203
0,0.073145516
0,0.016202439
0,0.11660362
1,0.22152089
1,0.02882997
0,0.021055497
1,0.98969114
0,0.025100218
0,0.027075123
0,0.017632112
0,0.15071848
0,0.018920967
0,0.007649916
0,0.05119447
0,0.014641067
0,0.061329573
0,0.12280355
0,0.030361066
0,0.007533838
0,0.005563867
1,0.21088947
0,0.014584572
0,0.009840988
0,0.011325847
0,0.034778856
0,0.020961892
0,0.01217696
0,0.02150499
1,0.23084599
0,0.018820165
0,0.09998221
0,0.023463001
0,0.08157401
0,0.021335592
0,0.03179839
1,0.044284835
1,0.034471415
0,0.009226638
0,0.028469792
0,0.0146569805
0,0.043244492
1,0.44138378
1,0.3037069
1,0.9876467
0,0.012320476
0,0.08670225
1,0.9770916
0,0.020701598
0,0.1020217
0,0.031719122
0,0.017281573
0,0.06755312
0,0.026961792
0,0.07905705
0,0.019643288
0,0.053013265
0,0.17819664
0,0.008863632
0,0.01077994
1,0.9915446
0,0.02674165
0,0.013905294
0,0.008962736
1,0.51437336
0,0.034127653
1,0.864265
1,0.7849883
1,0.7923831
0,0.020972174
0,0.046475142
0,0.012054239
0,0.021068646
0,0.03514868
0,0.009771978
1,0.99988246
0,0.016151464
0,0.085360065
0,0.06408426
0,0.03534364
0,0.01580778
1,0.7416487
0,0.05047748
1,0.9868896
0,0.055404585
0,0.018718159
0,0.02264201
0,0.023063028
0,0.010421854
0,0.054446433
1,0.3536961
0,0.04209705
0,0.014213343
0,0.16352953
0,0.16678059
1,0.9818194
0,0.016096499
0,0.054240763
0,0.0090937
1,0.47153226
0,0.026991218
1,0.18892407
0,0.091535814
0,0.023820855
0,0.025999503
0,0.017710283
0,0.026238281
0,0.03554117
1,0.91270524
0,0.18316591
1,0.31683835
0,0.08210091
0,0.027961016
0,0.018106196
0,0.021643866
0,0.018431973
1,0.23521917
1,0.036206976
0,0.026396459
0,0.012795258
1,0.09617313
0,0.02798429
0,0.015728168
0,0.0228288
0,0.035856545
0,0.036810756
0,0.03706517
0,0.008137576
0,0.011894499
0,0.061981443
1,0.98487836
1,0.93600285
1,0.94718945
0,0.04003125
0,0.03333134
0,0.0173114
0,0.011973829
0,0.01316978
0,0.01782246
0,0.046375003
0,0.008536211
0,0.01787297
0,0.13203284
0,0.004149267
0,0.021072483
1,0.8428112
1,0.99825317
0,0.01150457
1,0.44926775
0,0.031902704
1,0.3841336
1,0.96184886
0,0.048765656
0,0.08455594
0,0.010408177
0,0.021972874
1,0.97692037
0,0.022007573
0,0.008342592
0,0.03809707
0,0.12397983
0,0.016171329
0,0.2537231
0,0.019889649
0,0.06232859
0,0.10634265
0,0.05335155
0,0.03835594
0,0.12603743
0,0.012193703
1,0.36795956
0,0.028466363
0,0.026795339
0,0.0137913115
0,0.056465704
0,0.011355738
0,0.050678756
0,0.02149534
0,0.11489234
1,0.5879979
0,0.009553794
1,0.61446506
0,0.089309506
1,0.049001534
0,0.024608806
0,0.013293
0,0.016634336
1,0.9999256
0,0.06747786
0,0.02238532
0,0.031881556
0,0.030614328
0,0.046136554
0,0.015186068
1,0.6836776
1,0.6633085
0,0.008757136
1,0.9721577
0,0.022901207
0,0.3256424
0,0.08513798
1,0.49436694
0,0.037063666
0,0.02628579
0,0.34860292
0,0.12374342
0,0.024515092
0,0.03333428
0,0.017664203
1,0.2545331
0,0.010352883
0,0.026565546
0,0.0902475
0,0.0131093655
1,0.23990785
1,0.06553577
0,0.019935729
1,0.086548135
0,0.0037959593
1,0.9108603
0,0.026009683
0,0.01620234
0,0.017624374
1,0.98003674
1,0.27479434
0,0.037901163
0,0.019100472
1,0.9480048
0,0.031199574
0,0.041957896
0,0.00996229
0,0.012953377
0,0.044671122
1,0.7098307
0,0.031007664
0,0.058557793
0,0.038997207
1,0.9237953
0,0.17959791
0,0.049699314
0,0.024648802
0,0.012390201
0,0.10461743
0,0.0078065237
0,0.022949243
0,0.03293065
0,0.021966936
0,0.023411924
0,0.022155955
0,0.01705366
0,0.011961583
0,0.020927219
0,0.043368764
1,0.43657774
0,0.016668603
1,0.11748872
0,0.019941967
0,0.04674883
1,0.76132345
0,0.019102769
1,0.99799675
0,0.015700923
0,0.031216126
0,0.040683508
0,0.026262714
1,0.5715042
0,0.0249045
0,0.09858306
0,0.06063672
0,0.08578098
0,0.018873908
0,0.037164032
0,0.035904348
0,0.016228728
0,0.061897304
0,0.020215029
0,0.04413263
0,0.038177602
1,0.06536305
0,0.017458845
0,0.027762486
0,0.053169046
0,0.19562975
0,0.009956501
0,0.031204142
0,0.04708206
0,0.019460773
0,0.0365706
0,0.029122384
1,0.8302096
0,0.0625099
0,0.02354826
0,0.009162654
0,0.045775834
0,0.018575203
1,0.6850688
0,0.018690856
1,0.50125504
0,0.010106842
0,0.064996995
1,0.99014914
0,0.024880212
0,0.026996966
0,0.0066071628
0,0.13876754
0,0.038405653
0,0.095147565
0,0.04000074
0,0.023029204
1,0.9892208
0,0.016277416
0,0.19710787
1,0.7819226
1,0.16856746
0,0.0043486604
0,0.074646845
0,0.025162982
0,0.047549825
0,0.011368272
0,0.008743202
0,0.030154169
0,0.04259944
0,0.04479002
0,0.023976235
0,0.006900338
1,0.9998267
1,0.117398955
0,0.036210753
0,0.011202624
0,0.007223559
0,0.20235744
1,0.9784348
1,0.9355084
0,0.018860763
0,0.019057525
0,0.029984038
0,0.021040127
0,0.029615523
0,0.010797873
0,0.020584047
0,0.03334752
0,0.0069701523
0,0.25132248
0,0.0048090066
0,0.14899573
0,0.010360512
0,0.009179016
0,0.024539957
1,0.28042454
0,0.010204357
0,0.06817613
0,0.007583573
0,0.028212974
0,0.02738308
1,0.999067
0,0.009063119
0,0.06461973
0,0.01867551
0,0.013920256
0,0.0100742765
0,0.024515292
0,0.03690598
0,0.13863963
0,0.019392956
0,0.013463018
1,0.9994591
0,0.018067267
0,0.039704036
0,0.020670887
0,0.036529485
1,0.33583775
0,0.01329452
0,0.027894398
1,0.99677926
0,0.0051016454
0,0.017372718
0,0.026745167
1,0.9998392
0,0.008542929
0,0.012057766
1,0.9749074
0,0.0118002575
0,0.04307979
1,0.845037
0,0.077481434
0,0.027745811
0,0.03067464
0,0.009463571
0,0.009547172
0,0.08761321
0,0.06208846
0,0.015852032
0,0.10957846
1,0.9744193
0,0.11882142
0,0.023523863
0,0.007850873
0,0.024862407
0,0.053062756
0,0.02194525
0,0.03664881
1,0.36527076
1,0.70249027
0,0.0048994552
0,0.024554001
0,0.014897606
1,0.10021809
0,0.019900825
1,0.99684453
1,0.015602276
1,0.99975485
0,0.02073889
0,0.00875179
0,0.023253484
0,0.009726431
0,0.029560361
0,0.025710674
1,0.022863613
0,0.027130472
0,0.024460092
0,0.013792536
0,0.031503994
0,0.02599463
0,0.009705557
0,0.079364635
0,0.013774563
0,0.0101816645
0,0.007658341
0,0.06283204
0,0.013148121
0,0.057993483
0,0.053775813
0,0.04012523
0,0.012848571
0,0.021086568
0,0.027511938
0,0.02020138
1,0.55350626
0,0.030906428
0,0.057061635
0,0.032782324
0,0.095332876
0,0.026428612
0,0.058722224
0,0.007367858
0,0.031588923
0,0.0092240395
0,0.07587299
0,0.08137902
0,0.04779175
0,0.009691277
0,0.049141347
0,0.009493844
0,0.020332571
0,0.061875973
0,0.048403103
0,0.006764533
0,0.028669793
0,0.024628712
0,0.010337242
0,0.049997386
1,0.96627456
0,0.011541915
0,0.09115689
0,0.021024093
0,0.018722927
0,0.035619315
0,0.2362438
0,0.034308534
0,0.069836624
0,0.010740608
1,0.9992736
0,0.019706858
0,0.041773126
0,0.026430469
1,0.9999256
0,0.031159699
1,0.21021739
1,0.91512436
0,0.01374731
1,0.99987996
0,0.0069666915
0,0.008849237
1,0.90332603
0,0.19935296
1,0.40631196
1,0.9998479
1,0.63802993
0,0.016733143
1,0.99881846
0,0.026995396
0,0.023803761
0,0.020241575
0,0.023608932
0,0.025593085
0,0.072490744
0,0.025104925
0,0.037444487
0,0.024511086
0,0.054752033
0,0.016050475
0,0.032070328
0,0.031239241
0,0.029613359
0,0.035469297
0,0.025589982
1,0.99582976
0,0.11557208
0,0.04505226
0,0.030582912
0,0.03455249
1,0.9998247
0,0.019365106
0,0.01999668
0,0.009315714
0,0.08750916
0,0.02999091
0,0.013506355
0,0.021884087
0,0.01468371
0,0.2007441
1,0.11516597
0,0.02092023
0,0.0055476143
1,0.9999002
0,0.019321624
0,0.022737069
0,0.020393059
0,0.04754971
0,0.011686994
0,0.02072518
0,0.008441946
0,0.02353467
1,0.083899826
0,0.004594444
0,0.01779832
0,0.045511387
1,0.02120458
0,0.016181102
0,0.050437152
0,0.007229026
0,0.013099394
0,0.055785265
0,0.01873152
0,0.092763744
0,0.0140434755
0,0.030825157
0,0.009339588
0,0.020217745
0,0.058569226
1,0.043851044
0,0.044474665
0,0.047856294
1,0.27831316
0,0.03613811
0,0.02020559
0,0.054914396
1,0.9286609
0,0.007998476
0,0.008045505
0,0.015350711
0,0.023911923
1,0.2421535
0,0.00984676
0,0.0278897
0,0.011116256
1,0.59772944
0,0.017465267
1,0.2934117
0,0.027931152
1,0.60757524
0,0.043824214
0,0.06715233
0,0.020832913
0,0.22909023
0,0.011008856
0,0.008150788
0,0.035474215
0,0.15693401
0,0.40779632
0,0.008152188
0,0.030668812
0,0.04049117
1,0.34319553
0,0.036651213
0,0.023902772
0,0.024516292
0,0.029492706
0,0.04346423
0,0.016025117
0,0.052001603
0,0.007723981
1,0.9996106
1,0.9521637
0,0.02457806
0,0.0066258577
0,0.025344353
1,0.5492104
0,0.067025475
0,0.040249176
0,0.015084269
0,0.10367593
0,0.012793079
0,0.028262282
0,0.02665834
1,0.51047426
0,0.022722967
0,0.0033701966
0,0.033231035
0,0.010017187
1,0.55650336
0,0.021226294
0,0.027901221
0,0.01254537
0,0.045122113
1,0.033667885
0,0.020038914
0,0.01781495
0,0.024628868
1,0.5914846
0,0.019426096
0,0.00995052
0,0.08872839
0,0.054455012
0,0.027193611
0,0.027206013
1,0.39650902
0,0.026216269
0,0.053638548
0,0.022496058
0,0.03015838
0,0.029485412
1,0.7445233
1,0.9990632
1,0.39049938
0,0.020812452
1,0.110854305
0,0.054546997
0,0.014980534
0,0.03417134
1,0.9999256
0,0.03779472
0,0.013781586
0,0.03265259
0,0.0400446
0,0.00971575
1,0.98015714
0,0.03699411
0,0.007938692
0,0.03300976
0,0.03700798
1,0.112736106
0,0.08288784
0,0.025692793
0,0.011947576
0,0.019859457
1,0.021706155
1,0.9999256
0,0.123276606
0,0.013880027
0,0.018228604
0,0.02884289
0,0.0421674
0,0.022675868
1,0.85515624
0,0.075032584
0,0.020355094
0,0.018298049
1,0.3082804
0,0.010629273
0,0.026358308
0,0.03227613
1,0.5295951
1,0.115775295
0,0.032438472
0,0.007946527
0,0.013827437
0,0.009931518
1,0.6814998
0,0.009592843
0,0.01133614
0,0.008696779
0,0.01999048
0,0.10261052
0,0.08716545
0,0.008178212
1,0.06795041
0,0.015730103
0,0.122739665
0,0.015653271
0,0.067203514
0,0.021270996
0,0.077536635
0,0.012690179
1,0.11692285
0,0.016739499
1,0.98876303
1,0.9837991
0,0.026788937
0,0.038099166
0,0.032902364
0,0.03374488
0,0.011165141
1,0.39721078
0,0.015806155
0,0.20490734
0,0.034995086
0,0.036778834
1,0.38238883
0,0.015289381
0,0.036779683
0,0.02754339
0,0.026596587
0,0.016750908
0,0.03423648
0,0.02956732
1,0.9999256
0,0.024138458
0,0.007054583
0,0.05180813
0,0.037233446
0,0.015351727
0,0.014536972
0,0.03318466
0,0.00863383
0,0.038736336
0,0.016189605
0,0.017909007
0,0.012969008
0,0.07477039
0,0.019950865
0,0.0131866345
0,0.041790508
0,0.014282873
0,0.051950976
0,0.049445283
0,0.05931548
0,0.05930527
1,0.9974994
1,0.96550316
0,0.027024731
0,0.010373153
0,0.069623135
0,0.009134959
0,0.16849983
0,0.045956213
0,0.051307492
0,0.060072497
1,0.90073615
0,0.011497089
0,0.013416112
0,0.017029267
0,0.13168323
0,0.010421456
1,0.39970225
1,0.49780244
0,0.0047830762
0,0.0083305575
0,0.008133002
0,0.013635828
0,0.031806935
0,0.09464712
1,0.10214332
0,0.039866544
0,0.017800696
0,0.016667157
0,0.028772278
0,0.10716852
0,0.013038186
0,0.009533965
0,0.011168816
0,0.010572853
0,0.06312899
0,0.0036950994
1,0.28927016
0,0.018361133
1,0.027827106
0,0.055733483
0,0.010578097
0,0.012991647
0,0.009532205
0,0.008040376
0,0.0663838
0,0.012374497
0,0.096623726
0,0.010280012
0,0.2901775
1,0.9930107
0,0.016125161
0,0.19767298
1,0.86123824
1,0.7866109
1,0.8419445
0,0.02100843
0,0.1465987
0,0.008993152
1,0.36435387
0,0.0056738695
1,0.9859271
0,0.027261931
0,0.05723127
0,0.026099987
0,0.038707707
0,0.01638073
0,0.03531218
1,0.25270787
1,0.99524903
0,0.01783572
0,0.02682281
0,0.02874227
0,0.014608543
1,0.9960122
0,0.012394532
1,0.973677
0,0.016334964
0,0.023044296
0,0.06420208
0,0.020231927
0,0.026245745
0,0.011554255
0,0.02038371
0,0.023945624
0,0.015561403
1,0.949466
0,0.016259803
1,0.13251983
0,0.01591353
0,0.011621683
0,0.04310133
0,0.1099701
0,0.0054339506
1,0.9984358
0,0.015638363
0,0.034485858
1,0.9999256
0,0.0068147443
0,0.110370144
0,0.0070155747
0,0.026079874
0,0.09210654
0,0.0098978765
0,0.018760411
0,0.018991517
0,0.111836605
0,0.0073169265
1,0.9562147
0,0.019973636
1,0.9999256
0,0.033848252
1,0.10484316
1,0.9589843
0,0.053983264
0,0.0204797
0,0.009396624
1,0.9030005
0,0.009739779
0,0.019986674
0,0.11492598
1,0.4421311
0,0.014807484
0,0.007546291
0,0.014803722
0,0.043010436
0,0.02098286
1,0.06446402
0,0.04216296
0,0.09436132
1,0.5137076
1,0.86353785
1,0.59407014
1,0.3740295
0,0.012181113
0,0.017279185
0,0.026986528
0,0.010585266
0,0.020569824
0,0.021621842
0,0.021585163
0,0.011173467
0,0.047779284
1,0.3346626
1,0.47770584
0,0.07148903
0,0.043186527
0,0.015909392
0,0.008208358
0,0.02041538
0,0.07464339
0,0.01192098
0,0.025344228
0,0.15447296
0,0.017873121
0,0.05642158
0,0.10044229
0,0.014953877
1,0.1367114
0,0.038099382
0,0.04306101
0,0.023721397
0,0.023769615
0,0.045860108
0,0.024298834
0,0.024284571
1,0.29431146
0,0.048264835
0,0.0035891386
0,0.028440362
0,0.0715432
0,0.010377839
1,0.06157081
0,0.023093399
1,0.042031053
1,0.9996575
0,0.018189346
1,0.14390492
0,0.006396556
1,0.2678158
0,0.04187848
0,0.011188002
1,0.9998976
0,0.009521991
0,0.02893977
0,0.07003989
0,0.023872107
0,0.016957587
0,0.011751686
0,0.024750626
0,0.017946383
1,0.6785356
0,0.00925066
1,0.22992744
0,0.25099546
1,0.99019885
1,0.29838172
1,0.18422493
0,0.019728826
1,0.048285823
0,0.07324683
0,0.03634027
0,0.0072174612
0,0.013952482
0,0.10158109
0,0.043440994
0,0.06889736
0,0.019151643
0,0.0439909
0,0.12227569
0,0.05009582
1,0.8863758
0,0.031121524
0,0.018974015
0,0.009990354
1,0.8363636
0,0.012327366
0,0.07531123
0,0.012419901
0,0.042043276
0,0.035784036
0,0.0136738615
0,0.032261666
0,0.022696516
0,0.027769882
0,0.007549292
0,0.033472236
1,0.5379205
0,0.005854516
1,0.101881735
0,0.046481
0,0.006252229
1,0.6732974
0,0.0285213
0,0.10827524
0,0.03790034
1,0.61292964
0,0.013703475
1,0.960961
0,0.03960802
0,0.025434613
0,0.029997693
0,0.021739703
0,0.17503466
0,0.013368248
0,0.025462722
0,0.013297647
0,0.06972558
0,0.016932461
1,0.99973243
0,0.010905907
0,0.021949135
1,0.14386152
0,0.051258385
0,0.018229995
0,0.054152746
0,0.025382327
0,0.08621135
0,0.02531576
0,0.08524881
0,0.059780635
0,0.06914625
0,0.060660884
0,0.019632459
0,0.0045403065
0,0.044394713
0,0.050952427
0,0.025629729
1,0.992574
0,0.009558285
1,0.023887012
1,0.9972932
0,0.022796793
0,0.017812973
0,0.016585857
0,0.044592123
0,0.0062755407
0,0.007179502
0,0.04116758
0,0.034934282
0,0.018722378
0,0.010084364
1,0.17383444
0,0.039901722
0,0.042006023
1,0.92801666
0,0.010279589
1,0.9995459
0,0.040299263
1,0.79326206
0,0.081331566
1,0.3404506
0,0.045580916
0,0.014976946
0,0.059238985
1,0.18230237
0,0.040513057
0,0.012493676
0,0.050334163
0,0.01776257
0,0.009488783
0,0.017986033
0,0.018753795
0,0.009071688
0,0.04542416
0,0.02038158
0,0.0119737955
0,0.018642226
0,0.012437243
0,0.030627115
0,0.079576515
0,0.06438967
1,0.94783145
0,0.017222831
0,0.016283127
0,0.05578818
1,0.9958579
0,0.054614
0,0.05034725
0,0.007906124
0,0.013461447
0,0.01685508
0,0.035974745
0,0.017234158
0,0.35409054
0,0.012245081
0,0.051832695
0,0.08193218
0,0.017756488
0,0.08250701
1,0.98892295
0,0.022085115
0,0.02645566
0,0.02184438
1,0.17133029
1,0.053576812
0,0.013850505
0,0.008190377
0,0.008840225
0,0.017300274
0,0.11445907
0,0.036952917
0,0.017197926
0,0.063082546
0,0.0678855
0,0.06714707
0,0.04209031
0,0.0076803467
0,0.06139569
0,0.0067511997
0,0.05010772
0,0.050437026
0,0.037062984
0,0.32714373
0,0.021110432
0,0.019418627
0,0.010741191
0,0.1425252
0,0.021041889
0,0.006668647
1,0.07354791
0,0.27473715
0,0.012064601
0,0.028840601
0,0.04592193
1,0.41770968
0,0.022493891
0,0.017428035
0,0.006248405
0,0.13265738
0,0.0716132
0,0.0739043
0,0.02850185
0,0.020319957
0,0.020243945
0,0.0121832015
0,0.0118914945
0,0.028497878
1,0.7076494
0,0.010259011
0,0.014771932
0,0.027362749
1,0.993479
0,0.033993747
1,0.10933762
0,0.05522374
0,0.01571732
0,0.015843354
1,0.18953422
0,0.030420305
1,0.7881651
0,0.014112047
1,0.05232694
0,0.08517732
0,0.021822525
0,0.022732794
1,0.7798416
0,0.02360013
0,0.018885305
0,0.024975158
0,0.35357744
0,0.012248524
0,0.019988654
0,0.019285072
0,0.03084563
0,0.012731743
0,0.015788103
1,0.23402807
0,0.017218143
0,0.025776371
0,0.019621357
0,0.040589362
0,0.066234656
0,0.04107789
0,0.026888203
0,0.07640317
0,0.017141245
1,0.9904779
0,0.1191025
0,0.06361758
0,0.011091647
0,0.014205115
0,0.022055944
0,0.032534555
1,0.16880724
0,0.12981653
0,0.0105442135
1,0.9972867
1,0.39007857
0,0.021639215
0,0.008655492
0,0.106017955
0,0.016076356
1,0.28279877
0,0.019951377
0,0.006058688
0,0.006924327
0,0.014331808
0,0.018602528
0,0.011165
0,0.036179073
0,0.005930785
0,0.0197723
0,0.022148333
0,0.015230682
0,0.05292847
0,0.021762814
1,0.6265117
0,0.03047252
0,0.03890337
0,0.018163942
0,0.013351253
0,0.016032284
0,0.0761855
0,0.010542845
1,0.88070893
1,0.09584235
0,0.5182574
1,0.30504718
0,0.094546035
0,0.009289199
0,0.0117807565
1,0.9175159
0,0.036555316
0,0.016418334
0,0.005024355
0,0.1544089
0,0.007545366
1,0.30639955
1,0.0066910824
0,0.055103797
0,0.032342415
1,0.106708914
0,0.04346668
0,0.027649116
0,0.032933664
0,0.032696262
0,0.04485156
0,0.025863977
0,0.01118335
0,0.015917517
0,0.027513916
0,0.20892222
1,0.6553685
0,0.10027667
0,0.026415493
0,0.30338916
0,0.016032953
1,0.59547937
0,0.010937638
1,0.87850887
0,0.043073077
0,0.104327425
0,0.0074574486
0,0.029852513
0,0.04111695
1,0.7625448
0,0.07945019
0,0.036740385
0,0.013734329
0,0.021280201
0,0.02247054
0,0.011305176
0,0.03963522
0,0.026874984
0,0.014164441
0,0.010012469
0,0.07895078
1,0.47276032
0,0.038065147
0,0.029010769
0,0.02332972
1,0.399946
0,0.037248984
0,0.020291893
0,0.019826945
0,0.018760715
0,0.029553715
0,0.013147848
0,0.059218034
0,0.014361748
0,0.01551156
0,0.043088872
0,0.0134083005
1,0.60791427
0,0.033421136
0,0.21655643
0,0.014339105
1,0.9833889
1,0.026845813
0,0.029602755
0,0.05852351
0,0.016968185
1,0.9999256
0,0.015975492
0,0.035967555
1,0.95298785
0,0.021881282
1,0.29020745
0,0.013383666
0,0.008527378
1,0.9998435
0,0.049790036
0,0.01455508
0,0.022904685
0,0.010247756
0,0.030605385
0,0.0143879475
1,0.1448723
0,0.012214298
0,0.03040067
0,0.008604831
0,0.017468417
0,0.013136178
0,0.027336312
0,0.017719476
0,0.040458523
0,0.17455494
0,0.20788848
0,0.0366927
0,0.07532531
0,0.02674667
0,0.06966903
0,0.04799443
0,0.22774552
0,0.07251321
0,0.0155113945
0,0.011232252
0,0.019801848
1,0.7199124
0,0.029541936
0,0.013483154
0,0.021190977
0,0.25878438
0,0.038057223
0,0.02895327
0,0.011957052
0,0.017928919
0,0.02237749
0,0.02778698
0,0.020626826
0,0.03229786
0,0.017843356
0,0.014985903
0,0.0153928
0,0.045201316
0,0.012149247
1,0.6653339
0,0.043491192
0,0.013729569
0,0.02432984
0,0.06016164
0,0.013365871
1,0.99339986
1,0.9999256
0,0.020228287
0,0.027059646
0,0.024029626
0,0.011882652
0,0.013989176
0,0.07334064
0,0.021091757
0,0.051027246
1,0.956883
0,0.043714948
1,0.9991623
0,0.008490356
0,0.115084365
1,0.14804903
0,0.0052339337
1,0.97160983
0,0.018753426
0,0.04486028
0,0.015272082
0,0.0067909127
0,0.05511518
0,0.025183782
0,0.022968614
0,0.005904062
0,0.042316165
0,0.0077266307
1,0.9931986
1,0.99926716
0,0.023341773
0,0.04184281
0,0.13309622
0,0.019595517
1,0.9883829
1,0.13083829
0,0.021673651
0,0.027343204
1,0.56598306
0,0.022551788
0,0.011792353
1,0.4213038
0,0.03293838
1,0.019019611
0,0.021552337
0,0.02160404
0,0.055730082
1,0.9766381
0,0.007905613
0,0.04112272
0,0.011586332
0,0.04709357
0,0.07260769
1,0.80013347
0,0.008864688
1,0.99709165
0,0.05168168
0,0.0022556763
0,0.031044127
0,0.030543182
0,0.04157323
0,0.08057468
0,0.10665925
0,0.00856959
0,0.0129410075
1,0.99968684
1,0.47083664
1,0.04027689
0,0.009166949
0,0.024328124
0,0.017003624
0,0.008448878
1,0.8971076
0,0.010155868
0,0.13604668
0,0.017439142
0,0.028443214
1,0.7843499
0,0.021091588
1,0.59335536
0,0.02202436
0,0.04804545
0,0.026692443
1,0.53992057
0,0.014881171
0,0.01720352
0,0.011323519
0,0.031994168
0,0.015721519
0,0.018577393
1,0.73219955
1,0.14769529
0,0.052788038
0,0.03855834
0,0.03959511
0,0.013975094
0,0.018383134
0,0.18296705
0,0.10489638
0,0.06086166
0,0.06258534
0,0.054237153
0,0.03498236
0,0.013064107
0,0.013182212
0,0.051933978
0,0.009384985
0,0.021052765
0,0.010575013
0,0.1507822
0,0.030471303
1,0.19997469
0,0.010267527
0,0.017311407
1,0.902961
0,0.027238907
0,0.016134718
0,0.015949277
0,0.01672646
1,0.98140323
1,0.022711983
0,0.021221368
0,0.044732157
1,0.68585616
0,0.013819461
0,0.008891149
0,0.026138682
0,0.017046196
0,0.030463962
0,0.202906
1,0.95142925
0,0.012822717
0,0.048228335
0,0.09786576
0,0.016378086
0,0.04366011
1,0.15478387
0,0.016207987
0,0.08560275
0,0.012651379
0,0.040710043
0,0.3656731
0,0.005607672
0,0.074444436
0,0.038356185
0,0.005611087
0,0.036864817
0,0.011795766
0,0.025051968
0,0.0987163
1,0.9919132
0,0.03528647
0,0.053931832
0,0.014207264
0,0.03479579
0,0.00827942
0,0.040749375
0,0.026023783
0,0.08089457
0,0.047601607
0,0.017063046
0,0.25024745
0,0.008480683
0,0.021987138
0,0.08702861
0,0.017453954
0,0.023369595
1,0.7775624
0,0.016444745
1,0.9092263
1,0.22166227
0,0.08090335
1,0.99948263
1,0.99963224
0,0.038377684
0,0.01170306
0,0.027302468
0,0.010883883
0,0.06534801
1,0.9312474
0,0.044566642
0,0.052073434
0,0.07891696
0,0.050367273
0,0.005341738
0,0.021212194
0,0.024008712
0,0.14594036
0,0.01894836
0,0.022660406
0,0.053298693
0,0.01842289
0,0.14100638
0,0.14172707
0,0.01242193
0,0.065783665
0,0.016751472
0,0.027603693
0,0.029338952
0,0.018016407
0,0.011968184
0,0.019795565
0,0.01365356
0,0.05763702
0,0.10354336
0,0.013788807
0,0.027972583
0,0.016038302
0,0.013565964
0,0.028237829
0,0.06666442
0,0.032744102
0,0.027058003
0,0.27439898
0,0.027154295
0,0.14207299
0,0.015577752
0,0.11423254
1,0.56036043
0,0.06437171
0,0.014735943
1,0.8958188
0,0.043453906
1,0.6232182
0,0.045772918
0,0.13238439
0,0.02919856
0,0.17916097
0,0.012487459
0,0.045048006
0,0.015160709
0,0.022567933
1,0.9325101
0,0.22906296
1,0.97233015
0,0.043549538
0,0.009351671
1,0.3404527
0,0.011173294
0,0.047459252
0,0.015801445
0,0.013971855
0,0.060504045
0,0.028932897
0,0.017172756
0,0.19583349
0,0.005157521
0,0.020941067
0,0.1612137
0,0.032594856
0,0.050995555
0,0.046604786
0,0.028359266
0,0.025835227
0,0.0098077
0,0.014609113
0,0.032840695
0,0.036182903
0,0.27939495
0,0.06444408
0,0.019299524
0,0.012823013
0,0.01122248
1,0.23847169
0,0.0102664605
1,0.6217261
0,0.011816679
1,0.95448166
0,0.008304413
1,0.4468186
0,0.013300563
1,0.9132395
1,0.14284271
0,0.03406358
0,0.25732297
1,0.99813664
0,0.0073877703
0,0.032103952
1,0.10206114
1,0.41862988
0,0.032931738
0,0.013860024
0,0.052937925
0,0.020990752
0,0.01907857
0,0.00674844
0,0.0048961597
0,0.10503873
0,0.020522596
0,0.0079634115
0,0.03532745
0,0.017164638
0,0.06925278
0,0.1832906
1,0.38722944
0,0.010993706
0,0.046581168
0,0.007540886
0,0.020576458
0,0.023762923
1,0.9999256
0,0.081512205
0,0.022223318
0,0.030446704
1,0.9999256
0,0.027841957
0,0.018234087
0,0.09882718
0,0.0396357
0,0.0139911035
0,0.0074907094
0,0.074496776
1,0.9994216
1,0.026809761
0,0.026956571
1,0.19988848
0,0.04351511
0,0.013859607
0,0.009712617
0,0.03112687
0,0.019994497
0,0.022904888
0,0.075961165
0,0.010897248
0,0.016471991
0,0.029735897
0,0.016929327
0,0.022987386
0,0.23606244
0,0.022883415
0,0.01810054
0,0.03524119
0,0.018355543
0,0.010261321
0,0.043615993
0,0.03447668
0,0.042586975
0,0.05095532
0,0.13938756
0,0.006057964
0,0.012861393
0,0.0070558926
0,0.00982838
0,0.020927053
0,0.024362816
0,0.013932743
0,0.029455652
0,0.006103463
0,0.004750468
1,0.8329138
0,0.01652583
1,0.18727267
1,0.7323688
0,0.034744818
1,0.694121
1,0.49627095
0,0.08069009
0,0.006634356
0,0.03552236
0,0.029616531
1,0.19075641
0,0.017329961
0,0.018370798
1,0.4655804
0,0.041235823
1,0.7183381
0,0.03077025
0,0.031887423
1,0.012487065
0,0.04472098
0,0.07487359
0,0.027710998
0,0.03257947
1,0.5133571
0,0.07750555
1,0.98633724
0,0.047321483
0,0.1355398
0,0.024945635
0,0.006391884
0,0.11208766
0,0.0119024925
0,0.017408382
0,0.047654122
0,0.0076687695
0,0.008434916
0,0.021621812
0,0.029774576
0,0.03299328
0,0.023023332
1,0.14830172
0,0.059804734
0,0.102306545
0,0.088510774
0,0.0052920887
0,0.010322749
1,0.999622
0,0.059650447
0,0.011397324
0,0.022980314
0,0.06785793
0,0.042926155
0,0.022644075
0,0.026922328
1,0.9975012
0,0.0060306094
0,0.013338671
0,0.009964204
0,0.007873313
0,0.045718074
0,0.17768446
0,0.022291666
0,0.022037808
1,0.13092247
1,0.86071944
0,0.0776574
0,0.019272909
0,0.01911261
0,0.02094776
0,0.01453519
0,0.038826022
0,0.014336977
0,0.018285802
0,0.008804195
0,0.0150219435
0,0.0036041886
1,0.29132354
0,0.1561127
0,0.025330005
0,0.0077781887
0,0.19726929
0,0.062109027
0,0.057276536
0,0.08271847
0,0.029467506
0,0.011520702
1,0.99747926
0,0.022547921
0,0.012968707
0,0.016020207
0,0.028729435
0,0.014656775
1,0.35266623
0,0.053678863
0,0.0067682634
1,0.953192
0,0.023790386
0,0.026550513
0,0.09611406
0,0.0749274
0,0.020932158
0,0.013629026
0,0.0268577
0,0.055840056
0,0.013260891
0,0.037357356
1,0.9968291
0,0.018770896
0,0.06472344
0,0.015559598
0,0.074113965
0,0.051646646
0,0.0142426295
0,0.012789019
0,0.020776663
0,0.05172575
0,0.017786404
0,0.020618765
0,0.060688548
0,0.034793973
0,0.09761312
0,0.020418648
0,0.0079934
1,0.22788274
0,0.11183184
0,0.015103502
0,0.016095866
0,0.008333702
0,0.036173835
0,0.031425312
0,0.03643949
1,0.99975485
1,0.9897105
0,0.022730228
0,0.03969654
0,0.01210782
0,0.15512478
0,0.013434454
0,0.06464015
0,0.039069824
0,0.15177862
0,0.0060086143
0,0.03545253
0,0.01946052
1,0.7827664
1,0.16692726
0,0.079223506
1,0.99718434
0,0.02446238
0,0.029501196
0,0.06746163
0,0.02647419
0,0.030004947
0,0.075410575
0,0.031024273
1,0.017338084
0,0.246368
0,0.011589669
0,0.029311294
0,0.03324895
0,0.082456775
1,0.95028
1,0.1611732
0,0.023988714
0,0.039929785
0,0.025226174
1,0.8302538
0,0.048482087
0,0.033610944
0,0.039755892
0,0.029662328
0,0.016275888
0,0.007873886
0,0.018320967
1,0.027064625
0,0.026307626
0,0.059629295
0,0.045277655
0,0.02589828
0,0.0029614232
0,0.025214113
1,0.90940815
1,0.9998704
0,0.029238725
0,0.03979209
0,0.010942901
0,0.06711122
0,0.017564775
0,0.08060028
0,0.02256856
0,0.037938792
0,0.019945009
1,0.91281646
0,0.014502258
0,0.07323248
0,0.052733336
1,0.032307677
1,0.84117544
0,0.040957462
1,0.9993599
0,0.02952488
1,0.9633656
0,0.021449268
0,0.021516697
0,0.054484926
0,0.055074133
0,0.014105289
0,0.015924083
1,0.9999256
1,0.9881505
0,0.061881553
0,0.020043466
0,0.010524581
0,0.12576613
1,0.7435941
0,0.02419567
0,0.021016715
0,0.0094678495
1,0.9998635
0,0.07220728
0,0.2201905
1,0.80003965
0,0.054647412
0,0.0152141405
0,0.008192222
0,0.02777386
0,0.03793873
0,0.045597784
0,0.06422258
0,0.047483813
0,0.032835927
0,0.07431529
0,0.06229276
0,0.026411962
0,0.026695725
0,0.011967733
0,0.021902192
0,0.023334734
1,0.9998227
0,0.14815456
0,0.025259115
1,0.8641886
0,0.06308459
0,0.06933045
0,0.022396043
1,0.39132482
0,0.03361421
0,0.048358437
0,0.010549692
0,0.025998047
0,0.003930922
0,0.013166169
0,0.013305358
0,0.021864954
0,0.058087543
1,0.9999256
1,0.99865544
0,0.041711863
1,0.9999256
1,0.2675623
0,0.120123714
1,0.37330887
1,0.9999168
1,0.9968671
1,0.24618603
0,0.044974204
1,0.18709779
0,0.04074627
0,0.019993292
0,0.04193557
1,0.9996264
0,0.04613217
0,0.07387203
0,0.03005503
1,0.9999256
0,0.01685557
0,0.008263251
1,0.97743213
0,0.2687233
0,0.011330995
0,0.03957704
0,0.0052005663
0,0.022582138
1,0.8852107
0,0.07548706
0,0.011388435
1,0.9648494
0,0.06410762
1,0.7916773
0,0.03644149
0,0.036084507
0,0.005291446
1,0.9947088
0,0.039368805
0,0.0048704483
1,0.8264537
0,0.12462494
0,0.06939752
0,0.028109431
0,0.084190495
1,0.45408213
1,0.70090455
0,0.019050129
1,0.9999256
0,0.020987758
0,0.027056308
0,0.008349246
0,0.028110402
0,0.038833693
0,0.01425159
1,0.34766987
0,0.02368694
0,0.024991117
0,0.026125781
0,0.06098796
0,0.074414276
0,0.03800199
0,0.00828711
0,0.044185378
0,0.0073361876
0,0.008026172
0,0.024875248
0,0.053536836
0,0.03975756
0,0.023341425
0,0.31063452
0,0.024554739
1,0.59443796
0,0.020046612
0,0.023367861
0,0.026479915
0,0.01705984
0,0.015468621
0,0.08803945
1,0.18875933
0,0.039594065
1,0.999895
0,0.12490487
0,0.021538654
0,0.018017124
1,0.28475
0,0.03147357
0,0.022589464
0,0.047730852
0,0.09099748
0,0.03766633
0,0.013662785
1,0.9700275
0,0.017305933
1,0.038852744
0,0.026950635
0,0.0050019287
0,0.014909865
0,0.020755075
0,0.010889921
0,0.045003366
1,0.7893265
0,0.027570462
1,0.78816944
1,0.6448961
0,0.14999634
0,0.083829075
1,0.9999256
0,0.09334444
1,0.21060598
0,0.01720019
0,0.13325804
1,0.65935344
0,0.019018814
1,0.42876968
1,0.19268885
0,0.003040008
1,0.91777736
1,0.89887905
0,0.021315807
1,0.9073733
1,0.06779968
0,0.018378036
0,0.06173207
0,0.03147766
0,0.009975203
0,0.029855741
0,0.044389877
0,0.09512731
0,0.054705348
1,0.16268152
0,0.04101642
0,0.005766025
0,0.036426444
0,0.043915786
0,0.16489477
0,0.009626422
0,0.03279185
1,0.9999256
1,0.8257921
0,0.014961611
1,0.15563175
0,0.09495018
0,0.0033560952
0,0.017991563
1,0.20336914
1,0.9683027
0,0.077096485
0,0.03617023
0,0.014274606
0,0.15750007
1,0.3694853
0,0.011798267
0,0.018556466
1,0.03335876
1,0.93588305
0,0.019816987
0,0.021927029
0,0.005743895
1,0.9979955
1,0.8553238
0,0.0140703125
0,0.03852508
0,0.060468666
0,0.060439173
0,0.017403146
0,0.02771646
0,0.07152673
0,0.012433477
0,0.01827645
0,0.12072919
0,0.04455438
0,0.04809521
0,0.039068267
0,0.032978654
0,0.020069135
0,0.04842184
0,0.017846748
0,0.07646622
0,0.032639068
1,0.11422738
0,0.07644693
0,0.013158154
0,0.052076943
1,0.18172978
0,0.011560192
0,0.028524272
1,0.26011133
0,0.03348992
0,0.044066742
0,0.048935637
0,0.104035586
0,0.020590521
0,0.0058486545
0,0.09417436
1,0.15833975
0,0.02716733
0,0.01939234
0,0.017050726
0,0.014038907
0,0.00872345
0,0.01331945
1,0.04014212
0,0.013903975
0,0.08028141
0,0.045765173
0,0.062241305
0,0.009804492
0,0.021370169
0,0.027849695
0,0.039816786
0,0.013197827
0,0.005636072
0,0.0059767086
0,0.012544861
0,0.033338938
0,0.035855144
0,0.028185818
0,0.06249599
0,0.00853749
0,0.026931142
0,0.008630092
0,0.021302084
1,0.8465432
0,0.010401043
0,0.036810942
1,0.8806043
0,0.0071071475
1,0.98113316
0,0.024030095
0,0.06385552
0,0.018937482
0,0.050092787
0,0.021022283
0,0.010264426
0,0.028017402
0,0.019601779
0,0.024671968
1,0.9999256
0,0.048968185
1,0.52713156
0,0.0126259485
0,0.0059501017
0,0.044275016
0,0.023827337
0,0.036973998
0,0.0057405797
0,0.02745208
0,0.015279399
0,0.0028386603
0,0.511689
0,0.015127928
0,0.04873346
0,0.02494189
1,0.9999256
1,0.89713097
0,0.014867203
0,0.013239176
0,0.01879924
0,0.017016938
1,0.46335006
0,0.046988253
0,0.2308263
0,0.0054667955
0,0.025476515
0,0.014764633
0,0.054007888
0,0.07479992
0,0.010756123
0,0.0520113
0,0.025882173
0,0.016588455
0,0.055036575
0,0.016860312
0,0.11283395
0,0.022338487
0,0.054404546
0,0.0052984785
0,0.022405932
0,0.008105426
0,0.009045471
0,0.021083478
0,0.062139045
0,0.051725585
1,0.99150944
0,0.012089122
0,0.0021062654
1,0.027077736
0,0.023782995
0,0.03267511
0,0.06218449
0,0.019631809
0,0.028369943
1,0.949759
0,0.015117311
0,0.033134803
0,0.010788185
1,0.9995301
0,0.032695845
0,0.027038697
0,0.0034456698
0,0.06431938
0,0.008891288
0,0.017960414
0,0.0068006003
0,0.061006226
0,0.011217371
1,0.30438986
0,0.013102834
0,0.051797483
0,0.028303346
0,0.011636124
0,0.23317996
0,0.05419208
0,0.6455085
0,0.009000183
0,0.013017402
0,0.036249205
0,0.019302774
0,0.022887686
0,0.05442967
0,0.014915315
0,0.035953645
0,0.021460686
0,0.10755695
0,0.0036702366
1,0.11496573
0,0.019037137
0,0.018141896
1,0.99777335
0,0.022588812
0,0.02702771
0,0.038545847
0,0.029945591
1,0.9893489
0,0.03305161
1,0.9998166
0,0.0189541
0,0.07843322
0,0.0142634325
0,0.015958657
0,0.010273692
0,0.10833263
0,0.0302932
1,0.9663647
0,0.008148641
0,0.028089136
0,0.05532357
1,0.53415424
0,0.04398848
0,0.0724623
0,0.034733433
0,0.012079991
0,0.0036132827
0,0.01007811
0,0.04948993
0,0.019018179
0,0.33759108
0,0.016620636
0,0.013431698
0,0.08226838
0,0.030763967
0,0.1360829
1,0.309083
0,0.12649037
1,0.9482558
0,0.014312019
0,0.0073831594
0,0.0074988324
0,0.03039388
0,0.030833634
1,0.6873269
0,0.059946526
0,0.012952018
0,0.016957538
0,0.034895223
0,0.036793843
0,0.020154404
1,0.99939203
0,0.030649306
0,0.022189291
0,0.033168007
0,0.019348009
0,0.023666427
1,0.9673204
0,0.016258964
1,0.6126877
0,0.03892312
0,0.011045683
1,0.94908315
1,0.047268115
1,0.90743446
0,0.0116430195
0,0.0054502515
0,0.026555061
0,0.13798401
0,0.04994668
0,0.011377172
0,0.08673618
0,0.062509134
0,0.057964183
0,0.033503905
1,0.99913836
0,0.015993614
0,0.011737447
0,0.030398497
0,0.24271598
0,0.008064368
0,0.056003254
0,0.0449499
0,0.023765251
1,0.24407098
1,0.041704603
0,0.03781733
0,0.12409201
0,0.085101165
0,0.037950654
1,0.9999256
1,0.998987
0,0.0046955883
1,0.04004046
0,0.032679696
0,0.053752474
1,0.020813856
0,0.01393986
0,0.048615377
0,0.037622288
0,0.06539953
0,0.018038573
0,0.017672429
1,0.7591124
0,0.04269275
0,0.03915882
0,0.011638126
0,0.009382121
0,0.04424953
0,0.030089809
1,0.075315
1,0.7097507
0,0.013576792
0,0.07956696
0,0.013580297
0,0.047120605
0,0.0437505
0,0.026832998
1,0.5274271
0,0.030052312
1,0.098502
0,0.09301274
0,0.020428224
0,0.020542104
0,0.050537445
0,0.15239799
0,0.12890314
1,0.80794346
0,0.023474623
0,0.022070685
0,0.009176895
0,0.009595834
0,0.03053764
0,0.0124556525
0,0.07850041
0,0.014812014
0,0.052818496
0,0.031388808
0,0.07432693
1,0.027506905
0,0.02294988
0,0.03345703
1,0.03964924
0,0.009888493
0,0.04253465
0,0.009287184
0,0.011890212
1,0.6306544
1,0.036694925
0,0.01848539
0,0.0867258
0,0.12198215
0,0.010118766
0,0.009546704
0,0.05756289
0,0.015010511
1,0.23341073
0,0.021913059
0,0.045582242
0,0.017684817
1,0.9999256
1,0.69116825
0,0.073012374
0,0.062106848
0,0.020722566
1,0.923553
0,0.006596702
0,0.018399412
0,0.09100749
0,0.014394886
0,0.048118737
1,0.09309761
0,0.14461836
0,0.10161929
1,0.078162424
0,0.073670805
0,0.020894261
0,0.016095594
0,0.042187355
1,0.9999256
0,0.070388764
1,0.40969458
1,0.98748386
0,0.02043092
0,0.03389328
0,0.040801443
0,0.054019902
1,0.9990308
1,0.08877561
1,0.9998227
1,0.25705642
0,0.03232458
0,0.04087083
0,0.011297971
0,0.014534316
0,0.027082391
0,0.018053822
0,0.006573803
0,0.05574261
0,0.05187012
1,0.32184702
0,0.29350284
0,0.0251477
1,0.32998493
0,0.012536548
1,0.26428622
0,0.036639597
0,0.020069135
0,0.012361469
0,0.0045464244
1,0.999795
0,0.022051763
0,0.013013188
0,0.059737578
0,0.008728873
0,0.053195734
1,0.68778056
0,0.01702096
0,0.07210431
0,0.021879308
0,0.008128998
0,0.12354386
1,0.71371794
0,0.037383474
0,0.32108152
0,0.09920231
0,0.014885582
0,0.037893113
0,0.07778787
0,0.09804058
0,0.02353523
0,0.08306627
0,0.0030419452
0,0.02172174
0,0.0343582
1,0.80704725
0,0.024200168
0,0.035526406
0,0.052977692
0,0.020269083
0,0.021111388
0,0.03161049
0,0.018390853
0,0.012217216
1,0.95558393
1,0.26635614
1,0.9999256
0,0.0747411
0,0.025961204
0,0.016308237
0,0.020614369
1,0.9999256
0,0.122928165
0,0.03907617
1,0.62556523
1,0.7611672
0,0.046541955
0,0.016449818
0,0.02072121
0,0.050328743
0,0.046850324
0,0.017882826
0,0.023355631
0,0.048935015
0,0.034243394
1,0.99932504
1,0.06759801
0,0.020617176
0,0.007727724
0,0.042235937
1,0.9768763
1,0.26984537
0,0.013893204
0,0.03514522
0,0.015752073
1,0.47870812
1,0.4728864
0,0.025208833
0,0.067970276
0,0.032328762
0,0.017161477
0,0.008739442
1,0.06151381
0,0.026821384
0,0.021011397
0,0.038082365
0,0.013969306
0,0.009686652
0,0.028122338
0,0.08084541
0,0.03700333
0,0.011156637
0,0.010229958
1,0.9999225
0,0.007856525
0,0.013353847
0,0.08682562
0,0.025078245
0,0.026965395
0,0.020291286
1,0.1277039
0,0.016839158
0,0.116647154
0,0.010364546
0,0.054225773
0,0.18615173
0,0.043248538
1,0.9508359
0,0.022686394
0,0.014108829
0,0.024654517
0,0.22079256
0,0.024858547
1,0.99970263
0,0.03212047
0,0.016273422
1,0.2172255
0,0.0036487163
0,0.015837347
0,0.00847312
1,0.03713101
0,0.018472053
0,0.036798853
0,0.029231157
0,0.023657206
0,0.17770855
0,0.021928936
0,0.015364287
0,0.013420966
0,0.028508743
0,0.07216507
1,0.34285763
1,0.92663676
0,0.0663842
0,0.03131304
0,0.11845048
1,0.86914045
0,0.16069557
0,0.009079476
1,0.9999256
0,0.036578026
0,0.12209912
0,0.024312979
0,0.022060188
1,0.99782985
1,0.90947145
1,0.06533448
1,0.8231
1,0.033561
0,0.33065102
0,0.029745298
0,0.16404237
0,0.03340153
0,0.045416325
1,0.67588603
0,0.025673524
1,0.046308756
0,0.042402714
1,0.98072857
0,0.019626698
0,0.017759817
0,0.03890298
0,0.2436141
0,0.03161889
0,0.013973562
0,0.02543671
0,0.034088492
0,0.016886597
0,0.009187276
0,0.0077977944
0,0.027390318
0,0.032283247
0,0.013376062
0,0.034320336
0,0.06819315
0,0.0110828215
0,0.009234827
0,0.026700893
0,0.141838
0,0.02263633
0,0.010845195
0,0.028217392
0,0.052451875
1,0.9999056
0,0.030655276
1,0.9999256
0,0.0138886385
1,0.9999256
0,0.018454451
0,0.056625802
0,0.013778753
0,0.3759876
0,0.051952094
1,0.9298376
0,0.033837907
0,0.028806444
0,0.09870063
0,0.014639953
0,0.01821589
0,0.008722386
1,0.8321158
0,0.14110011
0,0.009456779
1,0.033934187
0,0.016632004
0,0.030654818
0,0.020141426
0,0.047053102
1,0.96071875
0,0.031068344
0,0.013246174
0,0.019395923
0,0.021559158
0,0.045192756
1,0.82784784
0,0.014182689
0,0.03565973
0,0.25543496
1,0.15540002
0,0.009864745
0,0.016124375
0,0.06643459
0,0.01570847
0,0.016354874
0,0.012040704
1,0.20545907
0,0.04590772
0,0.030388448
0,0.034975164
0,0.016613562
0,0.0055281427
1,0.09726679
1,0.1028261
1,0.78879213
0,0.054794244
0,0.008669287
1,0.12302816
1,0.41981465
0,0.016786458
0,0.121123075
0,0.13452362
0,0.011735511
1,0.967473
1,0.20459452
0,0.03296701
0,0.03846635
0,0.08221517
0,0.059051335
0,0.050620884
0,0.14121921
0,0.016885338
0,0.01790587
0,0.0099807335
0,0.032959543
1,0.44337937
0,0.031788256
0,0.26148129
1,0.2491925
1,0.9822713
0,0.047313135
0,0.028627126
0,0.19891948
0,0.016633866
0,0.019536719
0,0.019122332
0,0.14052051
0,0.0088480655
0,0.007910045
0,0.067330875
0,0.028016334
0,0.050146602
0,0.026909538
0,0.013583389
0,0.020045854
1,0.057985056
1,0.6489639
0,0.036605235
0,0.042127367
0,0.05662905
0,0.008874807
0,0.041357137
0,0.019069672
1,0.6519544
0,0.009146223
1,0.98683923
0,0.019142816
0,0.025589671
0,0.005277415
0,0.016838241
0,0.024346523
0,0.009731315
0,0.018444633
0,0.0827074
0,0.24678494
0,0.031448692
1,0.96328264
0,0.014894017
0,0.018472485
0,0.079800256
0,0.026830627
0,0.0202441
0,0.042228684
1,0.82195
0,0.15906237
0,0.005870696
0,0.014405302
0,0.014967023
0,0.054913644
0,0.01745473
0,0.026659708
0,0.056153346
1,0.9981275
1,0.70325744
0,0.0071210377
0,0.09780984
0,0.13572527
0,0.0055980366
1,0.309908
1,0.28671837
0,0.018600337
0,0.033895954
1,0.9999256
0,0.027331179
0,0.019622458
1,0.4482845
1,0.22225225
1,0.9975871
0,0.020724637
0,0.01122628
0,0.020783367
0,0.064090356
0,0.027027553
0,0.03229415
0,0.052841593
0,0.03895581
0,0.013587384
0,0.08624369
0,0.025465325
0,0.009348495
1,0.9989089
0,0.012000265
0,0.02158776
0,0.08980211
0,0.014357571
0,0.0050795623
0,0.0065935403
0,0.016025478
1,0.9724492
0,0.0072497115
0,0.03577455
0,0.027048042
0,0.017548606
0,0.00973925
0,0.009273032
1,0.12398994
0,0.1459071
0,0.06821226
0,0.019576833
1,0.7912863
0,0.03978778
0,0.01944728
0,0.028729727
0,0.024384044
1,0.081945166
0,0.071102366
0,0.031444613
0,0.025713747
0,0.11913553
0,0.011054787
0,0.014162936
1,0.022778211
1,0.21446653
0,0.13408545
1,0.7221724
0,0.07328044
0,0.051597808
0,0.022514783
0,0.03120713
0,0.049370803
0,0.0073234304
0,0.048835002
1,0.62502426
0,0.10358509
1,0.8810936
0,0.061612573
0,0.022924822
1,0.500581
0,0.007851278
0,0.020539014
1,0.8297389
0,0.022796117
1,0.05891724
1,0.9367399
1,0.98004043
0,0.021308651
0,0.08519306
1,0.99766916
1,0.19601656
0,0.06924857
0,0.01730629
0,0.01822773
0,0.011466349
1,0.94159895
0,0.021349935
0,0.030313354
0,0.011966211
1,0.9999256
0,0.020464988
0,0.048918553
0,0.09662447
0,0.013303968
0,0.010348732
0,0.01437799
0,0.03376015
0,0.011900356
1,0.07694868
0,0.031442575
1,0.2642016
0,0.08525573
0,0.010193191
0,0.045211494
0,0.010787075
0,0.03063049
1,0.05773941
0,0.06220708
1,0.7031102
0,0.0917877
0,0.019209955
0,0.023479717
0,0.021142079
0,0.013226244
0,0.018835945
0,0.06575612
1,0.28569543
1,0.79233944
0,0.038223695
0,0.05682857
0,0.026467292
0,0.040476058
0,0.07363869
0,0.030550037
0,0.026901584
0,0.02439623
0,0.013956649
0,0.03740859
0,0.08638953
0,0.02934534
1,0.436964
0,0.029988905
1,0.9997583
0,0.02411698
1,0.120319195
0,0.028060395
0,0.036933396
0,0.031318028
1,0.98853
1,0.96465623
1,0.9999256
0,0.018635057
0,0.031548936
0,0.021079699
0,0.025154503
0,0.17171223
0,0.03144995
0,0.0183819
1,0.5537269
0,0.06381931
0,0.016718721
0,0.015029261
0,0.025377909
0,0.14214572
0,0.023171779
0,0.046233296
1,0.5205323
0,0.074544884
1,0.94249713
1,0.5836546
0,0.00978044
0,0.049248364
1,0.9995067
1,0.063443705
0,0.0142621985
0,0.16236608
0,0.026533697
0,0.0660585
0,0.011794065
0,0.012139905
0,0.04139962
0,0.015093844
0,0.01754032
0,0.05246325
0,0.028433412
0,0.03840361
0,0.019122941
0,0.032728698
0,0.02341103
1,0.30806714
0,0.013739219
0,0.011150363
0,0.015289187
0,0.04669394
1,0.08167205
0,0.014053528
0,0.018665252
1,0.72666514
0,0.26377228
0,0.0058873165
0,0.015194015
0,0.06871411
0,0.013494378
0,0.041671388
1,0.52209085
0,0.013270665
0,0.0142966155
0,0.02411891
0,0.021817038
0,0.022282902
0,0.031257406
1,0.9999256
0,0.048797432
0,0.07562188
0,0.027455442
0,0.07076056
1,0.9986498
0,0.045227915
0,0.019993685
0,0.03475579
0,0.044385824
0,0.0506953
0,0.009815015
0,0.013583753
0,0.024781346
1,0.34369686
0,0.05324111
0,0.09168466
0,0.013385624
0,0.08105982
0,0.012299245
0,0.014852383
0,0.010705831
0,0.03591468
0,0.014328685
1,0.20378153
0,0.007743078
0,0.04835183
0,0.08618133
1,0.30818903
0,0.054912142
0,0.9926173
1,0.99782014
0,0.061246123
0,0.08734617
0,0.058500703
1,0.96062106
0,0.030374521
0,0.07564964
0,0.013525403
0,0.023140445
0,0.1528454
0,0.009347567
0,0.10172061
0,0.017984768
0,0.0119132595
0,0.03487507
0,0.023654025
0,0.18882912
0,0.02208825
1,0.9686235
1,0.9999256
0,0.026617961
0,0.023724832
0,0.024099514
0,0.06876874
0,0.037279088
0,0.06377032
1,0.63635933
0,0.20380203
0,0.018285815
0,0.019737838
0,0.009798966
0,0.075591005
0,0.32098255
1,0.9999256
0,0.035134975
0,0.022138204
0,0.0082623605
0,0.0045436975
0,0.015827635
0,0.023251215
0,0.022340814
0,0.009321415
1,0.5993029
0,0.011708582
0,0.015053569
1,0.988079
0,0.03334985
0,0.036005553
0,0.05514301
0,0.009627131
0,0.007020875
0,0.037492443
0,0.047319967
0,0.021240095
0,0.026998501
0,0.021782203
0,0.017273907
1,0.09856399
0,0.030104097
0,0.06735563
0,0.0108221695
0,0.046472903
0,0.06349987
0,0.114084184
0,0.01649919
0,0.024087757
1,0.93156433
0,0.018754506
0,0.021303456
0,0.0062881024
0,0.021512974
0,0.015794514
0,0.022612674
0,0.030034494
0,0.05688549
1,0.49243376
1,0.03690699
0,0.06990184
0,0.011690436
0,0.11531136
0,0.019715391
1,0.9961366
0,0.015065558
0,0.03262015
0,0.02137168
1,0.3577062
0,0.024311017
0,0.014521229
0,0.06921049
0,0.021954335
0,0.17487155
0,0.013899249
0,0.03204166
0,0.02496594
0,0.024318816
0,0.27480447
0,0.02429842
1,0.051550563
0,0.011482282
0,0.028401254
0,0.017860997
0,0.039197505
0,0.017121166
0,0.02342115
0,0.039247368
0,0.031568754
0,0.0713245
0,0.09540859
0,0.0440776
0,0.011544065
0,0.007616083
0,0.017624432
0,0.01603962
0,0.03194211
1,0.9996381
1,0.09922481
0,0.031356696
0,0.02744805
0,0.033282753
0,0.0061682286
0,0.017865531
0,0.021205265
0,0.033494227
0,0.003968014
0,0.16043037
0,0.028525071
0,0.0140676005
0,0.02052867
1,0.9752035
0,0.01306351
0,0.014481167
0,0.029030137
0,0.052897524
0,0.05176928
0,0.004034039
0,0.05600586
0,0.022005064
0,0.010788918
0,0.037320986
0,0.007910341
0,0.051540308
1,0.11497236
1,0.31337237
0,0.020192277
1,0.74495596
0,0.01241731
0,0.009840072
0,0.027653007
0,0.020623185
0,0.020635298
0,0.10768696
0,0.09279604
0,0.035018716
0,0.0043030595
1,0.01868682
0,0.07106526
0,0.029865727
0,0.023793798
1,0.8843086
0,0.043832704
0,0.038313374
0,0.026754295
0,0.06837492
1,0.8638269
0,0.022602586
0,0.006301808
0,0.026820786
0,0.00968866
0,0.234906
0,0.04456025
1,0.9999056
0,0.021586701
0,0.03171429
1,0.8802792
1,0.99181634
0,0.015232184
0,0.017325576
0,0.109698184
0,0.012084556
0,0.10134484
0,0.08559712
0,0.08141888
0,0.04682865
0,0.013077103
0,0.016792377
0,0.034710694
1,0.9998067
0,0.02403466
0,0.02121009
1,0.55210084
0,0.019158902
0,0.01462937
1,0.57255197
1,0.057630803
0,0.041569214
0,0.03132145
1,0.46945748
0,0.014388407
0,0.06356252
0,0.054264825
0,0.012477244
0,0.0070400923
0,0.027439553
0,0.029332004
0,0.043240536
0,0.012792266
0,0.012011504
0,0.013089682
1,0.21701434
0,0.011339069
0,0.012393008
0,0.039622277
0,0.09742054
1,0.36589932
1,0.40409872
0,0.046331357
0,0.045058783
0,0.047502935
0,0.014515593
0,0.02072379
0,0.0109655075
0,0.04596254
1,0.123630844
1,0.886656
0,0.009961594
0,0.037721455
0,0.009463222
0,0.010254359
0,0.009263964
0,0.01880232
0,0.01617006
0,0.04356962
0,0.03397296
0,0.041535307
1,0.008052266
0,0.017488038
1,0.097337954
0,0.038070064
0,0.028212672
1,0.9250714
0,0.01472366
0,0.014682061
0,0.30640918
0,0.030127203
1,0.69770086
1,0.49341846
0,0.020027835
0,0.097595416
1,0.89224553
0,0.01264695
1,0.9999256
1,0.9987179
1,0.04506492
0,0.019302737
0,0.12826614
0,0.02595793
0,0.03541981
1,0.877268
0,0.03636719
0,0.05898599
0,0.0288182
0,0.037934884
0,0.02370646
0,0.013493407
0,0.022823125
0,0.03094184
0,0.015427673
0,0.029960718
0,0.05953802
0,0.07025746
0,0.041331947
0,0.04828474
0,0.0557309
0,0.015932582
1,0.42116907
1,0.990132
0,0.03119657
0,0.008816212
0,0.020198237
1,0.7261081
1,0.4376124
1,0.9425367
0,0.03637375
1,0.998987
0,0.004696765
0,0.040374648
0,0.024924587
0,0.07283559
0,0.03437995
0,0.044212095
1,0.07453502
0,0.11267516
1,0.87368155
0,0.016181383
0,0.038793087
0,0.0223066
0,0.06530444
0,0.01051327
0,0.01756828
0,0.015109823
0,0.014134841
0,0.044023454
0,0.057668198
1,0.9998925
0,0.009943781
0,0.008935126
0,0.047785576
1,0.9983577
0,0.021719212
0,0.14006138
0,0.01587216
0,0.029135402
1,0.9993117
0,0.044887893
0,0.009487815
0,0.014581647
0,0.017530283
0,0.02005408
0,0.019177707
1,0.08072112
0,0.006369531
0,0.021223007
1,0.24907406
0,0.018877301
0,0.025876492
0,0.013467446
0,0.015826767
0,0.049820952
0,0.05386895
0,0.010947536
1,0.2218279
0,0.012140586
1,0.048645854
0,0.01102908
0,0.023098074
0,0.046931166
0,0.033470478
0,0.007895861
0,0.032835852
0,0.035255134
0,0.02542133
1,0.4258076
1,0.7796469
1,0.9898261
1,0.87264943
0,0.048318975
1,0.9999256
0,0.008804931
0,0.011326861
0,0.018410383
0,0.009327097
0,0.014862958
0,0.13458037
0,0.062719375
0,0.14391755
0,0.0100315595
1,0.48240545
0,0.007984897
0,0.015942328
0,0.012619238
0,0.05480736
0,0.015509231
0,0.016931629
0,0.019050503
0,0.0042823036
0,0.03465798
0,0.16734901
0,0.005313722
1,0.4319641
0,0.0439639
0,0.1615905
1,0.506682
0,0.04500059
0,0.19899838
0,0.0144565925
1,0.1728127
0,0.03972091
0,0.04358971
0,0.034038786
0,0.13222805
0,0.014825965
1,0.32516688
1,0.66611755
0,0.009810906
0,0.007999482
0,0.009045227
0,0.01421454
0,0.111999445
0,0.04538834
0,0.04236013
0,0.012481669
0,0.016382312
1,0.99147815
0,0.017372767
0,0.038031396
0,0.028251017
0,0.013286571
0,0.036848035
0,0.008384496
1,0.84950435
0,0.12135204
0,0.017195944
0,0.03664644
0,0.01028234
0,0.007751696
0,0.041222695
0,0.011115186
0,0.038928464
0,0.023085117
0,0.02658563
0,0.102118365
0,0.07130105
0,0.02977704
1,0.99956065
0,0.033251047
0,0.018468518
0,0.031866264
1,0.9999256
0,0.01952242
1,0.91559505
0,0.017868534
0,0.022543686
0,0.035056394
0,0.5367343
1,0.9977843
0,0.027659426
0,0.05994798
0,0.010115131
0,0.120081484
0,0.041884143
1,0.010201969
0,0.08268915
1,0.9793241
0,0.031379864
0,0.03777394
0,0.053480484
1,0.19793363
0,0.02754816
1,0.98840535
0,0.02383999
0,0.008639027
0,0.013085069
0,0.027701903
0,0.0098752575
1,0.83246714
0,0.017435491
0,0.011487295
0,0.012198177
0,0.040634032
1,0.02682157
0,0.044630807
0,0.006682683
0,0.055420104
0,0.03430776
1,0.58412486
0,0.023160473
0,0.034749698
0,0.017197441
0,0.02665733
1,0.67896533
0,0.010567043
0,0.011956146
0,0.07279396
0,0.14175418
0,0.043338597
1,0.008970406
0,0.024159415
1,0.998423
0,0.051345464
0,0.027153974
0,0.016657375
0,0.031679563
0,0.036499742
0,0.018620547
0,0.017842755
0,0.096282795
1,0.51958174
0,0.024875363
0,0.0060339486
0,0.14302486
0,0.027067011
0,0.01857649
0,0.020630514
0,0.012727837
0,0.030885436
0,0.06950263
0,0.059442937
0,0.0034351905
0,0.024349706
0,0.074473746
0,0.024928939
0,0.015418492
0,0.048591655
0,0.052966822
1,0.82291317
0,0.021751387
0,0.070453435
0,0.055864863
