y_true,y_prob
0,0.20327302621886206
1,0.2017970819653117
0,0.20520625131206782
1,0.22122136527221792
1,0.19506954577189684
0,0.19034420454082665
0,0.20189191542040894
0,0.1880120182266877
0,0.14761180181646893
0,0.18395870816259852
0,0.22620837608066374
1,0.20114774865948787
1,0.14761180181646893
0,0.1738374193972534
0,0.21004174454865165
0,0.21493550572375322
1,0.14761180181646893
0,0.18204455807574646
0,0.2227246269467461
0,0.20557893817484607
0,0.20393896177472823
0,0.18423802872883246
0,0.18098794813300786
1,0.20432359801221522
0,0.19915355747288377
0,0.2134655833149522
1,0.18262675720795307
1,0.2041235357077471
0,0.18114943483349336
0,0.1882664165608598
0,0.17803149422162803
1,0.2082502802867099
1,0.20939953648391635
0,0.2174710505174561
0,0.21630141977766942
0,0.19758626433159684
0,0.19388559815869255
0,0.2029548636983453
0,0.21294261678496376
0,0.21929968640327538
0,0.20340571569577687
0,0.19273778492439028
0,0.17639658593636615
0,0.2006666499848839
0,0.1906020518565158
1,0.20964642936545275
0,0.21368716960940193
0,0.20954101575001707
1,0.21015850866765337
0,0.1990883664385666
1,0.20674598063743813
0,0.14761180181646893
1,0.21356348253567406
1,0.14761180181646893
1,0.19555132087781563
0,0.21549592759609307
0,0.14761180181646893
0,0.22793617514763667
0,0.14761180181646893
0,0.21194353814838188
0,0.19061556504659394
0,0.20188172447196562
0,0.20478244517665076
0,0.17960147069734017
0,0.19728394939181126
0,0.20440257548044216
1,0.22306103791168821
0,0.208512336024379
0,0.18468987345279686
0,0.20000703381866825
0,0.21078932491187224
0,0.2002546296060349
0,0.21429388196890822
0,0.22064689541606816
0,0.20666473939532898
0,0.19049661577868707
0,0.22519965397942246
0,0.20885969446860517
1,0.20281836991520874
1,0.14761180181646893
0,0.20573424065691368
0,0.1822244314893
0,0.14761180181646893
0,0.2093473691693385
0,0.1831185435911259
1,0.2004160493076161
0,0.19746415883184223
0,0.20403358950149725
0,0.20198470127673626
0,0.18579079930783243
0,0.20467857628041936
0,0.19995656972955156
0,0.20959102077129632
1,0.19317092934063956
0,0.22201751630357572
1,0.2057289771283049
0,0.2138423943995557
0,0.18972965480085188
0,0.20296981139064388
0,0.19328271521624
0,0.19727504361989662
0,0.14761180181646893
1,0.2161447103378177
0,0.19281405802950816
0,0.2125743776260567
0,0.1833063979125027
0,0.20445582689091407
0,0.21413171027442676
0,0.14761180181646893
0,0.2165253819545944
1,0.193423518335815
1,0.20394551951001086
0,0.2164793672394219
1,0.14761180181646893
0,0.19707504198828915
0,0.18994589601233441
0,0.2029871822239873
0,0.2083976271520412
0,0.1853460816222748
0,0.22613292803578788
0,0.19949618786451184
0,0.14761180181646893
0,0.21308902349591374
0,0.20663049618503
0,0.21402445975349357
0,0.2120533665562332
0,0.19350256850520484
1,0.21016995928478613
0,0.21631366248147132
0,0.2039451874272744
1,0.20089014138226635
1,0.20194058600926754
0,0.20110524917951572
0,0.21850332907224507
0,0.21895258029335463
0,0.19506345436985664
1,0.1880412649577472
0,0.20487682433041468
0,0.21664083727114106
1,0.1976130990739783
0,0.2135126626308798
0,0.22260395149927265
1,0.19519986482837082
1,0.20696030510037347
0,0.21114419612838506
0,0.21678510723612812
0,0.19045758256374712
0,0.20453156960466898
0,0.14761180181646893
0,0.2123000648334215
0,0.19321875034502362
0,0.1999693030121439
0,0.1950218158750111
1,0.20743929287461324
0,0.18351456306885355
0,0.19447935706533417
0,0.20885049632317834
0,0.180838463058989
0,0.20441225542189986
0,0.20783867430666286
0,0.20485965705974146
0,0.20230438319435368
0,0.14761180181646893
0,0.18489837126181632
0,0.19199656514934285
0,0.21940026116398417
0,0.1915910916268506
0,0.2227373393423312
1,0.22020091234878464
1,0.20795242676525402
0,0.2047146106332497
0,0.2060909343824941
0,0.17770211239316094
0,0.21119987528949016
0,0.177724331593276
1,0.20136399902745644
1,0.20707233632510805
0,0.21457734084677357
0,0.19825029265066063
0,0.19821970510633768
0,0.22389646892306048
0,0.20544474810293054
0,0.18884292540653794
0,0.20740942934795534
1,0.1990665101163945
0,0.19504861356215747
1,0.21452128432387263
0,0.19886323079797813
0,0.22493898950376562
1,0.19664370843671022
0,0.2057863057518485
1,0.19829141818396703
0,0.2023576366807933
0,0.20105962199362507
1,0.2134431725164403
0,0.20077122684788787
0,0.14761180181646893
0,0.21334005703439432
1,0.20117452241200612
0,0.2131807214270594
0,0.1865171924088934
0,0.21389891753740828
0,0.19361908818458912
0,0.19617813993773747
0,0.14761180181646893
1,0.18698362260688478
1,0.2161473058174436
0,0.1899708272714275
0,0.20060910441043278
0,0.21831384023203626
1,0.20967695355893495
0,0.22166972655556452
0,0.14761180181646893
1,0.21587622062302014
0,0.1833753140726746
1,0.19277168796902514
0,0.19023287559136992
1,0.1947461512945356
1,0.18753097745455308
0,0.20312042834623126
0,0.20704793103619423
0,0.22198943835454127
0,0.21743569314482805
0,0.20754164822667684
0,0.20158402127654698
0,0.2164732466724936
0,0.19458741379755837
0,0.2224827564260784
1,0.19839509903158625
0,0.19249389917509951
0,0.19640973825981617
0,0.20653045004844375
0,0.2119898135106617
0,0.21206764646178108
1,0.20897102493255812
0,0.20125940345542373
1,0.21278424191086234
0,0.1902920767783171
0,0.20175592705691037
0,0.20603706345052028
0,0.2026965988794127
0,0.18253321411133264
0,0.20607110011414295
0,0.14761180181646893
1,0.22230510287176594
0,0.20560243456763497
0,0.20391851075997783
0,0.14761180181646893
0,0.20163217973437955
1,0.20714197402080609
0,0.2148365131052898
1,0.21490514028212257
0,0.14761180181646893
0,0.2078176610179896
1,0.20036553398322463
1,0.2105866262756991
0,0.2075314519742572
0,0.19077154195882223
1,0.20446024635924437
0,0.18736428394742707
0,0.14761180181646893
0,0.19873220526950366
0,0.21613681136233892
1,0.2021988532445977
0,0.19781526120688275
0,0.20684825391112127
0,0.19994543386561506
0,0.1993441531556778
0,0.14761180181646893
1,0.20235566135564304
0,0.20134182629524525
0,0.2040949852338511
0,0.19858085708784187
0,0.20125993796146568
0,0.14761180181646893
0,0.19622682724069762
0,0.14761180181646893
0,0.20104832372678638
0,0.22041553598264627
0,0.1905771704955359
0,0.20875509643818668
0,0.20216595912283997
0,0.1861095655480271
0,0.19847302335869618
0,0.2313007892367671
0,0.1969325293687622
0,0.14761180181646893
0,0.20983715477827306
0,0.20106434997255648
0,0.20064300026544282
0,0.19923992831889073
0,0.20235003720466718
0,0.18045599894574896
0,0.2225085122388193
0,0.21282906345801864
0,0.20961026129153681
0,0.19400780715852206
0,0.2009879286200416
0,0.19089293486439837
0,0.19888979640521406
0,0.19475364298962278
0,0.1839834542100655
0,0.18972058832351005
0,0.19926859273338599
0,0.1928204023262514
0,0.1928659322206981
0,0.20211404645426642
1,0.2073034688330184
1,0.14761180181646893
1,0.14761180181646893
1,0.20734253885874301
1,0.19829519102311383
0,0.21097501644373726
0,0.22319527173600656
0,0.21150658098313602
1,0.21226039503385957
0,0.20416159124084915
0,0.19365897313186872
0,0.21269107278830193
0,0.14761180181646893
1,0.2126650443685477
0,0.1814370148417159
1,0.19802368398422543
1,0.20999233833280775
1,0.20687409032188359
0,0.221047675083337
0,0.209950808313135
1,0.14761180181646893
0,0.20229406739318928
0,0.19718691122894721
0,0.19489745969029654
0,0.1950930360001343
0,0.20785049867416694
1,0.2114285986573034
0,0.20970562983709462
1,0.21332525979102857
0,0.19214518498526062
0,0.22095152953587513
1,0.186758922181898
0,0.20319299739274493
0,0.14761180181646893
0,0.14761180181646893
0,0.1972888899073491
0,0.2048276032710173
0,0.14761180181646893
0,0.20916634727269798
0,0.19958568967615994
0,0.1966620351530593
1,0.21368026212828026
0,0.14761180181646893
0,0.20772212687585453
1,0.20236672270964928
0,0.21794484644082535
0,0.20140249891824533
0,0.20252300867094009
0,0.20871189178339372
0,0.14761180181646893
0,0.2047765261078921
0,0.20846444757236002
1,0.21002390761900816
0,0.20493842076977076
0,0.2672780719027612
1,0.14761180181646893
0,0.2078000171480187
0,0.19481569534961418
0,0.2036642871107156
0,0.21518678411245887
0,0.14761180181646893
1,0.2062583166117277
0,0.19806126228171161
1,0.21662068006407983
0,0.21635965263936918
1,0.1932323211595054
0,0.18945644194783604
0,0.20177259895921604
0,0.20120523794011055
0,0.2036909905555041
0,0.1999897549925561
0,0.20895280158227122
0,0.18054816759203224
1,0.21109656227241622
0,0.1905142748698841
0,0.2260443606590031
0,0.14761180181646893
0,0.20089136222260717
1,0.19566192341965719
0,0.20648749955742654
1,0.20540635936491566
0,0.21381044219152154
0,0.20535189293337222
0,0.20755014757929716
0,0.21587975499844694
0,0.209828178253121
0,0.14761180181646893
0,0.1832360570091583
0,0.20538803209408768
0,0.18606030467099707
0,0.18558454696901427
0,0.20856210471769787
1,0.20522199489826318
1,0.21846828313426436
0,0.21076531939961995
0,0.1887924284939106
0,0.20067841000125225
0,0.20806173546300352
0,0.2039720686899416
0,0.14761180181646893
0,0.1815302354920189
0,0.2046807810186639
0,0.20340752259222972
0,0.21638227140979643
1,0.1858111952970029
0,0.19381384616949746
1,0.21393192805885444
0,0.20405789613406108
1,0.2282988017302355
0,0.21869826855714442
0,0.19435464973115144
0,0.2115138544705452
1,0.1991537627431077
1,0.19449528618287432
0,0.2220016799896376
0,0.1998760867205313
1,0.19438647759601682
0,0.14761180181646893
0,0.18983657175777702
1,0.20956530498683323
0,0.174704267096487
0,0.2070937231812993
0,0.20494018782074325
0,0.21285002567741773
1,0.18558090121884782
0,0.2144300852765505
0,0.14761180181646893
0,0.19929140176573606
0,0.20394569305455165
1,0.21129029557217816
1,0.20099137833965489
0,0.19285825571146276
0,0.21854246659343057
0,0.2086955992145133
1,0.20390906990309374
1,0.20490121355381774
0,0.20776580604756228
0,0.19867334904929845
1,0.21259803547054304
0,0.2005536448780255
0,0.20200209258051227
0,0.21689924528116086
0,0.21652986159902607
0,0.19838411844490855
0,0.20871291123549904
0,0.14761180181646893
0,0.20772212687585453
0,0.20622078808576422
1,0.21745629678784603
0,0.22095431958766976
1,0.14761180181646893
0,0.19298072704543548
0,0.21398957120134368
1,0.2070923335714535
0,0.20363797897315195
0,0.14761180181646893
1,0.20479875122553645
0,0.21662377448343864
0,0.17641625668159475
0,0.14761180181646893
0,0.20422445661072972
0,0.19637505228329247
1,0.21292676123001467
0,0.19939140122764598
0,0.205703350626198
0,0.14761180181646893
0,0.19625529039332854
0,0.19544234435846253
1,0.21054852770234547
0,0.1965146279859426
0,0.19246731274374118
0,0.207405673876122
0,0.20759172981545748
0,0.19962951180649618
0,0.19314396574929205
1,0.21742014891715808
0,0.23699899625105209
1,0.20832100498027395
0,0.21704313792324667
1,0.19919140463435772
0,0.20193573088133984
0,0.14761180181646893
0,0.19881852519071322
1,0.20904793295123864
0,0.14761180181646893
0,0.20080021378049068
0,0.21177826848420886
0,0.20229789006639803
0,0.19038509258257985
0,0.22670851186447707
0,0.18963630961137234
0,0.20431821054925575
0,0.14761180181646893
0,0.19529911722010654
1,0.2116576434712113
0,0.20408670053213057
1,0.14761180181646893
0,0.14761180181646893
0,0.22231982508148873
0,0.2168997026427707
0,0.20162066840827025
0,0.14761180181646893
0,0.2155773763713999
0,0.20895493126184422
0,0.2044199372934602
0,0.2035276642933591
0,0.20060285821035387
0,0.21360197758894112
0,0.21000580410740424
0,0.22550632143108731
0,0.1946126801757653
0,0.19126143158621164
0,0.2091457072032186
0,0.2049869728645871
0,0.20865427646232496
1,0.2197630707037865
0,0.20839162160581262
0,0.2137945921538954
0,0.2071983930651668
1,0.20411618869079465
0,0.2098285384625314
0,0.21636860827700016
0,0.19074044955981598
0,0.22002215698738511
0,0.19666596154924967
1,0.21476058019914282
0,0.1982542927287531
0,0.19967245933283437
0,0.14761180181646893
0,0.18652934909170557
0,0.188069727483562
1,0.22384820630846744
0,0.14761180181646893
0,0.19893486116394107
1,0.2142223942483572
0,0.19788378326244668
0,0.2107266203084734
0,0.21269989770856282
1,0.21256902227456007
0,0.2098230873947961
0,0.2064981149254123
0,0.20180189795019238
0,0.19636281588290064
0,0.19759352576524977
0,0.2178023577412419
0,0.20679017885986797
0,0.18875284294797365
1,0.2078266070045463
0,0.21194110366419036
0,0.21076751427536924
1,0.20806235090282216
0,0.19824063780166926
0,0.18854962802465322
0,0.20535924089676127
0,0.22096226658632515
0,0.20896622321505706
0,0.14761180181646893
1,0.21649572375494858
0,0.21196576431256708
1,0.19232359537651425
0,0.20653389212811551
0,0.22313121760413107
0,0.18256071764600665
1,0.2121582925276824
0,0.20857743168073095
0,0.20790206871548939
0,0.22085863939706454
0,0.19042083007149488
1,0.21365167491583334
0,0.1983756244480691
0,0.19498038808854296
0,0.21287716823826977
0,0.22429991829842708
0,0.1948341521409947
0,0.14761180181646893
0,0.21190450087956583
0,0.19349374762217628
1,0.14761180181646893
1,0.18805102822233777
0,0.20385620453510833
0,0.2034162754886867
0,0.2039406465654058
0,0.20047624051054097
0,0.21918460434591716
0,0.20706890140329517
0,0.14761180181646893
0,0.14761180181646893
0,0.19678534867064978
0,0.21897000106370354
0,0.20966763001556646
0,0.20251775405812317
0,0.21507850516124208
0,0.20921738743708013
1,0.20944321971758997
0,0.20760517923330976
0,0.21973326896083623
0,0.20476573019809172
0,0.19949881311369821
0,0.20060261963020198
0,0.19475276126438482
0,0.20220933634771776
0,0.19942775696555645
0,0.21088543101279494
1,0.21883386358236165
0,0.1933756195501746
0,0.2065840334586504
1,0.21794031426043103
0,0.21620554848209783
0,0.2078007375423232
0,0.20145709082273355
0,0.20800984516204543
1,0.20676748112299115
0,0.19627304552594743
0,0.2064043210671216
0,0.18669090781099285
0,0.24069346313050866
0,0.14761180181646893
1,0.20019502705100037
0,0.19992150411186974
0,0.21232174402798146
0,0.14761180181646893
0,0.18751453755764236
1,0.21509609523665255
0,0.20089136222260717
0,0.19164834059547656
1,0.19741123205644476
0,0.2013674950990434
0,0.14761180181646893
0,0.18796936347701984
1,0.20782439218126142
0,0.14761180181646893
0,0.1996502815654847
0,0.21188956963345432
0,0.1916062901380211
1,0.20831978696917278
0,0.2006744779112878
0,0.20967828796820118
0,0.18845014017654957
0,0.20058799305573888
1,0.1955358600324748
1,0.22176286973809722
1,0.22514273195315224
1,0.21449942052929494
0,0.20838910999339982
0,0.20155936485907563
0,0.1882238824851293
0,0.19832735794569833
1,0.19512127151887595
0,0.17880191309348661
1,0.21698484144828045
1,0.2078500362760842
1,0.20656434679435903
0,0.19880646794796816
0,0.1953831420765746
1,0.2015748046072853
0,0.19252634297641694
0,0.2089537008637032
1,0.21328539183190198
0,0.14761180181646893
0,0.20145258263322607
0,0.14761180181646893
0,0.199784112726348
0,0.20966982603812828
0,0.20138402058440677
0,0.20485309152879766
0,0.21434745453202497
0,0.1979389666261761
0,0.2100379767164602
0,0.20678292089915945
0,0.2117647077557207
0,0.14761180181646893
0,0.21859673136928495
1,0.20494168849330935
0,0.14761180181646893
0,0.19880786541285173
1,0.20874732309284497
0,0.21935361853408622
0,0.18978322669645653
0,0.2093448653435961
0,0.18653568505314355
0,0.19923450684080335
0,0.1934465542825212
0,0.21605138245451228
0,0.18948867868259198
0,0.18473362971484308
0,0.2174491432213007
0,0.1988884610444309
0,0.2020944131044177
0,0.14761180181646893
0,0.1931275229537335
0,0.1830214847844818
0,0.20557997647903362
1,0.14761180181646893
0,0.20505796828629907
0,0.2079829365843873
1,0.20241158328854575
1,0.19992295207436997
0,0.19960753958987137
0,0.20523900436409825
0,0.14761180181646893
0,0.20354583541534418
0,0.22120630074426667
0,0.2195762412176966
0,0.20787711489289054
1,0.2082882684335317
0,0.22952559551750518
0,0.1995653322264668
1,0.20127869855894598
0,0.1871625753325815
0,0.20685534010869755
0,0.21769055968146786
0,0.19871445953249772
0,0.2082998060734585
0,0.14761180181646893
0,0.1974923061569746
0,0.19451046034847905
0,0.21020351951542046
0,0.1859052405235212
0,0.2015496106044381
0,0.2015622934113968
0,0.2123507607653498
0,0.189046367448974
0,0.2170154289768367
0,0.21798582246943277
1,0.20827825072791548
0,0.20351774351560825
0,0.18108960516168088
0,0.20508827315024616
1,0.22425415253641037
0,0.21032392157738977
0,0.20941715218449086
0,0.1956272862776021
0,0.1976342746382031
0,0.23004477034376464
0,0.21200147011922446
0,0.14761180181646893
0,0.18982334363999287
0,0.21110984751494055
1,0.21116440747295728
0,0.2090383591904218
1,0.14761180181646893
0,0.21512166705842614
0,0.1985945106261858
0,0.20033029087811619
0,0.1996306415825931
0,0.22372883878530808
0,0.2110875197332534
0,0.22032265262311368
0,0.19832895117452726
0,0.20613820423370577
0,0.20404166711008712
0,0.1802215008644662
0,0.21325434547562985
1,0.19704978753088456
0,0.21365584536648277
0,0.22179071972345954
0,0.21004597974314934
0,0.19973531095100192
0,0.20765926972395718
0,0.14761180181646893
1,0.201354837274146
0,0.1976008240628224
1,0.2047671547468242
0,0.21411916671281278
0,0.14761180181646893
1,0.22264299925606804
1,0.20179373070143633
0,0.18324246623231952
0,0.1971724143557215
0,0.22060885040610823
0,0.20684995995733596
0,0.20576432548311316
0,0.20930856416443588
0,0.19862106909222754
0,0.2066302115946798
1,0.21118360160859623
0,0.19657226185534518
0,0.20957059108210718
0,0.1998175703522661
0,0.20860112603542022
0,0.14761180181646893
0,0.19967024896253696
0,0.20854912353786687
0,0.14761180181646893
1,0.21722044137697472
0,0.2087078608752635
1,0.18460967768235287
0,0.1971136948404882
1,0.19978548038700367
0,0.20245422402725152
1,0.21041096859426273
0,0.20870097784889044
1,0.20608516996530357
0,0.19426399039933462
0,0.2091794903477602
0,0.19748910155032362
1,0.14761180181646893
0,0.19567930360908842
0,0.20689749591832465
0,0.2081317223207162
0,0.2129345841821636
0,0.20009739225042902
0,0.19182970525109988
1,0.21480788141317197
1,0.21941621932451316
0,0.19089156789790573
0,0.19199252128004993
1,0.20620366624796563
0,0.2063441731596878
0,0.19512612974703666
0,0.21043655791526003
0,0.18562140734664206
0,0.14761180181646893
0,0.19762656217617533
0,0.2048262227031783
0,0.14761180181646893
0,0.20242913297611614
0,0.20214369747597474
0,0.21054829988873902
0,0.20193993003651722
0,0.22151118637943779
0,0.2105480218573841
0,0.20606077165512743
1,0.20861867016186056
1,0.2669648928621049
0,0.21274678398700111
0,0.2157457106679615
0,0.14761180181646893
0,0.20557754650005364
0,0.20251127253189735
0,0.14761180181646893
0,0.20954396510486745
0,0.21427403179535734
0,0.21607027126176567
1,0.2049977909414632
1,0.14761180181646893
0,0.20458913181667834
0,0.19376833187809164
0,0.14761180181646893
0,0.1941577786806304
0,0.20051152545709702
0,0.20174968337297502
0,0.21208878173764106
0,0.19084703883275236
0,0.20461691706980595
0,0.19890210059851865
1,0.19092761844346712
0,0.14761180181646893
0,0.14761180181646893
0,0.18560562723410334
0,0.21416426905323932
0,0.22267392658597077
0,0.14761180181646893
0,0.20660808098036226
1,0.2068569398814751
0,0.21157201092756542
0,0.18267304178690447
0,0.14761180181646893
0,0.2085113092857764
0,0.19402712457708832
1,0.21632424127229985
0,0.2124091892756002
1,0.2137101706140819
0,0.19564034819718298
0,0.19595839686622532
0,0.19874260613853467
1,0.21593376079259202
1,0.2016717907344939
0,0.14761180181646893
1,0.2131913217241876
0,0.21170998790831114
0,0.20241545770880762
0,0.19668925143152965
1,0.21342998066007923
0,0.20149001718722298
0,0.20686754934872786
0,0.19742616627916373
0,0.21369736384250476
0,0.20432180223761628
0,0.19938533370025527
0,0.1710656451774757
1,0.20114657892974527
0,0.19540893363340128
0,0.2148754720649136
0,0.19466675690989438
0,0.20501627854086366
0,0.20403219617062082
0,0.20406614749440302
0,0.22481638942322854
0,0.17932725308338973
0,0.18831861295507177
0,0.21171205748744817
0,0.20006657946216794
0,0.20315604245079757
0,0.21683604722585928
0,0.14761180181646893
0,0.21131697219815637
0,0.20329944463605765
0,0.19714052792300368
0,0.18095545876358318
0,0.1927371092404397
0,0.18716649193539994
0,0.20132628956506315
0,0.20039174460098264
0,0.2093133241334978
1,0.22600700121034425
0,0.21367442864984937
0,0.17499667752930553
0,0.21681535979547134
0,0.19745126675806432
0,0.19830550366967287
0,0.21104427528619565
1,0.18847271959872577
0,0.2040060943899348
0,0.20623068117657273
0,0.18013525376024125
0,0.20387226316280874
0,0.21056086336087518
1,0.1958547925734766
1,0.19951635646344823
1,0.2014467235768815
0,0.14761180181646893
0,0.21795118552212475
0,0.1933130649072839
0,0.21428189878526813
0,0.20561738869679877
0,0.21472593979427193
0,0.14761180181646893
0,0.21396928473233287
0,0.2063593292142369
0,0.14761180181646893
0,0.14761180181646893
0,0.20671573429269616
0,0.20794797633551163
0,0.20096483224859518
0,0.201463526463527
0,0.19934443760065307
0,0.21200054753047454
0,0.2257416557480102
0,0.1779461664551821
0,0.22046151711070547
0,0.201572582286286
0,0.20952654757200403
0,0.20089117230527945
0,0.20907889999907858
1,0.21494606201112923
0,0.21493008535725755
0,0.2046704629729798
0,0.2135881907471197
0,0.21400354926670892
0,0.19602031846191062
0,0.2153967551877458
0,0.21571730114944504
0,0.1840311773746094
0,0.2063943044716733
0,0.19030328682034026
0,0.14761180181646893
0,0.20263442477022844
0,0.14761180181646893
0,0.21177940981973525
1,0.19259629134137907
0,0.19922266270393052
1,0.21570052827389422
0,0.213319099982422
0,0.2152146890121757
0,0.22637916604422073
0,0.19689267391855658
0,0.19782622410844394
0,0.2074117551628864
0,0.20082562937716367
0,0.20378827025464946
0,0.19504563151364415
1,0.21068402889433063
0,0.21202889988891635
1,0.20170030849224238
0,0.1895881361629208
0,0.2003476693803301
0,0.20819661626372743
0,0.19318662565867556
0,0.18555904157922962
0,0.21333401154769385
0,0.2162112158939125
0,0.1966116630629678
0,0.22104456904371592
0,0.21736402630228188
1,0.20391553422476147
0,0.2106391945815669
0,0.20133228516733648
0,0.20745235947468763
1,0.21065523014196405
0,0.20312501767731073
0,0.18296080958464203
1,0.20632989119160594
0,0.18583113547675648
0,0.1986588321114392
0,0.14761180181646893
1,0.20168877569481736
1,0.20324079128432326
0,0.20532952342965005
1,0.18881080121972063
0,0.19935408536137034
1,0.19913519831981452
0,0.20098645362686782
0,0.22415688062224398
0,0.20314978743053552
0,0.2010283543554043
1,0.2034253575563978
0,0.1859359276996298
1,0.18086695440656017
0,0.20239189534811197
1,0.18709493723494033
1,0.20263365736301972
1,0.1963437025751925
0,0.14761180181646893
0,0.20396197355160295
0,0.20810307723038624
0,0.2113811463289208
0,0.20565206607747713
0,0.1821303975376682
0,0.20472310006176062
0,0.19939199661383672
0,0.21104151960336393
0,0.20987407532028185
0,0.14761180181646893
0,0.19312914947704837
0,0.21861376814657493
0,0.21261759771137045
0,0.19282273368199188
1,0.20015882295842427
0,0.2145600582046195
0,0.14761180181646893
0,0.20067641560740881
1,0.2227385421373393
1,0.14761180181646893
0,0.20003949500991547
1,0.21724806770114782
0,0.14761180181646893
0,0.20025396182321517
0,0.20087437151322546
0,0.14761180181646893
0,0.2316889554253752
0,0.21568099307778119
0,0.20389647391448687
0,0.19017548633127077
0,0.14761180181646893
0,0.21218059832471986
0,0.2126975277847595
0,0.14761180181646893
1,0.21028042416289483
0,0.20210572829453027
0,0.1960722519251932
0,0.22409605326673857
0,0.20492013638000248
1,0.21608434124306056
1,0.19453734035680723
0,0.2043051188165809
0,0.20416418556284538
0,0.19592080439111778
0,0.14761180181646893
1,0.20233331593871617
0,0.14761180181646893
0,0.22243240555086619
0,0.2157604459269592
0,0.20631586095031537
1,0.20350982094060946
0,0.21002618320097402
0,0.20736650684234365
0,0.20050859761264692
0,0.20272900591361243
0,0.2005643468904829
0,0.19823116585481843
1,0.19342797534847922
0,0.20016979226867304
0,0.1926571309859885
0,0.2039181945142144
0,0.20643450870612828
0,0.20377908679986706
0,0.20361869912841285
1,0.19819918894321847
0,0.2030243295495667
0,0.20359407738857602
0,0.22490623688305975
0,0.22472246920092137
0,0.21063460024255629
0,0.22437651445255882
0,0.20164614386703472
0,0.200816675211229
1,0.20439519829001174
0,0.22240836590313173
0,0.19412137160150078
0,0.1858405100904541
0,0.1833978161359877
0,0.20000375575801493
0,0.2097170009006248
0,0.18904205925712464
1,0.14761180181646893
0,0.20837423712121214
0,0.20422922506904206
1,0.2044126006458547
1,0.19712824225779027
0,0.20335856013506454
0,0.21106645236257862
1,0.14761180181646893
0,0.1819342072252311
0,0.21320160028552662
0,0.20797002554795346
1,0.14761180181646893
1,0.20286021852060798
0,0.20979207522743826
0,0.20736490475688993
0,0.20099073349984134
1,0.19357929212266292
1,0.14761180181646893
0,0.14761180181646893
1,0.22542754150610397
0,0.18840109566901442
1,0.20600529233986428
1,0.21059430991486325
0,0.2026974257195119
0,0.21553646222738287
0,0.21683042773466846
0,0.20571096790503424
0,0.20208368390691425
0,0.2089926663657526
1,0.22204190321381456
1,0.2252007627293879
0,0.19204873912417636
0,0.14761180181646893
1,0.20858005148142286
0,0.21874643834682547
0,0.19045201149986501
0,0.21924444460605583
0,0.20734621299849704
0,0.20040628289745258
0,0.19602170246711453
0,0.20783117595043027
1,0.20463782588212373
0,0.2177163668471289
0,0.20994924471344392
0,0.20889058830746624
0,0.14761180181646893
0,0.1887694084228715
0,0.14761180181646893
0,0.19297920155739598
0,0.2085561325497338
0,0.21835111457107387
0,0.21746096769368412
0,0.21607549923129116
0,0.20326022414577058
0,0.14761180181646893
0,0.1823779515758861
0,0.14761180181646893
0,0.2001547055426332
0,0.19799739390512253
0,0.21004967537088928
0,0.20811952267136208
0,0.19082572178413404
0,0.20242204115759801
1,0.18745494171586394
0,0.14761180181646893
1,0.20644939196905226
0,0.1739252799221498
1,0.21184306066718694
0,0.20791969534759638
0,0.21327054537691667
0,0.19408858151258626
0,0.2019010630684207
0,0.19449838344053136
1,0.21390321803871215
0,0.21291804453847613
0,0.18966490574879408
0,0.19753221612756042
0,0.19136260567215368
0,0.2228224548948282
0,0.21252419659025287
1,0.19440866424290099
0,0.2085528632705198
0,0.19840232095486346
0,0.20278097855797822
1,0.14761180181646893
0,0.2028602665092359
0,0.20048221305293412
1,0.20382732927706582
0,0.17149344248641
0,0.20619894437361305
0,0.20593642347523425
0,0.14761180181646893
0,0.19523953646945513
0,0.22224156835947156
0,0.20335469056088637
0,0.18498496557917704
0,0.21460196064934703
0,0.20074545347974965
0,0.2002839089292595
0,0.20287926115989324
0,0.2209743936478862
0,0.1890757972567692
0,0.21386107780077016
1,0.19509118204075504
1,0.21459778346772834
0,0.21477314717353968
0,0.18811297044534162
0,0.2101591994053971
0,0.2208315089898776
0,0.19497807214262636
0,0.20780078144222017
1,0.18704020588013395
1,0.23662216995178767
0,0.21861800732139156
0,0.20785832343648905
1,0.21140214936519858
0,0.20233207472338133
1,0.19743150373155421
0,0.2079549404844475
1,0.1958918531750039
0,0.2204287130496851
1,0.20930757438483086
0,0.2127505853529892
0,0.23187840323692263
0,0.22328607380558357
0,0.1929527813552709
0,0.20209541258384076
1,0.20400456798416788
1,0.19995231427969096
0,0.19185231756808807
1,0.14761180181646893
1,0.22294286510309202
0,0.14761180181646893
0,0.20911831035714218
0,0.2012749779676101
0,0.20698621796939323
0,0.21143688725512486
0,0.2071469675401408
0,0.19743057788074742
1,0.22081427199192413
1,0.2072898790735302
0,0.22745259974928836
0,0.1802112335599743
0,0.20605303825687293
1,0.21636525466050657
1,0.2197666258993696
0,0.1948009278514963
1,0.20136820115141302
0,0.22680573641633717
0,0.204627717500601
0,0.20712362462768286
0,0.2004918526231199
0,0.20484627415319492
0,0.21071867919802068
0,0.1969090011539987
0,0.20203746791240781
0,0.1995361424126349
0,0.1992764081473213
0,0.1901088963601921
0,0.2142322703160112
0,0.20778061889592078
0,0.14761180181646893
0,0.21237584330489834
1,0.14761180181646893
0,0.20732112258595017
0,0.20941297688679836
0,0.19058150853221623
1,0.21837794918980194
0,0.21279695948379193
0,0.20086095330383621
0,0.21769154319092504
0,0.21635965263936918
0,0.2070749966794996
1,0.21112609317013253
0,0.2184637558052396
0,0.20137813359136522
1,0.2206758345424545
0,0.1937199430187491
0,0.21039811207186415
0,0.1990287068365998
0,0.22156513175880357
0,0.1873226652630024
0,0.21162105781477647
1,0.2073597735685707
0,0.22329923456773298
0,0.2017600573107139
1,0.19518973012538987
0,0.20839441783187315
0,0.19192302112296142
0,0.20705374152106906
0,0.14761180181646893
0,0.1998472761602565
0,0.21271690153603315
0,0.20992380019028614
0,0.14761180181646893
1,0.20914744988380243
0,0.2033701286688096
0,0.21147290627604115
0,0.18443769197702045
0,0.14761180181646893
1,0.2212296770728489
0,0.2076685925164085
0,0.18910978966015463
0,0.19313284155689986
1,0.20987954505374973
1,0.21967129750883502
0,0.19763406472520964
1,0.20136508469091
0,0.21634431702205095
0,0.19951933107226522
0,0.21672545724662393
0,0.20100913447143567
0,0.2030321271510328
0,0.2181603093691767
0,0.19515503461968717
0,0.19032535143012944
0,0.2217119699371195
0,0.14761180181646893
0,0.2044381373639781
0,0.14761180181646893
0,0.20407203567262538
0,0.21801693741022493
0,0.20759528677754013
0,0.2054569111934015
1,0.21104761356911902
0,0.20036226925094744
0,0.19715381611983512
0,0.19893269937197391
1,0.22840983494468092
0,0.14761180181646893
1,0.14761180181646893
0,0.20084858770544972
0,0.1919049409730368
1,0.2140385974733604
0,0.1994215986404742
1,0.22088765511402905
1,0.22574159138261723
0,0.21630798507728147
0,0.21126332910236414
0,0.14761180181646893
1,0.14761180181646893
0,0.21660585257940823
0,0.1936286342081801
0,0.2036791509268138
1,0.2026826916810876
1,0.20311905906914812
1,0.21711441817772872
0,0.21362774583589297
0,0.1879717538051419
1,0.20931755714244693
0,0.20237553271340694
0,0.2102213531625551
0,0.19791487824455178
0,0.22202866163127719
0,0.2105605622067809
0,0.20399524499203747
0,0.210281010346848
0,0.14761180181646893
0,0.2171213867949915
0,0.1962971225542105
0,0.20350050162631564
0,0.19836359634090997
0,0.14761180181646893
0,0.14761180181646893
0,0.23140253409335562
0,0.20106685459679413
0,0.20612977535127164
0,0.20564316847956668
0,0.2053048725757026
0,0.20372101009792642
0,0.19417325257715265
0,0.2228828017765025
0,0.20632939277355658
0,0.1963751232910704
1,0.22458900842934454
1,0.212176515680879
0,0.1873522580896617
0,0.21144839604164709
0,0.21375578452451824
1,0.14761180181646893
1,0.20904570523890037
1,0.2072221994247041
0,0.14761180181646893
1,0.2119457470103554
0,0.20382866671453026
0,0.14761180181646893
0,0.20279525521800112
0,0.18654630270000638
0,0.1999662175932403
1,0.14761180181646893
0,0.20805977458576771
0,0.22295685414018182
0,0.1969882067426593
0,0.20401952748977686
0,0.2040967241729497
0,0.21162145499458224
0,0.22886803616727155
0,0.2094983820567131
1,0.21000728146033046
0,0.21254358532274983
0,0.20853200593823037
1,0.2151629687598214
0,0.18904624108816992
0,0.2099591367496303
0,0.20714938704568706
0,0.19815054106336638
0,0.21228073111751733
1,0.2173922663320671
0,0.18545616873949122
0,0.2025038276893877
0,0.20499274459512498
0,0.20397379411932542
0,0.2051271127773271
0,0.20369375393226333
0,0.19076074138426702
0,0.20756735319667272
0,0.1925830369931521
1,0.21392821820721367
0,0.21476355930163407
0,0.21375940142548427
0,0.20397791498840231
0,0.20964682433987877
0,0.21374862502280362
0,0.20353623140503804
0,0.20380950610165496
0,0.19722330968071133
0,0.20276603162778553
0,0.22583500871062673
0,0.20738357581120448
0,0.20820177641898052
0,0.20495227549738135
0,0.19570470471344878
0,0.19346979492057464
1,0.2086731196790685
1,0.22397895074593951
1,0.14761180181646893
0,0.19577188779005267
0,0.20534711066568623
0,0.19979031960336532
0,0.21533786609981875
0,0.19538305056211802
1,0.20276180003409008
0,0.19143957730628489
0,0.2260586730311913
1,0.23154398277412763
0,0.20353172856830273
0,0.22328590778302934
0,0.18425721576531212
1,0.19421041824030197
0,0.22691283834871417
0,0.21361094871432373
0,0.20660122217591353
0,0.14761180181646893
0,0.20350084622016273
1,0.20728456936425543
0,0.14761180181646893
0,0.20086675843722404
0,0.14761180181646893
0,0.21295673627702993
0,0.19690265233316065
1,0.14761180181646893
0,0.19124425872838105
1,0.21117148818549222
0,0.20706547544043677
1,0.21932199146063008
0,0.19505397652958115
0,0.19908386218975893
0,0.20884146876718274
0,0.14761180181646893
0,0.20490627931944855
0,0.2007135835009764
0,0.21621228392058536
0,0.21549302826668143
1,0.20657311924935412
0,0.22511172390241155
0,0.14761180181646893
0,0.22964776561789063
1,0.20611570925962128
0,0.20432304997762765
0,0.20139360590155442
0,0.1848038193773918
0,0.20984203740241866
0,0.22209640106285836
0,0.2239221811707177
1,0.19856604002194747
0,0.19235154570163418
0,0.14761180181646893
0,0.19883312267824133
0,0.14761180181646893
0,0.14761180181646893
1,0.14761180181646893
0,0.19621668045537666
0,0.14761180181646893
0,0.1990877771198923
0,0.19311061330857437
0,0.21067816517552337
0,0.20018393584684707
0,0.14761180181646893
0,0.20613280710514653
0,0.2134922288042493
0,0.19106731096874693
0,0.22365105581002287
0,0.20665626665781647
1,0.2304336906819103
0,0.14761180181646893
0,0.20715577194525248
0,0.2078861458447701
0,0.18276763961898831
0,0.2045292591063368
0,0.21088324339434772
0,0.14761180181646893
0,0.21730161017433272
0,0.1961236641736894
0,0.1874300670116996
0,0.2115727455338304
0,0.20461526423864615
0,0.20973050780720953
0,0.20318625785699548
0,0.14761180181646893
0,0.1833890843209394
1,0.14761180181646893
0,0.21336304767259326
1,0.21383961556318792
0,0.19089298023081192
1,0.19170362509197272
0,0.21097461385785163
0,0.21155295787233813
1,0.21774856284484204
0,0.2050379735774077
0,0.19329146971537298
0,0.20947598718415564
1,0.1949391734444688
0,0.2039556389393526
0,0.20322673633854627
0,0.19972679524180642
0,0.14761180181646893
0,0.20636170630559483
1,0.2023182507355722
0,0.19987156753452182
0,0.21912644418552707
1,0.19051014680602282
0,0.19689220725378634
0,0.20018273860002248
0,0.22962489178011727
0,0.2009809010546728
1,0.225127590225638
0,0.20271719462158122
0,0.14761180181646893
0,0.18618946000115902
0,0.21627829057230957
0,0.2089065531478284
0,0.1934337845599299
0,0.18225644812278577
0,0.19915032006033206
0,0.19699561670150392
0,0.20598227838737507
0,0.2018830423171572
0,0.20728126613440356
1,0.22180338036052835
1,0.20799945385810342
0,0.20808740518551389
0,0.21092373688237534
0,0.20304052715706952
1,0.2096909695584909
0,0.22435714323764705
0,0.21846206486833056
0,0.2061547282404437
0,0.20543471591802712
0,0.2108363530242544
0,0.20348106611228434
0,0.1860568905646727
0,0.14761180181646893
0,0.22264299925606804
0,0.20511041086117676
0,0.2240821886154945
0,0.18167072829177702
1,0.20950209186439697
0,0.20270098073577544
0,0.2140290013982837
0,0.18941375733590107
0,0.1859359276996298
0,0.20007568116281388
0,0.206806544125882
0,0.18906463740916316
0,0.19383714060831106
0,0.21305053908884822
0,0.19222636556514933
0,0.20748430476847343
0,0.21059713385274398
0,0.2110880622905848
1,0.2193220656453503
0,0.21266217850887045
1,0.2028884776681842
0,0.17323474611324033
0,0.19403237116832622
0,0.1928892285590237
0,0.2028709965541337
1,0.2177975848970066
0,0.20156899557057215
0,0.1948091050128489
1,0.22191911546506363
0,0.20757526948734686
0,0.20042756973390957
0,0.18050022301739513
0,0.14761180181646893
0,0.20658151026868285
1,0.20727251420942755
0,0.19877449148280224
0,0.2086994702441738
0,0.22083060504362476
0,0.1883839567116905
0,0.20866099605859317
0,0.21113458091045034
0,0.21028486971602034
1,0.19579366717675625
0,0.19347907986106871
0,0.19345502652622312
0,0.19142886936855505
0,0.21501378059105627
0,0.14761180181646893
0,0.18274901856549366
0,0.2070525439044693
0,0.21061593220274732
1,0.20063455150356732
1,0.20804068742408666
1,0.21952025816916138
1,0.20562567318072536
1,0.22479663047864012
0,0.2004587854631099
1,0.2130805529537771
0,0.20977692791718716
0,0.2061574685179925
1,0.20858005148142286
1,0.1946919009640002
0,0.21226716077388014
0,0.2036851933084269
0,0.2114716282048231
0,0.18572666544765268
1,0.22683163657000924
0,0.2017284816192176
0,0.2002992489697932
0,0.20414661831108952
0,0.20911538196201548
0,0.19834824193990022
0,0.21372470268452165
0,0.20714960688280515
0,0.2123962943780717
0,0.14761180181646893
0,0.14761180181646893
0,0.21633409677787788
0,0.2063784478570702
1,0.2122594665604403
0,0.19584176696923714
0,0.21014337319117268
1,0.1855146854482652
0,0.1842740772119657
0,0.1787271880373721
0,0.22274855476823746
1,0.22192021089593622
1,0.2044675990091343
1,0.20653559447660078
0,0.171351148603362
1,0.205543296590103
1,0.22532524941390697
1,0.20657253536610065
1,0.21361145254596708
0,0.20875253971091026
0,0.19540344724861686
1,0.20546351476747554
0,0.1952362983583112
0,0.14761180181646893
0,0.20275922729723925
1,0.21186698370457285
1,0.20270773558058816
0,0.14761180181646893
1,0.21598137812343018
0,0.14761180181646893
0,0.1974201300028456
1,0.20062852674350307
1,0.1973848511072566
0,0.20132659153542112
0,0.20571635303855992
0,0.19246712131747565
0,0.20086052124700093
0,0.21160032725350508
0,0.2086206852999471
1,0.20605160123861282
0,0.2046721891381012
0,0.20976785841637918
0,0.21047776619938519
0,0.2134918743700934
1,0.21291513943717683
1,0.20925774191119392
0,0.20612500999032088
0,0.18061770295865776
0,0.20974254013766575
0,0.14761180181646893
0,0.20191561952859055
0,0.14761180181646893
0,0.21637299455916106
0,0.1988456703350848
0,0.14761180181646893
0,0.14761180181646893
1,0.19999736314383987
1,0.20474065587633103
0,0.19587155659353733
1,0.21114744131623014
1,0.20286270355033578
1,0.21996981667795704
0,0.21423031753488053
0,0.20502459965731937
1,0.2159336559335305
1,0.20339022226606265
0,0.21409805469870433
1,0.21800305347927973
0,0.19725585774081095
0,0.14761180181646893
0,0.20448831098108788
0,0.21445659102016454
0,0.22142403105187441
1,0.2101294482308032
0,0.18294885492985
1,0.2165458208060914
0,0.20818549685773138
0,0.21331270769722951
0,0.1999293562504874
0,0.20626360337903377
0,0.20608684871618257
0,0.19495666827125413
0,0.14761180181646893
0,0.18373848039301174
0,0.20875408565709172
0,0.20366332965276657
1,0.22402901657694754
0,0.19484687461169167
0,0.20041523900911282
0,0.14761180181646893
0,0.18311913250352332
0,0.21093276807294858
0,0.21029833772787973
0,0.2010197862694772
0,0.1849226628143654
0,0.21063943512681688
0,0.19752046287622968
0,0.2061714527195218
0,0.21610641379001064
0,0.1984099075201786
0,0.22250609304472427
0,0.21698932652456543
0,0.20830447175203592
0,0.1836366156164782
0,0.21415211602523454
0,0.21528267664342698
0,0.2074333500816517
0,0.18497771844186514
0,0.20274205386147132
0,0.21168034366321326
1,0.19403138236236195
0,0.18789710899670212
0,0.20856552072558757
0,0.2102392834915953
0,0.14761180181646893
0,0.2106194651175942
0,0.2014581810315806
1,0.14761180181646893
1,0.20038250039237504
0,0.1910087787939874
0,0.20430433297880102
1,0.20033820748912323
0,0.19206568939527582
0,0.14761180181646893
0,0.19938024256929252
0,0.2046507277361261
1,0.2167796620147381
0,0.20832984599201543
0,0.18894544106105238
0,0.21238859263237528
1,0.14761180181646893
1,0.2073073692760978
0,0.14761180181646893
0,0.19789130814512917
0,0.21016627423237966
0,0.20291741954717424
0,0.21291367558147342
0,0.220113933280433
0,0.14761180181646893
0,0.14761180181646893
0,0.2101396392804161
0,0.20785911268836654
1,0.21252632390641796
0,0.21102146366080266
0,0.20978402483413025
0,0.2189854246526814
0,0.14761180181646893
0,0.2041087436876226
0,0.2672780719027612
0,0.17731482722023018
0,0.2009767133853389
0,0.20401666346639025
0,0.19753577054467844
0,0.18684076961769847
0,0.19929342606679956
0,0.14761180181646893
0,0.19739581860521338
1,0.21239321684754367
0,0.21241115583173628
0,0.18014955612811157
0,0.2042940073302734
0,0.20918696390435146
0,0.18453108459822684
0,0.19615009188755442
0,0.20502468928177417
0,0.21526325063810303
0,0.20718103664174436
0,0.20606897336059402
0,0.20390002944073618
0,0.19422951870510693
0,0.21090658799117787
1,0.22573980953855524
0,0.20335163427630565
0,0.2070593938386684
0,0.19168011520084868
0,0.20809982213400954
0,0.1873586543847553
1,0.21130218064780565
0,0.21794031426043103
0,0.1998586899980664
0,0.20140268293213587
0,0.14761180181646893
0,0.22232607481158673
0,0.20212075547170663
0,0.22860221606699122
0,0.20698285239250666
0,0.21473980384085184
0,0.19428067875530802
0,0.14761180181646893
0,0.2012126963665479
0,0.18938189964114652
0,0.20466100431967688
0,0.14761180181646893
0,0.14761180181646893
0,0.1931409715123967
0,0.19811191947352202
0,0.20076911484341653
0,0.2085919866539419
0,0.19747990922745956
0,0.14761180181646893
1,0.22534831688250304
0,0.20483093483283954
0,0.21911493866748422
0,0.21063428710398668
0,0.2083488361480063
0,0.19715045153284275
0,0.20908650079801241
1,0.20623491599351862
0,0.19940357946953433
1,0.20335856013506454
1,0.2104236926929788
0,0.22332159551574535
0,0.18748838026235246
0,0.20123665604499416
0,0.20363056447461436
0,0.17761938287874457
0,0.19157272529203173
0,0.21960449423633754
1,0.20653262813275144
0,0.20105078252262246
1,0.2134231491016263
1,0.21221327384531952
0,0.21291463673658437
1,0.21231670031503336
0,0.19012390221142997
0,0.20182081545049824
1,0.19794757467327737
0,0.20186242481703498
0,0.14761180181646893
0,0.19472545460307586
1,0.20617645751313762
0,0.20911858135847977
1,0.21795708171664108
0,0.22434087889998466
0,0.19670451247720208
0,0.14761180181646893
0,0.2126632116084956
0,0.22040776155116198
0,0.2021358543671102
0,0.187966090917454
0,0.20644096838655715
0,0.14761180181646893
0,0.20121573633159512
0,0.19529273309684114
0,0.20897599941095857
0,0.20603947561668937
0,0.20379509029034357
0,0.1805659971426259
1,0.1966806490614027
0,0.20037973686113017
0,0.21360736299421595
0,0.22154135562102276
0,0.18197489483947693
0,0.19956280571093224
0,0.2236634874512765
0,0.1929027432991209
0,0.20471647452933917
0,0.20486798329342862
1,0.21603649884161755
0,0.21165567240960026
0,0.2156860667981207
0,0.19768022885855835
0,0.14761180181646893
1,0.21732066229761715
1,0.1992434517213172
0,0.18792363544144536
0,0.14761180181646893
0,0.20823954180754395
0,0.21448850809207945
1,0.21651974754380918
1,0.2098772947230199
0,0.19550621098026794
0,0.20576679456822491
0,0.20850267035677922
0,0.18057320642812774
0,0.20307264489970564
1,0.14761180181646893
0,0.19565614478371815
0,0.19467524116930518
0,0.19528281985807816
0,0.19472472891875586
1,0.19028552655170367
0,0.20610072462355894
0,0.20090443273503358
0,0.20831925854535452
0,0.1939969852278267
0,0.2181068629187508
0,0.14761180181646893
0,0.20710244020974253
0,0.18803275107425033
1,0.2008375064970571
1,0.20536495682086092
0,0.2091166466878902
0,0.2671834614747598
0,0.1974729817807007
0,0.19453778243763986
1,0.20166476007889986
0,0.21438753303308958
0,0.19953317890239045
0,0.20227680443962423
1,0.21282302341915196
0,0.211336106722361
0,0.20126479881846776
0,0.14761180181646893
0,0.20995233395962187
0,0.14761180181646893
0,0.20224414588092895
0,0.20503060401629528
1,0.2221650561819093
1,0.207146163435197
0,0.20944484754096143
0,0.2193031184170418
1,0.21124586173202026
0,0.22078939775594242
0,0.22122926911854934
0,0.21474441895618857
0,0.20649647943949848
1,0.22709120508160796
0,0.1953282012764635
0,0.20993198084384432
1,0.21830702950789727
0,0.14761180181646893
0,0.2064775102246445
0,0.20548036666465536
0,0.1918195616089689
0,0.18191695127159743
0,0.21313586865835
0,0.2041876027707062
1,0.21663830378054738
0,0.21235814191261657
0,0.2064336403278327
0,0.19035646956874278
0,0.197813631931889
0,0.19553727380665348
0,0.20308529152280427
0,0.21479160408779444
0,0.20945206279916506
0,0.14761180181646893
0,0.18786887215748266
0,0.19735299830529418
0,0.21295897431471122
0,0.20088220597104806
0,0.20424326221562644
0,0.21526739939360198
0,0.21304823489379876
0,0.2151409232177341
0,0.20323847709888257
0,0.19103715910799013
0,0.14761180181646893
0,0.14761180181646893
0,0.18931486081988666
0,0.14761180181646893
0,0.2136203788720248
0,0.1990831258350885
0,0.14761180181646893
1,0.1943292942310948
0,0.19112949999836124
0,0.19880040440330554
1,0.19696965125806326
1,0.18099620361630114
0,0.20785183947217226
0,0.20820413816744585
0,0.20828148259890394
0,0.20910988899035504
0,0.14761180181646893
0,0.21100874852563434
1,0.14761180181646893
0,0.20252300867094009
1,0.2050202840171398
0,0.19654276976303756
0,0.19853193514135395
0,0.19275065639771297
0,0.21261642712253137
0,0.20021472766512702
1,0.14761180181646893
0,0.21570470975737005
0,0.21287763599632226
0,0.20404630643355334
0,0.22958904662738128
0,0.19256366060336916
0,0.22221887072363725
1,0.20385620453510833
0,0.18556390295418002
0,0.14761180181646893
0,0.20246890095938344
0,0.18782045834882827
0,0.1977098924381192
0,0.1930371243436929
0,0.2121980810914213
0,0.21545641906831628
1,0.18855575717231288
1,0.2133711287212522
0,0.1956775561837819
1,0.19244655335855765
0,0.18221744860981495
0,0.21572964641314316
0,0.20037172728182287
0,0.1823818823080117
0,0.20405065901737854
0,0.1981208258108896
0,0.18634228585769305
0,0.14761180181646893
0,0.20333420505815208
0,0.19353625956104814
0,0.19231263767097903
1,0.21119203015363575
0,0.2044323805967969
0,0.21730299708368173
0,0.1990939185422165
0,0.20828884623980973
0,0.2111513044422331
0,0.20405248350844718
1,0.2088597762895703
1,0.2023182507355722
0,0.14761180181646893
0,0.19694662228786838
1,0.205173794856666
0,0.19753163088174958
0,0.20986570508026658
0,0.19836113600115313
0,0.1986326141761614
0,0.14761180181646893
0,0.19992995123076723
0,0.19614773734195268
1,0.2081458900949101
1,0.20284688827546177
1,0.2067790611835086
1,0.21154060448989342
1,0.20415567996497255
1,0.20140420043817864
0,0.14761180181646893
1,0.14761180181646893
0,0.193642503298429
1,0.20421274587320232
0,0.19871155600096407
0,0.21140305681703422
0,0.18772919980872768
0,0.19939296814055196
0,0.21819836999945152
0,0.21402373819606516
0,0.14761180181646893
0,0.19994711917590927
1,0.22100219362263535
1,0.19680396159716187
0,0.21118384643669774
0,0.19726159386591532
0,0.2045305938882435
1,0.14761180181646893
0,0.19074170711148947
0,0.21992657547813924
1,0.20247516650879915
0,0.14761180181646893
0,0.19980646063928367
0,0.14761180181646893
1,0.1766613663959539
0,0.14761180181646893
0,0.20448340333560053
0,0.19135919594401857
0,0.21331530131664025
1,0.2140408751135759
0,0.1988502283548587
0,0.21428242932783362
0,0.20173555802629084
1,0.21095782871174398
1,0.20236420499047528
0,0.1942051970529534
0,0.21056086336087518
0,0.20626840159770424
0,0.22345298784554096
0,0.19538565271523411
0,0.19802120483422572
0,0.19249089169027508
0,0.20577658133725288
0,0.2109240952251828
0,0.2055432456693125
0,0.19417712246761684
1,0.208478041684956
0,0.20880697779263108
0,0.22478148481281368
0,0.18949904369874485
0,0.19108075112322387
0,0.21618326616281888
1,0.21132684135048632
0,0.20639793931027176
1,0.21768578912511896
0,0.20956359189981488
0,0.19646841621354824
0,0.19455461791640155
1,0.14761180181646893
0,0.14761180181646893
0,0.21487867067165367
0,0.19111691784274115
0,0.19803663502640192
0,0.2064051050897838
1,0.2179993917128046
0,0.19457568928203955
1,0.20993686562244168
0,0.19945303263330044
0,0.2231025549998278
0,0.1998408145245089
0,0.2084342741284072
0,0.19627573468594142
0,0.19755247461389072
0,0.20807765912807305
1,0.14761180181646893
0,0.19596402930893037
0,0.14761180181646893
1,0.20618888298584084
1,0.20118182637719342
1,0.2110540108397734
1,0.20244115847160293
1,0.18448125252536732
0,0.20334333974032334
0,0.14761180181646893
0,0.19363454788409265
0,0.1934318696172189
0,0.1977098924381192
0,0.1856340936080416
0,0.14761180181646893
0,0.20468916364658224
0,0.20483090293133352
0,0.20584784945648477
0,0.205251003307574
0,0.18478651627658807
0,0.20389541667716485
0,0.2076072515140146
0,0.20499239563909857
0,0.14761180181646893
0,0.20125993796146568
1,0.14761180181646893
0,0.2177823490854447
0,0.20736451386486024
0,0.21644823465263419
0,0.19688292346660446
0,0.20971728730691752
0,0.18380017479775626
1,0.2022823065518195
0,0.1861128704108291
0,0.1820528147556569
0,0.19913930037346406
0,0.22537435050584306
0,0.20965234382161096
0,0.21977398699849385
1,0.26766198092848004
1,0.218007795592187
0,0.18640751079948586
0,0.14761180181646893
1,0.18540098086638643
0,0.21781448686651622
0,0.21208081826530725
0,0.20195410227482394
0,0.21093242136700122
0,0.19168604478070717
0,0.206265518484843
1,0.19692441355339402
1,0.19663879412780993
0,0.19651318798771936
0,0.2100099597467632
1,0.2148533276688784
0,0.20313020262209444
1,0.21818884534283323
0,0.20777832279453784
0,0.19322143530005356
0,0.14761180181646893
0,0.20157756531625962
0,0.14761180181646893
0,0.20208429283028997
0,0.2107057495707943
0,0.21130234626059774
0,0.20474902852984564
0,0.14761180181646893
1,0.19860904391755346
0,0.21382527419386785
0,0.209098827662858
0,0.22171850685016986
0,0.21826730246035148
0,0.21919263661719895
0,0.21525036565960884
0,0.2123308968903367
0,0.21919387937499085
0,0.14761180181646893
0,0.18851849611406057
0,0.2154497468422477
0,0.20941448360406079
1,0.20224643831592523
0,0.2168212405438111
0,0.18325737134565415
1,0.21037579173580123
0,0.17821787940391629
1,0.20552120296824222
0,0.20786228698022427
1,0.2170226921064504
0,0.2092658383187582
1,0.2129179996367063
0,0.14761180181646893
0,0.19790888391246284
0,0.20404550005283206
0,0.20674804597478802
0,0.19577183528558553
0,0.2066956536106584
0,0.1871046887948949
1,0.2024969132369645
1,0.22260201249314718
0,0.14761180181646893
1,0.20589378129657787
0,0.19983882204805248
0,0.1927691581165967
0,0.19919789476575414
1,0.21449155421031363
0,0.1885288210843503
0,0.19903560468171927
1,0.20595191429298546
1,0.14761180181646893
0,0.21595100550565974
0,0.2076617123161065
0,0.18998754068945964
0,0.14761180181646893
1,0.21562262112152733
0,0.20184324277416765
0,0.2009584080352188
0,0.2043524554580796
0,0.14761180181646893
0,0.19392667850209327
0,0.1958066103882622
0,0.2022097821398398
0,0.2062932303607144
0,0.22371001325503115
0,0.19865215206223172
0,0.21789912600051803
0,0.21726646972823643
0,0.20159528577219343
0,0.20544214292406032
0,0.19396389908834064
0,0.1947289745903571
0,0.14761180181646893
0,0.19870742024486945
0,0.20402209751752343
0,0.19733890582714433
1,0.20892189485672144
0,0.22011879322982605
0,0.20714970275193906
0,0.19570677794814867
0,0.14761180181646893
0,0.24184290904988806
0,0.19373306194829
0,0.14761180181646893
1,0.20092950837843968
0,0.21035425922053438
1,0.203535660721846
0,0.20693400279811677
1,0.2097717264455657
0,0.20599618594293712
0,0.20303035211847867
0,0.21152183808978148
1,0.2249334704478173
0,0.21268770843372414
0,0.14761180181646893
0,0.21761189045392926
1,0.2256274067745994
0,0.22328481668379405
0,0.19234423549766708
0,0.19281896571129378
0,0.21040143727140725
0,0.21138182965691174
0,0.20071399798693076
1,0.19696630404960688
0,0.20523372080736765
0,0.2125515032507969
0,0.20942798144191763
1,0.14761180181646893
1,0.14761180181646893
0,0.1851983915723011
0,0.19688083783580815
0,0.21302354803659412
0,0.213017522629021
0,0.1994582748788822
0,0.20547930182570415
0,0.22097901772120018
0,0.21150925842254842
1,0.20477773697136623
0,0.20804858106409216
0,0.20406680030024046
0,0.21694364549424758
1,0.20757128303305356
1,0.20571263088107586
1,0.20724902631035969
0,0.22026415138451683
0,0.18457643726223275
1,0.2125804974319233
1,0.19976800905725797
1,0.1886515113325084
0,0.21252025761782062
0,0.14761180181646893
1,0.21710065997424566
0,0.18569746734866213
0,0.19538132078120676
1,0.14761180181646893
0,0.14761180181646893
0,0.21219445383369642
0,0.19756442747912345
0,0.18256071764600665
1,0.19604847554415086
0,0.21909630634406368
0,0.21162348058137806
0,0.17639658593636615
0,0.20821874096638868
0,0.20058154311520657
0,0.20989187061875272
0,0.19535116768072452
0,0.18517644600476396
1,0.14761180181646893
1,0.2008092958423176
1,0.19004847530836647
0,0.21433541896368133
0,0.200908942207253
0,0.19544553230336514
0,0.14761180181646893
0,0.20199284576700852
0,0.21059202869763952
0,0.22601229993884486
0,0.19316862048276245
0,0.20897794150223442
0,0.18715882647298127
0,0.14761180181646893
0,0.2165293280822088
0,0.20353696612714564
0,0.2061185069809425
0,0.1974424215411759
0,0.2149872445821059
0,0.2044563180576321
0,0.19788945246254488
0,0.19057069657531014
0,0.22264382941859873
0,0.20790462905956947
1,0.14761180181646893
0,0.22465191365851558
0,0.20360142738981285
0,0.21834624643607
0,0.19999595544363855
0,0.1903529777729297
1,0.2101384913232517
0,0.22903011217912164
0,0.21326727148639024
0,0.20706127716349967
0,0.22079730788314278
0,0.20887591164120042
0,0.21282199949160382
0,0.20981400382278498
0,0.19631896949456376
0,0.210102034057186
0,0.21377825872967576
1,0.19370762509231565
0,0.20164025360759627
0,0.17950103730328426
1,0.20357664194253383
0,0.19574213110661445
0,0.14761180181646893
0,0.14761180181646893
0,0.20472125900960025
0,0.20049296967421631
0,0.19524665518389947
1,0.21172926033933462
0,0.2033548385306034
0,0.2021575374747692
0,0.21562586342727222
0,0.1834589290355963
0,0.20859715768062495
0,0.14761180181646893
0,0.19356219371598732
0,0.1977031671315309
0,0.22579130574272394
0,0.20708342637505872
1,0.21548183583989533
0,0.19454156827157726
0,0.2099169418999337
0,0.14761180181646893
0,0.19865908159053866
0,0.19973280796641946
0,0.19852981063846253
0,0.20870337995983063
0,0.22826819755288497
0,0.18752026309663974
0,0.21022050000983525
0,0.19960741142928934
1,0.22232301784184968
1,0.20414661831108952
0,0.21021279969917836
0,0.21164354211233957
0,0.20090393311137533
0,0.19958144914046
0,0.2123937890039391
0,0.2050185588225657
0,0.14761180181646893
0,0.2048808320543491
0,0.14761180181646893
0,0.19958025255175663
0,0.19320866793296965
0,0.20314105676605104
0,0.21842171749289133
1,0.20971821784117808
0,0.20544361602534544
0,0.20486760049926686
0,0.20686558324213694
0,0.21197708271262128
0,0.2023218489830308
0,0.21279972365172514
0,0.14761180181646893
1,0.20777016774866633
0,0.19688912533231775
0,0.1908126884065555
1,0.22751247211769424
1,0.21819304201073708
1,0.2130096039788936
0,0.14761180181646893
0,0.20185799060466497
0,0.19393913665276852
0,0.20595366171949345
0,0.14761180181646893
0,0.1943864955071955
0,0.1943624887669643
0,0.14761180181646893
0,0.19146046899988622
0,0.20900333975015564
0,0.18003882954070724
0,0.19379805858319776
0,0.20197632941252563
0,0.2113366055303927
1,0.2094365670777887
0,0.2079584217199784
0,0.21147136505095007
0,0.2147318871036517
0,0.14761180181646893
0,0.1943897531611388
0,0.19270238310301066
1,0.20951567703778137
0,0.1943336697775858
0,0.20614511124494383
0,0.20680655833324413
0,0.14761180181646893
0,0.2041143995768056
0,0.20996284386558933
0,0.22131823447916657
0,0.20270098073577544
1,0.21735937261421434
0,0.20608755808607387
0,0.22476183062340854
1,0.20502674392391237
0,0.2026148892833383
0,0.14761180181646893
1,0.19341269025066846
0,0.19241300676086248
1,0.21886529908560076
0,0.21669665703027405
0,0.19433123582649867
0,0.198376893145228
1,0.2245535614750566
0,0.20779337612117155
0,0.19641348734219435
0,0.21324066676695425
1,0.19747477270631233
0,0.19509260882494633
1,0.21241099732825242
0,0.1931981109401034
1,0.23069457500086427
0,0.21246136954659522
1,0.19926718333614946
0,0.14761180181646893
1,0.19956156928118005
1,0.20301263111863727
0,0.20927824178451768
1,0.14761180181646893
0,0.18770937143567484
1,0.212127727479942
0,0.20089766751564245
0,0.20759585378367978
0,0.20000533577905558
0,0.20249082938257287
0,0.20523285085217316
0,0.19789202016370339
1,0.19034188938559513
0,0.206472125300747
0,0.14761180181646893
0,0.14761180181646893
0,0.21378803923998674
0,0.20904138665234395
0,0.21115951947575184
0,0.2036614800233511
0,0.2067082537523319
0,0.21526507543985024
0,0.19807726763949182
0,0.19980335018129883
0,0.19088408498221537
0,0.18906016856758323
1,0.20173991333367428
0,0.18029079072745183
0,0.20838908174459794
0,0.22716549884661677
0,0.20580279905043192
0,0.20651722629690825
0,0.20690835067539426
0,0.18347061667416315
0,0.17882973026157648
0,0.19934242501295715
0,0.21630020653845822
0,0.22813346375598179
1,0.20867258964717597
0,0.20370587609424826
0,0.1912113982974421
0,0.19130396163655977
0,0.19107483064846623
1,0.208495453498712
0,0.2029444134729377
0,0.20800588478812226
1,0.21289547495699476
0,0.14761180181646893
1,0.20258968505859928
0,0.1969646660027906
0,0.19949102582731704
1,0.2143091122217488
0,0.21068151565026186
1,0.22003485910983708
1,0.21861044314215314
0,0.20318738834624514
1,0.2156941881989548
0,0.20753439565431855
0,0.20494102041649853
0,0.19435043481107053
0,0.201883387166939
0,0.21241532756148437
0,0.14761180181646893
0,0.19750951687121587
0,0.14761180181646893
0,0.21417459228228886
0,0.2062516349624956
0,0.2138610164850954
0,0.19838883465753723
0,0.20628983727625821
0,0.21493565852615543
0,0.14761180181646893
0,0.20587446165579815
1,0.1956449853460814
0,0.19452495801360423
1,0.21383686374430128
1,0.19722572936480454
1,0.21557316519966874
0,0.1996544212267385
0,0.213672590871948
0,0.202095142906785
0,0.21009248962710753
1,0.20189711324770365
0,0.14761180181646893
0,0.18464911424570052
0,0.1885599019502207
0,0.22098992222776206
0,0.21933540885721126
0,0.19034386632482866
0,0.19245300006347776
1,0.1900553849377329
0,0.22367181460070876
0,0.2129796260189602
0,0.14761180181646893
0,0.20141543660284011
0,0.19030589247468205
0,0.213833855953544
0,0.19294563749773525
0,0.21401269297963132
0,0.20644520048650794
0,0.19993209780483237
0,0.20231347993990698
0,0.14761180181646893
0,0.19701540218239372
0,0.20207487479544212
1,0.201095527362692
0,0.21410041591249676
0,0.21411268330401506
0,0.20911859739527233
1,0.20998513323115145
0,0.2120573851875033
1,0.1881682263289401
0,0.2177804350419634
0,0.19735972537810723
0,0.1926030813582076
0,0.1988456703350848
0,0.21829414217398369
0,0.21292147496239114
1,0.21272444941852867
0,0.19016938444476633
1,0.19499746052463124
0,0.17706572266923734
0,0.14761180181646893
1,0.18859630987782544
0,0.14761180181646893
0,0.14761180181646893
0,0.14761180181646893
1,0.18158617906638977
0,0.14761180181646893
0,0.20061654731777973
0,0.14761180181646893
0,0.18675040897936532
0,0.1998332335001349
0,0.2040301439264495
0,0.20778832078338913
0,0.18782391990160435
0,0.19678750830873584
0,0.19118152738202557
0,0.2166819363093407
0,0.19433284587210115
0,0.21510284526116327
0,0.1901792439187421
0,0.1985789860327543
0,0.20937799553574588
0,0.20840403323187282
0,0.2047744712944241
0,0.14761180181646893
0,0.20926761171527997
0,0.21453260816685762
0,0.1923087977586051
0,0.14761180181646893
0,0.20423042777648223
0,0.21810741525805988
0,0.14761180181646893
0,0.2033205368508859
0,0.1907517596417147
0,0.20622534789999308
1,0.2075613747900156
0,0.2044144877878998
0,0.14761180181646893
0,0.14761180181646893
0,0.21217051878055768
0,0.20789894229601774
0,0.20132236334786172
0,0.1879313426694581
1,0.20509680631886487
1,0.21441064904357338
0,0.18940728470459028
0,0.2096570015263784
1,0.20700969163236768
0,0.14761180181646893
0,0.14761180181646893
1,0.20984284772485112
0,0.2141009857506775
1,0.21689765174296863
0,0.21441780669607408
0,0.19132721897300856
0,0.17847293365573658
0,0.21560896184684486
0,0.18672071208506802
0,0.20960005460139292
0,0.20312167854543492
0,0.21379290759353922
0,0.14761180181646893
1,0.20390265744661795
0,0.21617638772797382
0,0.20574267194187698
0,0.14761180181646893
1,0.2171166678382483
0,0.19439878440625424
0,0.20268283144330426
1,0.1998730886147121
0,0.20549115741722598
0,0.14761180181646893
1,0.18844295717036474
0,0.1962595184683763
0,0.19488157289093033
0,0.21376874426629303
0,0.19621668045537666
0,0.1822244314893
1,0.19803987033214354
1,0.20734025932112574
0,0.21894436948734677
0,0.19935377503886448
0,0.14761180181646893
0,0.19963391215684506
1,0.21407856443621018
0,0.20050950319975147
0,0.2041646837598515
0,0.19405361133258198
0,0.2023025418376657
0,0.19475138687812585
0,0.20079225794054692
0,0.21122792083373557
0,0.21154227646063045
0,0.20143274199553385
0,0.2209685309447278
0,0.14761180181646893
0,0.1915792109565953
0,0.2094760449134031
0,0.20230713950802076
0,0.208160485611282
0,0.19457701167399158
0,0.20165668270948478
0,0.21288319411088735
0,0.21134600005546075
0,0.20856367512046212
1,0.21655270698665646
0,0.20820700924432586
0,0.19795695715902661
0,0.20571647920643202
0,0.20542080824862435
1,0.21420488476628383
0,0.21568786275606514
0,0.21109574650430482
0,0.20910687217663604
1,0.19660518657028947
0,0.18237004906452492
0,0.1866842285841584
0,0.18492632820205615
0,0.2149563789599736
0,0.20409085313179598
0,0.19300599994137663
0,0.2044739097974311
0,0.18903039591254364
0,0.20143227428386254
0,0.19507177586975816
0,0.18098154902761124
0,0.21414937413859192
0,0.19695905705228894
0,0.18275506661060953
1,0.20606479537614247
1,0.19736122112246537
0,0.20854773544189925
0,0.2111817981817423
0,0.14761180181646893
0,0.14761180181646893
0,0.21486508277003988
0,0.2160604517189198
1,0.2048808320543491
0,0.20113612859550276
1,0.20804223412069967
1,0.21305348400268903
0,0.2672780719027612
0,0.14761180181646893
0,0.18292371615436548
0,0.21285562254020662
0,0.20738519309655096
0,0.14761180181646893
0,0.1775653244689682
0,0.1779272005238018
0,0.1947710734191532
1,0.2142074806317363
0,0.14761180181646893
0,0.21189343554742968
0,0.20555092759229499
0,0.14761180181646893
0,0.14761180181646893
0,0.19400669141879498
0,0.14761180181646893
0,0.19808957465751278
0,0.20365778890028857
1,0.21709351926858675
0,0.1971686035338171
1,0.22084285939627327
0,0.20455921567055185
0,0.2043775085654168
0,0.21915019458782853
0,0.22172957901106996
0,0.2017098368112748
1,0.2079518270401981
0,0.14761180181646893
0,0.19778106770670484
0,0.19676687097435244
0,0.2242844566471094
1,0.20761276948934929
0,0.2299778270098136
0,0.21025765899172183
0,0.14761180181646893
0,0.2231658011326937
0,0.14761180181646893
0,0.20609966755189094
1,0.1939740137531607
1,0.20796816380986966
0,0.19491135004876178
0,0.21148086285320042
0,0.14761180181646893
0,0.19809387712021767
1,0.20843002279758027
0,0.20180437028702639
0,0.21131383540421747
0,0.19314799464406962
0,0.14761180181646893
0,0.19803663502640192
1,0.18918962541010692
0,0.20058782567635822
0,0.21846828313426436
1,0.19639390828208111
0,0.20799572181187462
0,0.2150161676196909
0,0.19880687222458035
1,0.21002797853594912
0,0.20071349779109535
0,0.14761180181646893
1,0.19692978052099525
0,0.23710307549703374
0,0.195703280199374
0,0.20966671348728938
1,0.17960289474665977
0,0.21668203680388187
1,0.21331640547279693
0,0.19401971083291647
0,0.20704156034171406
0,0.19101637197266802
0,0.14761180181646893
0,0.19752225078404342
0,0.19351846234988626
0,0.19884184599215637
0,0.23211423228894176
1,0.17074032141703122
1,0.20721668892450218
0,0.19530576786635534
1,0.21167698702535487
0,0.2075871493613715
1,0.19715435507259976
0,0.1994139200102253
0,0.22810478183575095
0,0.21955195338591074
1,0.20445142044119777
0,0.14761180181646893
0,0.2027535805166843
0,0.20691224552849058
0,0.21467484306529938
1,0.20543522730748018
0,0.18760153609869773
0,0.2052048165990844
0,0.18629887363305167
0,0.20201195694572247
1,0.21596821148906012
0,0.19660270513833353
0,0.20939230640648915
0,0.21061295048440784
0,0.2257162484815799
0,0.1997376063027323
0,0.20116736983707598
0,0.14761180181646893
1,0.20778403750384702
0,0.21124289313918834
0,0.18028431390676508
1,0.20279881834611163
0,0.1807794495600264
0,0.20812474444669204
0,0.19692495935400275
0,0.2042731188347098
0,0.20237487260969791
0,0.1957281195096876
1,0.20060503856446202
0,0.22224619145706456
0,0.2139969788924736
0,0.2057671018286992
0,0.2182595491879355
0,0.20895873289153946
0,0.2045887694784472
0,0.14761180181646893
0,0.14761180181646893
0,0.18787489001956825
1,0.21336607146713116
0,0.19703505510714794
0,0.19574445487532924
0,0.20332135131888687
0,0.2061060898086646
0,0.20359699759034455
0,0.20285927919901006
0,0.18847517004845954
0,0.204884432708118
1,0.2134916024388099
0,0.20890019983453367
1,0.22578291900386752
0,0.20454030036312387
0,0.2004674001374358
0,0.1914062920213339
0,0.21025850280675148
0,0.20744947137352576
0,0.19241922553313137
0,0.17835863011888609
0,0.19902582175682396
0,0.2030794853796255
0,0.21215616256527406
1,0.21026129254101142
0,0.21185550019189692
0,0.213550719586558
0,0.20475907619033534
1,0.22495939273627255
0,0.18627966287394224
0,0.22058086071430633
0,0.18110695100573854
1,0.14761180181646893
1,0.20501364681649994
0,0.2038193519182457
0,0.20325182322642285
0,0.22159877571062736
0,0.2088075759377816
1,0.20956318185047354
0,0.21994575215994305
0,0.20926454338932252
1,0.20308096924012983
0,0.1845906548519378
0,0.20282659508870055
0,0.19901962560532946
0,0.20875520822686872
0,0.21012759542227455
0,0.21054382867240437
0,0.2006852099912362
0,0.2194429724565833
0,0.19624128002102964
0,0.20719005877236155
0,0.1974439101373531
0,0.14761180181646893
0,0.14761180181646893
0,0.17561272618402937
0,0.21600821747665505
0,0.2035678115338335
0,0.18155612864181406
0,0.20559257482212814
0,0.2139819845950862
0,0.20499774455073116
0,0.20416418556284538
0,0.21053847017860575
0,0.20460502345699802
0,0.1988322780171729
0,0.20197109959772266
1,0.1996507393716213
0,0.20384168659641058
1,0.20206517705217292
0,0.19138795843548542
0,0.1998839529064806
0,0.20243264458731147
0,0.20058881439195214
0,0.2174752792149574
0,0.20873110313364932
0,0.1999715760986314
0,0.14761180181646893
1,0.201640406420995
0,0.21407531692803092
1,0.20557686414036816
1,0.19560424830562678
0,0.17912278160867104
0,0.2096937071538447
1,0.19421127708491728
1,0.22035557345449838
0,0.20318761389651566
0,0.1870597116038517
0,0.19181055528424176
1,0.19425292868452
0,0.20582275037395042
0,0.19935324152440234
1,0.19419112895058183
0,0.2142660618910837
0,0.17924275138695955
0,0.19543899178145407
0,0.1964226155576406
0,0.14761180181646893
0,0.211086411823669
1,0.19089298023081192
1,0.2187593855845322
0,0.14761180181646893
0,0.20007258247676446
0,0.19901751719075667
0,0.14761180181646893
0,0.2050003462482094
0,0.20987802143058704
0,0.20667083773874884
1,0.20585166391312087
0,0.20976287143679734
0,0.14761180181646893
0,0.14761180181646893
0,0.21619338138973135
0,0.2130658306673785
0,0.2064964881841399
0,0.2165719461681043
1,0.21594202113141314
1,0.2104789310454725
0,0.21314541845294255
1,0.14761180181646893
0,0.210658154380187
0,0.1898544931488382
0,0.2095992730864241
0,0.14761180181646893
0,0.20481130397885827
0,0.18204628988604862
0,0.18645238831472588
0,0.14761180181646893
0,0.19965684689646626
0,0.21587251419437223
0,0.1954038320657431
0,0.14761180181646893
1,0.21305379010580833
0,0.19525848446700295
1,0.20358504113647513
0,0.19565156639543602
0,0.2028764309845613
0,0.2226363664851037
1,0.20346645141580985
0,0.2002622509456692
0,0.18772032142112163
0,0.14761180181646893
0,0.2058846614552014
0,0.20706904274547602
0,0.19767096307169071
1,0.14761180181646893
1,0.14761180181646893
1,0.14761180181646893
0,0.14761180181646893
0,0.14761180181646893
0,0.20734345077767097
1,0.22212327546591026
0,0.19422677482205236
0,0.19290112685779906
1,0.2244127056706045
0,0.20634565296524277
0,0.2008720788012675
1,0.19807160947838945
1,0.20741946508137685
0,0.14761180181646893
1,0.18302273909358904
0,0.14761180181646893
0,0.21150328696512563
1,0.19314661975248115
0,0.20126479881846776
0,0.20489923738117496
1,0.19667446207164505
0,0.20940679652575478
0,0.19385010951366596
0,0.19824227948015652
0,0.19627565214275683
0,0.18776648144181873
0,0.14761180181646893
0,0.14761180181646893
0,0.1857120507176757
1,0.1904202987820827
0,0.14761180181646893
0,0.2008845703114466
0,0.19324937182634572
1,0.19675777698344968
0,0.20367396163817042
0,0.18016937694214796
0,0.14761180181646893
1,0.21235068569855448
1,0.2100211500068741
0,0.19574687533175797
0,0.1870836572909475
1,0.20936540602590265
0,0.24909542040941987
1,0.2057998828496695
0,0.22071969549588621
1,0.20775414446068746
0,0.2090136147786567
0,0.18185717704649473
0,0.21368118859895097
0,0.20485115120332267
0,0.19268056652537457
0,0.2084695490291311
1,0.21179732493983028
0,0.2128356168709652
0,0.14761180181646893
0,0.19099792404309485
0,0.20020799514961093
0,0.22092362972747034
0,0.2127121304186438
0,0.20090717045577364
0,0.19414338903287462
0,0.20826059685068968
0,0.20967348323489038
1,0.19972407179833837
1,0.21692757591980902
0,0.1924708944999912
1,0.20752711282733882
0,0.19508917116761065
1,0.14761180181646893
0,0.23700453852275
0,0.14761180181646893
0,0.2148799818984311
0,0.2078504620506945
0,0.21784700491869294
0,0.19680430808806146
0,0.21598601301640172
0,0.19507177586975816
0,0.14761180181646893
0,0.2210608135113093
0,0.18895149812421108
1,0.20288974805699667
1,0.14761180181646893
1,0.20917050277817875
0,0.19743416812286316
0,0.21316790541981268
0,0.1885218151243545
1,0.2246902173213099
0,0.18296080958464203
0,0.14761180181646893
0,0.18067601469608952
0,0.20322387039383602
1,0.21140697174046677
0,0.19140078594740084
1,0.21501144952338774
0,0.19997699914428024
0,0.22488976861974458
0,0.21806227581710108
0,0.1968243101592748
0,0.2092509978081461
1,0.20093912581708212
1,0.14761180181646893
0,0.20278010227397308
0,0.2071341405827652
1,0.19879864708698994
0,0.14761180181646893
0,0.14761180181646893
0,0.20023912623457796
0,0.20974689058014975
1,0.21084902163792346
0,0.2021773436797501
0,0.19572391487599006
0,0.21210387758948818
0,0.18903039591254364
0,0.21822645791054313
0,0.21675622302571917
0,0.22030279808511893
0,0.19914909499768563
0,0.21513603408631676
0,0.20544484157078058
0,0.19727992306301118
0,0.14761180181646893
0,0.22820065974318804
0,0.19774815594147668
0,0.20800649448323136
0,0.2139968989446161
1,0.2042393547920067
1,0.2140082619962245
0,0.19469703715487532
1,0.20058811911826016
0,0.21802695867929134
0,0.21327906533607732
0,0.20606156671050896
0,0.19501320252694926
0,0.22784704735568384
0,0.14761180181646893
1,0.14761180181646893
0,0.20383495408639926
1,0.20979462654272157
0,0.19123121526804254
0,0.2086415039733959
0,0.20589658111118114
1,0.14761180181646893
0,0.14761180181646893
0,0.19673226583154838
0,0.2189875391596021
1,0.14761180181646893
0,0.19730138835898242
0,0.20854476166170358
0,0.195431496296839
0,0.22745259974928836
1,0.21496150921597942
0,0.22941313638597952
0,0.19711574098682563
0,0.20725671411750576
0,0.14761180181646893
1,0.22124805631268582
0,0.20850244610257113
0,0.2059425677462151
0,0.21040526246207636
0,0.1917450435808088
0,0.19595373789213424
1,0.21097844837880925
0,0.18758324571181756
0,0.18845119742751887
0,0.21684736335253288
0,0.21022897978169383
0,0.2100752930386348
1,0.14761180181646893
0,0.22223966004031329
0,0.22121582822370903
1,0.20213200332227874
0,0.20159961742897606
0,0.2068003981840573
1,0.20895090085909093
0,0.21409649102425118
0,0.1993481868587706
0,0.2153182324028438
0,0.18967870357451325
0,0.19386626261070292
0,0.1967953741680507
0,0.20356146562035102
0,0.18813223381216837
0,0.20990518226281796
0,0.1945552107561467
0,0.22052547527136723
0,0.2106598026644745
0,0.14761180181646893
1,0.22151863378178654
1,0.2076430620762781
0,0.18141919680062765
0,0.20204627777645864
0,0.2053485301881956
0,0.18467903170028221
0,0.18869731690555847
0,0.21164789718751137
1,0.20115821639616102
0,0.2072361961759169
1,0.14761180181646893
0,0.20916798031471026
0,0.20982025511336963
1,0.21465479404719692
0,0.2057116462688964
0,0.20719223368858955
0,0.21209606648203722
1,0.2009813120057331
1,0.20233991841396448
0,0.2183180282686278
0,0.2185950661799511
1,0.21476976588991206
0,0.20175982191158984
0,0.14761180181646893
1,0.2071665721532528
0,0.2362342615995743
0,0.20275263519822662
1,0.20943066028946844
0,0.2130137277899856
1,0.14761180181646893
0,0.2015156545927261
0,0.14761180181646893
1,0.20180487216538223
0,0.21128294748796442
0,0.22504484429695226
0,0.2098186441310109
0,0.1904464694850501
0,0.20906735299686588
0,0.182845358696893
0,0.19272335640837684
1,0.21144839604164709
0,0.21689005740447614
0,0.20070693069473766
0,0.20195610404894335
0,0.22579130574272394
1,0.14761180181646893
0,0.2138514658331849
0,0.2124399093348967
0,0.20429238041643288
0,0.19373394066492158
1,0.21585092728654817
0,0.1909181980570488
0,0.19061013244948027
0,0.20608782525578434
0,0.20371981697697902
0,0.20964873572003348
0,0.2050003462482094
0,0.14761180181646893
0,0.20112989063896622
0,0.1990107468984664
0,0.199760709595737
0,0.18272971921448328
0,0.18727701595222038
1,0.2293170811092591
1,0.209780478048793
0,0.20984114048384006
0,0.20420013401598175
0,0.21092005942812792
0,0.20682393829882165
0,0.20098487985629232
0,0.19716219960784107
0,0.22192073703210208
0,0.19639406907144233
0,0.18940344170586945
1,0.2214597814717763
0,0.19222244813717415
0,0.1810623742486637
1,0.1947655431217656
0,0.14761180181646893
0,0.20634938667608718
0,0.21683469227582788
0,0.2133185765379696
0,0.18977879600399716
0,0.225392230685617
0,0.2037075499113247
1,0.21242786272868983
0,0.19423204490877913
1,0.22438174281688028
0,0.23836319872649048
0,0.14761180181646893
0,0.2088268677922189
1,0.2282324613246004
0,0.2118068986611412
0,0.20042650133175022
0,0.20755927692627243
0,0.20629476471461106
0,0.19731833177564387
0,0.20037599111831073
0,0.20283670014604754
0,0.14761180181646893
0,0.2157436415208846
0,0.19204108557294336
1,0.19028254354860658
0,0.19585043483839998
0,0.20418714075490044
0,0.20076449059553825
1,0.2171614976670468
0,0.1998782731949251
0,0.19884282097496775
0,0.19341269025066846
1,0.20753922443680553
1,0.21476734141813475
0,0.21135657191697166
0,0.18973681207114648
0,0.19392437847485444
0,0.20698384623716404
0,0.20243940524607867
0,0.20004754928481625
0,0.18715030160441287
0,0.2044395962292578
1,0.1969988803311392
0,0.19637007565162717
0,0.14761180181646893
0,0.20284605472069978
0,0.18584782967960103
0,0.19908150991945697
0,0.2179640511640285
0,0.20799607968639444
0,0.2213278299295359
0,0.2121799092169645
0,0.22205671567916452
1,0.19267367374872968
0,0.19475862917123946
0,0.21381920768960094
1,0.20662868355660957
0,0.19610300569813893
1,0.1963007290492084
1,0.19407837606381204
0,0.19996518980538797
1,0.14761180181646893
0,0.19703625781461012
1,0.19992139218480137
1,0.2099228270319666
0,0.20437791222996174
0,0.1746114521419879
0,0.18543676773587486
0,0.2133270446519508
0,0.2090026964560821
0,0.20686821288913315
1,0.19970977756690475
0,0.1990520466608075
0,0.19635826811308063
0,0.14761180181646893
0,0.14761180181646893
1,0.19473724984764484
0,0.19677639832544197
0,0.2054716557261403
0,0.22603883747077164
0,0.14761180181646893
0,0.2064813345691058
0,0.20088397229908145
0,0.22223062074050892
0,0.20258257634965504
1,0.1919049409730368
0,0.21412502888954893
0,0.19439874829143172
0,0.19347352967306813
0,0.19759748115327186
0,0.22686741194493945
0,0.20640834611661288
1,0.198277818477022
0,0.1998424691753499
0,0.19708120038474214
0,0.1989335986925377
0,0.18221289537918234
0,0.2275166271650998
0,0.20026122207417052
0,0.20616264862909972
0,0.2201566220711614
0,0.22512270753931546
1,0.20656626187480173
0,0.200383078603137
0,0.20213018313523334
1,0.1932506591542598
0,0.19035502886213318
0,0.18169676842808646
0,0.20788978669849975
0,0.14761180181646893
0,0.22412052895343496
0,0.14761180181646893
0,0.14761180181646893
0,0.20096493136538668
0,0.19703162624310142
1,0.21470903142654924
0,0.1988241251154609
1,0.20126654698842467
0,0.17356897054467646
0,0.14761180181646893
0,0.21105823154211237
0,0.21772183023587835
0,0.19483701433565073
0,0.19884354895183395
1,0.20864765588474485
0,0.14761180181646893
0,0.19627777649816958
1,0.14761180181646893
0,0.19799929772366964
0,0.21393748583070224
0,0.21941329071322602
1,0.2137773111273236
0,0.19250955085456098
0,0.20876703128389915
0,0.14761180181646893
1,0.14761180181646893
0,0.20641027690482183
0,0.21181533462726365
1,0.207470197190413
0,0.22504852235719347
0,0.18505908382524894
0,0.20588249743411033
0,0.14761180181646893
0,0.2122604493457277
0,0.22211636641625296
0,0.2193644939544477
0,0.19548106905250776
0,0.23016938399229916
1,0.14761180181646893
0,0.1884727547260508
0,0.2057058513177639
1,0.2069284284018698
0,0.20543744013147822
0,0.19428119604261132
1,0.20448335747466967
1,0.21467763738683615
1,0.20860251463054993
1,0.19976870391635923
1,0.19578586495250402
0,0.19481935368605008
0,0.2055591851553222
0,0.20763323897887323
0,0.14761180181646893
0,0.19863128633092214
0,0.18556462721821962
0,0.20197265891778152
0,0.22301177917573564
1,0.2015676170635146
0,0.21239331297791406
0,0.2019798186421979
0,0.22262944555882025
1,0.22009286279769358
0,0.21711061400533221
0,0.19346353588691542
0,0.19502505682162152
0,0.20975974118435453
1,0.2147086160811264
0,0.19493108140002716
0,0.20413317408141163
0,0.14761180181646893
0,0.19167401330719236
0,0.1958002503953973
0,0.20356321633389876
0,0.19768172434080125
0,0.21116868422349258
0,0.20131259604051768
0,0.20562221804212438
1,0.21832308445541102
0,0.2331163649027978
0,0.22035899498663875
0,0.20714731714194695
0,0.2145909849887683
0,0.20667640038094812
1,0.21213568383932782
0,0.14761180181646893
0,0.20985732012496713
0,0.14761180181646893
0,0.20761941379164897
1,0.20289837433735133
1,0.21853195202998496
0,0.20810890735250484
1,0.1962583877036124
0,0.21862611799837073
0,0.22019842051685162
0,0.20262105455568785
0,0.2028409930610583
0,0.20456623573013266
1,0.18680555989634012
0,0.20454168834892372
0,0.20286253300414336
0,0.19015519034320286
0,0.20352018414640258
0,0.22009286279769358
1,0.22239082526705078
0,0.20263440437321675
1,0.20305971216898056
0,0.19818486859013507
0,0.20407096611575504
0,0.19134836477223194
0,0.2024017534490571
0,0.20036682845496245
0,0.1941633685097501
0,0.14761180181646893
1,0.19472685059095673
0,0.21074854052566938
0,0.20045289531136687
0,0.21957395147399594
0,0.19831628970405146
0,0.14761180181646893
1,0.20935376039330983
1,0.20254635118171618
0,0.20564886101596183
0,0.19857998438902413
0,0.20828260362100992
0,0.1987935969039297
0,0.20818023305972877
0,0.2146323557091844
1,0.20229372043543947
0,0.20678949621971984
1,0.18788177068552686
0,0.14761180181646893
0,0.22632496996200066
0,0.2271143841066258
0,0.20463516808186108
0,0.20493828402452124
1,0.2131859093998908
0,0.1981202065668435
0,0.2091166048785771
0,0.20861756403099108
0,0.2232026735366117
0,0.14761180181646893
0,0.14761180181646893
0,0.22040641860270976
0,0.14761180181646893
1,0.20524286981117934
0,0.20487893554871203
0,0.19960861011365374
0,0.19338872262985624
0,0.21031501322353352
0,0.19445026093635495
0,0.2205517375970426
0,0.14761180181646893
0,0.2124722086307106
0,0.2101991937169051
0,0.20505506450477012
0,0.1987500941833136
1,0.1926204924896271
0,0.19294351994524248
0,0.21274550441741585
0,0.19129540728472635
0,0.14761180181646893
0,0.2127993978682028
0,0.20001840329493403
0,0.22655233467384775
0,0.19515503461968717
0,0.1924375345888962
0,0.19682110374995682
0,0.20942502888546288
0,0.1948095037336908
1,0.20896645430618488
0,0.19879686251372505
0,0.2044164524089367
0,0.2195479274626284
0,0.19804352965988037
0,0.1907608368663921
0,0.21826431656818457
0,0.1936769556186962
1,0.20944484754096143
0,0.19418058281875633
0,0.1981680132083349
0,0.2020523939143267
0,0.20015767355106406
0,0.14761180181646893
1,0.19385761204507096
1,0.2122386802572743
0,0.21566042631489044
0,0.19706403040871767
0,0.2041567782907507
0,0.20671010715462965
0,0.18621666429056863
1,0.2040217479728125
0,0.20176596249043494
1,0.20212352705195277
0,0.20818953884135147
0,0.20275519840599454
1,0.2086165659673099
0,0.20597506591535075
0,0.20710084507878984
0,0.18524238990616532
1,0.2146206846968269
0,0.2103376748139094
1,0.20713778479296757
1,0.19512060169139653
0,0.21868529395793798
1,0.22371887613540534
0,0.18808222021628584
0,0.21045698016250622
1,0.21973166463932914
0,0.20724507818368385
0,0.19694308943551536
0,0.18829595961932896
0,0.19939990395496401
0,0.14761180181646893
0,0.22207016532435114
0,0.23047176538615963
0,0.1855385235156198
0,0.14761180181646893
1,0.2036572061662207
0,0.2129082478887186
0,0.20660373673449928
1,0.14761180181646893
0,0.1975246098398694
0,0.2060010444164959
0,0.2667395767498353
0,0.1961749610779045
0,0.20357058612714657
0,0.21255419133369585
0,0.20364525220293506
0,0.20571579151467634
0,0.20402986309833562
1,0.22024013143756932
0,0.20923122747648026
0,0.18958967443690858
1,0.2028486365171347
0,0.22320121057880107
0,0.2016244094714492
0,0.19833367674778193
1,0.20389820584645632
0,0.1892574051474862
0,0.20817758336680275
0,0.21416111821530653
0,0.1991337611740198
0,0.1973018282111141
0,0.21295639819885412
0,0.1992136484462404
0,0.14761180181646893
0,0.14761180181646893
0,0.1851379840232403
0,0.20659332898631466
0,0.18456604287343703
0,0.18869731690555847
0,0.14761180181646893
0,0.20282659508870055
0,0.20621066342219432
0,0.2119607959037697
0,0.20911072053373514
0,0.20738007593961758
0,0.20943217799508645
0,0.2192834949785607
0,0.2091437407714366
0,0.2091688861443362
1,0.21831304338947516
1,0.21145346839233392
1,0.21081470251613277
0,0.20467123704233403
0,0.14761180181646893
0,0.201758750244387
0,0.14761180181646893
0,0.14761180181646893
0,0.21044077230526526
0,0.20444810911349323
0,0.2075746728770267
1,0.17864776356176063
0,0.195807612563086
0,0.20226002708573762
1,0.2046448219088423
0,0.22684755705252752
0,0.19241111140760056
0,0.2170697920205303
0,0.21113434688199692
0,0.20953358525278606
0,0.20855365967764664
0,0.21823168771882434
0,0.1808329833485863
0,0.20200191540693288
0,0.21234467807281207
0,0.213045107426676
0,0.2016683309777408
0,0.18921908410301935
0,0.21253911819634655
0,0.1984813064898167
0,0.21665436340266866
0,0.19395208777136197
0,0.18597553344079198
0,0.19960856075980765
0,0.18287296319065907
0,0.20727433751494237
0,0.20252315123887973
0,0.2083597818030145
1,0.1945166021773691
0,0.21008731022174829
0,0.19381795775139551
0,0.20836656493522568
0,0.1997909519834715
1,0.209016315812681
0,0.20649052248843802
0,0.2047157784894647
0,0.19495438307931223
0,0.2197583486049325
0,0.22011231261908729
0,0.21138018456482022
0,0.20228334049435903
0,0.18173643176661186
1,0.14761180181646893
0,0.21321336470668723
0,0.20181690052636228
0,0.19349979443675464
0,0.17708611250709058
0,0.2148203408393297
0,0.20996145752237236
0,0.2055024695106143
0,0.20958454216197459
0,0.2060527612248492
0,0.14761180181646893
1,0.2184193695575656
0,0.20880884855250406
0,0.23898427467214806
1,0.19791203712328784
0,0.21514699083132907
0,0.20750384323611618
0,0.19737960252339798
0,0.22099230469257022
0,0.19658342450413568
0,0.2198604549260742
1,0.21646792754862157
0,0.19392980089475606
0,0.2013205048729104
1,0.206583800171833
0,0.2022585573312391
1,0.20959040698051892
0,0.20582108721647357
0,0.21294938469170194
0,0.20476491515638834
0,0.19160669339325825
0,0.14761180181646893
1,0.21942390247118157
0,0.220981489739545
0,0.14761180181646893
0,0.20890515248463812
0,0.1846257041190643
0,0.14761180181646893
0,0.18467123047678602
0,0.21083954569341765
0,0.213616740392186
1,0.19339052738244897
1,0.2140333121387075
0,0.19159283624514506
0,0.20098315395683103
0,0.1990193226960671
0,0.14761180181646893
0,0.14761180181646893
1,0.20756709875591062
1,0.21063428710398668
0,0.20773569211301204
0,0.20817157784142654
0,0.21074454432811554
0,0.19768442748115525
0,0.22387631253082735
0,0.21032958645064312
0,0.14761180181646893
1,0.21605842012863763
0,0.21661458358914326
0,0.20386428834217105
0,0.2092291250773819
0,0.20313182168618044
0,0.14761180181646893
0,0.20865084285256844
0,0.2130742714087664
1,0.20707485691574912
0,0.19972264748352306
0,0.20123537952426857
0,0.20020760594274972
0,0.2059590383993952
0,0.19916024289523485
0,0.21966633301105284
1,0.20729260861747817
0,0.14761180181646893
0,0.14761180181646893
0,0.2083010975906096
1,0.21386584232474234
0,0.2103954925902183
1,0.2224051526785868
0,0.2146341998533422
0,0.19822925939781513
0,0.19155024598120385
0,0.21666628906002644
0,0.2006437177816728
0,0.21185858970354554
0,0.19333340211337935
1,0.19667721766909613
1,0.21373012475296962
0,0.20357479463675243
0,0.20238434655980211
0,0.21289390108383058
1,0.2023005973367601
0,0.18528677803466928
0,0.20341558977091204
0,0.14761180181646893
0,0.20528478185218518
0,0.19030215329728042
0,0.2049718449104499
1,0.2016431999539715
0,0.21264999704797935
0,0.2257416557480102
0,0.21981518423890892
0,0.20545621262683633
1,0.14761180181646893
0,0.19552272490727948
0,0.14761180181646893
0,0.1949171386391518
1,0.1965258636341192
0,0.14761180181646893
0,0.19107210663652105
0,0.1976512058245402
0,0.20900371827903935
1,0.20396188185481984
1,0.21400742246484958
0,0.1989133573200239
0,0.14761180181646893
1,0.2246486411341616
0,0.20289854110402297
0,0.215050104488546
1,0.20858495885013376
0,0.19153154700781988
0,0.217436484942624
0,0.21949573244599288
0,0.18517982624133436
0,0.18893528606430474
0,0.20560497114624005
0,0.2100520573283221
1,0.21520025023131362
0,0.19984748498097166
1,0.20975815843024898
1,0.19947678168952715
0,0.14761180181646893
0,0.22459128480786755
0,0.19559350925325056
0,0.19696670759311014
0,0.206937968531171
0,0.19002707114874817
0,0.14761180181646893
0,0.1934042974611555
0,0.21427698952866567
0,0.21111195818237335
1,0.14761180181646893
0,0.2112002270639482
1,0.187429956547578
1,0.19997039400985422
0,0.21788151040312573
0,0.2070895485626728
0,0.19877266103281171
0,0.19065079312064342
0,0.1814753349368175
0,0.20651309491957037
0,0.2047644596460788
1,0.14761180181646893
0,0.20386555355141336
1,0.2044543233522278
0,0.21579783692917956
0,0.22831260217043392
0,0.1994185066218184
0,0.2118813631778907
0,0.20381991250485967
1,0.20752766153939664
0,0.21226534066100777
0,0.20197182726294405
0,0.18814194572529508
0,0.19665092975705414
0,0.197027802794927
0,0.20276521364743771
0,0.2062644726505795
0,0.14761180181646893
0,0.20142117635720322
0,0.14761180181646893
0,0.21353611178836993
0,0.21443868137912336
0,0.19129695289594995
0,0.1916875066913789
0,0.21480476941586296
0,0.2080999486109868
0,0.2165537528314203
0,0.22277357477970983
0,0.18485021594706014
1,0.20344429121439678
0,0.20535924089676127
0,0.1813422937770997
0,0.14761180181646893
0,0.19956271605064874
1,0.1976953717493203
0,0.21546213730263972
0,0.20810340483948053
0,0.21476261229973037
1,0.21539814071872532
0,0.20085907279763926
0,0.14761180181646893
0,0.17983320835856778
0,0.20215081865652873
0,0.2672780719027612
0,0.18539874481461402
0,0.21030057251345818
1,0.1960445768822371
0,0.17825674121691795
0,0.20331307967266948
0,0.20657575150173482
0,0.14761180181646893
0,0.20349043832063207
0,0.2099773131847937
0,0.21447363009983825
0,0.19922266270393052
0,0.19340371460748854
0,0.21143688725512486
0,0.21079902152065497
0,0.2083010975906096
1,0.19430346751309885
0,0.20347278225246088
0,0.2046166904928333
0,0.21505492462054968
0,0.20344591271703966
0,0.22372889648502275
0,0.1977807307222347
0,0.18736639436187466
0,0.18943580824158626
0,0.14761180181646893
1,0.20749170815572804
0,0.19612439907504142
0,0.21204974978231175
1,0.20916946763259803
0,0.22344287836191187
0,0.22532524941390697
1,0.14761180181646893
0,0.14761180181646893
0,0.21037288743819776
0,0.20389000822614683
0,0.1947456174175749
1,0.2074856691830102
0,0.1865710966625703
0,0.20724176516033416
0,0.20620925440368465
0,0.19617507997055286
0,0.18465192601761252
0,0.21763679200871755
0,0.2064732305296307
1,0.1944170833998724
0,0.18869199924900099
0,0.20734578556295816
1,0.19562513555362226
0,0.2074935655518022
0,0.21048090843636177
1,0.20685376445111098
0,0.20859019811997875
1,0.20988882664398023
0,0.19992467850923618
0,0.2022494131548788
0,0.19427268863346409
1,0.19587923974531962
1,0.21215793196174762
0,0.21304609660348195
0,0.14761180181646893
0,0.20852398648580048
0,0.19919637099465223
0,0.2191699166632271
0,0.21712674503174162
0,0.20677604638202476
0,0.2088438861437385
1,0.19431011900399373
0,0.20156135267058897
0,0.14761180181646893
0,0.18760484824002915
0,0.2196392343510453
0,0.197514053912016
0,0.14761180181646893
0,0.1965002379705138
1,0.20692934039272837
0,0.19516183727646413
1,0.21123460042614653
0,0.2081043456226087
0,0.2060617285873119
0,0.20233126509604185
1,0.21721885511767353
0,0.20663368435519697
0,0.1965458279728568
0,0.2010497937201064
0,0.2021275424511192
0,0.22373022227186282
0,0.20753816281302134
0,0.20718663912754004
0,0.20006525433923444
0,0.14761180181646893
0,0.20609760940037222
1,0.14761180181646893
0,0.20384060688876143
0,0.21649185016691794
0,0.14761180181646893
0,0.207961363041378
1,0.21027297637246165
0,0.20416079781664626
0,0.1974680512042989
0,0.2134590530183512
0,0.20841326616213823
0,0.22004140987324336
1,0.2672780719027612
0,0.14761180181646893
1,0.21410041591249676
0,0.14761180181646893
0,0.20449705378079994
0,0.22625759786695657
0,0.1940278409419997
0,0.2141247584487464
0,0.21272278963966085
0,0.21269844156772952
0,0.20235871301674824
0,0.14761180181646893
0,0.2038675190421202
0,0.19382206916404113
0,0.21190701569252238
0,0.20164532835070073
0,0.19496611887270693
0,0.20266138760281316
0,0.14761180181646893
0,0.21059225435099316
0,0.21031362786688138
0,0.21014867182876432
0,0.23701948778116064
0,0.20454221204180253
0,0.19589051444207092
0,0.2045795382883039
0,0.2165458208060914
0,0.20839903577141128
1,0.21288854201243246
0,0.2144785036402889
0,0.14761180181646893
0,0.19769600103596774
0,0.2115791824983812
0,0.20918007723957466
0,0.19258571945284514
0,0.1958996998803821
0,0.20567258693031137
0,0.20974444649755022
0,0.19437520876203598
0,0.20753571780098148
1,0.2159321802478823
0,0.19862000253125764
1,0.2066005515231677
0,0.14761180181646893
0,0.21075840382478356
1,0.2252592262525665
1,0.21168840296519414
0,0.22102518843025706
0,0.212405052162976
0,0.22742651645643888
0,0.19135441030633968
0,0.2093477134524187
0,0.21479800650317654
0,0.20654407766052882
0,0.20759172981545748
0,0.1863867633861762
0,0.20522562262965058
0,0.22163750620828954
1,0.14761180181646893
0,0.208950927437578
0,0.2138968925654768
0,0.21137954628362218
0,0.20140252438421688
0,0.20244465318764837
0,0.21770765502819092
0,0.21315432793630457
0,0.1950436817112229
0,0.19517790973601273
1,0.14761180181646893
0,0.2093544298915324
0,0.20521574333045592
1,0.20688945503127149
1,0.21602961047621078
0,0.2015016263995632
1,0.1962282482390513
0,0.1994860690522782
0,0.177707926195302
0,0.1914294734342084
1,0.21959195485832078
0,0.19933434457765917
0,0.18509253202879689
1,0.20109284174516806
0,0.19354490572311653
0,0.20827675936106607
0,0.23757921474065088
0,0.20171797598182883
0,0.20878693802925097
0,0.14761180181646893
1,0.14761180181646893
0,0.21154223287893256
0,0.21090621267122167
1,0.20127342042412996
0,0.20941717253198952
0,0.21209712431392674
1,0.2070223802041299
0,0.2078530402888666
0,0.19480797122732127
0,0.19548073046948844
0,0.14761180181646893
0,0.14761180181646893
0,0.14761180181646893
0,0.22101072332568364
0,0.14761180181646893
0,0.21445659102016454
0,0.20017028676167692
0,0.20729126293188113
0,0.21453649280108197
0,0.21156200712831433
0,0.21176371586345075
1,0.21845354037714165
0,0.2245849265420136
1,0.21285041623843404
0,0.20942051241975757
0,0.20304481969435267
0,0.21904507553478852
1,0.22087480416199726
1,0.21397136897699107
0,0.1921812168073476
0,0.22259954092583953
0,0.2077647466803287
0,0.1949106738664371
0,0.14761180181646893
0,0.2103802224977909
0,0.21281866890981116
0,0.1992305029354642
0,0.20156353115129644
0,0.18169793090795663
0,0.1991041843524599
0,0.2220790089632282
0,0.1914025673324431
0,0.2670734695660113
1,0.20927269897392387
0,0.2045042157369207
0,0.20068536108443835
1,0.19206668032013854
0,0.18130637306600775
1,0.20601378642486878
0,0.2044109183992734
0,0.18239693187883224
0,0.14761180181646893
0,0.19323953705066663
0,0.198108269593543
0,0.21628915093209183
0,0.20782761258550836
0,0.20371089677448523
0,0.20366140564788074
0,0.2047677956353663
0,0.20569561706041187
1,0.20802131207680075
0,0.20519839362191544
0,0.20248386874774993
0,0.2095102332360687
0,0.22243769508451317
0,0.19463331391332922
0,0.2007433254868944
0,0.20757325748126726
0,0.19103047318943436
0,0.2169475063998037
0,0.20721096571599557
1,0.2006037247344076
0,0.2056332770452932
0,0.20752662878902775
1,0.20681078228625416
0,0.22336450064354277
0,0.20618824619266807
0,0.198913728656036
0,0.2010548427816806
0,0.19683928160315753
0,0.14761180181646893
0,0.20791356178845172
0,0.19762151689199745
0,0.20037811898130045
0,0.20969005364606227
0,0.19559399762822724
0,0.2093956347439293
0,0.18963630051230898
0,0.14761180181646893
1,0.20784030521073193
0,0.20935094046987532
0,0.20073926576881396
0,0.19390179582178887
0,0.14761180181646893
0,0.14761180181646893
0,0.2185220148715443
0,0.1913311574075843
0,0.18657036448955186
0,0.20998544742838807
0,0.2102611975822663
0,0.19407837606381204
1,0.21786290183395102
0,0.2068038561688789
0,0.2009255236254899
0,0.19274898405440802
1,0.21130784242540973
1,0.21209507501702268
1,0.19792851058374133
0,0.20527665569295345
0,0.19927009676402432
0,0.180785369981288
0,0.19725383056594492
0,0.2135282225132034
0,0.19922328808033424
0,0.14761180181646893
0,0.14761180181646893
1,0.2064286229266251
0,0.21835205103148492
0,0.21244123546469948
0,0.21527282442332454
0,0.2190478728554992
0,0.2119617595663176
0,0.21351625610593886
0,0.2133657712799124
0,0.20416220939797355
0,0.19738049016128087
0,0.21015913082907242
0,0.21536552782701623
0,0.21362286770862612
0,0.19711574098682563
0,0.20725968848157028
0,0.21908175001480104
0,0.2080412785105142
0,0.20266576132979178
0,0.2107742483813097
0,0.2124369716912983
0,0.19082572178413404
0,0.21014156775430837
0,0.21172270969888027
0,0.20215800599014572
0,0.19990068321720228
0,0.1875367397281479
0,0.14761180181646893
1,0.1985576518313812
0,0.2167653201385585
1,0.22620837608066374
0,0.20757665463606811
0,0.14761180181646893
0,0.18990166374079587
0,0.19438351009998822
0,0.20321635010096303
0,0.17196623158523497
0,0.21448489749090138
0,0.21399395433513557
0,0.20270814058616687
0,0.14761180181646893
0,0.20511144149705685
1,0.14761180181646893
0,0.20291904529165006
0,0.21729739603142115
0,0.18801425281007628
1,0.26757159650864815
0,0.1902224872565287
0,0.19590163223977175
0,0.21737635302790378
0,0.18728620726397185
0,0.20840150373682945
1,0.21249284594434717
0,0.20305278272413665
0,0.21140697174046677
0,0.26454104660591427
0,0.19453402135867204
0,0.22313599859500777
0,0.2091674350848761
1,0.2083556455733693
1,0.204816498124264
1,0.21388658882267933
0,0.19601564646466055
1,0.2141650670585782
1,0.22033834877280423
0,0.20272974956918174
0,0.20010367726660483
1,0.20280775340479726
0,0.14761180181646893
0,0.19659037773690233
1,0.20781825872394155
0,0.1984391331748093
0,0.21595299425092745
0,0.21476355930163407
0,0.20367602894947134
0,0.19369015519606558
0,0.2122807743971222
1,0.20909695814864576
0,0.2033574747782064
1,0.18910425362875102
0,0.20969858177141473
1,0.2133185765379696
0,0.2206317464166383
0,0.14761180181646893
0,0.2001723531758858
0,0.20211882359946698
0,0.198022476959409
0,0.18539874481461402
0,0.21221351143261308
0,0.20512042705095174
0,0.2078678428994844
0,0.2067668378301691
0,0.20319239102822215
0,0.20263868226933993
0,0.14761180181646893
0,0.22216237547460982
1,0.20779263388921018
1,0.21528337660921223
0,0.2187681564061077
0,0.19207104995683077
0,0.20185063688545712
0,0.22077574728384944
0,0.21114417360630353
0,0.2407391824163171
0,0.2130031230049912
1,0.2121111303593209
0,0.20603835816225904
0,0.1809889480414399
0,0.20901374533500908
1,0.20525604367536218
0,0.2081691584566655
1,0.2151611328061839
0,0.14761180181646893
1,0.2065794132822449
0,0.20228094993737603
0,0.2122324029445664
0,0.19324430001314657
0,0.20500641795174676
0,0.20083326837533966
0,0.2154384736284501
0,0.20496273680877897
0,0.21336144073692728
0,0.14761180181646893
0,0.2132796080528074
1,0.2165515550148226
0,0.14761180181646893
0,0.22191071208284793
1,0.19781166496654679
1,0.21375635384972852
0,0.19727504361989662
0,0.21231104427923328
0,0.14761180181646893
0,0.20118843906925987
0,0.19797457581028885
1,0.21346598511733625
0,0.14761180181646893
0,0.20166143359062555
0,0.198156754646377
0,0.1892483721408941
0,0.19832919292715923
0,0.19166490765724128
0,0.2194875611223126
0,0.2203819237999066
1,0.22033671362863824
0,0.14761180181646893
0,0.21064718579937075
0,0.1896828536591934
0,0.19777620493410028
0,0.22051477358172164
1,0.21185800561206566
1,0.2095324431490452
0,0.21454208918754122
0,0.20256230749352228
0,0.19217317051326055
0,0.21875037313933654
1,0.14761180181646893
0,0.14761180181646893
1,0.20890307837095465
0,0.14761180181646893
0,0.21124313885467066
1,0.14761180181646893
0,0.20562844840861122
0,0.180061773414695
0,0.21311667285670166
0,0.2067859694037757
0,0.14761180181646893
0,0.19800862453217705
0,0.19268414361645197
0,0.20637565493424304
1,0.21548544342251685
0,0.20855217960235214
0,0.14761180181646893
0,0.19617322161560002
0,0.203450515917945
0,0.199943231780807
0,0.20057072387592045
0,0.2150229650552717
0,0.2068320808291011
0,0.1900144006680208
0,0.21806163148242394
0,0.14761180181646893
1,0.20516699832903776
0,0.2173320496562499
0,0.2098513023462524
0,0.20916156381227344
0,0.20978217982712058
0,0.2096335900711138
1,0.19753473547609157
1,0.21406576531868887
0,0.22249576904783583
0,0.2025116426457371
0,0.14761180181646893
0,0.1939028794194692
0,0.20211117188690922
0,0.14761180181646893
0,0.21287539005194592
0,0.21294470423470468
0,0.21179685962626868
0,0.14761180181646893
0,0.14761180181646893
0,0.18556565018358231
0,0.20055028223196936
0,0.21043739274535042
0,0.2219772049907238
0,0.14761180181646893
0,0.2161474075495298
0,0.19944193128217458
0,0.202043039277782
0,0.20431739464608734
0,0.22121811943887196
0,0.2068569398814751
0,0.20675801288401557
1,0.2287178513643019
0,0.14761180181646893
0,0.20652333181364296
0,0.14761180181646893
0,0.21640733292742484
0,0.14761180181646893
0,0.14761180181646893
1,0.19458589431634907
0,0.2102771305638842
0,0.19498746792245672
0,0.20172487292966218
0,0.21799258987488584
0,0.14761180181646893
0,0.20332372311763489
0,0.1896710172950009
0,0.21211085399288276
0,0.21226179592365885
0,0.20575042641995528
0,0.19527818303298028
0,0.20864790798171737
0,0.2128143914712755
0,0.21831555635197045
0,0.21030277815187093
0,0.20958995982227666
0,0.2079402718119407
0,0.21180808336848722
0,0.19941433348879833
0,0.14761180181646893
0,0.21045475046088202
0,0.20014833354560813
0,0.19138795843548542
0,0.21618259620002286
0,0.19678482104315873
0,0.19523503773861348
0,0.20576347714460216
0,0.19115528305642593
1,0.2128473719328113
0,0.19886547636514043
0,0.14761180181646893
0,0.1942319190200119
0,0.20625080414266878
0,0.2299466192927263
0,0.19787682971891618
0,0.18640945927936306
0,0.20034911797304164
0,0.21348634496426488
1,0.14761180181646893
1,0.21005256753630147
0,0.2079228796966356
0,0.19525738036887347
0,0.215406937235744
0,0.19347392041623715
0,0.2122324029445664
0,0.1881547940088975
0,0.2193683700529014
0,0.21152183808978148
0,0.1939030914596887
1,0.21807545832855568
0,0.20363587518178816
1,0.2142582017431969
0,0.19612421108353287
0,0.20114249537404083
0,0.14761180181646893
0,0.2004979787695951
0,0.14761180181646893
0,0.19898240859006583
0,0.2174604377195163
0,0.19855247070989998
1,0.14761180181646893
1,0.14761180181646893
0,0.14761180181646893
0,0.2059221979562929
1,0.2001801162962261
0,0.14761180181646893
0,0.199758450564865
0,0.19697116537757428
1,0.14761180181646893
0,0.20291848630295695
1,0.20237681372582472
0,0.194395319838265
0,0.22103687155525167
0,0.21408522366795382
0,0.20814398592530386
1,0.22229907612836614
0,0.21583391749772915
0,0.14761180181646893
0,0.2014249219220503
0,0.19395298526182778
1,0.20869352675547698
0,0.20853041457277147
0,0.20278010227397308
0,0.21784866827085492
0,0.2047535737177654
0,0.18549848546672734
0,0.18115075947506495
0,0.20684153683087905
0,0.20773569211301204
0,0.21842689698208775
0,0.18669039737701557
0,0.20704626335393742
0,0.2094910248216312
0,0.21859341321407524
0,0.19781192436457828
0,0.19453163178783991
0,0.21651736051127143
0,0.21728306673787906
0,0.21476450304245562
0,0.14761180181646893
0,0.211244914834783
0,0.21154304722844508
0,0.14761180181646893
1,0.21026033195657548
0,0.20214436590258178
0,0.202918151574311
0,0.20692364486299555
1,0.1955306844053216
0,0.2149738809247112
0,0.185575377977775
0,0.26722000997742246
0,0.19977387213909006
0,0.19277888434560733
0,0.20506454775130262
0,0.19399014013394458
1,0.2041256950555247
1,0.2108981754117893
0,0.2186462932761383
0,0.20689251279264836
1,0.18582217969082027
0,0.1993501841765699
1,0.19878913265950965
0,0.14761180181646893
1,0.22097796464824415
0,0.1981582033329798
0,0.19572660265207503
0,0.21206172003097962
0,0.20062354393628715
0,0.20621512109233162
0,0.18946505500152963
0,0.19684482344903267
1,0.20329557113837693
0,0.20188842689602282
0,0.20749030887733194
0,0.14761180181646893
0,0.1821807248622896
0,0.20250952046024076
0,0.1976506096214605
0,0.20876409406016588
0,0.21890013089194005
0,0.2257378688734701
1,0.1990619815410685
0,0.19701899038400622
0,0.21378871968128582
1,0.14761180181646893
0,0.19629737725307597
0,0.18228161034921378
0,0.18605817866664523
0,0.14761180181646893
0,0.20848293832725937
1,0.1852328219877941
1,0.20866009438115785
0,0.20521915140070393
0,0.21494602305248295
0,0.20379685789511445
0,0.22184579042844968
1,0.20476148347612785
0,0.24068018415483328
1,0.17838000675069496
0,0.21940061867291438
0,0.19183215940187814
0,0.2091222277606363
0,0.19822569579294927
0,0.20042211066665233
0,0.21067199099545042
0,0.21382314965844199
0,0.21165268533248177
0,0.1874173428322755
0,0.2074425842924837
0,0.19922266270393052
0,0.20089117230527945
0,0.20299031752826346
0,0.1938772639474647
0,0.21822657095413603
0,0.2142857650864698
0,0.2243637023781805
0,0.21659502064782238
0,0.14761180181646893
0,0.2069770358304696
1,0.20105333910592466
0,0.19598477472638132
0,0.19423854394101459
0,0.21444393919819352
0,0.20826790790226732
1,0.21154227646063045
0,0.20750489506067693
0,0.21118065765662858
0,0.20155615330824211
0,0.20779857841228777
1,0.2080787153152315
0,0.18682565434186008
0,0.20686191597491185
0,0.1959748230355494
1,0.21386089237884304
1,0.14761180181646893
0,0.17507207994568189
0,0.21672635530671025
1,0.20858974545611106
0,0.19409467544451464
1,0.20877972295235916
0,0.21149455141023324
1,0.22556285514628738
0,0.14761180181646893
0,0.2295515959615421
0,0.19603686943878776
0,0.197211185333771
1,0.20926562349712977
0,0.19034116714054636
1,0.20851827189864283
0,0.20426113541846574
1,0.19513860261118024
0,0.20855136915999478
0,0.2219623043362924
0,0.2053841845287761
0,0.14761180181646893
0,0.1935428678423127
1,0.2387070358805452
0,0.20736409249133222
0,0.2115487575309853
0,0.20863453472918905
1,0.22047413969509203
0,0.20061838479400976
0,0.19803520323119922
0,0.19539269126846912
0,0.22848306591398226
0,0.19530913055720905
0,0.20142376826372377
0,0.14761180181646893
0,0.21284343605755554
0,0.1997719147058136
0,0.19257317818956965
0,0.2090249568380458
0,0.2039199360269416
0,0.21233606105865563
1,0.2050602086600321
0,0.19924993850388714
0,0.21399156548894382
0,0.21728367423884398
0,0.2015986998799741
0,0.187965028500187
0,0.18887041590732095
1,0.19304556659159366
0,0.21718270937120818
1,0.21334084715421414
0,0.14761180181646893
1,0.21304903330777894
0,0.20211016718402441
0,0.14761180181646893
0,0.1790107635969661
1,0.20411528974511
0,0.18896775340799546
0,0.19388768379859408
1,0.20348312571415697
0,0.20833721067632435
0,0.22092952868635873
1,0.14761180181646893
1,0.20489891986631992
0,0.20347820651842893
1,0.197267812419802
0,0.21011080763431805
0,0.20513761041275033
1,0.20774771788166443
0,0.1920978829988202
0,0.20282232059092492
0,0.2073038053496466
0,0.20552894728921997
0,0.1900478449366836
0,0.14761180181646893
0,0.19755251950142658
0,0.20592929944017757
1,0.2106639414794663
0,0.14761180181646893
0,0.20835970054593386
0,0.19599287258223363
0,0.2087186602298173
0,0.18749526915423012
0,0.2085547176282269
0,0.14761180181646893
1,0.20528401019112874
1,0.23105407825783927
1,0.20658645834934836
0,0.2010548427816806
1,0.21941497728379258
1,0.14761180181646893
0,0.1907227655884513
0,0.20720518338163493
0,0.1742845593849703
0,0.200265459449154
0,0.2133598330795526
1,0.19730138835898242
0,0.19460883523539366
1,0.14761180181646893
0,0.21538547762587154
0,0.21184157716175775
1,0.2101993720241467
1,0.2179738954407817
0,0.14761180181646893
0,0.21380694783066417
0,0.21532590520335784
0,0.1953594061183206
0,0.2354847309217062
0,0.2008261715604344
1,0.1779032599288183
0,0.14761180181646893
0,0.185805192038438
0,0.19044941342535643
1,0.20520848441407236
0,0.21379627237784896
0,0.18887143779939394
1,0.20649974992695838
0,0.19962349922888908
0,0.21923321415189692
0,0.20345736281051113
0,0.2047206170629589
0,0.20780469860220543
1,0.14761180181646893
0,0.21484152251114985
0,0.21797090146677775
0,0.20544631923645085
1,0.14761180181646893
0,0.19670130527947824
0,0.17391589770823945
0,0.2220198945993519
0,0.14761180181646893
0,0.20632821144142288
0,0.20346922865794584
0,0.19514688245877618
0,0.1907571050846546
0,0.18383971399949192
1,0.21570876126975833
1,0.2019897316275236
1,0.14761180181646893
0,0.2178707244067321
0,0.18841227792458293
0,0.22975120565186072
0,0.20489049982891203
0,0.21129699921056166
0,0.194948401586858
0,0.19932818554481968
1,0.2168562198021785
0,0.20857879245271024
0,0.14761180181646893
0,0.18806366765172797
0,0.21572206969775662
0,0.14761180181646893
0,0.2056406471411738
0,0.19949123222929424
1,0.20828653323230348
1,0.2258571235582224
0,0.19853089057611184
1,0.20850138907095897
0,0.21230543496125392
0,0.20340626251132843
0,0.19028433928686886
0,0.14761180181646893
0,0.21579914036878123
0,0.18539297305777563
0,0.1958083217679506
0,0.1974662275496857
0,0.2106678104471736
0,0.20155432337721346
0,0.20709998653296535
0,0.2019540843523519
0,0.2094950096643144
1,0.20578344562323775
0,0.21802491597771306
0,0.1969437784081621
0,0.20319041231341162
0,0.20509542475240122
0,0.1836366156164782
0,0.20298052370637987
0,0.21829057288238657
1,0.21152631069799124
0,0.14761180181646893
0,0.21336573026276304
0,0.20588534239743464
0,0.14761180181646893
0,0.20689793731443726
0,0.22011266158674964
1,0.20379533897450267
1,0.2136069712942915
0,0.19931296906804752
0,0.1825143984072408
0,0.14761180181646893
0,0.14761180181646893
1,0.220247581003275
1,0.20103185267041687
1,0.20050124851592271
0,0.186290157550043
0,0.14761180181646893
1,0.19506345436985664
0,0.20840950672183944
0,0.21015913082907242
0,0.22348570943165552
0,0.1962181252493987
0,0.2141152305577041
0,0.19847850803574973
0,0.19585178566123598
0,0.21058186617902958
0,0.22413907948078027
0,0.1924935173087377
0,0.1987511333512532
0,0.1963999257593705
1,0.21398364302778305
0,0.21009086337788208
0,0.1943847804330716
0,0.19675738860557268
1,0.21502656109706278
0,0.14761180181646893
1,0.2120555983771494
1,0.2125477263644241
1,0.22503487653172863
0,0.14761180181646893
0,0.2065918847299442
0,0.1957316487666067
0,0.22084790647940117
0,0.20528847668613137
0,0.14761180181646893
1,0.2093607714408391
0,0.20346057057193445
0,0.20789915197982206
0,0.1848386834913018
0,0.20530165689143154
0,0.2672780719027612
1,0.20467034537253428
0,0.1963015481908037
1,0.1874685415422791
0,0.1895743900336874
0,0.19684277344502565
0,0.2065029879404264
0,0.209355633246816
0,0.21987564832337023
0,0.1933264341997079
1,0.2081674315310692
0,0.2256988494991249
0,0.14761180181646893
0,0.1981027451937138
0,0.20999736930769647
1,0.21910960055292386
0,0.14761180181646893
0,0.22388876493920584
0,0.20424858554376538
1,0.2033858366327758
0,0.19658546773884564
1,0.20917390771737876
0,0.20715874036745513
0,0.21701368864852472
0,0.20084144781486382
0,0.14761180181646893
0,0.21455058001845573
0,0.20654391867457503
1,0.22138436462677802
0,0.19941680344236806
1,0.21310140250156123
0,0.20074631279678537
0,0.14761180181646893
0,0.1882215586611812
0,0.20749426519027372
0,0.2009569678488737
1,0.2168181749284122
1,0.19302407145227973
0,0.1951558833341295
0,0.19900973813481418
1,0.2035949885429126
0,0.1969082843929186
0,0.17960875288908215
0,0.22202723778040806
0,0.19487654047082695
0,0.22169402099671323
0,0.180231302588901
0,0.20295560350587133
0,0.20383283418060497
0,0.19638607073703238
1,0.20659994710572505
1,0.2009802248231293
1,0.2171622304493816
0,0.14761180181646893
0,0.19206568939527582
0,0.2078226202349828
0,0.2014645775476593
0,0.26711944044323316
0,0.19596488838325649
0,0.20723681047033077
0,0.20259709771231507
0,0.19609384274459024
0,0.21416306321414735
0,0.2282203022413034
0,0.2002912012601925
1,0.20064597436215026
1,0.2078674667485826
0,0.19337864922325507
1,0.2078174272744371
0,0.20619704673071876
1,0.19438696430559574
1,0.21971227213617964
0,0.20686566145686788
0,0.22209640106285836
0,0.1979421287792962
0,0.19953772134375172
1,0.20532283358254894
0,0.20831716045096993
0,0.2050601984905027
0,0.19564493483555417
0,0.21164908873502467
0,0.20325514168804273
0,0.21541837197089211
0,0.20678233227083662
0,0.19640954969199287
0,0.21402606793010365
0,0.20019559923621819
0,0.204688991784554
0,0.19293701218443277
0,0.14761180181646893
1,0.20407905474552848
0,0.21371030809163813
0,0.2060828800188416
0,0.20139260652903473
0,0.21663028828723366
0,0.14761180181646893
0,0.20655052572803367
0,0.20930230249650925
0,0.195075166050944
1,0.2040340035142924
0,0.2067879196726977
1,0.21026793239770522
0,0.1974258245784567
1,0.18934846249156842
0,0.20761575852503047
0,0.22200247270276308
0,0.18399255935791908
1,0.2132558559801474
0,0.2209882640396174
0,0.20078606135549334
0,0.20835970054593386
0,0.2335320703863
0,0.20014393475662642
0,0.1962028682781253
1,0.14761180181646893
1,0.21151400730918046
0,0.19904492529095888
1,0.20780865291190442
0,0.20257630975822338
0,0.2273517142524116
0,0.1964535339276393
1,0.1878680686797846
0,0.2111159608745153
0,0.2113160901665671
0,0.2286124007128562
0,0.20677023492097657
0,0.14761180181646893
0,0.20868764528128583
0,0.19848826511817658
1,0.21772086040782027
0,0.21751561036505798
0,0.19560283175432244
0,0.210277612112705
0,0.14761180181646893
1,0.19936507908784137
1,0.2042810398763497
0,0.20893504008508929
1,0.20522182473647932
0,0.20158570135762757
1,0.20262382730743367
0,0.18471450776017304
0,0.14761180181646893
0,0.21796724112072924
1,0.20383257969700966
1,0.21616455154496822
0,0.1948266073305032
0,0.19277281362453771
1,0.21572219279565677
0,0.19733030188597736
0,0.19993209780483237
0,0.21831839692926855
0,0.20463273657830472
1,0.2190106820271256
0,0.21015817283618843
0,0.19265237651456832
0,0.19714332418175617
1,0.14761180181646893
0,0.14761180181646893
0,0.2034693188142194
0,0.19088929698658835
0,0.217160738999858
0,0.19868930074134192
0,0.19298803494612407
0,0.19639914997472857
0,0.19815980600934827
0,0.21694814864063863
0,0.20857774811014546
0,0.2107266203084734
0,0.19406250772277434
0,0.14761180181646893
0,0.2013940317803599
1,0.19950796336447885
0,0.2230610907015711
1,0.14761180181646893
0,0.1966115651993266
0,0.14761180181646893
1,0.2048956487682724
0,0.21455358745866068
1,0.2138217243412862
0,0.20567408082877553
0,0.14761180181646893
0,0.19891163336012754
0,0.14761180181646893
1,0.2193096804352428
0,0.19338065625530645
0,0.20913944412500618
0,0.20574029284412776
0,0.20579610881919042
0,0.14761180181646893
0,0.1985000486997403
0,0.21065524627361007
0,0.20820507719624523
0,0.19228295543734253
0,0.20491878500341784
0,0.20577174122336103
1,0.1968371059575707
0,0.1797923678229347
0,0.19255041257747224
0,0.20696950776551304
0,0.21021774620525596
0,0.21349591996753559
0,0.21105609725183608
0,0.21236971073768154
0,0.19708918062881986
0,0.21031732908977605
0,0.19983848673170873
1,0.14761180181646893
0,0.18916014108693485
0,0.19685203189483827
0,0.14761180181646893
0,0.18244113168462597
0,0.2043543610474188
1,0.20594177604220057
0,0.19669929778667386
1,0.20707947240325947
0,0.21702719508958107
0,0.21585727781483752
1,0.20655765593136288
0,0.20242204115759801
0,0.20109834021231737
0,0.20557698127969506
0,0.20047907449233363
0,0.19094934497739127
0,0.21074482197007396
0,0.1872522239242332
0,0.20336220801755886
1,0.21374619022401084
0,0.21144171706156012
0,0.14761180181646893
1,0.2110974597519433
1,0.19639737459721773
0,0.21581687799349047
0,0.14761180181646893
0,0.19971456486393144
0,0.20905387996390704
0,0.20293664757269875
0,0.19136526971089685
0,0.21204600414930955
0,0.22339958266231214
0,0.20077258534208936
0,0.14761180181646893
0,0.1992425482518326
1,0.21345633216567214
1,0.22993631907709894
0,0.2146240758627452
0,0.21984137332632248
0,0.14761180181646893
0,0.20911962471693224
1,0.2174621387522557
1,0.19019427051546153
0,0.21382854264649817
0,0.2186503943958859
0,0.14761180181646893
0,0.20583397787419633
0,0.2151664621131958
0,0.19538045823162029
0,0.19514009647450745
0,0.21226534066100777
0,0.14761180181646893
0,0.19908614281865025
0,0.21783778767958215
0,0.1940391805136952
0,0.21066883685498014
0,0.1918537982879086
1,0.20082562937716367
0,0.2072130660700737
0,0.14761180181646893
0,0.18397353527573734
0,0.20807319993862872
0,0.20777035266752225
1,0.21586783102642568
0,0.19735590096221914
0,0.2064910489994641
0,0.20358345966606936
0,0.14761180181646893
0,0.2054068525824663
0,0.2004755715580735
0,0.19156509990048376
0,0.18782965506150273
0,0.2163483090961156
0,0.21397714950215999
1,0.20034215293776858
0,0.14761180181646893
0,0.2046675166337271
0,0.22322054316052875
0,0.20452738084003944
1,0.185066329587576
0,0.20643982597316984
0,0.20951431756801905
1,0.21661098990806843
0,0.1902016714514484
0,0.20845972286870162
0,0.18794058993145732
1,0.21017757527805134
0,0.18288938429782003
0,0.1949025325777199
1,0.21714610351278904
0,0.19331918066813905
0,0.2037989395596523
1,0.2128421379018725
0,0.2080961623642047
0,0.205350874810306
0,0.21302396595495526
0,0.20258901611743246
0,0.20080355016842652
0,0.18326477600143717
0,0.214788957265542
0,0.191022779268321
0,0.20967429161478712
1,0.20661906017831805
0,0.2006987900701597
0,0.2076575467889915
0,0.19697305649589122
0,0.20471632144519034
0,0.14761180181646893
0,0.20305609688304438
0,0.200340604823597
1,0.21158015202231883
1,0.20190622282881987
0,0.17855982537726736
0,0.20462839878995812
0,0.20185799060466497
1,0.19894317734364184
0,0.2172964296556693
1,0.2176812175342446
1,0.20574990035167395
1,0.20341638128807885
0,0.18704260648313192
0,0.18980514922268124
0,0.21744048967910265
0,0.20912240025690715
0,0.1866752445262743
0,0.2178621218885764
1,0.20025914560448313
0,0.19946397671042712
0,0.1904588568261665
0,0.1926636048938495
0,0.14761180181646893
0,0.2014363889451538
0,0.14761180181646893
0,0.19163444289003298
0,0.20176661958857603
0,0.19703540681602444
0,0.17864159085986553
0,0.1998556655382216
0,0.20373701026705057
0,0.21135735913928913
0,0.20629707050502816
0,0.21632622800984422
0,0.21048725569646434
0,0.21493565852615543
0,0.19017418182509155
1,0.21570052827389422
0,0.20619571746473628
0,0.21301702038132672
0,0.2229209222732027
0,0.2136403070047049
0,0.20797623901260387
0,0.2195774232962392
0,0.20775288076873233
0,0.20445544765510237
0,0.14761180181646893
0,0.20193573088133984
0,0.20626612624787447
0,0.20565619412248407
0,0.21170520392478512
0,0.14761180181646893
0,0.1898580868546335
0,0.21338287462400277
0,0.21086389894069724
0,0.20209036797397886
0,0.1956606722605196
0,0.20348204260143773
0,0.20627675621116448
0,0.19842400153741988
0,0.21647445792874526
1,0.21705375260302548
0,0.21233634547673194
0,0.2160263844843418
0,0.19615435682993235
0,0.20984934699779492
0,0.21293255752632437
0,0.20400231118266735
0,0.20616383099341942
0,0.21284965286290064
0,0.20456398729763992
1,0.18804942523256668
0,0.14761180181646893
0,0.206135788418153
0,0.21465206559979064
1,0.20240961356631718
0,0.182218913543582
1,0.21082984234489396
1,0.2294717533266959
0,0.21018677905714622
1,0.14761180181646893
0,0.20396503786515416
0,0.1875285127778967
1,0.2068637264811226
0,0.20449483453323702
1,0.2062605211599439
1,0.14761180181646893
1,0.14761180181646893
0,0.14761180181646893
1,0.22075668619540076
0,0.19507575684917972
0,0.22280033565736274
0,0.14761180181646893
0,0.18329966674779474
0,0.19684712599811757
0,0.19405186861626533
0,0.2092279783229154
0,0.20302920731791715
0,0.20151532121799545
0,0.14761180181646893
0,0.21563978031123365
0,0.22059216554960226
0,0.2075966282103443
0,0.14761180181646893
0,0.21202583451067397
0,0.1780335578066606
1,0.19607439500522336
0,0.20971781636010323
0,0.21142170819603204
0,0.19089156789790573
0,0.2049113404194593
1,0.21328753085751542
0,0.20082562937716367
0,0.20515044098915766
0,0.14761180181646893
0,0.19050926895816864
0,0.2069179993018
0,0.2123029813538293
0,0.20378732486090465
0,0.19013628077047726
0,0.2055660303198607
1,0.21039363571616893
0,0.21109911452720884
0,0.20606479537614247
1,0.21152048155378753
0,0.19707405052760307
0,0.18897983544562716
0,0.20506017176175312
0,0.19946094556570246
0,0.19387560415315158
0,0.21324066676695425
0,0.14761180181646893
0,0.19537317442589935
1,0.14761180181646893
0,0.21376116243650914
0,0.21204536289644946
0,0.22237344091394376
1,0.19507181763190765
0,0.14761180181646893
0,0.19477517254417911
0,0.14761180181646893
0,0.19201692564530434
0,0.20472617690627837
0,0.20398809749311259
0,0.2216131363381128
0,0.194991287108827
0,0.21385640098203898
0,0.2036470719545942
0,0.1944156296395117
0,0.20967363509616538
1,0.19445894685115467
0,0.19892580329065535
0,0.19723868551509086
1,0.207487194277006
0,0.14761180181646893
0,0.21211501350531758
0,0.19941169757845348
1,0.21182783094510824
0,0.21462339781111653
0,0.22297352070161092
0,0.2147336891994967
0,0.19480295041497275
1,0.14761180181646893
0,0.14761180181646893
0,0.18988944638734506
0,0.180027459920137
1,0.20866849208760702
0,0.18222194461257163
1,0.20987756238421626
0,0.19032809663419514
1,0.19163880271195805
0,0.20505762381057138
0,0.21291720607256398
0,0.19101745534617542
0,0.19575186203650125
0,0.21188178763885712
0,0.19506544854312727
0,0.2005556315496529
0,0.20832429816146683
0,0.2150984732172443
0,0.20037172728182287
0,0.20022363805445367
0,0.19538609319188452
1,0.14761180181646893
0,0.2106491388832898
0,0.21007012642836115
0,0.14761180181646893
0,0.21268770843372414
0,0.14761180181646893
0,0.20004610382062546
0,0.19085676656011719
0,0.20464154736696982
1,0.22108318228472773
1,0.21129775208615645
0,0.1862448392400959
0,0.14761180181646893
0,0.2401804937724697
1,0.19277390033971603
0,0.20304835007003846
0,0.22237344091394376
0,0.22101898645644794
0,0.2025884458023364
0,0.19301553742867725
0,0.20519507121271063
0,0.20757202929177598
1,0.14761180181646893
0,0.18471211488565975
0,0.20205938275366012
0,0.18904624108816992
0,0.1866370647174869
1,0.14761180181646893
0,0.2178180342171861
0,0.20234403869164003
0,0.14761180181646893
0,0.20788472564901855
1,0.19671588387904956
0,0.19544635243216338
0,0.2243800385131349
0,0.20717916623801777
1,0.21264151476864673
0,0.19328330357112863
0,0.14761180181646893
0,0.20640515157106804
0,0.20787934442030045
0,0.2020766921275744
0,0.190807468592106
1,0.19777597985398457
0,0.2120791265870675
0,0.14761180181646893
0,0.20628417799049262
0,0.19777257146654606
0,0.19061013244948027
1,0.21412224402070218
1,0.14761180181646893
1,0.2089223076581022
0,0.1949927250428362
1,0.19464831666588384
0,0.14761180181646893
0,0.2008506421074293
0,0.21344609088259192
1,0.21124121814838262
0,0.211762063254122
0,0.14761180181646893
0,0.20595050015046332
0,0.14761180181646893
0,0.1907420644292777
1,0.14761180181646893
0,0.20755461595315491
0,0.20335919604887978
0,0.19980382968468008
0,0.1980196773084971
1,0.22732359707110047
0,0.21796659793807388
0,0.20721225284704348
0,0.14761180181646893
0,0.19308353961380476
1,0.20124365518642057
1,0.2148855329395823
0,0.21326595877114157
0,0.19363540613463115
0,0.20425699703943787
0,0.18534308700380456
0,0.21356961178531678
0,0.2052896324137938
1,0.22073646231153568
0,0.21909438751849747
0,0.1988380956172986
0,0.14761180181646893
1,0.2061405510123729
0,0.2044787479683564
0,0.22137775300454152
0,0.2167901357899828
1,0.2014129440298534
1,0.19602872441137661
0,0.195828432792884
0,0.20268035651806127
0,0.20057312414171233
0,0.1780325234034094
1,0.1976787275580391
0,0.17840122722003268
0,0.19730282557159715
0,0.20857626523541395
0,0.21328375093299998
0,0.21020633476944195
0,0.18490317996490813
0,0.21008389392986213
1,0.20243316775444245
0,0.19968392681316322
0,0.21321046485002632
0,0.2030807623847403
0,0.2111460168368111
0,0.2108510237784023
0,0.1941105294550178
0,0.19519189102356774
1,0.2052373242061027
0,0.1874173428322755
1,0.20581851411003552
1,0.2074359777419262
0,0.19857910281797878
0,0.19923442337472136
0,0.20266966718404447
0,0.20383866218138358
0,0.2150609212497805
1,0.20850765075697714
0,0.20457728930499453
0,0.14761180181646893
0,0.20400064371318669
0,0.19562334722001312
1,0.2073187968518379
0,0.14761180181646893
0,0.22467163323695022
0,0.18671635755948948
0,0.2009666736869592
0,0.21318697725121982
0,0.2072301471523096
0,0.20812768299110174
1,0.21889349426472998
0,0.2092797279018504
0,0.21420896144172874
0,0.2306164744068362
0,0.21137755900896987
0,0.2073038053496466
0,0.195713929308487
0,0.19382191768050314
0,0.19162820918846374
0,0.21869422289045432
0,0.20996413988624255
0,0.20440120672270443
0,0.19948318441176488
0,0.21529176900088914
0,0.19312491392869158
0,0.14761180181646893
0,0.21424931460654856
0,0.20617974485937385
0,0.20715121350688148
0,0.19256366060336916
0,0.20140455044945071
1,0.2156663223890718
1,0.1995639895805692
0,0.22468919609799937
0,0.1930371243436929
0,0.20543198733825258
0,0.14761180181646893
0,0.21264193223248318
0,0.1986010383149581
0,0.2119617595663176
0,0.19843486942410024
1,0.20163140508500443
0,0.21782961660784259
0,0.20605521076977193
0,0.2046827249777438
0,0.2174491432213007
0,0.14761180181646893
1,0.20981593421305533
1,0.18909829539095535
0,0.20477183691961914
0,0.19097473428918682
0,0.14761180181646893
0,0.20626276741770358
0,0.19657396331998972
0,0.22161010995186262
1,0.22016537382856355
0,0.2021536033932937
0,0.20743652470922633
0,0.19585508087743755
0,0.14761180181646893
0,0.21723814169540365
0,0.19495902345179295
0,0.19723651845279758
0,0.20000676390460453
0,0.21175741328029166
0,0.19457293267986475
0,0.14761180181646893
1,0.19512271723929378
0,0.21192952601684675
1,0.2067598369657352
0,0.1935221731824066
0,0.2081257157934181
0,0.14761180181646893
0,0.19016533203390287
0,0.18936254937057445
0,0.2048854077688762
0,0.19631735607022774
0,0.18159159540897804
0,0.2149616727840733
0,0.19747444995765961
1,0.21533312216608758
0,0.19555564614612012
0,0.2006744779112878
1,0.2130670556692465
1,0.22089301473087627
1,0.21842855710941456
0,0.21402445975349357
0,0.20565111340546055
1,0.20307818237720682
0,0.19159770515488403
1,0.2212114962171222
0,0.20477408726578564
0,0.20746418139680506
0,0.21114626380649315
0,0.2200906945637613
0,0.2029397017363964
0,0.19801507440474145
1,0.21358683133572035
1,0.18527859640597208
0,0.20815234606924107
0,0.20869009217122675
0,0.180791584005561
0,0.22233476946941463
1,0.21041183042334496
0,0.19696967233521595
1,0.20923306886814408
0,0.22090413186044708
0,0.1925611761000498
0,0.20751353827371524
0,0.21001562053529912
0,0.20838181387519997
0,0.199980214354548
0,0.2054111095571914
0,0.1969239783030003
0,0.20233331593871617
1,0.20016388383045314
0,0.19119209443836022
1,0.19925902947559607
0,0.14761180181646893
0,0.2189697159455505
0,0.19799591112893947
0,0.1943904720283377
0,0.14761180181646893
1,0.22558652455889414
0,0.21083836396815928
0,0.14761180181646893
1,0.20190991180274512
0,0.20974295809024762
0,0.21181106779256795
0,0.20705743861988515
0,0.22100264585159496
0,0.20418785084118612
0,0.1959834847627763
0,0.20073718295993462
0,0.20976734936002603
0,0.20074464301406617
0,0.14761180181646893
1,0.21267561522195805
0,0.21390840988389895
1,0.2038574715074205
0,0.21416895407954342
1,0.20082910182516425
1,0.20488251467103966
0,0.20105937757728673
0,0.2044899913234052
0,0.19169023216067949
1,0.20073562311954354
0,0.1930514632217009
0,0.19227659693860452
1,0.20396024562659382
0,0.14761180181646893
0,0.21423591885029575
0,0.21182404681569827
0,0.17921158276370586
0,0.2029386153354828
1,0.20884488702131607
0,0.21078932491187224
0,0.203331235212688
1,0.21415499342947564
1,0.2093262995186159
1,0.21397712010108766
1,0.2240942348345398
0,0.20725767847076337
0,0.19013920478521365
0,0.19139052878508084
0,0.1967717060807823
0,0.21652571014299654
0,0.20515546335990173
0,0.20552839349472454
0,0.20794160643231807
0,0.1995534258974195
1,0.21036097886855737
1,0.20866438764628054
0,0.14761180181646893
0,0.2087200841669525
0,0.14761180181646893
0,0.22751278299787667
0,0.20024996272210388
0,0.20719780474762733
0,0.2208487962321425
0,0.17204765218033677
0,0.21160294630175733
0,0.2213794392229041
0,0.1892574051474862
0,0.20495146783602616
0,0.14761180181646893
1,0.14761180181646893
0,0.14761180181646893
0,0.21154018045492262
0,0.14761180181646893
0,0.19945697782134214
0,0.19764511828369727
0,0.19291259274554032
0,0.2083285272426556
1,0.21537009091479295
0,0.20524893179505085
0,0.14761180181646893
0,0.14761180181646893
0,0.2136553348615451
0,0.2161183245300575
1,0.21504657255334667
0,0.19944152125946157
1,0.2167375567605416
1,0.20423078071126688
0,0.14761180181646893
1,0.20410446768609578
0,0.2133277662877156
1,0.14761180181646893
0,0.14761180181646893
0,0.18713241868182967
1,0.20458333481562432
0,0.14761180181646893
0,0.2088481108718852
0,0.14761180181646893
0,0.14761180181646893
0,0.19059227269354298
0,0.20845967885287997
0,0.19637467080057835
0,0.1959538572534934
1,0.21272250144488689
0,0.18901138306963677
1,0.21077947960216822
0,0.19988455681139766
1,0.1934379185549542
1,0.14761180181646893
1,0.21292666654494125
0,0.1903395448796521
1,0.227045016231468
0,0.19169555954642645
0,0.21784204089543027
0,0.2089926663657526
0,0.18897983544562716
0,0.2233364879966449
0,0.19805049309639952
0,0.20029465845779373
0,0.20125990173961464
0,0.20950892176119798
0,0.21301717567933665
0,0.19876981305672697
1,0.18968107949220173
0,0.18201270133941988
0,0.1914135438951722
0,0.2069102353072474
1,0.20906807223628224
0,0.14761180181646893
0,0.18855294374704012
0,0.18300528814576025
0,0.1729223130139495
0,0.17939287867215958
0,0.2082641297005026
0,0.1986367592113251
0,0.20319708242282436
0,0.20049986058561528
0,0.201947861708653
0,0.20802067999098514
1,0.14761180181646893
0,0.14761180181646893
1,0.2206810504386831
0,0.21019523399436252
0,0.21649972347378335
1,0.21220859656179059
0,0.2115375579970466
0,0.20776753154559174
1,0.14761180181646893
0,0.14761180181646893
1,0.19046213251224503
0,0.20566913455014818
0,0.19809049888008778
0,0.1962950348446164
0,0.19982712441839787
0,0.20752617430960196
0,0.14761180181646893
0,0.2176639737242182
0,0.18173646063982493
0,0.21289406623449905
0,0.2076224367079755
1,0.18256580903155942
0,0.20305217230346295
0,0.2293170811092591
1,0.14761180181646893
0,0.22637122096572904
0,0.20814722510990427
0,0.19453790003142954
0,0.2151430045745642
0,0.20391416004486215
0,0.19104724808976326
0,0.222846352239114
0,0.19596795553081434
0,0.21249699141937267
0,0.2022188676163446
0,0.2046482023738166
0,0.14761180181646893
0,0.2152683986073595
0,0.14761180181646893
0,0.14761180181646893
1,0.2001552916187141
0,0.20888248952572158
1,0.20932411166534362
1,0.2050462313406898
0,0.1816103400544126
0,0.2042918598655519
0,0.20418946744898359
0,0.14761180181646893
0,0.20733108465490058
0,0.22439391487080468
0,0.2046488273184301
0,0.2035599661586579
0,0.21679469396703088
1,0.21020547137218432
0,0.20544438858348968
0,0.1835049158487682
1,0.20427532113448849
0,0.18157019439514785
1,0.20405065901737854
0,0.1996220903560805
1,0.2107049566951117
0,0.21365568535287993
1,0.20686984490057103
0,0.2034020921543606
0,0.2045920721727098
0,0.207926258632354
1,0.21841797013902675
0,0.2111020417722554
0,0.14761180181646893
0,0.20252300867094009
0,0.20130061071409316
0,0.14761180181646893
0,0.18037353116713425
0,0.20076962641302612
0,0.204107744706074
0,0.20904540470659078
0,0.21399385206158775
0,0.18717304984563485
0,0.20777619261872154
0,0.19348597703792766
0,0.21400086748839067
0,0.21861544012537357
0,0.19958332463130485
1,0.19992416311609335
0,0.1897931205983939
0,0.20182227890712642
0,0.20305792989347246
1,0.2153079724012857
0,0.14761180181646893
0,0.21046813222085864
0,0.2178103143489778
0,0.14761180181646893
0,0.19564409610677316
0,0.2116684422136621
0,0.19628888001486977
0,0.20976568624841313
0,0.1929417654399271
0,0.21558321001994477
0,0.21190450087956583
0,0.21356961178531678
0,0.20980410006152317
1,0.2044378048482729
0,0.14761180181646893
0,0.20427967562737112
0,0.20227215088994935
1,0.2157565499089601
1,0.20840519314566985
0,0.20840993078413764
0,0.20784580804400782
0,0.19695089852342812
0,0.18916068490570376
0,0.18752247615000836
0,0.14761180181646893
0,0.14761180181646893
0,0.20311485369932322
0,0.20440083741340465
0,0.14761180181646893
0,0.19562142822109846
0,0.2048865562978868
0,0.19809049888008778
0,0.20634650946374822
0,0.20121750457557955
0,0.20757997304875683
0,0.17959621802479875
0,0.19576757201387526
0,0.20234073477093184
0,0.14761180181646893
0,0.14761180181646893
0,0.2090696492610189
0,0.20333401377019075
0,0.19748739910483196
1,0.21531002399708365
0,0.20394723403944895
0,0.20421222955357626
0,0.20982413751104265
1,0.14761180181646893
0,0.20766688270165462
0,0.18383668868459466
0,0.19546394577401194
0,0.210433385863261
0,0.20584717360519006
0,0.21677855227154347
0,0.18560627621550457
0,0.1947787310772018
0,0.18110442498230858
0,0.22347617588902385
0,0.14761180181646893
0,0.19118152738202557
1,0.21093139250957152
0,0.19395261470368716
0,0.20786696988396092
0,0.19081515152968712
1,0.2073606293208714
0,0.20061018033029107
1,0.20156842639679173
0,0.26722000997742246
0,0.21385008534341868
0,0.17929994658825082
1,0.21490971035928744
0,0.21642237203457235
1,0.2040427559907401
0,0.1903619923093805
1,0.19580722385792862
0,0.14761180181646893
0,0.19567055125835706
0,0.20595366171949345
1,0.20134784760993482
0,0.20902748016883818
0,0.21053105340072165
0,0.14761180181646893
0,0.1981561663557097
0,0.20025937403528243
0,0.19154135604618716
0,0.19605922025147238
0,0.2205628608829192
0,0.19585005649925766
0,0.18140601738878015
1,0.19664235654154363
0,0.19593924668981305
0,0.20500768056571197
0,0.20342650653785135
0,0.2185468330241927
0,0.21743947237145528
0,0.2073920520639707
0,0.19529635193882663
0,0.20692449028286986
0,0.21647546805266332
1,0.21940061867291438
0,0.2156013866798432
0,0.21250871572981184
0,0.19898069476877242
0,0.21357253292614953
0,0.18936853783342122
0,0.14761180181646893
1,0.20091960574017592
0,0.20279869125114605
0,0.2021406428253001
1,0.21942866037095848
1,0.2013601562691897
0,0.2142319061040728
0,0.20302235933578563
0,0.19848200423295373
0,0.1978028454616308
1,0.20743596343783802
0,0.14761180181646893
0,0.2129907903777395
0,0.20802025209139663
0,0.19149724685615446
0,0.19517546222437904
0,0.20034636112354726
0,0.21458917891711787
0,0.14761180181646893
0,0.19768398644154217
0,0.2004642502750898
0,0.1824992377666883
0,0.19367762347972742
1,0.2178714270659226
0,0.213017522629021
0,0.1897954412439855
0,0.20172093796137935
0,0.20544381866132957
0,0.21001237045706228
0,0.20139481172171675
0,0.18960935743391877
1,0.20107284918319931
1,0.19861498391933666
0,0.20202608602257263
1,0.20675654771906035
0,0.22524333524001597
0,0.190359070277256
0,0.21556081724637832
1,0.2023210679025864
0,0.14761180181646893
0,0.20541720875934022
0,0.20967527912242717
0,0.2180381213605489
0,0.1870597116038517
1,0.22597114352926928
1,0.14761180181646893
0,0.2167398792412738
0,0.19225560441137907
1,0.21986952839105772
0,0.23074212425556784
0,0.1972868118497087
0,0.20232401567396913
0,0.2117582107842649
0,0.21231301607529107
0,0.19396688609769316
0,0.20102079621859456
0,0.21368010258782702
0,0.19716962981536046
0,0.2230094534327486
1,0.21576016598482986
0,0.20419930942706505
0,0.2118359821392821
0,0.1907357494796614
0,0.2124985112562839
1,0.20195295073518155
0,0.21205825643642498
1,0.214112170877246
0,0.20837738788898702
0,0.191654841208175
0,0.20134557095349662
0,0.2172714525400447
0,0.14761180181646893
1,0.20312343283310244
0,0.14761180181646893
0,0.20073954177150521
0,0.21011398083354252
0,0.1935350462930087
0,0.21555578432868977
0,0.2029400107432634
0,0.2115556828323821
0,0.14761180181646893
0,0.14761180181646893
0,0.2004104205455435
1,0.2052850800532759
0,0.21749087408539852
0,0.19694088636023577
0,0.19885029471602086
1,0.21790856831261257
0,0.20100720133291697
0,0.21205825643642498
0,0.2127703097835329
0,0.19926808081679218
0,0.18547399833778602
0,0.20674349240474155
0,0.224002055761443
0,0.1926856561143936
0,0.2122045520349003
0,0.14761180181646893
1,0.20977527064562576
0,0.20804858106409216
0,0.1956847321584491
0,0.21364846092600298
1,0.19457749330955976
1,0.21769972111215907
0,0.21320887827197865
0,0.21072374873282396
0,0.19822789702239066
1,0.19552377669100254
0,0.22225096759566274
0,0.14761180181646893
1,0.21082432695388226
0,0.2054068525824663
1,0.22120318936057062
0,0.19762053581399824
0,0.18625569287643035
1,0.20357910910530388
0,0.19497539028448324
0,0.20095072511770773
0,0.21561989368590664
0,0.14761180181646893
0,0.20890883633582974
0,0.20854773544189925
1,0.2224516938608217
0,0.2077148321855151
0,0.20263168637814347
0,0.21700989555636002
0,0.14761180181646893
0,0.19701931740177842
0,0.1953414584154939
0,0.2022670776076768
0,0.2042701734871366
0,0.20785049867416694
0,0.19444034553731163
0,0.14761180181646893
0,0.20472685666288148
0,0.21674090476436578
0,0.1994280546805638
0,0.2000728512286956
0,0.19984623392441847
0,0.22171425791702604
0,0.1975596204497136
0,0.19761437235218846
0,0.20551312801407834
1,0.20767363487173865
0,0.2009453427298461
0,0.1930147898739378
0,0.17816210401033886
0,0.20473688231559745
0,0.21371643544262559
0,0.180785369981288
0,0.21730095806161862
0,0.2060158518135086
0,0.20514746260199124
0,0.2143778961247204
0,0.19647824419734994
0,0.2015577518346094
0,0.14761180181646893
0,0.14761180181646893
0,0.14761180181646893
0,0.20836845154757647
0,0.20207898595337553
1,0.20806385455561285
0,0.20272009873499114
0,0.19060065451827382
0,0.20746782213080373
0,0.14761180181646893
0,0.1939636385934474
1,0.19800216092612502
1,0.1865937771060918
0,0.1906319337723709
0,0.21476522597262135
0,0.1887169718479791
0,0.22262917759410253
0,0.21179732493983028
0,0.1885590930679311
0,0.21035797315193125
0,0.2132452809458893
1,0.21351738116480634
0,0.2154788261641266
1,0.21017776826211415
0,0.19795226571691382
0,0.19803426051295236
1,0.22345826723688333
0,0.2070957038340443
1,0.19809102460880465
0,0.2014885926013826
0,0.20292502871116996
0,0.19254508511627696
0,0.19946178216350213
0,0.14761180181646893
0,0.14761180181646893
0,0.1949946373736018
0,0.22158562250163807
0,0.19639926045468337
0,0.19955305473023288
1,0.21299791839519364
1,0.2285618806846276
0,0.2172605602379414
0,0.207890028777712
0,0.21233873726890726
0,0.18870567449534525
1,0.2070235588125023
1,0.14761180181646893
0,0.14761180181646893
0,0.2014151350589964
1,0.22443367173351084
0,0.22415089294709703
0,0.20017582849040336
1,0.22508254922139373
0,0.20308060428245672
1,0.20212439293913664
0,0.19966115791593975
0,0.20942430812714583
0,0.14761180181646893
1,0.2184292768125892
0,0.20346093247548164
0,0.14761180181646893
0,0.21209507501702268
0,0.14761180181646893
0,0.14761180181646893
1,0.2106401589221521
0,0.20970800737411632
1,0.1871208854409166
0,0.192545874106761
0,0.14761180181646893
0,0.195277027116122
0,0.14761180181646893
0,0.22050307171042377
0,0.1933997869249507
0,0.19406242868805876
0,0.14761180181646893
0,0.21936476025042043
1,0.20286836621218535
1,0.20454842482365454
1,0.19832627518713558
0,0.14761180181646893
0,0.20618739539735811
0,0.20977655831347428
0,0.1982583627753587
1,0.20895873289153946
0,0.18867384878917054
0,0.20605033057466104
0,0.19442582686136078
0,0.19212949026785517
1,0.2168244036075535
0,0.21533653358376784
1,0.20869597013199234
0,0.19408620282743186
0,0.21986910615309121
0,0.2030528029973126
1,0.18285291616937316
0,0.20464428743502078
0,0.19770729764751632
0,0.19635901987651994
0,0.14761180181646893
0,0.2196139427635682
0,0.1949171386391518
1,0.14761180181646893
1,0.21231965729230215
0,0.1827082782865675
0,0.2236931607528836
0,0.21509746804411473
0,0.14761180181646893
0,0.20202538539997353
0,0.20628278129245844
0,0.2110305588768214
0,0.18761796698371397
0,0.21429309632513222
0,0.17984686103115158
0,0.1915910970988421
0,0.2006148654856182
0,0.19410196082550552
0,0.20787711489289054
0,0.20811288733092598
0,0.20788195885848276
0,0.19454912158263138
0,0.21145919384088713
0,0.20447772813873838
1,0.2118032792977098
0,0.1823551741966198
0,0.20011489123026557
1,0.21181523313278622
0,0.20753287590441016
0,0.14761180181646893
0,0.14761180181646893
0,0.20277071884615888
1,0.14761180181646893
1,0.14761180181646893
0,0.18795141432766527
0,0.1967037810397225
1,0.1903395448796521
0,0.1826584589433081
0,0.19703540681602444
0,0.19603486017833088
0,0.19563076382308547
0,0.22180064634841912
1,0.19573360530660916
0,0.14761180181646893
0,0.20466653792016823
0,0.19801814186286346
0,0.19212229940953837
1,0.20694009387170534
0,0.19974115127923922
0,0.20956592023776838
0,0.14761180181646893
0,0.20871560549684806
0,0.14761180181646893
0,0.2146596473424676
0,0.21087911168063347
0,0.1960587974007054
0,0.19086776025814187
0,0.19566192341965719
0,0.14761180181646893
0,0.20369926877475036
1,0.20959689216890198
0,0.14761180181646893
0,0.2143807138392776
0,0.20403350655247648
0,0.20058299448980488
0,0.2173839163699968
0,0.19219469215168486
0,0.20188662779684072
0,0.21862693925760962
0,0.1912636513722964
0,0.19154290671138782
0,0.21437906853042069
0,0.19539217073734824
0,0.14761180181646893
0,0.1933421816368338
0,0.19601564646466055
0,0.18287367987377656
1,0.2069164202737659
0,0.20772526661285645
1,0.2376033086615713
1,0.14761180181646893
0,0.14761180181646893
1,0.2163536682732659
1,0.23124672847930505
0,0.2032182128986885
0,0.21323439560558696
0,0.18391443612066544
0,0.19956545512301746
0,0.2161931838557247
1,0.21712335161942242
0,0.1956370388035934
0,0.19582441881444693
0,0.1980126799016146
0,0.1922799433732171
0,0.14761180181646893
0,0.2003379446164493
0,0.21122270909590185
0,0.14761180181646893
0,0.20757696186991437
0,0.20610276084978418
0,0.20350985708692287
0,0.2033062798388804
0,0.2091228801399293
0,0.2087254586635466
0,0.14761180181646893
0,0.20808540060015498
0,0.19042083007149488
0,0.14761180181646893
0,0.20150681871484666
0,0.19250920801282453
0,0.20021438799820504
0,0.2013444447851136
0,0.18493279388967163
0,0.21143303433595753
0,0.19516750232913938
0,0.21461493200936924
0,0.22051557542085137
0,0.18876046728755522
0,0.2197002369905748
0,0.14761180181646893
0,0.20557754650005364
0,0.197498032284618
0,0.21615823733494935
0,0.23710307549703374
0,0.19673903582168578
0,0.14761180181646893
0,0.14761180181646893
0,0.2055817052552477
1,0.23701948778116064
0,0.21767740166824776
0,0.1798455598786228
1,0.2044107935652533
0,0.19365064714215519
1,0.20847534456482344
0,0.14761180181646893
0,0.2186198864764
0,0.1978343667492231
0,0.21908140354002165
0,0.19445831683548273
0,0.22499438182706094
0,0.21739563679853743
0,0.20016979226867304
1,0.20649453330381715
0,0.21796562694222718
1,0.20808855513375785
0,0.19930391137850945
0,0.14761180181646893
1,0.2144774161548686
0,0.20760868942426472
0,0.21868529395793798
0,0.19143436527751287
0,0.18879656595717503
0,0.14761180181646893
0,0.20342559420183554
0,0.19156078488740036
0,0.18091155211802917
0,0.21718285522086814
0,0.20503401390758913
0,0.1953199834243093
0,0.18054207036723469
0,0.2085908457689348
0,0.2127654434905838
0,0.2071540442773026
0,0.1995435977482954
0,0.14761180181646893
0,0.19655110593655345
0,0.2286935769759682
0,0.19778118438553072
0,0.22081232288381444
0,0.22176822305257227
0,0.19027305688344343
0,0.20659500564969738
0,0.20245579427853455
1,0.20054796103977005
0,0.20921048669020786
1,0.2075086005547348
0,0.20850224268492168
1,0.20315740215258005
0,0.2024126669837023
1,0.14761180181646893
0,0.2021864527414121
1,0.20609966755189094
1,0.20374736947862887
0,0.20113730812524563
0,0.20982303698089524
1,0.19346212258204626
0,0.14761180181646893
0,0.19189330423904805
1,0.21365122071143666
1,0.21367567611682514
0,0.22165749350216266
0,0.22569094316483213
0,0.1998839529064806
0,0.20468178642463855
0,0.20404214201332452
0,0.20678598632213052
0,0.19185243537127192
0,0.22921161284957142
0,0.1997378729156098
0,0.21682316851908143
0,0.20505506450477012
0,0.18984660164809194
0,0.18924610558534916
1,0.2032315940534881
0,0.14761180181646893
0,0.19398897447082794
0,0.20629232153053953
0,0.2071688220825499
0,0.14761180181646893
1,0.2006862422172151
0,0.20350717575728938
0,0.20767686129885618
0,0.23754757314415578
1,0.21404021507800616
0,0.14761180181646893
0,0.21105031093263216
0,0.14761180181646893
0,0.2181603093691767
0,0.18796056351500223
0,0.1997463184423686
0,0.21138579538458538
1,0.19864771266926337
1,0.1791027116567173
0,0.19047559038814338
1,0.19353266401194075
0,0.19178334207385342
0,0.19328155758725385
0,0.1861636200646859
0,0.19090719278275045
0,0.2058821166045884
0,0.2024775451368695
0,0.14761180181646893
0,0.14761180181646893
0,0.1914598847805978
0,0.19290776649616515
0,0.2024948298196678
0,0.224410405377831
0,0.20365918414572506
0,0.14761180181646893
0,0.19646849141856343
0,0.19491134811610136
0,0.14761180181646893
0,0.21055093983763828
0,0.22032770252383982
0,0.2090213930467595
0,0.21638600906685448
0,0.22466187550778882
0,0.14761180181646893
0,0.20428003209669046
0,0.20941046795259616
0,0.1930666148805411
0,0.19971968099657586
0,0.1954836796536735
0,0.14761180181646893
0,0.20503308704372533
0,0.18055664023535595
0,0.19851863444156634
1,0.21390467991135928
0,0.21373674878563034
1,0.21442588859238043
1,0.19883019239484695
1,0.2177698673823988
1,0.2057225406794368
0,0.2001578655599387
0,0.19052740505360027
0,0.19728339338913295
0,0.20845775941027944
1,0.20029442166761724
0,0.21217507231769392
0,0.14761180181646893
1,0.18260825433421327
0,0.2081042876446918
1,0.14761180181646893
0,0.20591485958158345
0,0.2126903487477364
1,0.20727131537969867
0,0.2010652111240194
0,0.2134131676451418
0,0.14761180181646893
0,0.2082781350956338
1,0.22918503754106503
0,0.1901182941899392
1,0.19758555074458742
0,0.19806462277315012
0,0.21338430880927367
0,0.182218913543582
0,0.1974310814788164
0,0.2290406645449348
0,0.1992623681438276
0,0.2159950822060887
0,0.21246474600322648
0,0.20640071322082032
0,0.19529308272241472
0,0.18123159505243128
0,0.2068222652873244
0,0.20440054710934139
0,0.20294328805358258
1,0.20440501039886017
0,0.2215297958703716
0,0.22848022369736185
0,0.21169434880645543
0,0.14761180181646893
0,0.21988653304278669
1,0.20618919799153765
0,0.1953239531592398
0,0.21015105757429067
0,0.21483713242522673
0,0.2020105795863873
0,0.2027533828662488
0,0.14761180181646893
0,0.193292749741516
1,0.201457198621147
0,0.19210992313756112
0,0.20184509977536477
0,0.14761180181646893
0,0.1928304823639712
0,0.20709343393288956
0,0.2109394613051769
0,0.14761180181646893
1,0.21733077762755013
1,0.20324712097959305
0,0.20932595106876906
0,0.14761180181646893
0,0.21156717794770355
0,0.19959986134448718
0,0.20619305859673312
0,0.21509096376390108
0,0.20494018782074325
0,0.21292965012282375
0,0.2054700287843671
0,0.19370491822629862
0,0.18956264816689095
1,0.22274708032193694
0,0.1934686614791519
0,0.18047467725353217
0,0.14761180181646893
0,0.2000235471797701
0,0.19692419558596938
0,0.19856464304784904
0,0.20591464201808096
0,0.19593377024124048
0,0.19409884347436346
1,0.20379618323699278
0,0.23749348510310805
0,0.20082562937716367
0,0.18856092430929308
0,0.2089602477494835
0,0.18739233697888613
1,0.20608066320682894
0,0.22365105581002287
0,0.20678294878492068
1,0.2153494255271433
0,0.21449145521934204
0,0.19087460145437424
0,0.2008803070098008
0,0.21896281327672334
0,0.19290493610400397
0,0.19939842449183684
0,0.20009552757584195
0,0.2197630707037865
0,0.19059227269354298
0,0.21017716381669654
1,0.2004129196344802
0,0.18824791897031667
0,0.2038326371757711
0,0.21704924918813912
0,0.20360064310240542
0,0.18627291555383094
0,0.20158092969478325
0,0.18920707399622336
0,0.20794487302786982
0,0.21285138109527885
0,0.2010888119056626
0,0.14761180181646893
0,0.20178825268519873
0,0.19230201818413295
0,0.22009378734690982
0,0.1862140862452904
0,0.1904546306478949
1,0.19736660271624504
0,0.21335564061701454
0,0.20690413874456243
0,0.2175158248891259
0,0.2231025549998278
0,0.20488008664964252
0,0.19014908478685225
0,0.21016975532451687
1,0.21079182631169233
1,0.21022320748981768
0,0.19438351009998822
0,0.1995650405143715
0,0.19215918902971316
0,0.20518522294976801
0,0.20176077973263915
0,0.21354695135652507
0,0.20495339865744278
0,0.21222389603014835
0,0.20421052668988826
0,0.20787934442030045
0,0.21291546464693714
1,0.22276007037159135
1,0.1911002443663153
0,0.21538111883241073
1,0.21549369439961305
0,0.20433425542702469
0,0.20265164641886493
0,0.20562994135167173
0,0.18642451440680713
0,0.2015577518346094
0,0.2111693482426155
0,0.2037407064685108
1,0.18115578023383827
0,0.2115189217539743
0,0.21622274082880064
0,0.20788733776062884
0,0.2161585961003472
0,0.20213820930969587
1,0.21330919157504521
1,0.21845340583444703
0,0.14761180181646893
0,0.22251232220249587
0,0.20128724216727628
1,0.20606479537614247
0,0.21544649217543652
0,0.2057225406794368
0,0.19681840758980151
0,0.20624625431249402
0,0.19481569534961418
0,0.18967404459988066
0,0.1796299760262755
1,0.19625290926923653
0,0.20769677220386001
0,0.201776038280383
0,0.21497500021220303
0,0.20812490190745236
0,0.18706006038748269
0,0.20508854708431737
1,0.20409811884670684
1,0.20792020322712873
0,0.14761180181646893
0,0.2083474464061315
0,0.2085456599310173
0,0.20575615189471969
0,0.2082042385070436
0,0.21238103878353848
0,0.19496853939539777
0,0.23041699444671407
0,0.20394251671273136
1,0.21515703375925835
0,0.2070614929956222
0,0.14761180181646893
0,0.19601027590307976
1,0.14761180181646893
1,0.21411464596050903
0,0.20088989116914874
1,0.21518678411245887
0,0.20369994439704717
1,0.21101537879379534
0,0.19321176880994798
0,0.1905426754150743
0,0.194908250361182
0,0.1974843002885726
0,0.2014894647655815
0,0.206408515727497
1,0.14761180181646893
1,0.2188400400221427
0,0.21097973428730904
0,0.20306106825567688
0,0.19722429856003784
0,0.14761180181646893
1,0.19213517310544428
0,0.20985945894689356
0,0.21101049246475725
0,0.18513121290483597
1,0.1988740918941607
0,0.20456353929414736
0,0.1995763914882629
1,0.20804794109096006
0,0.14761180181646893
0,0.20354431478210905
0,0.20734233577227623
0,0.1928516895436729
0,0.2232021302401563
0,0.22102758802994923
0,0.19886299806186172
0,0.19269215579503468
0,0.2010018199980539
0,0.21144171706156012
0,0.20366990336427215
0,0.14761180181646893
0,0.18944558692749253
0,0.20239289350747622
0,0.20276551567087278
1,0.2153875639571123
0,0.21568235835906205
0,0.1909603344127839
1,0.19992295207436997
0,0.21105110417257913
0,0.22068469551054334
0,0.1907779904141021
1,0.20391758775919772
0,0.1920798271420003
0,0.20059268351938062
0,0.20369808648671384
0,0.21219643343292738
0,0.1998912145381047
0,0.18995272265928456
0,0.2054501175186888
0,0.19323403380981366
0,0.18035821345405526
1,0.14761180181646893
1,0.20255443917344643
0,0.21237117092176966
1,0.19262848303014987
1,0.1873792368427828
0,0.19822789702239066
1,0.2106455476212666
1,0.19936905389933252
1,0.2181921635539716
1,0.20924831973657151
0,0.19192595681358626
1,0.20688988702272018
0,0.19636151536021526
0,0.20107284918319931
0,0.20660122217591353
1,0.2130386895791867
0,0.14761180181646893
0,0.14761180181646893
0,0.20050538867180345
1,0.14761180181646893
0,0.2031613469022598
0,0.199758450564865
1,0.2170774844532269
0,0.20975171623109626
0,0.2238326179710968
0,0.26723905299528433
0,0.14761180181646893
0,0.18831298825584247
1,0.2118432200412008
0,0.1934309738146132
0,0.19898730621433475
1,0.19906511177168806
0,0.20172997815715576
1,0.20339025111620423
0,0.19750171063702848
0,0.2073188287975969
0,0.14761180181646893
1,0.2088466614266234
0,0.2120833887667245
0,0.2026826916810876
1,0.21584596616942128
0,0.18324884832951605
0,0.21083847367028624
0,0.1814532612635594
0,0.19860343315466297
1,0.21587975499844694
1,0.21540607695114966
0,0.21508558645877165
1,0.14761180181646893
0,0.20893087547993328
0,0.18578918181487167
0,0.14761180181646893
0,0.21832268720859524
0,0.2024278901379384
0,0.14761180181646893
1,0.20404548115593904
0,0.20221104151770652
0,0.20268140318147018
0,0.21043739274535042
0,0.20302761482133155
0,0.202781328106158
0,0.22565773095271616
0,0.20015739231544738
0,0.21942866037095848
0,0.17731482722023018
0,0.19623575770341248
0,0.14761180181646893
0,0.21104236315295516
0,0.14761180181646893
0,0.20536818898801412
0,0.2026256226539491
0,0.20078070144159402
1,0.20648286648504827
0,0.20206658770939084
0,0.20482736927103928
0,0.2186508755383174
0,0.14761180181646893
0,0.18931826996306236
0,0.22157556861418745
1,0.2130890656710058
0,0.14761180181646893
1,0.19813089948729648
0,0.21502748110841874
0,0.21319278122434054
0,0.1993450407930019
1,0.21049539063943531
0,0.20387807805957792
0,0.1844464915835809
0,0.1986279676685268
0,0.20515661671010954
0,0.19980369325125183
1,0.21777477801406203
0,0.2225381005714441
1,0.18597047739787778
0,0.188743945428993
0,0.19857145515071686
0,0.22323722360830928
0,0.20418419313936215
0,0.14761180181646893
0,0.14761180181646893
1,0.20406898837545867
0,0.14761180181646893
1,0.19450394374736457
1,0.18246788666185798
0,0.18881080121972063
0,0.2021035230535839
1,0.2102033087738715
0,0.21056222481198628
1,0.210123899292071
0,0.19199656514934285
0,0.14761180181646893
1,0.20405575507688023
0,0.21978449330081665
1,0.19052975233804262
1,0.21227883326004873
0,0.19185243537127192
1,0.21545978252918205
1,0.14761180181646893
0,0.14761180181646893
1,0.21654517513221264
1,0.20785546602397298
0,0.19469476769660585
0,0.21051012742253158
0,0.2037422235543053
0,0.14761180181646893
0,0.20397018929267627
0,0.19107522155043266
0,0.20683260906724923
1,0.20016209871398735
0,0.18608876997979673
0,0.14761180181646893
0,0.20505563059686815
0,0.20330863116539044
0,0.19055041887338448
0,0.18162398940685204
0,0.2092568432122874
1,0.20797584768960736
1,0.20894458481023895
0,0.20467034537253428
1,0.14761180181646893
0,0.21282848317374478
0,0.19454076794970568
0,0.14761180181646893
1,0.20373735400758913
1,0.19665430144750431
0,0.20010651996540765
0,0.1855063367873887
0,0.18277472764036223
0,0.22038705174081183
1,0.14761180181646893
0,0.2059279241557279
0,0.20068536108443835
1,0.20692438825002066
1,0.2150589734330105
0,0.2119286073822895
0,0.22043562256883348
0,0.20865912142778834
1,0.21666813020510878
1,0.14761180181646893
0,0.19147895673185478
0,0.22783079560021458
0,0.18775873999120643
0,0.2067357136112757
0,0.19924506764319364
0,0.18872418656607406
0,0.20235302259114796
0,0.14761180181646893
0,0.20126917035621195
0,0.2410722082310629
0,0.20525853738434455
0,0.20422064957769676
0,0.21436483178580157
0,0.1960129033717379
0,0.20967203275748145
0,0.20178898882758692
0,0.20951457952018915
0,0.22428942645581268
0,0.18189011842042999
1,0.21927969069787936
0,0.21254285407767876
0,0.2156705821590745
0,0.21602542372671457
1,0.20423532598516955
0,0.17816292898294636
0,0.1920263816328779
1,0.19159123408008702
0,0.2059665932219938
0,0.19089671474589787
0,0.17732416528047498
0,0.20564886101596183
0,0.18674575866751372
0,0.14761180181646893
0,0.20111661578009316
1,0.21647396508645783
0,0.2069740354386593
0,0.20493877010731376
0,0.19275021190612712
0,0.20497693030944653
0,0.14761180181646893
1,0.20834868189764455
0,0.21241415713506095
0,0.20448877125612697
0,0.19436431335373328
0,0.2098501869494362
0,0.21388407935701934
0,0.14761180181646893
0,0.22079234806582265
0,0.19562248220796843
0,0.19815747592469315
0,0.22069255914756977
0,0.1951482255318346
0,0.18623178591322098
0,0.20320422087949466
0,0.19352737164378225
0,0.19940792582873046
0,0.21532596299093565
0,0.19573059687457586
0,0.21813709955950117
0,0.14761180181646893
1,0.18614877136753036
0,0.18867389280283586
0,0.21405543467355825
1,0.22732294434698205
0,0.17897194095019425
1,0.14761180181646893
0,0.20252735200559058
0,0.20113726359935336
0,0.19393311035504074
0,0.20109756752402916
0,0.17753375520428674
0,0.14761180181646893
0,0.21445704107579783
0,0.20366990336427215
0,0.21911020537988524
1,0.14761180181646893
0,0.2185798634391775
1,0.19889225153536524
0,0.20289526663690652
0,0.14761180181646893
0,0.1935110667445009
0,0.19775113271373998
0,0.19025328653819926
0,0.14761180181646893
0,0.19213603881344246
0,0.20033699724432355
0,0.2092491200281472
0,0.20632523255208116
0,0.20929902214085405
0,0.1946939778022088
0,0.19307739797544535
1,0.20976337465554679
1,0.21820755810181733
0,0.20135214212679542
0,0.19350600980863575
0,0.21374862502280362
0,0.2076682660303933
1,0.21035573396618798
0,0.2067258488187053
0,0.20397728564094864
0,0.19187298423193364
0,0.18898062461262705
0,0.1931120028927326
0,0.21426575033822662
0,0.20932158104489784
0,0.2142344308686673
0,0.14761180181646893
0,0.20643747488796746
0,0.19997318751478915
0,0.20705344186682414
0,0.20779972816670245
0,0.2670525877648217
0,0.1983109006202416
0,0.19020402080878812
0,0.14761180181646893
0,0.14761180181646893
0,0.2166656737971586
0,0.20712501891107055
0,0.22067886801072736
0,0.2363840164124773
0,0.14761180181646893
1,0.210036637257523
0,0.20279415648762864
0,0.18221460084194605
1,0.19326184056248943
0,0.2035568912185097
0,0.180785369981288
0,0.20385033980334946
0,0.1922390345298299
0,0.20069454854621188
1,0.19593115587625798
0,0.20070202402757262
0,0.20535807977688678
0,0.22137037534557574
1,0.20367542534755612
0,0.22815016554222523
0,0.19569233906173075
0,0.14761180181646893
0,0.18802151442023118
0,0.1942489887563784
0,0.20451008710267696
0,0.1912797478605465
0,0.225479961710423
0,0.20880337519286601
1,0.21643894670942868
0,0.1876963399802068
0,0.1931977551797673
0,0.20366327765013573
0,0.20325347771644992
0,0.21158116350076456
0,0.2278498298502076
0,0.20622865838724755
0,0.2234154266042835
0,0.2123758155207289
0,0.21185176872103964
0,0.20911072053373514
0,0.21729625875465935
0,0.21158932246466963
0,0.21184414253743292
0,0.14761180181646893
0,0.21637135396034418
0,0.19934514158072653
1,0.14761180181646893
0,0.1998564201341217
0,0.194299544726796
1,0.2074789506154263
0,0.2040090795985411
0,0.2002696791076346
0,0.20715559253312615
0,0.20526096500902974
1,0.20349038115008486
0,0.18318863954338646
1,0.21466312050286956
0,0.19599769067673148
0,0.21399006423627193
0,0.2026791621594868
0,0.20841043903254475
0,0.19009082295096258
0,0.21470693386230033
0,0.20050454863300693
1,0.21786689178778307
0,0.19581674008678146
0,0.2031568782837242
0,0.20418030818019592
1,0.21887193648092187
0,0.14761180181646893
0,0.14761180181646893
0,0.21793262985912537
0,0.22292444193792005
0,0.19111304238909824
0,0.20750377919350374
0,0.2052332469530727
0,0.20062381349001684
0,0.21396928473233287
0,0.2088075759377816
0,0.21919387937499085
0,0.14761180181646893
0,0.19632946917339125
0,0.22780229098506088
1,0.14761180181646893
0,0.21619404810007936
1,0.19913642969436746
0,0.14761180181646893
0,0.20582275037395042
0,0.18650447519505917
0,0.20482829799606836
0,0.14761180181646893
1,0.19655110593655345
0,0.19995231427969096
0,0.1960846981188771
0,0.20485643477609677
0,0.20710917769841253
0,0.22088711840739883
0,0.19027305688344343
1,0.21608690300079775
0,0.20761575852503047
0,0.14761180181646893
0,0.1978026547805892
0,0.20576277938179485
0,0.21554888615109605
1,0.14761180181646893
0,0.19813219776435442
1,0.196536731880396
0,0.20514894365813097
0,0.19255906657932947
1,0.2068258529358604
1,0.20177220500909454
1,0.2144241689101847
0,0.20856352340626458
0,0.18156625327907297
0,0.211799961357918
0,0.21757831690090065
0,0.1814019572398475
0,0.21699463519436538
0,0.1863815995736991
0,0.23671988576174754
0,0.19957871613229738
0,0.19607435145777113
1,0.2170151059589736
0,0.21604827215520855
0,0.1954388255488151
0,0.14761180181646893
0,0.2146969827857473
0,0.19790888391246284
0,0.18645892510970083
0,0.20367602414437772
1,0.20992827002067657
1,0.19831037665240245
0,0.2097021545232505
0,0.20986821646183254
0,0.20651243972395184
0,0.14761180181646893
1,0.24044775082952882
1,0.22436414502903795
0,0.14761180181646893
1,0.20182554114387738
0,0.20870097784889044
0,0.20385306666480396
1,0.21111131505782083
0,0.20084129051577798
0,0.20359212606202048
0,0.19864819942426265
0,0.20957649941903012
0,0.19438351009998822
0,0.14761180181646893
1,0.19969010570331544
0,0.2086175190931454
0,0.14761180181646893
0,0.14761180181646893
0,0.21278977303001034
0,0.19993513356557807
0,0.20514001835158704
1,0.21375635384972852
1,0.20363921543536398
0,0.19887221919388676
0,0.14761180181646893
0,0.1928179276519747
0,0.1945628951105544
0,0.19060065451827382
0,0.20734025932112574
1,0.20890168980340718
0,0.18669939751611603
1,0.22919911284764777
0,0.20087348857601653
0,0.19951797961371331
0,0.14761180181646893
0,0.14761180181646893
0,0.21052859069263313
0,0.21285025774949745
1,0.20560634656438595
0,0.20007772843850463
0,0.19991939121131513
0,0.14761180181646893
0,0.20145388927783586
0,0.20056148598152249
0,0.20652689861109572
0,0.2042642291124429
0,0.19524716429172131
0,0.19897017344311552
0,0.20195610404894335
0,0.20041601792769156
1,0.18926244474527207
0,0.21046748962685932
0,0.17818150588920392
1,0.1896066496189637
0,0.1940641184981278
0,0.22476913259996917
0,0.20284966119281547
0,0.20962293555309577
1,0.20134893524082925
1,0.19857081893547746
0,0.19779124724151848
0,0.14761180181646893
0,0.20194770191397515
0,0.20415371246799638
0,0.18169676842808646
0,0.21069842968265154
0,0.1945778533936618
1,0.189149566508741
0,0.2083285272426556
0,0.20710977638450712
0,0.2097450555643258
1,0.20593870111735232
1,0.20701278704234896
0,0.21469816104899803
0,0.2083474464061315
0,0.17835723247951848
1,0.21972678723650274
0,0.19340121061609117
0,0.2018691735400727
0,0.21701793847906425
0,0.20387947134200043
0,0.21456926592560635
1,0.14761180181646893
0,0.22197802488807683
0,0.19326184056248943
1,0.14761180181646893
0,0.20480992784140187
0,0.22622425823924278
0,0.2068831659795594
0,0.1947407472539582
1,0.19222477761439802
0,0.20784030521073193
1,0.14761180181646893
1,0.21463630374214268
0,0.2154569761613083
0,0.20705145706946693
0,0.2026952447955828
0,0.19954807308100597
1,0.2162890827565321
1,0.20003683048194607
1,0.22380458289938726
1,0.14761180181646893
0,0.20042797023792266
0,0.19411659100167641
0,0.20026227501818714
0,0.22424667134137027
0,0.203519812409285
0,0.21943161522371443
0,0.20408860850320762
0,0.14761180181646893
0,0.2110817274567383
1,0.2134801429954671
0,0.2082422540476644
0,0.20113671675742212
1,0.2060486698064607
0,0.19509242666485374
1,0.21418250296293964
0,0.2026511290866252
0,0.2066752590549116
0,0.19166332437852543
0,0.21064318895987308
1,0.21677952344140228
0,0.21165820425928314
0,0.14761180181646893
0,0.14761180181646893
0,0.14761180181646893
0,0.2074893987567721
1,0.21436572099691228
0,0.19359262043678338
0,0.2158246485044937
0,0.20390613105855956
0,0.20441820754328102
0,0.19939345416524504
1,0.20620011310732722
0,0.22038139895824257
0,0.20546007824378426
0,0.1998822709174175
0,0.2026712930424225
0,0.18916106556692924
0,0.20359502588268868
0,0.19626942646200904
0,0.2037005358470932
0,0.21001867142817143
0,0.14761180181646893
0,0.21919583747163374
0,0.18645238831472588
1,0.21368708071458586
0,0.21389030851276816
0,0.20213033300593722
0,0.20270562058774652
0,0.21424204591822024
0,0.21160750281604043
0,0.14761180181646893
0,0.19471626511199278
0,0.21866734565467824
1,0.216991861430597
1,0.22103745483090959
1,0.213156630883089
0,0.14761180181646893
0,0.2121710033350418
0,0.21243135696626195
0,0.18673118111292888
1,0.20203982985438584
0,0.20413385563492242
0,0.14761180181646893
1,0.21274942827114374
1,0.21615835314664517
0,0.21063428710398668
0,0.14761180181646893
0,0.20415813675553024
0,0.2117082957434074
0,0.20877456824197974
0,0.14761180181646893
0,0.18204628988604862
0,0.2037550257306437
0,0.1977462468895234
1,0.19852474780493204
1,0.20932612253350122
0,0.20368489670247134
0,0.2147632819866931
0,0.17838248313303565
1,0.1969882067426593
1,0.20836985441358308
0,0.2077642654958102
0,0.2127434022040799
0,0.21971818503382004
1,0.20622504245092274
1,0.2120669047900789
0,0.26635117274862713
0,0.19162013978548303
0,0.195662648963205
0,0.20374051737535986
0,0.2073027210725109
1,0.205088269253545
0,0.19142758384389544
0,0.20400339741951146
0,0.19118258071570182
0,0.22179730460860084
0,0.21402239552831612
0,0.18248232975143877
0,0.2119318136677085
0,0.2088488172094828
0,0.14761180181646893
0,0.20289983612320966
1,0.19490390800893717
0,0.18259621390004374
0,0.2038128314301308
0,0.21260042357559497
0,0.22730156644409735
0,0.20821876504380274
0,0.18384168152701771
1,0.2185413155766591
0,0.21309560357971521
0,0.20922219580492823
0,0.20267473506872002
0,0.22934415222816462
0,0.19867536840678052
0,0.14761180181646893
1,0.20031808347528415
0,0.20497855967400833
0,0.20700969163236768
0,0.21506805478545873
0,0.20753667527024275
0,0.206194197543375
1,0.21021355463177238
0,0.22073340247865594
0,0.2068998036532764
1,0.19193312164068532
0,0.1953998252908309
0,0.2093166362470144
0,0.2120816015896107
1,0.19240247853592163
0,0.2018087172067197
0,0.2186993423271679
0,0.20830285906058515
0,0.19665465887640185
0,0.18425470899994803
0,0.21228201577027925
0,0.19491944280908258
0,0.1928702007333233
0,0.20536293331484984
0,0.23024047509339016
1,0.21266168438921138
1,0.21678878109912614
0,0.22395260292506627
0,0.19481935368605008
0,0.21497730150298766
1,0.19573049462108424
0,0.19103937662923598
0,0.17847642947133627
1,0.20532612814514706
0,0.18793165865372172
0,0.2134677828926077
0,0.2081929236083934
0,0.20125049826387725
1,0.20430339532137576
1,0.20107092520274283
1,0.23153193506134626
1,0.20177935289824
1,0.19742906536134883
0,0.21225740288000577
0,0.210516665255099
0,0.2116951335050565
0,0.21130572634443284
0,0.18482526286316292
1,0.14761180181646893
0,0.21526863181752698
1,0.19842980849469927
0,0.20572214544459852
1,0.23230977450052068
0,0.2174310161784792
0,0.199685220257369
0,0.19537173221778448
0,0.14761180181646893
0,0.20915217661525054
0,0.19811198801227414
0,0.19457153141345981
0,0.14761180181646893
0,0.20749003060927904
0,0.20050538867180345
0,0.2145403264240865
0,0.20863492622996072
0,0.19831219364008262
0,0.19895454875183463
0,0.2058660942615376
0,0.18705736728959418
0,0.20959023166649743
0,0.2029953949127783
0,0.2123617009888183
0,0.20910789033799748
0,0.20149146297523585
0,0.20986351099853462
0,0.19242098067825192
0,0.14761180181646893
1,0.2090696492610189
0,0.20554812450304058
1,0.2210505926731031
0,0.2194237159985903
1,0.2147708475632023
0,0.19625658367793927
0,0.21202889988891635
0,0.19020829752087545
0,0.23652644480393967
0,0.21039798986931593
1,0.19727992306301118
0,0.20721176723231274
0,0.14761180181646893
0,0.19867496055571365
0,0.21135444472681994
0,0.20680088122431825
1,0.19798814341511872
0,0.20069212146529844
0,0.1993434417043447
1,0.14761180181646893
0,0.20611237828868056
0,0.2053776157520516
0,0.18365336759877135
0,0.14761180181646893
1,0.228984598248881
0,0.19238128182193906
0,0.2063608500909771
0,0.20551685830117042
0,0.14761180181646893
0,0.20853691052769707
1,0.21499844918278174
0,0.19869892786755544
0,0.19701506564313662
0,0.20063128900687222
1,0.2099402444262828
0,0.2003328861289705
0,0.19629372214228
0,0.21684269321336186
0,0.20911062427528757
0,0.2067346797885467
0,0.14761180181646893
1,0.2107752657222663
0,0.2225778255934457
0,0.20932616562066841
0,0.2178480106351867
0,0.14761180181646893
0,0.20384827429111818
1,0.208348613116989
1,0.2664609690963042
1,0.2184703048161159
0,0.2025464103256506
0,0.21507703042325724
1,0.2190070644728054
1,0.14761180181646893
0,0.20816288539860367
0,0.20945874514196688
0,0.21336607146713116
0,0.18824701222816254
1,0.20723813350304987
1,0.19590163223977175
0,0.1910358859921458
0,0.2125966796637893
0,0.20688752529310267
0,0.21447199447088577
0,0.14761180181646893
0,0.1956733659907728
0,0.18669467562974051
0,0.18671015211516748
0,0.20060237289945343
0,0.14761180181646893
1,0.19940882945177396
0,0.14761180181646893
0,0.1974527366706884
1,0.21374391183598695
1,0.19847294197753917
0,0.14761180181646893
0,0.21167675190834526
0,0.1928659322206981
0,0.1927073885232834
0,0.20254316521647345
0,0.19986312020746214
0,0.19980461575526737
0,0.1947557548412401
0,0.18950893802512475
0,0.19954688692031708
0,0.19252368843906192
0,0.1953766988670428
0,0.19184772342553488
0,0.20545528883120348
0,0.19621679327708816
1,0.19297926032534035
1,0.19844851028525495
0,0.21046746107169387
0,0.183228311130779
0,0.2030656359123572
0,0.18729217806696963
0,0.2179049482211808
0,0.1805040889980848
1,0.21259170251668805
0,0.19942891241171412
1,0.2120404043269528
0,0.14761180181646893
0,0.2052004028936865
0,0.17409404990219485
0,0.1956416002569973
0,0.14761180181646893
0,0.20545546356076264
0,0.14761180181646893
0,0.14761180181646893
0,0.20738896426325995
0,0.19549465306819025
1,0.21859744416954777
0,0.19443229799536338
0,0.19932063344714812
0,0.18253321411133264
0,0.14761180181646893
0,0.20527025605861207
0,0.22579794183609606
1,0.218636442915119
0,0.2059019817138965
0,0.19119545547915218
0,0.2002965082815938
0,0.2109316303122143
0,0.14761180181646893
0,0.20048544377421296
0,0.21304948885211555
0,0.14761180181646893
1,0.2105989004679652
1,0.20584339291971368
0,0.20156604509508963
0,0.19910803887049028
0,0.2089762955796955
0,0.20505597846084758
1,0.21266333011759161
1,0.21441780669607408
0,0.14761180181646893
0,0.21296530308403397
1,0.20430747858019396
0,0.20179017217285555
0,0.21302396595495526
1,0.20532604105186603
1,0.2285618806846276
1,0.21365584536648277
0,0.20323029381888266
0,0.21450977565078685
0,0.19150695017325162
0,0.19943742261505948
0,0.20950289903686928
0,0.19468283347006224
0,0.2135126626308798
0,0.1942745101523206
0,0.20322609218698626
0,0.20007720765993697
0,0.20658827082547007
1,0.14761180181646893
0,0.18197453685333095
0,0.20554605762800313
0,0.19161213660081147
0,0.18022348676599004
0,0.2068904944817271
0,0.1961813322127922
0,0.20252686302920428
1,0.20219232880711896
0,0.1946106456775111
0,0.21578865380849907
0,0.20474465100501835
0,0.21966529223395478
0,0.21668399493776044
0,0.21292008878006397
1,0.1954038320657431
0,0.2137560083736473
0,0.18300672096313744
0,0.19908521722036135
1,0.21058310912020767
0,0.21297120931437385
0,0.20635063925983582
0,0.19486443592261296
0,0.14761180181646893
1,0.20911859739527233
0,0.20279869125114605
0,0.20532442232314457
0,0.21110059750741114
0,0.14761180181646893
0,0.2154864657909913
0,0.1883660714173764
1,0.14761180181646893
1,0.20758909115354546
0,0.20695148273810302
1,0.19396666514579797
0,0.19324558500436675
0,0.20068747470216233
0,0.20599325410747985
0,0.20381402985540148
0,0.19858927259285902
0,0.19669385229705286
0,0.22511227898582503
1,0.2190602870201879
0,0.1951601840097323
1,0.19964182492691537
0,0.14761180181646893
0,0.20931915378009147
1,0.20621382231150018
0,0.19665234404917548
0,0.14761180181646893
1,0.1903555812581557
0,0.20010367726660483
1,0.14761180181646893
1,0.20197184491670797
1,0.19871252659118818
0,0.19905337559367708
0,0.21182764295374065
1,0.20411329944380333
1,0.2264759201977016
0,0.2099173208639238
0,0.14761180181646893
0,0.2041046357986511
0,0.14761180181646893
1,0.224774052575262
0,0.21898454525253983
0,0.20405983736279337
0,0.14761180181646893
1,0.21902464567388108
0,0.20185458514737128
0,0.23547101769958842
0,0.14761180181646893
0,0.18896537115224357
0,0.19694880751426805
0,0.14761180181646893
0,0.20959041797455805
0,0.19353619105058142
1,0.20022161604827732
0,0.21724562445160775
1,0.21991324430546177
0,0.14761180181646893
0,0.20657113867666166
0,0.20400445990691843
0,0.20782564801093742
0,0.1972067965186912
1,0.20135298487927158
0,0.19981119318910437
1,0.22631885453218667
0,0.21252609892778576
0,0.1994101459995336
0,0.2050263399441199
0,0.20106157585968892
0,0.2014305667292761
0,0.2063379220063289
0,0.21160465811521642
1,0.2170271955076134
1,0.22398877371756137
0,0.21707975020988232
0,0.14761180181646893
0,0.20038317270293662
0,0.2030605540719549
0,0.21357253292614953
0,0.21689453100063294
0,0.14761180181646893
0,0.14761180181646893
0,0.1990933225558022
0,0.22745259974928836
0,0.20136579774077598
0,0.20148635638392742
1,0.2258833072863654
0,0.19154523876833204
1,0.20548990212384438
0,0.14761180181646893
1,0.20418913062659416
0,0.19343728534162943
0,0.21285426667810592
1,0.19439968163594956
1,0.19446397557120085
1,0.2150791500642124
0,0.2144162504290393
0,0.1933605713102089
0,0.21964793271984834
0,0.20136398459651164
0,0.21362744199762523
0,0.22201353347339417
0,0.19507936804919399
1,0.14761180181646893
0,0.14761180181646893
0,0.2023364247272536
0,0.1888229264234192
0,0.2124494084010363
0,0.14761180181646893
0,0.19720111877509167
0,0.18460967768235287
1,0.19605988752209322
0,0.14761180181646893
1,0.2144241689101847
1,0.21817891183446786
0,0.2020369517991479
0,0.19095502541265005
1,0.21792435410544853
1,0.2091684321203856
0,0.17729660713438936
0,0.19947708945748227
0,0.21204236069240726
0,0.14761180181646893
0,0.19669665857157692
0,0.2083459466107632
0,0.2122014392398088
0,0.20133473861814102
0,0.18988442118433244
0,0.20305411207708393
0,0.19315683625334093
0,0.22084140700544014
0,0.19978941814646434
0,0.20716800434345906
0,0.20494514468693453
1,0.20156571797535278
0,0.1918803311185349
0,0.14761180181646893
0,0.20388157566408147
0,0.21005820284934104
1,0.1985574966929921
0,0.1793771173258691
1,0.22723101070168517
0,0.19512428664966597
0,0.22826819755288497
0,0.19913345678252384
0,0.2184555400116174
0,0.20742295793621277
0,0.1958293688889971
1,0.20903024430862055
0,0.19806068018496303
0,0.20840841717179062
0,0.20830319876448777
0,0.21176556809270225
1,0.2136134406798583
0,0.20994943234148875
0,0.21470860704449776
0,0.21536558192763758
0,0.20434315512116125
1,0.21928796341493995
0,0.20387649023324858
0,0.14761180181646893
0,0.21316728298518484
0,0.22297019705773888
0,0.14761180181646893
0,0.19940601715543368
0,0.1961330599241176
0,0.19587967967473113
1,0.14761180181646893
0,0.20189742864566057
0,0.22438268912186743
0,0.19172398072557983
0,0.14761180181646893
0,0.2080359442057494
0,0.18636376867144533
0,0.2036634927634676
0,0.20403088672769484
0,0.2176963662028482
1,0.22732359707110047
0,0.18358928512614053
0,0.19960987291272503
0,0.2030033494438771
1,0.20952175939716652
0,0.14761180181646893
1,0.21163180689356725
0,0.1989158165340475
0,0.20959223171531105
0,0.2218042516995467
1,0.2110275297999705
0,0.20748661799401655
0,0.20632618270523612
0,0.20037513862364204
0,0.22197992353044665
0,0.21397585047848208
0,0.1808431233927233
0,0.20148300661447208
0,0.2076112227537173
0,0.19651254420034414
0,0.228313713430132
0,0.2080319955646278
0,0.2093568110513356
0,0.19069024360585907
1,0.20188625771500177
1,0.2026319574669752
0,0.20304793129319149
0,0.21144160514014493
0,0.21002874106493255
0,0.21456231786188076
0,0.19333340211337935
0,0.21938626298412583
1,0.2098421279303029
0,0.20791469280118735
0,0.2022494131548788
0,0.19298426932731977
0,0.20486798329342862
0,0.14761180181646893
0,0.21727770476538197
1,0.14761180181646893
0,0.20563363453781897
0,0.19411038936560934
0,0.14761180181646893
0,0.14761180181646893
0,0.20978648848963707
0,0.20552943972997312
0,0.19687409700742958
0,0.14761180181646893
1,0.2035767944099663
0,0.14761180181646893
0,0.20186091689147118
1,0.20757415737267187
0,0.2152533810424437
0,0.20860251463054993
0,0.2006451516435202
0,0.14761180181646893
0,0.14761180181646893
0,0.1993982460427251
0,0.1842867150389579
0,0.20350320727092103
0,0.19423956235939893
0,0.19752195677836673
0,0.20070693069473766
1,0.20441206543121948
0,0.20608891590492034
0,0.19266655668396404
0,0.1862738607311916
0,0.2065296428163489
0,0.2025059325261273
0,0.19914523802943504
0,0.20901149242313272
1,0.2152993071304446
0,0.21810369213326472
0,0.20986727452634824
0,0.2005402200359183
0,0.21042262330355052
0,0.22635950747138003
0,0.2031223732613046
0,0.20582244667274088
0,0.20678632287700863
1,0.20546556955367362
1,0.20805327621741737
0,0.20107450000997965
0,0.19858560061330272
0,0.21247855467044757
0,0.2117149699833564
1,0.1996626636286561
0,0.19793227729846113
0,0.20511388220346072
1,0.2041207789381485
0,0.1830885307832642
0,0.19203626416007982
0,0.195268977012183
0,0.20846178821859393
0,0.2130936255817583
0,0.21902464567388108
0,0.14761180181646893
0,0.2668916326458922
0,0.20124579811779458
0,0.2046776083093201
0,0.1959473357632722
1,0.14761180181646893
0,0.14761180181646893
0,0.1924818111877806
0,0.185134337032749
0,0.20093324438066915
0,0.19798433463240153
0,0.2012206389240806
0,0.19916058565815428
0,0.21037174932405991
0,0.18657610690954746
0,0.20459875802268393
0,0.20221675289745508
0,0.18599729418919245
0,0.2089033051578
0,0.22147230758979433
0,0.20674823896284733
0,0.21445982093105168
1,0.14761180181646893
1,0.20196729641063238
0,0.2142354353715003
0,0.14761180181646893
0,0.1967345770630074
0,0.20618632400019704
0,0.14761180181646893
0,0.19840341168785577
0,0.20261964380965794
0,0.14761180181646893
0,0.21011812264586097
0,0.2142581935295438
0,0.2170237498605886
0,0.19454860525237352
1,0.14761180181646893
0,0.21306498173633845
0,0.20545219581898713
0,0.20619690003248892
0,0.19275213831955912
0,0.20098122811883332
0,0.17681879456418526
0,0.14761180181646893
0,0.1906534558241475
0,0.19840798543976265
0,0.2062610637140432
0,0.19659226236789332
0,0.21539898393928555
1,0.2053029209528253
1,0.21312733271178194
0,0.20893869640473525
1,0.192397643125881
0,0.21859978917385361
0,0.19701042649282666
0,0.21224253502323376
0,0.19610711827996982
0,0.19220110123198647
0,0.20757933491472944
0,0.2153599697625459
0,0.2216701633743973
0,0.14761180181646893
1,0.20327302621886206
0,0.19113499386514318
0,0.14761180181646893
0,0.18986953959351366
1,0.21537453326536532
0,0.14761180181646893
0,0.23154398277412763
0,0.18414188016667304
0,0.197230740751151
1,0.22590328572493448
0,0.20715718119828638
0,0.20194460667523853
0,0.1999993049225431
0,0.14761180181646893
0,0.20673477191836026
1,0.20756671624001746
0,0.2027054990468866
0,0.1956063359015363
1,0.2146206846968269
1,0.20532604105186603
0,0.1920464800382123
0,0.14761180181646893
0,0.20990440330992047
0,0.20820177641898052
0,0.20883104725302612
0,0.19722572936480454
0,0.2132634490436391
0,0.20329147526790337
0,0.20287060638824087
0,0.20231649455536044
0,0.19756214085744825
1,0.20014737183555698
0,0.18971665199889418
0,0.2069513298102392
1,0.20166835796274335
0,0.19394274381963694
0,0.20562253853141774
1,0.14761180181646893
1,0.20172688439874578
0,0.21802000185567574
0,0.19677293280913
1,0.1977230099900231
0,0.18927782593234
0,0.20523647712135293
0,0.20704606756418273
0,0.205940695552904
0,0.20709864810592832
0,0.14761180181646893
0,0.19613132386581403
0,0.21378803923998674
0,0.1955093780873988
0,0.19926301965180723
0,0.14761180181646893
1,0.2201879506843937
0,0.19268948882975276
0,0.2022745392774905
0,0.21513071253506696
0,0.20321042822476598
1,0.20950567783031293
1,0.21586421871318345
0,0.2126042868558519
0,0.20222088888953044
0,0.18109644022728022
0,0.21201766085845677
0,0.2219550987311119
0,0.2074416747430002
0,0.20286302208807694
1,0.21095559210653242
1,0.20602066866446248
0,0.14761180181646893
0,0.19793277212581367
0,0.19870418851631821
0,0.216795567368474
0,0.20694981907423915
0,0.1845906548519378
0,0.21380666788449754
0,0.19155672895805678
0,0.2086312067312542
0,0.20804460026785357
1,0.20384185186511364
0,0.14761180181646893
1,0.20608085097957682
0,0.2043879664675837
0,0.18820982497633637
1,0.224630557741935
0,0.14761180181646893
0,0.20755587537171874
0,0.14761180181646893
0,0.20675139656654495
1,0.1985785631827403
1,0.20103771609359566
0,0.22028809817911763
0,0.19850648245935124
1,0.20795715414790839
0,0.21226075345997517
1,0.20342203242503157
1,0.20787031962468677
1,0.19756715699380326
0,0.19902760405657638
0,0.20718719820363288
0,0.20876012389511087
0,0.1840675913002049
1,0.2012154912349065
0,0.18115578023383827
0,0.19800827850099711
0,0.20482021567821618
0,0.20169642797251508
0,0.20091429767917054
0,0.14761180181646893
0,0.20840994184943154
0,0.18946934843904142
0,0.14761180181646893
0,0.21615101238398318
0,0.195309010161709
0,0.19242397002649508
0,0.21239698376251892
0,0.21538754266495497
0,0.22011211095866728
0,0.19928187030613204
1,0.20887589622551145
1,0.2089702085298862
0,0.20666876678381163
0,0.20320838436604421
0,0.21835100315957406
1,0.1883941755840836
1,0.20244559261868822
1,0.22396204627974564
0,0.19363454788409265
1,0.19657071996146372
0,0.20984934699779492
0,0.20898345912281388
0,0.19220192643804748
0,0.14761180181646893
0,0.2142446611332846
0,0.19552368399008294
1,0.22658919519687648
0,0.19172354814724252
1,0.21182071315844073
0,0.2088732477821422
0,0.14761180181646893
0,0.20771294917485947
0,0.20325651915179496
0,0.14761180181646893
0,0.217953095356152
0,0.21718363032905613
0,0.2095766320279231
0,0.19254030261529956
0,0.2062415448735455
1,0.2163923422012749
0,0.26676044298355267
0,0.21009990892685448
0,0.2090957271717876
1,0.21060721060316362
0,0.19530455678693606
0,0.1811272226528327
0,0.19099121750770987
0,0.1982537060057712
1,0.20839845532072931
0,0.21509096376390108
0,0.1816102169414437
0,0.14761180181646893
0,0.14761180181646893
0,0.14761180181646893
0,0.20332238259817273
1,0.19111676429316765
0,0.14761180181646893
0,0.1948819018805316
1,0.21056491770267324
0,0.20485200007795357
0,0.2202575369778158
0,0.21411531496040587
0,0.2118490967918059
0,0.21324244763329842
0,0.19388355611579972
0,0.21048473395745082
1,0.1943584376345153
0,0.2022776139652744
1,0.19585059702433616
0,0.2099218092009647
0,0.20483444235610615
0,0.22684755705252752
0,0.19436305682510788
0,0.21383843401746525
0,0.21500242276565373
0,0.20674406733576173
0,0.20892854813508144
1,0.21006524946842128
1,0.14761180181646893
1,0.18882281116011707
1,0.2079474133945258
0,0.22366354383061213
1,0.19235642437258088
0,0.19648157946265682
0,0.20019167799232973
0,0.1920883187366182
0,0.20425742082296278
0,0.1849981583132082
0,0.19697180348180288
0,0.20216589873335103
0,0.20965002254043516
0,0.2007155917437301
1,0.19740375962498063
0,0.20199211324318847
0,0.20528268647167608
0,0.20699640200654135
0,0.21172271077604288
0,0.21262319596898077
0,0.1952684235540132
0,0.21226436446920083
0,0.14761180181646893
0,0.14761180181646893
0,0.20933882363429482
0,0.2099852517065384
1,0.20952837681513384
0,0.20071905065599532
0,0.2137155449827153
1,0.2070749966794996
0,0.1959817979057815
0,0.19874316946650325
0,0.207070023778476
1,0.20376210459267183
0,0.20118315052096816
0,0.18250939051224976
0,0.19266655668396404
0,0.21169476540777718
0,0.17374684210603275
1,0.20389647391448687
1,0.14761180181646893
0,0.2038529040634654
0,0.1949393456953272
0,0.19696420237735077
0,0.19188442890777008
0,0.14761180181646893
0,0.14761180181646893
0,0.14761180181646893
0,0.2130981630409907
0,0.2071673495557071
1,0.20026165868414017
0,0.1954827799921353
0,0.20932595106876906
0,0.19886463708038812
0,0.21857086984035917
0,0.2003476693803301
0,0.20498829767003077
1,0.19957590106292655
0,0.20330599929089296
0,0.20578097178870222
0,0.22749938623569632
0,0.19876168780991524
0,0.21382245119805968
0,0.20844145039837075
0,0.2134916024388099
0,0.19065079312064342
0,0.18836921392687958
0,0.20687301093636926
0,0.2103026826751618
0,0.21707854645013674
0,0.21294818935972182
1,0.20374658577327787
0,0.20433305413828573
0,0.1985511074056673
0,0.19031083214015
1,0.2046223108892204
0,0.1986146459441234
1,0.14761180181646893
0,0.20564852898815417
0,0.21835622683510109
0,0.18866790096904257
0,0.20031020189816073
1,0.20820027190992266
0,0.21192302449883582
0,0.20175004349066508
0,0.19821536420612082
0,0.21090313518184592
0,0.21456479684845783
1,0.19359073784715225
0,0.2180447617233626
1,0.18842579151947839
0,0.1870161499453738
0,0.1822277492692047
0,0.19388785550915097
1,0.19184153539844695
0,0.21698484144828045
1,0.20399638754865995
0,0.20325567040073675
0,0.20491371230846633
0,0.20130166729093157
0,0.14761180181646893
0,0.20045929940585516
1,0.20019257257500006
0,0.21835622683510109
0,0.2133477509563335
0,0.21037744821869478
0,0.21103478030187534
1,0.18088939480264665
0,0.22179071972345954
0,0.22500448752306823
0,0.20414044768872047
0,0.2039750691025014
1,0.1967029112369993
0,0.14761180181646893
0,0.14761180181646893
0,0.20731387701969234
0,0.14761180181646893
1,0.202375847108784
0,0.1930688890131933
0,0.19596023174195995
0,0.14761180181646893
0,0.19268205522133108
0,0.19687370105253676
1,0.20770399699605752
0,0.20707250507763006
1,0.22532012762194142
0,0.2095640484072336
0,0.21730402231496823
0,0.20185101993938437
0,0.26722000997742246
0,0.20016790233754841
0,0.21411431929812033
0,0.19001857049111764
0,0.19351898725744532
1,0.18507107176039755
0,0.20698212322596293
0,0.14761180181646893
0,0.21162359474836256
0,0.20452174565039977
0,0.21100043793535966
0,0.14761180181646893
0,0.2022849270372483
0,0.20976348055486255
0,0.1957218312178812
0,0.22527010623253046
0,0.14761180181646893
0,0.20220872800024756
0,0.17865826867192958
0,0.19498856392321962
0,0.1932363170241759
0,0.14761180181646893
0,0.19859141954220183
1,0.2232869047690677
0,0.18920668790110798
0,0.18627644137364086
0,0.2058395122386153
