y_true,y_prob
0,0.44928295197010365
1,0.4405742299753697
0,0.526104543743687
1,0.7672514460500212
1,0.3567734554011732
0,0.2916114674746088
0,0.3741574622033917
0,0.2387508050045786
0,0.1883631507262858
0,0.20112557692794664
0,0.8552907066567067
1,0.46444718674531027
1,0.21435603376650098
0,0.19042171865530463
0,0.6797702601259572
0,0.6462513455125044
1,0.17523906151744223
0,0.18027359672798904
0,0.8232422898560531
0,0.5099636709948984
0,0.5580070246515949
0,0.13751131681821238
0,0.1986287713269218
1,0.46551394783699934
0,0.5830579469750049
0,0.65462331882548
1,0.26723622875164615
1,0.558319471706496
0,0.20303277976155248
0,0.24700842064907594
0,0.171594368915504
1,0.4990618737992154
1,0.5664433249678716
0,0.860900758149773
0,0.8062897049670154
0,0.4992794700937002
0,0.35584369250624176
0,0.45758288633576905
0,0.5890950539434068
0,0.7229628995379794
0,0.4376560514776961
0,0.27701885128855047
0,0.10896908937941244
0,0.44582438565254706
0,0.262453053441758
1,0.6503825075942424
0,0.6365821664335777
0,0.6977395217293096
1,0.5160919709711709
0,0.4746834837101859
1,0.32829044120600076
0,0.2159287152594388
1,0.5615830421648167
1,0.14561153160213042
1,0.49576278045061073
0,0.6909331688497179
0,0.12194266572298774
0,0.8567189465273304
0,0.14998392807666808
0,0.6765322065798993
0,0.3426745580247914
0,0.5237284598050737
0,0.5103837262087045
0,0.2538966107665041
0,0.47640491010556224
0,0.4035088248752237
1,0.8960930019210672
0,0.4733371917398501
0,0.3023421355298565
0,0.4086899579554971
0,0.6621748127072379
0,0.42748788799350923
0,0.6922534585671571
0,0.7154527949314132
0,0.47730098465974236
0,0.2749630285764432
0,0.8707405169918836
0,0.630997488196802
1,0.4496739466876793
1,0.17890862571832022
0,0.6016365832236611
0,0.2678956419299908
0,0.23173777377348112
0,0.6170627627637525
0,0.26058881764881936
1,0.4523753128632749
0,0.4075464926568729
0,0.5206966142488558
0,0.35542299802879057
0,0.19626890350429008
0,0.5606004243707895
0,0.33888596963652706
0,0.593600409206717
1,0.3005359057062951
0,0.8843573834559274
1,0.4415916770056049
0,0.7513609383826707
0,0.3090491791662445
0,0.33621120873382015
0,0.20623481248902853
0,0.36956541148277555
0,0.1771997057078641
1,0.6885139959712429
0,0.2527062273604136
0,0.5835822246227587
0,0.1697644228212661
0,0.5083115466103301
0,0.6922920176816834
0,0.07488066814798716
0,0.791631610302796
1,0.3586234717146939
1,0.4691036760255293
0,0.6075748163932908
1,0.1972538936251456
0,0.33520010760593666
0,0.3766712243059631
0,0.5927175513851716
0,0.46740098521818313
0,0.2551466271712983
0,0.9040732942075363
0,0.3293644803136823
0,0.12675523607713576
0,0.6694998863468505
0,0.6186987590268476
0,0.6380928225263115
0,0.5869602974244131
0,0.232501051693648
1,0.6076485401385487
0,0.6845654299114142
0,0.5119112730706159
1,0.40187516176023996
1,0.36633378099759
0,0.4096150725367629
0,0.6507591794533345
0,0.7779448023196615
0,0.1906842149270474
1,0.20824848064948612
0,0.38550047718736247
0,0.6521742349183525
1,0.4462626756004185
0,0.36942634447124006
0,0.8131344796049924
1,0.3277975655952954
1,0.5241967681352769
0,0.7485824308839595
0,0.6151541375166465
0,0.21510750835810918
0,0.5057209314223535
0,0.2068736811230441
0,0.5905794841023657
0,0.3205247747973981
0,0.48755706648860403
0,0.3220555282352035
1,0.46536343692091553
0,0.22712419895102645
0,0.29843962843681904
0,0.6262132699486346
0,0.18452236221881474
0,0.4935741919003697
0,0.510750194184384
0,0.5253495647105839
0,0.3805967098568661
0,0.1700327512235183
0,0.2118333681413792
0,0.26614798512213456
0,0.7395714369699988
0,0.2933020678403081
0,0.8245970642969991
1,0.7625767796443651
1,0.7546353127895483
0,0.5386770990824147
0,0.5294384629656863
0,0.168844403779784
0,0.6054541973276734
0,0.21383478386753793
1,0.3878980979146464
1,0.516400156042933
0,0.7183556646444912
0,0.42908164165722523
0,0.4227077685463321
0,0.8984313001906775
0,0.5234517972530276
0,0.24502960254668746
0,0.5714757231355098
1,0.43680964258027244
0,0.3978097175754081
1,0.706678433714726
0,0.37877199622972213
0,0.8497360663588901
1,0.30353608204624966
0,0.4497101722227646
1,0.4480309955748802
0,0.42899402359983413
0,0.41591468262391335
1,0.7569814438647063
0,0.4037239223441206
0,0.2919901598718945
0,0.7805276522829384
1,0.3663933921585216
0,0.707669866873459
0,0.3324896594368076
0,0.7130852883234929
0,0.33909032830900915
0,0.37168566800654335
0,0.11073912973310913
1,0.21992320237298435
1,0.7210003037187306
0,0.21710795010629158
0,0.4300122369496589
0,0.6072129706557597
1,0.5068077389739811
0,0.7428447133720635
0,0.20930088575828446
1,0.7403027986922343
0,0.1540062585808887
1,0.24225944901856783
0,0.19962149525717848
1,0.2641167317933003
1,0.2599989376794167
0,0.4501267413422573
0,0.44485611494048655
0,0.7539017789818835
0,0.7502543425188396
0,0.5447920738405646
0,0.5609201954289517
0,0.7723412133291107
0,0.40433553758900037
0,0.8372186713432846
1,0.29361607311045257
0,0.35758398437061806
0,0.44388884317141225
0,0.6608973757204876
0,0.6600308125573702
0,0.5646195755592691
1,0.6354123938839056
0,0.39328647393760946
1,0.6023585487071692
0,0.228191568686552
0,0.6684633404901652
0,0.5372662813143478
0,0.4435656119373552
0,0.22063636696932853
0,0.49491229104148127
0,0.18196991841327417
1,0.7846962425685438
0,0.45889953786234816
0,0.43205211359345563
0,0.07424166286498375
0,0.38431198177478815
1,0.5207701772053742
0,0.7074998040847735
1,0.6093194710871543
0,0.12478515569524201
0,0.5705950026046521
1,0.3339101218269152
1,0.5370692529988789
0,0.5984241832308754
0,0.24294501704330723
1,0.5227235031576454
0,0.32520581051714625
0,0.2351710104073349
0,0.4329146495008068
0,0.7220908248749739
1,0.539477392636535
0,0.38491127828676536
0,0.5608337302900618
0,0.5050855846197215
0,0.4896577703362202
0,0.08017050359091044
1,0.5095370587157599
0,0.6510628891563084
0,0.4521901848479538
0,0.36594684833398905
0,0.4112516104894567
0,0.15906181937666183
0,0.37491523737857063
0,0.0881924638942948
0,0.4377517231016571
0,0.8650254058168141
0,0.3602023029066976
0,0.5887332170741313
0,0.493913123773582
0,0.3512509494481443
0,0.32961017452347013
0,0.9492063507609417
0,0.36949419541425677
0,0.11381033582052384
0,0.5771827868341707
0,0.41154249399703585
0,0.11701364748661937
0,0.24525752238861956
0,0.4040055505698732
0,0.2038917186023322
0,0.8832945963817411
0,0.617428771250607
0,0.5798555218963704
0,0.3864090902984659
0,0.5922917247221987
0,0.26864208459641015
0,0.34865111403506027
0,0.3377030264360638
0,0.21111195271300015
0,0.2300503716439122
0,0.32883137494432685
0,0.32882335082834746
0,0.3327459097128307
0,0.4059614827078836
1,0.5949386664271126
1,0.21034833723129126
1,0.21266539574812157
1,0.5676713252114632
1,0.3199912650095006
0,0.5307602042677284
0,0.8731058460117395
0,0.5912901481947623
1,0.6010657450035815
0,0.45907425231398663
0,0.3932400586800427
0,0.7014667171378985
0,0.2324140100193693
1,0.611481238272163
0,0.1494220134103843
1,0.4058907524143987
1,0.6642333720481085
1,0.474680269311129
0,0.8322757216680656
0,0.5896022918923053
1,0.06820311328679035
0,0.446966241507284
0,0.2965767060436778
0,0.2810537519653697
0,0.44792424764154737
0,0.5508718603591688
1,0.624036405249792
0,0.5873714141113251
1,0.6589068497258171
0,0.2353015074499361
0,0.7112053714235356
1,0.147357198335558
0,0.46657505846063596
0,0.13598333103485297
0,0.20973921104346852
0,0.4433859259188154
0,0.45592495886858075
0,0.1506160593202066
0,0.6455244062762605
0,0.3895215954656905
0,0.3193697729549358
1,0.6957891459808384
0,0.15122242400017147
0,0.48105149277485654
1,0.49905958749385654
0,0.753110883815963
0,0.3676587815419791
0,0.4804062474252413
0,0.5499903765643367
0,0.2016573407837612
0,0.5587500781871144
0,0.5214594188533833
1,0.5598119583636995
0,0.6391648541748269
0,0.9966779750434548
1,0.17949026714828897
0,0.5396301645307255
0,0.22539513755616095
0,0.43861195884584947
0,0.67847877831769
0,0.23819080168344034
1,0.4472246017018969
0,0.2965631516853781
1,0.7432227240345054
0,0.7104112103496811
1,0.31600390053992056
0,0.3525025140339539
0,0.4994807194477469
0,0.35995084222765217
0,0.4416311402934198
0,0.49459626781878036
0,0.6204955409945254
0,0.13181726172355906
1,0.6494320181573245
0,0.31096264909698923
0,0.884815136611377
0,0.1325695410316365
0,0.47676921419451823
1,0.4011830572055699
0,0.35002961103427777
1,0.5305563906567206
0,0.7923684475007664
0,0.7304898522853632
0,0.6456620759802081
0,0.6133539296057231
0,0.6927152361788381
0,0.18606339088819418
0,0.2715220212932831
0,0.49966649142178166
0,0.2330939652794646
0,0.19695606765632367
0,0.5327406229460934
1,0.5130028666939597
1,0.7091160896811343
0,0.6027858271795142
0,0.25406957324673823
0,0.640531809834992
0,0.5076147932085101
0,0.4784507859677392
0,0.1992775311476561
0,0.17022439934498793
0,0.5337049548435459
0,0.38860923738518366
0,0.7317617019458379
1,0.2484257103162698
0,0.3302846360170536
1,0.6195929807834452
0,0.4140772070122593
1,0.9373562567679415
0,0.5628213328155536
0,0.32247952115326556
0,0.49007662171087646
1,0.3568172703473306
1,0.3763189488879827
0,0.7389060802510561
0,0.3081481333972253
1,0.2969006021020018
0,0.09270871889798536
0,0.2882105632611267
1,0.5157735763590573
0,0.20508442495800897
0,0.5347923264235341
0,0.45460908588256554
0,0.4867901864557902
1,0.21110898895235927
0,0.7046941359341321
0,0.1367734190933501
0,0.47102499652378155
0,0.36349368528504783
1,0.6948262995564132
1,0.31566387701629783
0,0.3913384286726482
0,0.6589060448214116
0,0.5372261490832256
1,0.4203661368457805
1,0.4639323468119267
0,0.5007005927764224
0,0.41427244291419585
1,0.8032208357236654
0,0.4609132053670769
0,0.637342573569015
0,0.6492181738497551
0,0.7769655525553798
0,0.40176005703821527
0,0.6166480434630314
0,0.2326668506548209
0,0.5039515650069271
0,0.5329173464321426
1,0.7176992071312015
0,0.8472024339855736
1,0.13091805651875585
0,0.39415520079811767
0,0.751887184547827
1,0.4840333347547448
0,0.44209313016427665
0,0.12998423253357513
1,0.46902110098293637
0,0.6151262590263197
0,0.15351067812353741
0,0.12455799065055408
0,0.48706086166934953
0,0.4126059688092274
1,0.3172777908459251
0,0.31444258985250356
0,0.48374214120805725
0,0.1248538783842787
0,0.4208229673782822
0,0.3389289413413551
1,0.551080630140229
0,0.3754616120285719
0,0.28085898395802317
0,0.47121399522878243
0,0.5779225160428789
0,0.6776127267810733
0,0.28662587031699077
1,0.7195005550218511
0,0.9669302229173317
1,0.5934551178476849
0,0.6836423184103037
1,0.4790595369428439
0,0.4479746829773878
0,0.19624313302246377
0,0.43243218571062414
1,0.5746451643396804
0,0.18874728867941246
0,0.5212953774909319
0,0.6681657417495307
0,0.381500719577807
0,0.18594803968665283
0,0.8982189328426744
0,0.29171744008878187
0,0.4861777791413715
0,0.1345301504478095
0,0.3366106871079557
1,0.7055636138034893
0,0.4541559108484215
1,0.20758676390328704
0,0.13128217671588394
0,0.8125450194700291
0,0.6261527762123428
0,0.4044942514557123
0,0.14274244461180474
0,0.6869547674623515
0,0.5642870044205305
0,0.523813778321911
0,0.4646125781277799
0,0.46418436402269003
0,0.6894799914350155
0,0.6394934913191822
0,0.931261733092408
0,0.47222507417205184
0,0.4936252510003021
0,0.5395776678858343
0,0.580113355997378
0,0.5965302650933895
1,0.7997407204055911
0,0.56069821050679
0,0.549833528076788
0,0.5754982996616778
1,0.4413066139156437
0,0.7245315326422652
0,0.6280789226843077
0,0.36609624732922563
0,0.7479115012985564
0,0.42887360428612453
1,0.5914551888482261
0,0.4114322831451319
0,0.37951369869160195
0,0.1487186090829231
0,0.32320881489968456
0,0.32474190009893167
1,0.7878555046512424
0,0.2202530235570734
0,0.3953544356695829
1,0.693037688702949
0,0.3379268678722579
0,0.5764660022557565
0,0.31772912431291994
1,0.5776656131568189
0,0.5921518791449568
0,0.5448184206505353
0,0.4735554638750485
0,0.4282419761703829
0,0.46108266184469315
0,0.8216836811055677
0,0.5484119694111207
0,0.23818384661600142
1,0.6591616353334664
0,0.5458171552149298
0,0.5986003743528933
1,0.549822778031266
0,0.4178848719649861
0,0.20270735233435813
0,0.4096242704210578
0,0.8292664755219923
0,0.6018717113272422
0,0.19569374063848935
1,0.7213164121371076
0,0.5804568733912749
1,0.33512129698322685
0,0.5652012878526044
0,0.9238256736406415
0,0.14868688784188594
1,0.6089907050576584
0,0.5519345901837623
0,0.495117656749989
0,0.7408247462285319
0,0.21549841965467414
1,0.6888014621239975
0,0.33588269851613073
0,0.305646065551753
0,0.7646691063482163
0,0.8842509185256721
0,0.30135800184920086
0,0.1709289168042413
0,0.5894702089057187
0,0.18632630099148825
1,0.16444341988213254
1,0.17555342612105396
0,0.3656913854677346
0,0.41434744142930885
0,0.41399256408187374
0,0.3851727955866006
0,0.7102549385714233
0,0.5079749861701105
0,0.20962322873049938
0,0.13064530784786973
0,0.2953524291496875
0,0.8434094548183265
0,0.598063567178703
0,0.5021612838844427
0,0.7010860071282078
0,0.5749061272044015
1,0.7771087414075083
0,0.5397969199558723
0,0.8151773600679161
0,0.4285634970383532
0,0.3690480720971228
0,0.4628208738233204
0,0.5127670523918348
0,0.5100240479374358
0,0.38078902402442216
0,0.6315535099524708
1,0.7507172873414388
0,0.3004775649423968
0,0.5114362651021395
1,0.7334657954127096
0,0.622109263759073
0,0.652846835495883
0,0.4683440962913738
0,0.6565606025374788
1,0.6032960991168935
0,0.24361145173501544
0,0.5414613773397317
0,0.3291084654997928
0,0.964605682469539
0,0.2605592491901426
1,0.5128774011034758
0,0.3844989678833643
0,0.7869688030669411
0,0.26309631832136815
0,0.25977736614735664
1,0.6442067718201773
0,0.47676921419451823
0,0.2814130519024012
1,0.3337798162585553
0,0.34413592270017535
0,0.06677535062785825
0,0.2454621195461162
1,0.5658191386830123
0,0.18981059883693663
0,0.46164031906594577
0,0.6229653919243118
0,0.22723287879927878
1,0.5808078207243351
0,0.6870945164914978
0,0.5180558846834854
0,0.35613796855758323
0,0.35685676215779866
1,0.3259826244775972
1,0.8734614490713261
1,0.8720704434525687
1,0.6331424804910446
0,0.5651249939783302
0,0.7069386873084706
0,0.2558975498504578
0,0.49626434220377064
1,0.27706757064975623
0,0.10214516155674151
1,0.779204068023302
1,0.5337526273213352
1,0.4735422978078345
0,0.444350278252171
0,0.3480574162643785
1,0.41232670780529335
0,0.3557702241236884
0,0.6222525275286306
1,0.5963836601322456
0,0.19838157255947292
0,0.5032267265026865
0,0.15153330646570723
0,0.44967156052349233
0,0.49855260231923265
0,0.4845443485890378
0,0.5288009097901506
0,0.6838766433162999
0,0.36285600394348655
0,0.5936954872105196
0,0.387676792741327
0,0.782627100982674
0,0.1511689891228222
0,0.7444950957230039
1,0.5139933869799764
0,0.13000014185597833
0,0.27890903299588116
1,0.6330321240330009
0,0.7759368071564071
0,0.2209848324391257
0,0.5237271027970363
0,0.3409961196106241
0,0.4356853227457369
0,0.3099951377280363
0,0.7106422997315814
0,0.3658902907893161
0,0.3176812087025282
0,0.6745566388950794
0,0.32886326460618204
0,0.5327028481374677
0,0.13551062251972779
0,0.23470608080341462
0,0.1615377654723427
0,0.6083598400667566
1,0.16856773223979304
0,0.5347999838388067
0,0.44926534349687786
1,0.5002029854353708
1,0.39670405015959964
0,0.36574498034048597
0,0.47205259597279287
0,0.11856558103871345
0,0.5275174219545502
0,0.8517140721904413
0,0.7445816436189171
0,0.5493250328503825
1,0.5303188859752576
0,0.9183462808574402
0,0.4949207574318132
1,0.4749720326963799
0,0.2171394499586677
0,0.6894156329756982
0,0.7909535177282184
0,0.46971102079872734
0,0.5023737150632043
0,0.15315226699403636
0,0.4869690826996196
0,0.57724372847415
0,0.5611326925283974
0,0.2394834268419605
0,0.3507271917628602
0,0.37524190772171373
0,0.6792810340055798
0,0.3157162412010393
0,0.7964942746648788
0,0.6480555345730185
1,0.6007052293916276
0,0.39379215707822973
0,0.18351589429138734
0,0.6395622435965711
1,0.8842139819389602
0,0.5804894532691167
0,0.5126797917607423
0,0.3315801778810763
0,0.382811776317899
0,0.9383837679587239
0,0.47726448546778455
0,0.18901057616472183
0,0.2747569622983755
0,0.6955443352859854
1,0.7325094365225194
0,0.4736918205388825
1,0.16976486781231456
0,0.647413238748661
0,0.5444398543597017
0,0.42354486316413403
0,0.36543040152433814
0,0.8000497913234274
0,0.5503149732285915
0,0.7719948324690271
0,0.36349432892392086
0,0.48997254131760065
0,0.47163426320430046
0,0.1918436468021185
0,0.6811011512268849
1,0.3468780255449374
0,0.6443125926032738
0,0.8680871861278959
0,0.6195882827218128
0,0.3570836235187493
0,0.5466349340425211
0,0.0986578545724756
1,0.451781827278487
0,0.36693161648590766
1,0.38958477795178303
0,0.7906892912490905
0,0.20227666668136413
1,0.7684520430788838
1,0.37662410502588684
0,0.269163863142659
0,0.360186860534146
0,0.7434775064417725
0,0.523510335490454
0,0.5853646677334927
0,0.5896930773145831
0,0.3855160500052216
0,0.501478221655627
1,0.5460020113277795
0,0.43086060853185176
0,0.6213373357960775
0,0.3797754010899026
0,0.5031853426350087
0,0.13122422248677923
0,0.5566064653713217
0,0.5640016354434855
0,0.15514145533995563
1,0.7308991981445598
0,0.6173251915225549
1,0.20790870220756894
0,0.42186483164715555
1,0.3238214848069409
0,0.3807619451100512
1,0.6772504818439126
0,0.6492976450780298
1,0.4384470647833369
0,0.2777550923709564
0,0.6405800300710643
0,0.4002854837011051
1,0.16670678685593554
0,0.40302638020494935
0,0.4622251328569017
0,0.5591450673372447
0,0.6816227386785432
0,0.4083852388333532
0,0.2813277691943842
1,0.6020996565611284
1,0.7477385599450651
0,0.362123828380978
0,0.37637334797090255
1,0.5317511703085291
0,0.5747376632432148
0,0.28864355670166386
0,0.5435842659140848
0,0.29925135455199103
0,0.12770545767044936
0,0.46545557195997095
0,0.43592858991713407
0,0.06232527001385571
0,0.3861269851157449
0,0.39574654942922666
0,0.6419574647072249
0,0.5839139390149877
0,0.7682128763233181
0,0.6026684327823977
0,0.5326161449609829
1,0.5512041645627787
1,0.9914965151905668
0,0.5956528086835042
0,0.6328448299874326
0,0.14621943495107065
0,0.4243107771768203
0,0.47550485480071353
0,0.09137581685061474
0,0.6108490316682372
0,0.5652379976268961
0,0.71340516900731
1,0.41788329273103136
1,0.18251272976674118
0,0.3964975961355938
0,0.24854212005044485
0,0.2007869971189647
0,0.3210826061486915
0,0.36031781916029587
0,0.4317737070495089
0,0.6036023732272917
0,0.22754860540943997
0,0.5617871259417716
0,0.5819795728328095
1,0.2935457510504878
0,0.05488547289391573
0,0.1314706327620724
0,0.18151442629491765
0,0.6284447282778635
0,0.8075435064876306
0,0.18388632185023315
0,0.6729554613942406
1,0.47891225114168634
0,0.5904882601376443
0,0.1842216192078651
0,0.19398144255444577
0,0.5946344234214348
0,0.45020911187523294
1,0.7460044065883408
0,0.7144847153203416
1,0.5636563449327205
0,0.2661867404937142
0,0.3544718489747338
0,0.36131883742271503
1,0.7724563016435059
1,0.510612127073359
0,0.15508778018500188
1,0.5501685213506605
0,0.6338648621035985
0,0.6582551019900307
0,0.36068856285679
1,0.6772959778356566
0,0.37057817724595704
0,0.49911655053728277
0,0.3099227432252396
0,0.7655267952612769
0,0.5218677622829452
0,0.4762414729309737
0,0.1312816685232252
1,0.3569159167530005
0,0.22708661137811018
0,0.6916264193417073
0,0.30123937107053783
0,0.47161081057393406
0,0.4498270959001909
0,0.5128683053263453
0,0.8478243048218337
0,0.17890497581286482
0,0.22134142214209865
0,0.7138283075554637
0,0.4144592170567098
0,0.39417493487226707
0,0.7241285218266773
0,0.21325471033367807
0,0.7330141563609832
0,0.4398665190823304
0,0.3174341212859771
0,0.133731328972578
0,0.3225145366364539
0,0.24453867855281017
0,0.3771556005764171
0,0.3735410653679173
0,0.46446545887141955
1,0.9119155224048325
0,0.7447906697707817
0,0.16547722108469323
0,0.8588913600713175
0,0.5342932204125581
0,0.2877136299201111
0,0.6290854567260052
1,0.2585395959720599
0,0.4548381335312608
0,0.7023632120033518
0,0.2211942767387234
0,0.46211187537044685
0,0.49494666429327044
1,0.27606805415203006
1,0.4100325815882023
1,0.37459727809848886
0,0.12317292988685162
0,0.7437358197751835
0,0.2777857671599838
0,0.732769045643955
0,0.45885532296461945
0,0.5337998953834687
0,0.1848412037830244
0,0.6317840363916919
0,0.47796481649768313
0,0.15714003523778114
0,0.20581915571470139
0,0.6662901818657386
0,0.5657171738218105
0,0.5046041132387418
0,0.36058451011697124
0,0.441401048153792
0,0.5812207162289204
0,0.9298203827384394
0,0.14614925821566616
0,0.8656741120153274
0,0.4552062449701945
0,0.5818207173753062
0,0.43120554594872457
0,0.5432606462409977
1,0.6662356427983674
0,0.7161319633225267
0,0.5030275576532135
0,0.7286584800081332
0,0.6309427037462824
0,0.29040681093422616
0,0.8011572168483998
0,0.5595417852041568
0,0.26291210591925196
0,0.5287708816905403
0,0.30110884061587745
0,0.26574272275287447
0,0.4383993269745137
0,0.1393636243286962
0,0.6698647296054355
1,0.3224344730997461
0,0.344909670273119
1,0.7373606501141479
0,0.7478490749475702
0,0.7458809944310711
0,0.8325699533901146
0,0.43465394416194114
0,0.5109390929307409
0,0.5027663819148812
0,0.36574409396216395
0,0.658974616758004
0,0.43991062739608733
1,0.6076778256195821
0,0.6607533334510375
1,0.4734409493678548
0,0.26673820184664737
0,0.4853513473574634
0,0.534855432752727
0,0.37006509485149564
0,0.20463924696873068
0,0.5961537101325801
0,0.7767502599543155
0,0.3319612608698098
0,0.7755290974049307
0,0.8159901163318477
1,0.4048723545775028
0,0.5037891217212476
0,0.47727135537315796
0,0.5459377956200614
1,0.6899339593165343
0,0.69918735389656
0,0.19577220457487918
1,0.5670138907244497
0,0.20893144394617547
0,0.4536857860580587
0,0.18099971511759136
1,0.5030997796849321
1,0.46713637359164284
0,0.48984172905510975
1,0.24966915384939445
0,0.5064939919537482
1,0.365597756987716
0,0.5128514581654181
0,0.8100312087616056
0,0.4489599100725089
0,0.3658484136061456
1,0.5246278916740065
0,0.23796629586138743
1,0.16700305430265308
0,0.4494866146576363
1,0.1719754022826321
1,0.3700430292286388
1,0.4518447522910566
0,0.09158794562774329
0,0.312489461007618
0,0.691759222023507
0,0.5774222947176528
0,0.569282734800181
0,0.18946354068887508
0,0.4469936385339507
0,0.2855067478420414
0,0.5031632005073315
0,0.5203614608199761
0,0.21812644069992246
0,0.5292802943479524
0,0.8185669468408623
0,0.5907000979594064
0,0.2737429712014346
1,0.36665679377761434
0,0.6371408002485065
0,0.13706075692781822
0,0.43782106065978876
1,0.8049229798409077
1,0.22717305286811904
0,0.38187274739771165
1,0.8058378365158654
0,0.15374546514869705
0,0.3573992794554419
0,0.42165072875875975
0,0.13382823541338074
0,0.9355700520151269
0,0.6543920898650676
0,0.4788126987936905
0,0.2401413186213254
0,0.243991507389987
0,0.5582699094474457
0,0.7507651346613954
0,0.07371825427378807
1,0.5335558701677876
0,0.47786005209940363
0,0.30958532585046256
0,0.826021330781195
0,0.554885052976313
1,0.7055378319183676
1,0.3733357539948057
0,0.49083628491792936
0,0.40671592202887946
0,0.2652912843487278
0,0.10462438172606728
1,0.5223530355597535
0,0.14026536709404133
0,0.8515060362924756
0,0.6321605258313411
0,0.49244474190213006
1,0.39571434178242054
0,0.5976981246635651
0,0.5747039073329576
0,0.44976242622739826
0,0.3979863315587613
0,0.3720961552349596
0,0.35499247755290003
1,0.4797545894065108
0,0.4461395573995534
0,0.5037206377890738
0,0.4682131644921287
0,0.5965262910243634
0,0.44361705621784886
0,0.3862995723396987
1,0.4943251284133727
0,0.462454898131331
0,0.6080856927380648
0,0.8259991279364374
0,0.8327510396485458
0,0.6631346002414368
0,0.8453694642448075
0,0.36457938008443597
0,0.40780497731043713
1,0.5233610429745884
0,0.8177461921145084
0,0.30974525333150515
0,0.271008672140801
0,0.19175003502897633
0,0.37844825808280175
0,0.5468159625417085
0,0.26745440748379734
1,0.08688236457165453
0,0.6158732192863435
0,0.43216860780197186
1,0.45208818929187616
1,0.20331772068089574
0,0.43909637661779893
0,0.6092535093368452
1,0.20203515749991988
0,0.2119517524325128
0,0.6855739581922913
0,0.7308417977146229
1,0.08985650022668581
1,0.42656163121208907
0,0.5554622541514017
0,0.6343243049145478
0,0.35649969193185815
1,0.3379084118012541
1,0.18525388168278611
0,0.08320486590810455
1,0.9302315395779607
0,0.23138148212845874
1,0.26980659916561006
1,0.5826181164699091
0,0.5195845755075018
0,0.7203609497807528
0,0.7471817122006769
0,0.6077297565904899
0,0.5470829616793889
0,0.42845050264213375
1,0.7505129908814082
1,0.8199622871359966
0,0.2743964887456243
0,0.09316394308637285
1,0.6965227509220149
0,0.8248442732784784
0,0.3140318974109492
0,0.7755310836798648
0,0.769116508949559
0,0.2854949656093683
0,0.2963344294466333
0,0.7273513570177884
1,0.5104435473615879
0,0.8280566994154971
0,0.6060594070680099
0,0.5255091805926431
0,0.20961708990317857
0,0.28096697047279473
0,0.20382845772353345
0,0.327427351719156
0,0.5324387993693319
0,0.6433658076813608
0,0.8384151757341877
0,0.7591738240516195
0,0.4460853061876436
0,0.05939836129878805
0,0.170086964657232
0,0.11863519332933706
0,0.39095981690221043
0,0.477136407885322
0,0.43331348341688286
0,0.6287978183278821
0,0.28484287587082935
0,0.6687676881890504
1,0.28232804923673926
0,0.12091608475346274
1,0.5116931779398882
0,0.1707121952728184
1,0.5316837617967916
0,0.6660657169373868
0,0.6455936331773199
0,0.31752648288191754
0,0.4023152440954811
0,0.348740408727606
1,0.6419103851146221
0,0.5398397282203187
0,0.21266581944416818
0,0.3174125656835012
0,0.29424454144215595
0,0.8866064538263272
0,0.5744667792398079
1,0.33462725175012586
0,0.536398325854661
0,0.3759478747744464
0,0.33109452264688916
1,0.24091647655742635
0,0.4636933591574644
0,0.35399484674558446
1,0.5054262961783706
0,0.09610333461499546
0,0.5053568807336509
0,0.4943184507754468
0,0.17610918578578963
0,0.5690371975222379
0,0.8721929284277303
0,0.5440811545623293
0,0.1909532647205015
0,0.4101046443125344
0,0.3547779306888714
0,0.37490600731344575
0,0.4871527005668689
0,0.8833293167501278
0,0.2626305956760831
0,0.7682085977856911
1,0.23175928270446733
1,0.573442356371655
0,0.6873162886930447
0,0.2713515792423685
0,0.54001589309379
0,0.7749100664438563
0,0.35083320870397416
0,0.545883441433337
1,0.22785865238731018
1,0.9537614768915467
0,0.8096470996975675
0,0.590256885819768
1,0.6294863991681049
0,0.3494799898141237
1,0.4086709316287519
0,0.5542482716279372
1,0.3191784121615371
0,0.8483523166036887
1,0.4822221111660753
0,0.8030376400503909
0,0.9217836889421841
0,0.7451451913014502
0,0.24969459071726868
0,0.4244217623956236
1,0.3924570156260577
1,0.3212090842967857
0,0.2995347345273216
1,0.10626163369369783
1,0.7953842903073212
0,0.14409165169706173
0,0.5566014909526655
0,0.38051045473000805
0,0.5014338731338406
0,0.5658642889219856
0,0.46129800383384834
0,0.45652723407585954
1,0.7837759933534055
1,0.4691912351023101
0,0.9008092846834433
0,0.12385552069058502
0,0.4239868228471129
1,0.6699287764504884
1,0.7513068585607504
0,0.31713073955181503
1,0.44428581956940477
0,0.9074988244870521
0,0.5011635252281503
0,0.4458239555661797
0,0.3791260845478945
0,0.4883538564991723
0,0.6118625502867848
0,0.40883424876562824
0,0.575232146033705
0,0.6433668155538987
0,0.4096389380297774
0,0.2787752205927921
0,0.73097292549071
0,0.48960510050626815
0,0.057860768778021265
0,0.633941254056713
1,0.1461365074685994
0,0.5498835292485911
0,0.6618678254638527
0,0.16532268144581666
1,0.7435266997996698
0,0.6544595331079872
0,0.3696466414158422
0,0.6431245514802152
0,0.7104112103496811
0,0.44745338988912153
1,0.6802042290372047
0,0.7275758222966184
0,0.43522040172130855
1,0.8344787623612107
0,0.4226035385179197
0,0.6759320492975264
0,0.315823346407455
0,0.7634588008782125
0,0.2870052921983243
0,0.6755633488312954
1,0.5179984111116849
0,0.8760934845086329
0,0.2777472479806592
1,0.3378012631019387
0,0.5228864486248309
0,0.30145061937751955
0,0.42612884222630054
0,0.07599264597472866
0,0.4244176473066098
0,0.6655229508298441
0,0.5951322262261571
0,0.14463511657527722
1,0.5481948895109329
0,0.44175369054807867
0,0.4874188107512291
0,0.25262251615800907
0,0.24696663453749407
1,0.7828961487262428
0,0.4303065506923483
0,0.2706666353029673
0,0.2875920420921218
1,0.46626877699797503
1,0.82287474637128
0,0.31420482199224853
1,0.4565090996109325
0,0.6274697847526728
0,0.425663450222279
0,0.6703243527161914
0,0.3343591090848562
0,0.4668071912093149
0,0.7288698903388708
0,0.31164107851874795
0,0.24416424932796094
0,0.7332149828612341
0,0.10668067125649675
0,0.545197042324276
0,0.18845428861100263
0,0.488409371768443
0,0.7136271457835076
0,0.5294772758622082
0,0.49134639785433704
1,0.5886420974907886
0,0.39883244698234477
0,0.28514110910418156
0,0.34452406209858827
1,0.9071201537041063
0,0.0661570363008847
1,0.2071244199959093
0,0.4036576555799825
0,0.32016992491251645
1,0.6502027613968063
0,0.33269272796220434
1,0.7877901924410015
1,0.8615598513712666
0,0.6741902644959478
0,0.5417983474358514
0,0.16684668669121594
1,0.1459464611718419
0,0.6482823454685559
0,0.30635334114924884
0,0.43541518213566893
1,0.32167294767136645
1,0.41136232062313305
1,0.7141692001536657
0,0.5743882144854637
0,0.29660955353221047
1,0.6417787799986217
0,0.3788236010234371
0,0.5830572336813034
0,0.4326651683375012
0,0.8604332413856035
0,0.5511787822779475
0,0.2874874339238041
0,0.5916501852130214
0,0.19900459877368398
0,0.6779434682226417
0,0.40405611647280565
0,0.5178417349166842
0,0.5449812717302095
0,0.21929063245680241
0,0.2628020678482956
0,0.9139156913148923
0,0.4543995086410887
0,0.51167410041997
0,0.6382326851874218
0,0.5169866880335543
0,0.5029111498282457
0,0.28739487921515405
0,0.8646725187710376
0,0.46119601996075027
0,0.3673047605232593
1,0.8171012062361123
1,0.6281572481526696
0,0.1992021765478031
0,0.673580159998451
0,0.6285127389841574
1,0.24711802417682804
1,0.6233501927834973
1,0.580162707822495
0,0.13566526313862304
1,0.6209869921412994
0,0.46938797420914274
0,0.16776669049584692
0,0.3077791768183512
0,0.2735657579943822
0,0.5740109050631312
1,0.10755075645715076
0,0.5585900202976861
0,0.8635187377552571
0,0.3698645620714342
0,0.3827299087506022
0,0.43578990117482186
0,0.6179088726045415
0,0.9039612830661393
0,0.691496372385274
1,0.4843879190988845
0,0.6369231722368748
0,0.5599312658652723
1,0.7153921952655506
0,0.41527913832471963
0,0.7533643225706835
0,0.45163632854334324
0,0.37532241585539994
0,0.5907151219670386
1,0.6514465748633946
0,0.22643934608465396
0,0.41002943344713505
0,0.47781650820733373
0,0.504135112438244
0,0.5255540216657466
0,0.5482974892463143
0,0.33120807628731935
0,0.5374863874431943
0,0.3196576198997472
1,0.724961195486794
0,0.6760311638356109
0,0.6436033200922678
0,0.5117648814920325
0,0.6527824121513162
0,0.710850609098761
0,0.48905541260732444
0,0.4557202546974446
0,0.3711139441687832
0,0.39477531662878174
0,0.9206230275076716
0,0.5053364474282083
0,0.48953047867935834
0,0.422217928241566
0,0.321859027444692
0,0.3687506074676999
1,0.6028710457771932
1,0.9066184017859563
1,0.16062429549185958
0,0.24671634860769945
0,0.5279285629151409
0,0.45870092268712437
0,0.7625982355046644
0,0.360742660695293
1,0.3638613667603188
0,0.4279180178567254
0,0.926153922301646
1,0.934092382020448
0,0.5330712273976145
0,0.8849436042743226
0,0.30676912610368506
1,0.28594234066646307
0,0.884357381654589
0,0.6312956331345339
0,0.5849370286643606
0,0.28235281168623916
0,0.5160052542695875
1,0.4705469987199601
0,0.04816745182055964
0,0.47090119840380973
0,0.15869609868849124
0,0.7423295075558337
0,0.44310582550089955
1,0.21491924617171096
0,0.34385141584685047
1,0.5882096497647457
0,0.6021954372162376
1,0.6924766635384836
0,0.39687634103512986
0,0.311793572681499
0,0.6182057335285974
0,0.1156347113625769
0,0.5144484361356133
0,0.3793538093539067
0,0.7021038109082974
0,0.6878114998422198
1,0.49105356098875547
0,0.8724045730983545
0,0.08586167082014241
0,0.9211108210019278
1,0.5291549879374705
0,0.48826482422603823
0,0.5113936401728509
0,0.2520733046727856
0,0.557858564643481
0,0.8566795775431418
0,0.815754198008731
1,0.37007658214995837
0,0.3513874420333322
0,0.2093211702364443
0,0.5911500468123884
0,0.20179625787863045
0,0.14237715348462943
1,0.15624769901331825
0,0.352574457309231
0,0.12013889153203888
0,0.32788945231753963
0,0.33207740025226706
0,0.662541749131463
0,0.43797318513896
0,0.13376643520576362
0,0.4597220869783586
0,0.7103373654506994
0,0.2821982301446338
0,0.8816321724815253
0,0.6471514719243164
1,0.9212614803620339
0,0.15799256848495782
0,0.47799546338572096
0,0.6641674680739448
0,0.2582753007066339
0,0.4799985001010961
0,0.5310202421392498
0,0.2034771481232732
0,0.8374280831391246
0,0.3913365890470987
0,0.24801852319133885
0,0.5245441293535368
0,0.5285100457760271
0,0.642300974740904
0,0.47473889828365234
0,0.07386315549655202
0,0.1981472340494345
1,0.1994126970218669
0,0.5137886095651996
1,0.5904959031913108
0,0.28297460862770496
1,0.21576198757656453
0,0.5676930750617988
0,0.6848854008337523
1,0.7120975993375981
0,0.4899978746425864
0,0.3093692421900396
0,0.701235098952904
1,0.3144652744519758
0,0.33983023536171264
0,0.3434524529024208
0,0.5331393112055217
0,0.25084752658045595
0,0.4765888781226714
1,0.34518298631840266
0,0.332084698533355
0,0.708348984422324
1,0.441364936618997
0,0.552160902906387
0,0.3273525107316947
0,0.9203131291457597
0,0.5328223936941793
1,0.8583134147023674
0,0.3937626311995637
0,0.14178706455059034
0,0.3432429888125437
0,0.6945793974567706
0,0.5305608307459005
0,0.5413920818339353
0,0.20761439944027107
0,0.44516144497825866
0,0.32022486896388064
0,0.6577826376907142
0,0.4245152152775707
0,0.4394613516507052
1,0.7784857840083127
1,0.4967126372661683
0,0.45812003390957895
0,0.5820469428475555
0,0.4150985055433371
1,0.6055747880025621
0,0.8804377860169016
0,0.7573126068197146
0,0.5481790468063066
0,0.4884501754611151
0,0.5868276938908861
0,0.5345432205261756
0,0.19562130900010616
0,0.10426957093572595
0,0.7684520430788838
0,0.581163399233204
0,0.8317230451640256
0,0.2186920434509767
1,0.48127671734447863
0,0.4446108529335481
0,0.569658203182037
0,0.2147189488009125
0,0.23796629586138743
0,0.37397595369906156
0,0.4944898687054273
0,0.23573924067153923
0,0.3124123545893576
0,0.6423209791005112
0,0.25497805916326377
0,0.49800464560014324
0,0.586472579007184
0,0.6026857150120564
1,0.8025764283833322
0,0.6499195288645259
1,0.46620425854230374
0,0.11839719111330411
0,0.25204431974390296
0,0.36932988486584134
0,0.4442423230020403
1,0.7689821690338068
0,0.3825634235122967
0,0.40907460305928806
1,0.7814363152061631
0,0.5468159639686357
0,0.3653080000963616
0,0.19158652155633615
0,0.15714625774856808
0,0.47284573729663765
1,0.5163936134033511
0,0.3937707250004153
0,0.7343875553449772
0,0.7471965463759596
0,0.3071971029658047
0,0.5983730244389491
0,0.6520848713581259
0,0.500693940579942
1,0.22403743413852545
0,0.4502534659310789
0,0.2928846406781419
0,0.2501838339591804
0,0.5945488486536469
0,0.16824516337929576
0,0.23114272018246806
0,0.5784530272515874
0,0.49269863268907754
1,0.40873007433568964
1,0.5035305343363854
1,0.741456731789605
1,0.47605352717699023
1,0.8528105627856075
0,0.4297008918052788
1,0.6393144396119399
0,0.7083240059916921
0,0.4783667457964741
1,0.6965227509220149
1,0.27176528499834995
0,0.690414646104859
0,0.5323028289526404
0,0.5575928715585913
0,0.2816289784159155
1,0.8519353088332547
0,0.4019313895465374
0,0.3785373278342988
0,0.49643136751027617
0,0.6418922074470594
0,0.32891513716193616
0,0.7707872287800254
0,0.5578825147685086
0,0.7727956575530227
0,0.22639517295409137
0,0.19657000539610986
0,0.6573814448979646
0,0.556279240864012
1,0.6590489773509934
0,0.4007968603083716
0,0.569163152862233
1,0.2588694638294912
0,0.17231228789282718
0,0.14808839777624247
0,0.839649053642973
1,0.8353027887783441
1,0.5803478765893956
1,0.5054120452892015
0,0.16343957715514154
1,0.4352405545651124
1,0.8610067815727576
1,0.5354552945952497
1,0.7092952608838713
0,0.604344801705176
0,0.24964188166603377
1,0.534357037941062
0,0.3948078169822127
0,0.09541500304926133
0,0.3137058825015363
1,0.6916660263063515
1,0.45824600646736513
0,0.31939641071003566
1,0.7111513543012824
0,0.1352158918641107
0,0.3273134130163984
1,0.38338482050414646
1,0.49006870976983785
0,0.4399551541705337
0,0.5186603542294814
0,0.257832932136248
0,0.4617018433661417
0,0.6522703124848834
0,0.645820869911772
1,0.5426093189812958
0,0.45830498584080215
0,0.5810126078434948
0,0.5020864289724633
0,0.5364746161814462
1,0.6914393089014021
1,0.6333913530906785
0,0.47594761973787914
0,0.16556862694900915
0,0.5805140897809753
0,0.17368651342821834
0,0.40041895771557856
0,0.07783107885648478
0,0.6687391139781572
0,0.35576715384765456
0,0.1670136165108832
0,0.1643724234321262
1,0.3260171960869527
1,0.4975181345131677
0,0.4555675491812947
1,0.6396154142306502
1,0.44938570193433724
1,0.8642559560440554
0,0.5235392116648082
0,0.4668216128792792
1,0.6984144234521619
1,0.49958072150161387
0,0.5669916179775553
1,0.6897034125697284
0,0.28779308670587667
0,0.21366660797478795
0,0.5458958069682683
0,0.5256356515734412
0,0.8198911921602287
1,0.47422375708803927
0,0.19638883835720408
1,0.6972405747055774
0,0.4835046491563701
0,0.6277062415142317
0,0.2791792935922454
0,0.6113882823541206
0,0.585879835039279
0,0.5658915463744647
0,0.1482866231363881
0,0.14185798792928098
0,0.4634194407436051
0,0.4668925194995137
1,0.8022052778139865
0,0.3046162461267802
0,0.4408312844004253
0,0.09043141673331105
0,0.26341794922838463
0,0.6076707764123433
0,0.6342796891265838
0,0.36096963276888006
0,0.180941675926237
0,0.6436715263913818
0,0.3654251816914458
0,0.5652374605363736
0,0.6396073257625178
0,0.31901238797224046
0,0.8975405771797975
0,0.629740431960902
0,0.6484284663868638
0,0.2024740223348554
0,0.6038321438612819
0,0.7801324381453658
0,0.5141453394038292
0,0.22751126967489566
0,0.7506837562866088
0,0.7175865387868104
1,0.38463371167735605
0,0.20915820773609772
0,0.4688654333691025
0,0.6001529439449513
0,0.10004026274457661
0,0.6040307854881988
0,0.38361896496850806
1,0.24578680562906038
1,0.45482891202779646
0,0.3053243476975112
0,0.3636251101529399
1,0.2870124801706002
0,0.3719984931664865
0,0.22310281319719794
0,0.36653165510784447
0,0.4253234611622402
1,0.6653767013526004
0,0.7204059438054934
0,0.22438732148760832
0,0.5264873416614065
1,0.07410751789194943
1,0.42274824325667776
0,0.16288587719345562
0,0.314292831677227
0,0.6315822747995318
0,0.40429559907587787
0,0.6472985699519526
0,0.7294979113513033
0,0.24260033023497704
0,0.1513897950436203
0,0.6055768680310649
0,0.517978925112594
1,0.569231126422989
0,0.6663595629293564
0,0.7332855697484874
0,0.8270721510475059
0,0.18964228116759732
0,0.4236996117496751
0,0.9983578868529974
0,0.1271083969840947
0,0.38529257606352657
0,0.4859626877066786
0,0.5922342475727229
0,0.18855519351497793
0,0.4209253170146483
0,0.2965265679273518
0,0.36659100975600883
1,0.6753399339612287
0,0.574167050570071
0,0.22380736460253536
0,0.4664103487227529
0,0.6169749574465409
0,0.2473071547055764
0,0.34955883705995705
0,0.4993703041482659
0,0.6744219141796239
0,0.5926012988223548
0,0.45727653819399966
0,0.39973879819136693
0,0.39389588636906564
0,0.5474064771411408
1,0.8311658566106288
0,0.39289535402708725
0,0.5912390167132183
0,0.21781363632858264
0,0.5573456267231782
0,0.32704717506082304
1,0.7176374516004203
0,0.7358666590262115
0,0.4723715941430746
0,0.49673105876207796
0,0.18066811888626708
0,0.83846653309056
0,0.49001890525316566
0,0.8638307056965577
0,0.5867526656745093
0,0.6868807831308342
0,0.27623761701241817
0,0.13634820190465724
0,0.34175475104440306
0,0.2527014305180873
0,0.471290543201915
0,0.0859169476599729
0,0.19676593052230987
0,0.3152980244555184
0,0.38570673624796764
0,0.3911235154166993
0,0.6700240602582245
0,0.35288330120519434
0,0.06968345390341041
1,0.8359290799767775
0,0.5314109312750017
0,0.7266572867106758
0,0.6121775326511854
0,0.6008067979091996
0,0.39260488541005933
0,0.5973543466773243
1,0.5207071439423584
0,0.3232430877144922
1,0.43909637661779893
1,0.499569404707579
0,0.8480483393705428
0,0.2316568277304317
0,0.3601516066578107
0,0.5050981218172189
0,0.18429262561682705
0,0.34765317024334763
0,0.8517545873150604
1,0.5693193842510132
0,0.4687368831404942
1,0.5441056318369168
1,0.6042815528329472
0,0.8206441674918511
1,0.765119182497369
0,0.2549575261588284
0,0.5395340409006726
1,0.41423346129504685
0,0.4741579078542879
0,0.1672321741438568
0,0.3525675512617469
1,0.5666466072984268
0,0.5312424187771609
1,0.7473101085261069
0,0.8572038807845059
0,0.3992285635664672
0,0.0793363065164357
0,0.6370476655072443
0,0.8656127367168397
0,0.392325426824298
0,0.23965945395416158
0,0.3959860539348889
0,0.08512652790225067
0,0.45700647380892295
0,0.3052113101345881
0,0.5215439902188864
0,0.4252293203650215
0,0.4570042612916823
0,0.251103742526979
1,0.30685638529339365
0,0.4877366921497753
0,0.5928974208593321
0,0.8382043651620863
0,0.19493127348898712
0,0.2952950903350071
0,0.8742310823934081
0,0.32486013243116696
0,0.4172777219206479
0,0.5248606970871037
1,0.6306917477584082
0,0.6823753229477775
0,0.6392307338226535
0,0.3253191325956553
0,0.1434300574916634
1,0.7207719458705079
1,0.31238278266679964
0,0.2567233289780331
0,0.12751345704317013
0,0.5946338998680563
0,0.6387639081583693
1,0.7408763763875005
1,0.6084166999924657
0,0.30199804432951466
0,0.36943018938265226
0,0.3830096233348401
0,0.24180445657834695
0,0.4074283013733235
1,0.23214127291309553
0,0.22396962319625932
0,0.26995215270377754
0,0.4089982811839326
0,0.4011812366734443
1,0.3877745697629804
0,0.5836088123320644
0,0.420359154624026
0,0.49613701996343745
0,0.3021930333034895
0,0.70950007174772
0,0.13193168220648382
0,0.5229922170320549
0,0.19828702893861863
1,0.5478203326580686
1,0.4502919438319275
0,0.5583817255264623
0,0.9920805634433393
0,0.36716978708718234
0,0.35865757171630175
1,0.31160578276992923
0,0.7115834827676427
0,0.3775907320436008
0,0.42573504508508175
1,0.708680605694232
0,0.609190825544109
0,0.3807495328307609
0,0.11545735693724404
0,0.604783798587545
0,0.18475724514467165
0,0.527751685340616
0,0.5448826994626144
1,0.8359402285336257
1,0.46076478284132033
0,0.6562255136596999
0,0.7318367825329362
1,0.716532049861855
0,0.7725829914078456
0,0.8088644981094103
0,0.7315017378414251
0,0.5102406221373958
1,0.9094531882844281
0,0.4636033161739558
0,0.618830869430549
1,0.8054758388070982
0,0.15881343818251287
0,0.6041068489819331
0,0.43561997337000063
0,0.29781192380901045
0,0.2052454173723923
0,0.6858751359871323
0,0.5166290859309609
1,0.648855121229736
0,0.6566627525412432
0,0.46142671252809186
0,0.18858813341910452
0,0.3619508264104678
0,0.4220687689976178
0,0.4949949050679127
0,0.6864166244776008
0,0.6012584912676792
0,0.11822660670700176
0,0.3081575508294531
0,0.35459657100258285
0,0.5622359721996251
0,0.38345272016075477
0,0.5293525441384405
0,0.6110835429183586
0,0.655174103784345
0,0.6739096944974252
0,0.4308228547795599
0,0.2641558249114183
0,0.12332503497899246
0,0.06258233559892208
0,0.2270525006837027
0,0.15480721683840878
0,0.6466949552682234
0,0.395359400191411
0,0.23309738958232462
1,0.4871869760461561
0,0.20380489570838792
0,0.4250004628930223
1,0.31073392926154764
1,0.17084955040592995
0,0.6179405291717693
0,0.6418437781810526
0,0.6147411652889875
0,0.5011394963601085
0,0.14215698221194328
0,0.5818598791282656
1,0.19865719830801243
0,0.4530971563565243
1,0.3745645951439428
0,0.3070801851147943
0,0.3592088437417158
0,0.3615350294761954
0,0.5568938579872444
0,0.3517869786543378
1,0.15868993232667442
0,0.7473719170562095
0,0.5734482611453714
0,0.45337238704086164
0,0.8894048683162741
0,0.3016031635639942
0,0.841623131687608
1,0.3495145786257889
0,0.30890199499306364
0,0.10419438084061067
0,0.35676769052835855
0,0.25219834754189474
0,0.34082677415665624
0,0.2976519709304399
0,0.5174828961829039
0,0.6157103914404431
1,0.30314344184304676
1,0.38899262600850865
0,0.34751019406831185
1,0.2788866579303528
0,0.24153339509170363
0,0.7621760514327836
0,0.4130416242562007
0,0.1311119317844436
0,0.4805488114063789
0,0.6223357053055261
0,0.17657887273843795
0,0.11804678424329024
0,0.4891190295984277
0,0.24290882350258944
0,0.25050124293214354
1,0.5780681144631968
0,0.48705876641814166
0,0.7145030717722034
0,0.38807427638433983
0,0.4647992091080968
0,0.5500791795221662
0,0.36434597028136445
1,0.6238869319380762
1,0.34518298631840266
0,0.2571620080981232
0,0.3143344016634185
1,0.44001291763760136
0,0.4701415437902194
0,0.5793525619566264
0,0.393191331656463
0,0.40357438726833367
0,0.27280903777699334
0,0.4216634986504264
0,0.4447031279422246
1,0.5542595240615492
1,0.40304806659500353
1,0.551907565421566
1,0.5916460152464496
1,0.5025131517077024
1,0.47250982894347243
0,0.17546413359329296
1,0.22598079762007797
0,0.2139627849972733
1,0.48258539725765315
0,0.30853165873861443
0,0.6462321296628892
0,0.177140643068025
0,0.33573662272436594
0,0.7204599900531437
0,0.5683625680345665
0,0.19313066905842236
0,0.389413155581491
1,0.7442761312856537
1,0.28536542591640573
0,0.742154651675877
0,0.3860900562975361
0,0.49284111528361474
1,0.2445966023995815
0,0.35630767603397995
0,0.7137232814823772
1,0.4449038561966957
0,0.0630863151953893
0,0.4254772508401551
0,0.10685001765832522
1,0.1276246278829882
0,0.1912025428598127
0,0.4859756401785508
0,0.3457273991166588
0,0.5326836965106679
1,0.6044784781784541
0,0.3562720562947563
0,0.6692326642389942
0,0.38500591937219003
1,0.6340517278910578
1,0.5058546311182728
0,0.5175645063532242
0,0.4920332674868112
0,0.5106133852286306
0,0.8225057333290811
0,0.2593656821700929
0,0.3427770895244355
0,0.3431357239640602
0,0.6021222524728344
0,0.47263842678424295
0,0.5433020466091054
0,0.3134659385058005
1,0.44728461214204973
0,0.4948003879697407
0,0.8167261997181142
0,0.4155925260779234
0,0.29362508330136705
0,0.7248044730033484
1,0.5132106294730705
0,0.5162862857510437
1,0.8489078798851678
0,0.5372065948657836
0,0.35383317235209005
0,0.37233375545411324
1,0.1229465880089065
0,0.12887558616411907
0,0.7220959449756397
0,0.2547606153206628
0,0.3922760111023066
0,0.516368704631744
1,0.8437768592668907
0,0.3734587597365321
1,0.657044480766656
0,0.30538776184523564
0,0.8928882226399372
0,0.4281163466406225
0,0.45642189060762395
0,0.33526052881486423
0,0.335729986180665
0,0.4806100172848801
1,0.18832858913766135
0,0.37781127770626327
0,0.254068177648862
1,0.4428827400928655
1,0.34718601690110346
1,0.6564620963624158
1,0.6192380835600706
1,0.20511960914640054
0,0.4199084482769348
0,0.18175217930416443
0,0.5054230938069869
0,0.4205382909696609
0,0.31960319812983123
0,0.21390317879883375
0,0.1088747057835763
0,0.3634711042443845
0,0.49408838638283775
0,0.35049654745953446
0,0.5964811734632014
0,0.21842609264897853
0,0.5173810676878459
0,0.6102943076627482
0,0.4723002094120035
0,0.12019005167761071
0,0.4112516104894567
1,0.1930121930002822
0,0.7624489176265726
0,0.6094628877771948
0,0.6948288496949936
0,0.4349096991960806
0,0.6151913922899399
0,0.3137497576644903
1,0.38310331332656283
0,0.24880341928128763
0,0.1958778340540082
0,0.3598350715404671
0,0.8479120652846164
0,0.5805061305276944
0,0.8771417054456849
1,0.9985367706912566
1,0.7062942387590226
0,0.31619327232815136
0,0.19940314997934105
1,0.2438395700896956
0,0.7269053956009239
0,0.6191496152591434
0,0.4659043287654735
0,0.76105714036262
0,0.3144525728084278
0,0.6546073601476473
1,0.3318010262427535
1,0.36846540501753366
0,0.28547332053064417
0,0.5697926452984403
1,0.5981767213060787
0,0.41122223490202725
1,0.7430272839558616
0,0.6242743048171724
0,0.2679048590465583
0,0.05754864159849807
0,0.43571474528901516
0,0.09959913678452491
0,0.39673656514393624
0,0.5521453283257292
0,0.6222725368988306
0,0.4440387833698933
0,0.11442323949597327
1,0.5937655226481241
0,0.6285522924678943
0,0.4671530086136004
0,0.792918516658693
0,0.6807246421558766
0,0.6911668460501892
0,0.7289249259818718
0,0.7222081643823818
0,0.7908524576984026
0,0.23181701800159055
0,0.2780433781608474
0,0.7429248038431268
0,0.5304336946874582
1,0.3987748599839299
0,0.7474673740717231
0,0.2480484876419614
1,0.5770707498970697
0,0.1810000880027282
1,0.45444706396941376
0,0.5178989257272544
1,0.7852510003455703
0,0.4983256046949542
1,0.616498134493339
0,0.19240835149515192
0,0.4029545814572722
0,0.47519338865232486
0,0.5007665372726811
0,0.33965800587701295
0,0.6371443992938662
0,0.22260887465679483
1,0.4971032459827742
1,0.8518371561516749
0,0.12586771055017082
1,0.6012810737506298
0,0.43316629257589345
0,0.3217512211603623
0,0.2783677264296437
1,0.6634851684784311
0,0.2613817016733829
0,0.4032783147811471
1,0.4269887760530281
1,0.19468140479433477
0,0.6335664968373191
0,0.5026057381914755
0,0.25136814977024347
0,0.13101764124968981
1,0.692238524120177
0,0.3824049302132621
0,0.29354044995457534
0,0.44946044831609705
0,0.11974794087862807
0,0.3083204780577387
0,0.390450354500399
0,0.46726195420337824
0,0.5806279446284688
0,0.8503785149157925
0,0.5285185625120538
0,0.8063460840437141
0,0.8563479683863544
0,0.41212964165996374
0,0.47576333014342304
0,0.3128698365525589
0,0.4228807103180999
0,0.20319814499746947
0,0.3471960631153847
0,0.4605526380636505
0,0.41432874015286136
1,0.5722817847585425
0,0.7835245345189651
0,0.5363758523008293
0,0.496318091203648
0,0.11861214479278522
0,0.9875805786411378
0,0.3156622752943569
0,0.25307481677550264
1,0.43778525635193266
0,0.7215246525324556
1,0.541137561715854
0,0.49535757532670965
1,0.646223176164213
0,0.5486709463245074
0,0.5107832770508042
0,0.6390982388433465
1,0.8084913791820861
0,0.57184213110024
0,0.08958607172658871
0,0.6731185974004195
1,0.8981158491863717
0,0.7678633617220848
0,0.2733545576618938
0,0.291006040940396
0,0.7611233255446391
0,0.6005436073646557
0,0.43095006861813673
1,0.3692584831141548
0,0.6874262992888025
0,0.6393595498365195
0,0.5956701658264397
1,0.15221704204903408
1,0.1097149491723293
0,0.3221969339889201
0,0.45591061348415507
0,0.730503919715342
0,0.6485234854380666
0,0.511108430828456
0,0.5092425032201541
0,0.793393484147542
0,0.6279422917071965
1,0.5173666229036836
0,0.5258364313572474
0,0.478723769490024
0,0.6847075979238064
1,0.5608057940840865
1,0.4815582470367135
1,0.5998045143393016
0,0.80531733974115
0,0.2399010573914427
1,0.5262832902109464
1,0.4367519852221564
1,0.2922021396943131
0,0.6543739990592564
0,0.10834036392254552
1,0.6234385584804838
0,0.2201190235935561
0,0.3988255912879565
1,0.08049405118028519
0,0.27030217683147784
0,0.6382600360517435
0,0.5110398454115445
0,0.14868688784188594
1,0.45503108680496784
0,0.705522062010486
0,0.693499623065175
0,0.10896908937941244
0,0.5519444934773281
0,0.42693637947678703
0,0.5428053852848658
0,0.3819264130487186
0,0.21434390850378587
1,0.2637332989803493
1,0.4064410215732024
1,0.25298328878515647
0,0.7170805009730176
0,0.5242757935167756
0,0.4110795449883081
0,0.23620889705792794
0,0.48801004118073477
0,0.467271926390475
0,0.8721108856118329
0,0.3170394331179419
0,0.6440200649949551
0,0.248389988773371
0,0.11520435969380001
0,0.76295044443843
0,0.42828751137442456
0,0.5527366647996245
0,0.36947353217373335
0,0.7351286497505615
0,0.5854036991379151
0,0.3274231456108676
0,0.39264695150083134
0,0.7445566354445233
0,0.5305073418438513
1,0.1754776119954683
0,0.8443071770272399
0,0.3720535447744898
0,0.8345693744800396
0,0.35259372494141233
0,0.28056272274646815
1,0.63120108022331
0,0.9139152002762122
0,0.6304576481528121
0,0.45543991468816347
0,0.7962614227554741
0,0.6271461801449592
0,0.5572231907868429
0,0.6224532715161472
0,0.46064125671381373
0,0.7474008329957512
0,0.581075765355194
1,0.3300035257632363
0,0.44681939000975407
0,0.20471128459667992
1,0.46983241780343665
0,0.33963341492913846
0,0.19292232093909584
0,0.09852457867730292
0,0.6572620052384832
0,0.46236147064811056
0,0.26108345876427647
1,0.7353799942718716
0,0.4172029339622525
0,0.3222641176552216
0,0.8389950793969674
0,0.17402743054574563
0,0.45910635984304465
0,0.10625626855006011
0,0.27288983398531175
0,0.4775176639190585
0,0.9374265050552013
0,0.4927167311909674
1,0.6336851577037568
0,0.5059548034241655
0,0.5925248625913232
0,0.09825996609692011
0,0.5925786951670529
0,0.40782510455327725
0,0.3467066416234364
0,0.6810699012135929
0,0.9448833389358994
0,0.20840247702163295
0,0.6329336094089411
0,0.39178075267173185
1,0.7462602739916944
1,0.49643136751027617
0,0.5193396331945687
0,0.5271663269253593
0,0.4277927538429173
0,0.597047062213774
0,0.7431619953709885
0,0.5413877034233767
0,0.08986577742875668
0,0.5419521120919204
0,0.27083797872891713
0,0.29673824536872007
0,0.3626672868550146
0,0.4875271210795402
0,0.6895236186073402
1,0.5603364001980933
0,0.47062835847176676
0,0.4159838027432153
0,0.7342471482797249
0,0.6843902378199124
0,0.3565942226882455
0,0.6838347860462382
0,0.15815410309475555
1,0.38151881021057565
0,0.36458448059230647
0,0.21096028078616977
1,0.8938693030642954
1,0.7097668538211281
1,0.7171790404576076
0,0.09076874445754318
0,0.460872035500449
0,0.32032232503237396
0,0.6999222293738583
0,0.14139461963992558
0,0.3448696653560651
0,0.4795190439524667
0,0.2157349615912613
0,0.3422616698701647
0,0.5637682446237375
0,0.2066594407949347
0,0.30262032145310136
0,0.40852144139667756
0,0.6978423402154007
1,0.5236973083203162
0,0.6121492111572707
0,0.6854520608064466
0,0.6383272855907748
0,0.21358896289324839
0,0.27918389592328735
0,0.27894845123374856
1,0.5838284173146523
0,0.29980621317875045
0,0.4787271029640473
0,0.5786998975844795
0,0.12012100537926337
0,0.47756841763069957
0,0.6032241388268945
0,0.7538496266258653
0,0.4264084440023213
1,0.7566177804525177
0,0.3164791766589186
0,0.8003657670799347
1,0.42814230865948666
0,0.3998275455847224
0,0.17169124893869678
1,0.36201681822662446
0,0.22572782956861978
1,0.6647916221665883
0,0.7263803321683989
0,0.3160850490327287
0,0.47250620518998826
1,0.8144582642659705
0,0.5666067590063572
0,0.3901101794515307
0,0.7267405625049488
1,0.48975162522345006
0,0.5539964751503775
1,0.6481547392046174
0,0.29147500981831204
1,0.936884047502147
0,0.5554402168004609
1,0.37641996803157496
0,0.21372059218769207
1,0.3165770320702336
1,0.4262727266180511
0,0.6704488201320756
1,0.13728556971196776
0,0.21547506878370526
1,0.6481135731197205
0,0.40426606094442596
0,0.623103221177518
0,0.36327627584145394
0,0.46490751090955545
0,0.5281950249461953
0,0.4235094948651613
1,0.297055525872191
0,0.45834674909865525
0,0.18656149971103816
0,0.07779237387492263
0,0.6614558661128986
0,0.5722618564291563
0,0.5346983048259895
0,0.3139592491672021
0,0.5642458977700172
0,0.7369100964022001
0,0.32948269041174766
0,0.41806881706591204
0,0.42586379195829605
0,0.3487294830028908
1,0.4888104696903234
0,0.18972796577560042
0,0.6096339661218987
0,0.8546377840220366
0,0.49045154885000614
0,0.45856193337993917
0,0.5794140816312315
0,0.307457132354105
0,0.17166846585374304
0,0.32155606976481155
0,0.6219381095290698
0,0.8856734874888487
1,0.5713152299081152
0,0.4700396776657928
0,0.24918877470698347
0,0.23491124081498554
0,0.16476583089402075
1,0.6360467504115976
0,0.4523173814636743
0,0.5336972531577192
1,0.6070359242664449
0,0.18624464978566743
1,0.4751005657440487
0,0.39499791548948293
0,0.2931324085580775
1,0.5876078413375659
0,0.6001548634161682
1,0.7084135259044901
1,0.6402659970568876
0,0.3758855014762509
1,0.7006818259843214
0,0.5601758173876129
0,0.4435287063759627
0,0.28687862010762
0,0.32340479272737055
0,0.633551386543339
0,0.1589257491742049
0,0.2950637178900943
0,0.10427713833386985
0,0.7030058298416867
0,0.4618197336176407
0,0.7077153446885529
0,0.5000427006050752
0,0.47344083956561267
0,0.6836657008925954
0,0.14581045706797788
0,0.5215192970310083
1,0.36377403252261814
0,0.2589503840227639
1,0.709169231999662
1,0.2546716171617082
1,0.6282858276307856
0,0.5089758296012485
0,0.6251787206637104
0,0.4227440279448527
0,0.6140006291671836
1,0.4322430088177438
0,0.09810258102609846
0,0.2827731548033539
0,0.21649378669864738
0,0.8707166937759455
0,0.6584098425190724
0,0.2264394906187137
0,0.3923820385582505
1,0.3671231248087528
0,0.8376414032170323
0,0.6391440486454281
0,0.08894651122968475
0,0.44212406338394195
0,0.21201977723464455
0,0.6535139691775113
0,0.44587309843632145
0,0.5527877568520524
0,0.5686428797041851
0,0.3480094797094073
0,0.5070179128399362
0,0.09680635857026873
0,0.4383476636198048
0,0.49753436084222874
1,0.45107843204871434
0,0.5832222808498551
0,0.6283692955638123
0,0.6191037815857068
1,0.6677260032756533
0,0.5812096924432038
1,0.2551195480837933
0,0.7477243464721259
0,0.25119641124612907
0,0.2582317160998642
0,0.37387606194404965
0,0.7101513950592465
0,0.5513254895436226
1,0.620901703987001
0,0.31071388053463705
1,0.38465342190798146
0,0.20243714629640913
0,0.18894866360291884
1,0.34780316507195996
0,0.2617495203326787
0,0.12320280274593091
0,0.17528607073992433
1,0.20742515594691008
0,0.2581744557124523
0,0.30745773096714374
0,0.11640902960472382
0,0.25168779299474836
0,0.42821778285290246
0,0.5265907306444826
0,0.48628009279319245
0,0.3108800861408551
0,0.5300348136147562
0,0.2568155770178364
0,0.7111996117326986
0,0.43823639702419864
0,0.694886837948425
0,0.2558301763287945
0,0.3067096029311727
0,0.6208496661280165
0,0.46630814381956887
0,0.581050904034868
0,0.17749353825441455
0,0.5850792687418883
0,0.6427740314703794
0,0.351435368138349
0,0.17840729952872564
0,0.46318158832070744
0,0.7005624180964393
0,0.21498924012460752
0,0.44211416231143164
0,0.30189109177451867
0,0.36833346539914535
1,0.5321582821831289
0,0.511179350207521
0,0.18781154481520992
0,0.11103810697959837
0,0.6714797222272388
0,0.5125872544617465
0,0.6479537291487074
0,0.19617404574869982
1,0.3810316714988979
1,0.631661019193606
0,0.2880877724270494
0,0.6385259136289938
1,0.6031733748599133
0,0.24824995087790977
0,0.16805259167624736
1,0.576026507072152
0,0.6726214635508014
1,0.748710241602771
0,0.6494458768801651
0,0.29335494386719546
0,0.22414604451509115
0,0.6894167754934769
0,0.26218479590575355
0,0.6742947698937392
0,0.406524898512103
0,0.655903152802563
0,0.29377642698340717
1,0.48108981774253756
0,0.5972341444350702
0,0.26728261606122905
0,0.08716498874736153
1,0.8193279809669775
0,0.34313323612955554
0,0.44732217656878637
1,0.5963486827207727
0,0.5958736384705219
0,0.13915749648019193
1,0.24665729106968687
0,0.2742022371030303
0,0.3282791375733905
0,0.8020362342254926
0,0.352574457309231
0,0.2678956419299908
1,0.3732620618563216
1,0.5265861586029174
0,0.6684313529410504
0,0.3114520849234435
0,0.0826047266488985
0,0.4065103998109571
1,0.7816965794534573
0,0.5837641346463303
0,0.4465086668836699
0,0.23984183059436792
0,0.4053573190171291
0,0.4215462957194556
0,0.36067033718008024
0,0.6388504225396929
0,0.6114543560557365
0,0.4882155930788589
0,0.839709779539049
0,0.07257967257782232
0,0.2980890941172918
0,0.5304074368882383
0,0.37857876813889413
0,0.6147895208962121
0,0.2663454349608116
0,0.5737366570891245
0,0.7192565008957557
0,0.5833451498626591
0,0.5380073433780092
1,0.6484646037964451
0,0.5880371543705526
0,0.4797885268635091
0,0.4581255307105593
0,0.5650919996816863
1,0.6911011422984524
0,0.6310172896313196
0,0.6433616880504175
0,0.4734753590661942
1,0.3791912154642586
0,0.2112555013432481
0,0.2488139076733907
0,0.21724981260334975
0,0.7245352164518359
0,0.5127943636162208
0,0.3134986265153899
0,0.4592488202222915
0,0.2355413233502319
0,0.42668913218318544
0,0.30560902628935566
0,0.20871779524541093
0,0.7683938164637243
0,0.5080992557578774
0,0.28367187906504704
1,0.37972732875587145
1,0.35890241599985767
0,0.5838708367278851
0,0.5587925326146128
0,0.12384709669759264
0,0.16964553918014993
0,0.6893906248786573
0,0.6292798058729916
1,0.5419521120919204
0,0.38140317535290374
1,0.5468854502469335
1,0.6880501918332088
0,0.9898579883284598
0,0.19177823438837804
0,0.18481789896989304
0,0.8402283472728429
0,0.452344737070436
0,0.2238958480232177
0,0.1710426155690215
0,0.24077301788478914
0,0.3451424213888471
1,0.6683166757876903
0,0.2698425737389852
0,0.6599064407549822
0,0.4630408917743833
0,0.16724178707217008
0,0.14767538343090594
0,0.39054336989719834
0,0.15629268465440319
0,0.5044199607974833
0,0.5294058407885207
1,0.7803965631959743
0,0.44558055149636844
1,0.8341856274823714
0,0.40809839931143976
0,0.7194094683225026
0,0.7827480077862289
0,0.8712533072611851
0,0.5372468863606128
1,0.4911384241114679
0,0.10732266041435809
0,0.32194401133322004
0,0.3355025210383008
0,0.8050134882827311
1,0.5280317370390131
0,0.906385430236826
0,0.5562445411982404
0,0.1258054085899632
0,0.7760963993307639
0,0.19087924136161763
0,0.5547183500013875
1,0.44840849872069594
1,0.7318872397625102
0,0.39627961418614055
0,0.7211404915549765
0,0.17527302660299113
0,0.3064574620838844
1,0.4237986365539561
0,0.33013499131033647
0,0.604205522896418
0,0.20154375242336023
0,0.19800898595251767
0,0.3922760111023066
1,0.300425895380125
0,0.4234577078592712
0,0.693608657631061
1,0.41724564167095163
0,0.5659254537324149
0,0.6697920077280711
0,0.5220757596921579
1,0.5808090051864959
0,0.3830013326179864
0,0.07471467616531637
1,0.3980952401485377
0,0.9742237476546199
0,0.400519687898582
0,0.5958305695685351
1,0.19015645436153497
0,0.7021335532983852
1,0.6649315486717923
0,0.2911576655118076
0,0.5749406767472178
0,0.1862506618039693
0,0.10771493194074123
0,0.2494594355205048
0,0.30506094440531634
0,0.3205479747230551
0,0.928186389597212
1,0.14558782633876646
1,0.4793296026593937
0,0.43514102784929415
1,0.6603319720767804
0,0.46246311741733326
1,0.37347385417433787
0,0.3278095871633245
0,0.9093043845127863
0,0.6768256951579796
1,0.5128773092308258
0,0.19360870489642407
0,0.38101922991719117
0,0.6358260776241739
0,0.6927111439413355
1,0.40333600806221276
0,0.2683406127923196
0,0.3472188308335287
0,0.25516453034200554
0,0.43739339567169716
1,0.6944517640670254
0,0.33971362102442765
0,0.6067896846882316
0,0.6468950318419884
0,0.8492420821768544
0,0.7213542024529197
0,0.4567743819311645
0,0.09217018122860358
1,0.5348094173403275
0,0.6546837640675356
0,0.19397953500715426
1,0.4232721793387488
0,0.16245986170400187
0,0.4614175177572096
0,0.26497424599482666
0,0.5773629397650183
0,0.38962085626924475
0,0.3831507324308235
1,0.3920647569036847
0,0.7798411185476631
0,0.6314265365276731
0,0.6089121082180444
0,0.6593789798179763
0,0.6981166240287741
0,0.5391534462180037
0,0.10034276029582623
0,0.1086735428059878
0,0.25922886225467856
1,0.6093511866067975
0,0.3822793189204137
0,0.3288551107333386
0,0.42679455150552514
0,0.5747754596493926
0,0.5066083413733888
0,0.5199765048092885
0,0.3266443631783931
0,0.6162787293441098
1,0.658098552273057
0,0.712168154637016
1,0.806442440293213
0,0.4260534527863921
0,0.5573046835589855
0,0.24715814804246028
0,0.5600519385055883
0,0.5235922948047962
0,0.28565225818365186
0,0.22935161238410898
0,0.46786589660074895
0,0.46558850944220714
0,0.5913004595220356
1,0.5265569252934359
0,0.4773337937362363
0,0.6121277009033922
0,0.3944067790720182
1,0.8624328782413134
0,0.25311978221995607
0,0.7580305188614016
0,0.16555193893895562
1,0.14865518843039827
1,0.4826547992144123
0,0.49830654414788567
0,0.46089987119917125
0,0.7306886039079006
0,0.5913821690142728
1,0.4529658180141702
0,0.7487447495514415
0,0.5782549876045114
1,0.4096147586515749
0,0.1635651415728458
0,0.47030951724613207
0,0.5946635697189417
0,0.467780161273846
0,0.6506264722185501
0,0.481915613990907
0,0.37756133543768017
0,0.7696417748942641
0,0.4769731785997164
0,0.506163544004491
0,0.3737090871592511
0,0.08696252143152754
0,0.1291987719777701
0,0.15189167793558692
0,0.7497901360054077
0,0.6650434220905931
0,0.22716450534035404
0,0.5274510861057917
0,0.691766486041075
0,0.47636888471609656
0,0.40671592202887946
0,0.6357074577169224
0,0.45471108293325363
0,0.4512132401684795
0,0.2720599523681486
1,0.3523695325825092
0,0.40449939548223923
1,0.4652669457405792
0,0.35534196519760325
0,0.42119475399316253
0,0.47691720817205563
0,0.3129326939214233
0,0.736641539511187
0,0.49843166942190237
0,0.35245867438501066
0,0.14116626048314454
1,0.5008938359804379
0,0.6062146144438962
1,0.48284440012198887
1,0.4080220004936755
0,0.18719883894912231
0,0.6346373534456233
1,0.3563363580219397
1,0.7482464837444787
0,0.7436919366827741
0,0.1966917898522174
0,0.28760202660389217
1,0.35541111599388503
0,0.419935649342247
0,0.6081662932231987
1,0.3247774229586837
0,0.771909276783209
0,0.10910468828013134
0,0.34872987225508795
0,0.33747050448683996
0,0.22628957694431992
0,0.568113809960839
1,0.28297460862770496
1,0.8187277632806301
0,0.09749653117209613
0,0.444354322296982
0,0.37926320768434457
0,0.14714421116132967
0,0.5252145431455219
0,0.6066658074363472
0,0.5134232086785678
1,0.46763044723385194
0,0.6637790038268863
0,0.15508778018500188
0,0.21215674237271298
0,0.7324012610132359
0,0.6387464326309783
0,0.5247400767641192
0,0.6857834898594432
1,0.6996386616200435
1,0.5953106590907276
0,0.5839519817569645
1,0.3104725862129254
0,0.6500167253216249
0,0.23737279171861533
0,0.5026150437691889
0,0.1193934571247822
0,0.2839804019008224
0,0.26983083271732594
0,0.1977177994324617
0,0.137413212037615
0,0.4015414441446593
0,0.7847635376923141
0,0.29573647122410207
0,0.2093211702364443
1,0.5507997021392137
0,0.2628341225575588
1,0.5066737604192613
0,0.44698723931096634
0,0.2546809572393605
0,0.8954589955623485
1,0.3833331000813711
0,0.4855640101333874
0,0.2571977367743088
0,0.072817867843436
0,0.6510882947801534
0,0.49323948727715544
0,0.4540745324411786
1,0.1977488621794751
1,0.2036837006444714
1,0.07021333720713573
0,0.19407880121593804
0,0.11467221514648483
0,0.5192140770973249
1,0.8437803074926521
0,0.28010842515542866
0,0.29554941542113344
1,0.8372697136118173
0,0.5606790195921306
0,0.4904587879085035
1,0.43584938029642617
1,0.40325982372321684
0,0.22882424847540103
1,0.24434526133358106
0,0.12929599885918974
0,0.8281413055144354
1,0.37924782621387004
0,0.3807495328307609
0,0.5138062893296108
1,0.4553990864055765
0,0.8293537753060767
0,0.3213290087179044
0,0.32819745116886695
0,0.3370915255609058
0,0.2504376427035543
0,0.09978772374538902
0,0.07777315563819272
0,0.166202764593561
1,0.3229025296038885
0,0.26912414211202296
0,0.4120760540922237
0,0.19813683838588436
1,0.34778643736313974
0,0.5141959569147755
0,0.211396373191465
0,0.06117587204401733
1,0.7145386620975532
1,0.5359653035495566
0,0.4183903233829991
0,0.3259241616830314
1,0.5202649427013274
0,0.9967120018926893
1,0.5153247889439092
0,0.7994072717051648
1,0.5641818910414681
0,0.6009682011818223
0,0.20367753902668564
0,0.6348026152864726
0,0.4144723724653454
0,0.29268173116156077
0,0.2918118289635947
1,0.6449350602805063
0,0.6472857800742519
0,0.22244324210726468
0,0.2881128590996836
0,0.4297263926228161
0,0.7349306383867984
0,0.6173911388016023
0,0.3502885488274737
0,0.24697102243844266
0,0.552834357736353
0,0.4376368988875599
1,0.5293057665642057
1,0.6922223302014794
0,0.33320201692556434
1,0.48903528859470524
0,0.29139978122495275
1,0.17522240027126756
0,0.9621764932896547
0,0.09926203180327361
0,0.5806948415663076
0,0.5278147955085525
0,0.6860421504941573
0,0.3436524154673978
0,0.5958879853273156
0,0.30560902628935566
0,0.14686696216892017
0,0.7654009385976135
0,0.42790055351563083
1,0.5180818874037353
1,0.11834302849440398
1,0.6110819996045047
0,0.3433617728935792
0,0.6403543562069324
0,0.22058165664503246
1,0.8842944348896453
0,0.2275288821346998
0,0.13654628810802072
0,0.19597610538209762
0,0.42398098224538555
1,0.5436146800465441
0,0.23680708296731642
1,0.7329547195429937
0,0.4128831973432252
0,0.7443493039086017
0,0.6662809993070112
0,0.3127418301464614
0,0.563196724373
1,0.25856279363289375
1,0.1577996529549873
0,0.4077092989537738
0,0.5809769806901046
1,0.30831053934868163
0,0.19883579177081614
0,0.09429460924693939
0,0.3479064400659247
0,0.6088952162898557
1,0.566249342550516
0,0.5172335305299043
0,0.31572501283060556
0,0.5816648383041245
0,0.19907702394885032
0,0.731845064418032
0,0.7040526513608921
0,0.8898955360948311
0,0.3477545704509878
0,0.6771814157921277
0,0.5950620264139557
0,0.27763577572483644
0,0.17630268948585703
0,0.9349727148116502
0,0.20621310768360646
0,0.5547549248153057
0,0.7708057604704169
1,0.5050395048565857
1,0.6437665992958492
0,0.3850377534651684
1,0.40080245207277343
0,0.7127128484469456
0,0.6444703833333157
0,0.5290858675150751
0,0.23727035717998712
0,0.9172620385401928
0,0.05802553526398226
1,0.09272896395763176
0,0.3398835932358494
1,0.5525505874055722
0,0.2553384228495887
0,0.5368004043364372
0,0.5884331362464793
1,0.1899467644569597
0,0.17546223626379204
0,0.37954513237247234
0,0.7370841350753083
1,0.21333354226477144
0,0.5281003633917187
0,0.41538830889113443
0,0.43169180637652127
0,0.8697203930992443
1,0.7874352946467269
0,0.9295136131416135
0,0.33048920902017015
0,0.5497196878029544
0,0.09879047192595918
1,0.8383343470455349
0,0.5697430651054336
0,0.48457351051729874
0,0.6468971921582007
0,0.2543192757498537
0,0.3837613656483352
1,0.5880849122829502
0,0.3737327848636151
0,0.24627031883805509
0,0.7767667744036745
0,0.5479988429564618
0,0.5082253717578157
1,0.10883366208945208
0,0.8116917581054786
0,0.7143257912523919
1,0.3983245417764227
0,0.43088841268540146
0,0.6498128776312729
1,0.5803323420341167
0,0.7414721910166526
0,0.44385866626944737
0,0.7321838509407798
0,0.2078581069346731
0,0.28134634234103145
0,0.4359346560864964
0,0.47820379331564256
0,0.19641157447132904
0,0.48898542398638006
0,0.37555877504599533
0,0.7821518033959276
0,0.7404299266472469
0,0.12295977258289706
1,0.782881152221779
1,0.5732478058473446
0,0.2386371000215748
0,0.4056337100017683
0,0.5753828859260942
0,0.2128918950586336
0,0.18332673841128608
0,0.7041127356143752
1,0.43523490624564276
0,0.4921434159493518
1,0.22255776363018376
0,0.4805699267824749
0,0.4274636657046023
1,0.5975294059362515
0,0.5603233113543978
0,0.6499649347769325
0,0.6440161482899084
1,0.4816013255570576
1,0.40774564205771485
0,0.8465495652560132
0,0.7483604758762168
1,0.6955406753029829
0,0.39728427834750796
0,0.12607133223895522
1,0.5155198544136242
0,0.981001858613789
0,0.44379441801052066
1,0.5932122330138643
0,0.5743278845015269
1,0.11667524330642452
0,0.4320986053368673
0,0.11171943005975206
1,0.42055777211962
0,0.53558977547586
0,0.8726383007146123
0,0.5530471817062351
0,0.27051863522568287
0,0.47580594466054155
0,0.1619715283896877
0,0.3330823460720288
1,0.6743761371617165
0,0.7614286396440423
0,0.6252450389389832
0,0.37777640967594384
0,0.8607086453644249
1,0.09304470842562285
0,0.561343694334754
0,0.6725777854158776
0,0.5734818711190784
0,0.3224625716417227
1,0.6199865802315123
0,0.22718338494630172
0,0.3624217287533031
0,0.598781442075349
0,0.3992150582869728
0,0.6251987624248314
0,0.5252145431455219
0,0.11777988272624829
0,0.5144180588651235
0,0.5627376056184068
0,0.4733201974068543
0,0.1648897770684432
0,0.3120093554407587
1,0.9449457510100475
1,0.5991745894771329
0,0.5226213721204489
0,0.439867380102876
0,0.6786975846900216
0,0.5616585507605946
0,0.3357093869556011
0,0.37071588983956644
0,0.8968556415074358
0,0.3250196230523025
0,0.3042776446089113
1,0.7621069802269541
0,0.3138217967245673
0,0.1852671308401117
1,0.35108131834020323
0,0.12432582248505217
0,0.6800914909226409
0,0.5532590023460868
0,0.6263684807320651
0,0.23890483975518967
0,0.918121130727202
0,0.4026040155370451
1,0.6380272243943732
0,0.28417439185445653
1,0.8449471116555318
0,0.9834555147917624
0,0.19618724632343568
0,0.6547313923322633
1,0.8388462066454765
0,0.6728606435046024
0,0.3769168885359112
0,0.5769676929960873
0,0.44637804894210986
0,0.3375757386301786
0,0.453564025732375
0,0.49723574003895005
0,0.19489053962078556
0,0.6867043799346364
0,0.33045027913341674
1,0.346576098356087
0,0.3946501927459465
0,0.47738758482052734
0,0.6397026758228863
1,0.6867025510400284
0,0.3781118474236269
0,0.42220250578196117
0,0.36201681822662446
1,0.4802417140034932
1,0.6725822346246624
0,0.5341324046090654
0,0.3214326246923708
0,0.5165557452800504
0,0.5351824463913494
0,0.44814090870510337
0,0.32763703622266604
0,0.2204445940786917
0,0.45981105970593733
1,0.4325061000248328
0,0.30323474066625217
0,0.19056620104766403
0,0.45333932889618705
0,0.2603308361540669
0,0.27312367802770043
0,0.7802048560916258
0,0.4811093571401886
0,0.8248160608330604
0,0.7138262112302963
0,0.8580288195462674
1,0.38788533170624173
0,0.23535562446814548
0,0.7305365502934446
1,0.5315505029671407
0,0.25351707505072857
1,0.36853584717579213
1,0.3875273687816028
0,0.3159575330325404
1,0.18357733170460871
0,0.3814335143231485
1,0.4416917399395537
1,0.5437841040766405
0,0.3694186224068009
0,0.14085850947437903
0,0.2727542450380853
0,0.5646575564333698
0,0.49478325159394937
0,0.4927759072774558
1,0.3419721486363175
0,0.5331121245142892
0,0.3940766274584354
0,0.11324635820871586
0,0.15393104956618076
1,0.28502103757567454
0,0.5084647679016151
0,0.5089280257989568
0,0.9026537334112613
0,0.1907480671655919
0,0.5765919332534293
0,0.34582737238198036
0,0.7938198901953133
0,0.46560086394570427
1,0.32016992491251645
0,0.716692325298997
0,0.32181946719328597
0,0.37715514303292064
0,0.2709597592152041
0,0.8821418707707306
0,0.34655395059046284
1,0.3497815463124474
0,0.3313138130087723
0,0.5124325870548526
0,0.4537475252383857
0,0.1861089488230556
0,0.9050394352448143
0,0.34003091889466636
0,0.5829013702868289
0,0.7334279679127977
0,0.889719300449514
1,0.5039349595149937
0,0.47891020695238207
0,0.4684472548450809
1,0.40843799807007664
0,0.3022248421107799
0,0.10714302490167732
0,0.5722837971433702
0,0.1589971540477878
0,0.79148869847447
0,0.12385753847084706
0,0.08984300432646315
0,0.35922586646051613
0,0.3740146251036145
1,0.6846083363182417
0,0.3999886153669995
1,0.44309602723473496
0,0.1682368580097891
0,0.15793831119252852
0,0.6067465006748456
0,0.6665382170164706
0,0.4015219696219557
0,0.36182860411279666
1,0.5933776772754481
0,0.12088440739641315
0,0.3555987817716153
1,0.11104267557195223
0,0.3794031685802933
0,0.7221300465161048
0,0.7792135447097296
1,0.6600747239690331
0,0.266905231870152
0,0.5244051924772237
0,0.11574375758489439
1,0.18687276755898738
0,0.5481968409134962
0,0.6505101551647892
1,0.5043670989931434
0,0.8978804193106988
0,0.12836178097746662
0,0.540208352597625
0,0.1544940969508023
0,0.5857567514358822
0,0.7397951144369864
0,0.7772681665943726
0,0.42406530097343736
0,0.9141697267231116
1,0.22694894538032626
0,0.2607069987921761
0,0.5880928672399104
1,0.5525479987508177
0,0.48030658760266215
0,0.30441731705200215
1,0.4593790926057159
1,0.6470491503929351
1,0.5446497664606001
1,0.39376440463141105
1,0.2929670482221649
0,0.2811144236145587
0,0.443522187598305
0,0.48966467833687594
0,0.10704273499917158
0,0.6084624770723507
0,0.2401063586944268
0,0.40334662539592564
0,0.8758564777649387
1,0.40522244795565276
0,0.5734422804875071
0,0.48579205887463245
0,0.8982298643250306
1,0.8268416641964388
0,0.7532708725996353
0,0.4105561127665617
0,0.25703616281233177
0,0.666864211680619
1,0.6193014920795498
0,0.46160763608122607
0,0.44655033274510536
0,0.3211675240157024
0,0.30698405323682926
0,0.30750626282208354
0,0.5022120458323686
0,0.4754475239511287
0,0.5441756079480562
0,0.4422611040729333
0,0.4832498664805981
1,0.6645048293593041
0,0.9463971114204995
0,0.7533863450853542
0,0.4263068579182144
0,0.5414524916731511
0,0.48262109261999386
1,0.6100172450918596
0,0.21510106414826344
0,0.5330318289823798
0,0.23666583723896692
0,0.611455174401941
1,0.5109416002467184
1,0.7741526246183503
0,0.4909100108189304
1,0.2925388557833165
0,0.8710886130411627
0,0.7073792429150215
0,0.37116731767858946
0,0.44378361786038695
0,0.535482713826975
1,0.2893786756728752
0,0.34654008736897113
0,0.5511344494185595
0,0.18823735622726562
0,0.5272058800990093
0,0.8159816725963631
1,0.8011798328045187
0,0.39540914805125077
1,0.4637084558194586
0,0.42742212693618437
0,0.5870971467682499
0,0.33122623232127035
0,0.38805464143319374
0,0.613978661100563
0,0.40571799846185297
0,0.08914763135293313
1,0.2984995797140221
0,0.726952645698473
0,0.4167078651714437
0,0.7526570811131097
0,0.38882944739471137
0,0.26152835115739015
1,0.6053349353565584
1,0.39651528930594526
0,0.5368125000566435
0,0.42232193342252267
0,0.6388710442192201
0,0.384162870846966
0,0.5820678853990646
0,0.6893327698273447
1,0.38204578439557607
0,0.42356613726383624
1,0.26715602050520415
0,0.10184930861696619
0,0.9137812980039102
0,0.9218800066734671
0,0.46477311767740004
0,0.4858427836913691
1,0.5869363979486198
0,0.27485701271191404
0,0.5672300936946354
0,0.5420914384715384
0,0.883186011660224
0,0.3045190254076625
0,0.08460148744194758
0,0.6962266591121444
0,0.1380931279722039
1,0.5224773398082472
0,0.4442666260390577
0,0.4939926075875478
0,0.4766644922704901
0,0.7043586821860984
0,0.3288301990235764
0,0.7898956096750404
0,0.2157857460068916
0,0.6494818434910415
0,0.5454628672188416
0,0.49397782841559684
0,0.44079913225509876
1,0.24816715999024616
0,0.26833021279017777
0,0.7228180189317536
0,0.25113133879268806
0,0.1697111976396742
0,0.602459780736419
0,0.4177489657911681
0,0.9181265015374771
0,0.2959813244807441
0,0.28579628426853193
0,0.4118284969280266
0,0.4734062182962349
0,0.3061681271994929
1,0.563084772925412
0,0.34346573888723
0,0.4272076340115073
0,0.7509103517940029
0,0.404692170765738
0,0.34602477034459234
0,0.6791582536521368
0,0.43275159335511126
1,0.6717745102529157
0,0.30240797585443524
0,0.48132226798368627
0,0.45811677707884746
0,0.4307215494260983
0,0.16982084773852232
1,0.46173659069890105
1,0.5443729532278764
0,0.752607064306023
0,0.33118425467290313
0,0.4496301068839438
0,0.5965483538035797
0,0.23184877545545154
1,0.5036512158672682
0,0.3666829928194811
1,0.4154025336179884
0,0.579529984215019
0,0.46686847461203734
1,0.5067529805006307
0,0.379392832301976
0,0.5529120495950005
0,0.19320485304239549
1,0.6529535491435833
0,0.6353512611497671
1,0.5817401104758865
1,0.3410537806356193
0,0.6849161960100708
1,0.8639011787306764
0,0.33838391886309965
0,0.5500131909480217
1,0.6901073358948916
0,0.4815431254494746
0,0.3662227530002768
0,0.16883326389381514
0,0.3212665685022183
0,0.18095256553885347
0,0.8772673569295932
0,0.9502177061555834
0,0.15243443134250945
0,0.053453238457636394
1,0.4894509887281236
0,0.680444032090778
0,0.5532094299050919
1,0.2773220205179634
0,0.3352514037991868
0,0.5065646027127824
0,0.9955270265280789
0,0.2970894511198637
0,0.4381280237024885
0,0.5881217085769735
0,0.4785392302766726
0,0.47801814119480457
0,0.434506651911455
1,0.7184576599994801
0,0.6690307765657073
0,0.2800449022583991
1,0.45565553021196953
0,0.7650947649088766
0,0.6340576940348566
0,0.4417227249944186
1,0.438716871812248
0,0.19515082522372162
0,0.5083913439209797
0,0.7351172588396422
0,0.5279657765133081
0,0.35667916694015317
0,0.7342553663044752
0,0.3769847872714679
0,0.12139339284006172
0,0.1642767600318744
0,0.22350758148182404
0,0.38076538539293114
0,0.2280018377815954
0,0.18332673841128608
0,0.1467693247258407
0,0.45191108385707446
0,0.46056623095330224
0,0.6485336289459419
0,0.48590681098814803
0,0.5423845171620453
0,0.4206699597893697
0,0.8029079402996879
0,0.5671391347696637
0,0.5977114831138345
1,0.7643839266452102
1,0.7386615403690101
1,0.615498454122653
0,0.5476457344239963
0,0.09540777744450699
0,0.34712791559985745
0,0.25922703991214935
0,0.09454897843214412
0,0.47632452577639967
0,0.5658422247014717
0,0.5703423038911454
1,0.1847031751032017
0,0.3641554431565645
0,0.4051874925752781
1,0.41633424833649585
0,0.9337705333928775
0,0.4634157622481245
0,0.6675004895942805
0,0.6643490075323691
0,0.5446428084885979
0,0.45459749530849575
0,0.8021376282342139
0,0.18574102567920223
0,0.46452712498104554
0,0.6693032944918175
0,0.6099275633102003
0,0.1535368704298709
0,0.28209554800409764
0,0.5398099829734466
0,0.30197373888608714
0,0.7448272004771236
0,0.32287337981509523
0,0.19905921787859962
0,0.3524248876724206
0,0.23140986196435392
0,0.5461314702594767
0,0.4354504009165701
0,0.621203551015298
1,0.42023088568075334
0,0.5588557669725015
0,0.37921138232017826
0,0.5390511255633336
0,0.4808121285554777
1,0.6394943976463986
0,0.5956100136739431
0,0.48876177808962007
0,0.4059199323210719
0,0.7890795258734895
0,0.6659978250476948
0,0.6790863782576686
0,0.42507009464537654
0,0.14798501355781898
1,0.1613044264013266
0,0.6681272906352871
0,0.4295892015407906
0,0.2600648807726878
0,0.1725293079917878
0,0.6041023257126462
0,0.62915176597128
0,0.5833121226151128
0,0.5727835481919598
0,0.5647701086606468
0,0.23897887083661684
1,0.7074178787349381
0,0.4845501849129566
0,0.9911667083749326
1,0.3996377891814615
0,0.7199750297975603
0,0.5047624250661567
0,0.39948481924984136
0,0.6808033804369683
0,0.3371576264876748
0,0.6738884098980585
1,0.7734457835509663
0,0.38024002312717065
0,0.3635574814143613
1,0.5196484152254005
0,0.4048795697080474
1,0.6982627328989967
0,0.46389757015100325
0,0.6338754306993039
0,0.5358431482292779
0,0.20154838741449838
0,0.06532358665981772
1,0.7063146456483643
0,0.8044046230974892
0,0.27160518064097083
0,0.6346519939208534
0,0.16654190447737333
0,0.06640630153870326
0,0.2393004354807832
0,0.6545119616013144
0,0.6608758935314702
1,0.339202102195007
1,0.7475377563634811
0,0.24187336538424153
0,0.44935170075042286
0,0.3836198052209489
0,0.29179770371300856
0,0.08632875775414828
1,0.6253398065266761
1,0.6121775326511854
0,0.5628747186382087
0,0.5760174113390482
0,0.5426018032110707
0,0.31339864062616285
0,0.8285342389940744
0,0.580540399283631
0,0.09959913678452491
1,0.701218395311825
0,0.7147537596522037
0,0.426177146476036
0,0.6592313752178419
0,0.4764674907259659
0,0.13880197319037943
0,0.5593122579811748
0,0.6210833143609423
1,0.665461301477824
0,0.5349006673638709
0,0.4263227162680686
0,0.3677905964952756
0,0.49597190402437163
0,0.4562455155623842
0,0.796890858273543
1,0.717543410676714
0,0.08250156174125381
0,0.11701722101017083
0,0.5170238606980456
1,0.6903517737410321
0,0.5351320516318125
1,0.8224432832593453
0,0.5422788251980307
0,0.2543862595170009
0,0.27906060797325105
0,0.7136949028309006
0,0.3774599142394239
0,0.669790217913778
0,0.32468448190219257
1,0.3277971726149061
1,0.6684899304060608
0,0.48078582663594766
0,0.5100520056964848
0,0.7089443264303665
1,0.3962722355338525
0,0.1805022958322719
0,0.4602348437471662
0,0.221755268385937
0,0.42919333344783533
0,0.31103360552826553
0,0.54578713572398
1,0.46029592735587316
0,0.6305635430968555
0,0.9041073843582521
0,0.7060080110426004
0,0.6668193886296578
1,0.16473228536672566
0,0.47028509799719403
0,0.12665694552352127
0,0.36925838891331325
1,0.4138309444236421
0,0.09498846016167367
0,0.27279268825323927
0,0.46683135033533296
0,0.6065334361870394
1,0.6032769396881192
1,0.7733012171402048
0,0.3230459920847805
0,0.14078981085864808
1,0.8766880198609184
0,0.5775539290688092
0,0.6261414311502654
1,0.525300531312762
0,0.4090254643396995
0,0.6972041148287782
0,0.8651331455820627
0,0.15834913996070749
0,0.2554005914472888
0,0.5639938661004
0,0.6591549635047474
1,0.6792873279469316
0,0.37140304905798494
1,0.6036486967579733
1,0.32581398409314505
0,0.12893946405880208
0,0.8653511421802268
0,0.2787106950991828
0,0.39780343378237154
0,0.5368976813122373
0,0.24423865264348305
0,0.13504308765168901
0,0.2792162423064256
0,0.6135450069592717
0,0.6260327260012932
1,0.12972861171053024
0,0.6025933180643709
1,0.31338670017791426
1,0.32448103498179337
0,0.7227279679413509
0,0.5323318863336084
0,0.41743375636094665
0,0.25651259938774695
0,0.2518234651762029
0,0.5374113119210802
0,0.455879252977963
1,0.14750616196014255
0,0.4865335581599874
1,0.4626938859307838
0,0.7817380848856549
0,0.9448558278058987
0,0.5547326406063814
0,0.569065379538763
0,0.3983441842208752
1,0.6619496717134636
0,0.32787201555536594
0,0.4858976749965577
0,0.28463643352226176
0,0.40748345091618504
0,0.5077041535666802
0,0.5079796150293653
0,0.6365877984337284
0,0.17969262419006732
0,0.3010092779274039
0,0.04142758327966018
0,0.5566650045017296
0,0.6406611723287094
0,0.2585256290548578
0,0.26570316780335734
0,0.5837621810525911
0,0.5348991797215832
0,0.6348679036561503
0,0.8543927029844874
0,0.16600257682282704
1,0.4276647082230423
0,0.4237041229388278
0,0.18607947897262805
0,0.17181790534068475
0,0.39644726406502107
1,0.48384395562404287
0,0.6932135525774178
0,0.491714734870044
0,0.7036141259125798
1,0.7550201550497879
0,0.4716582963553138
0,0.1472689816036775
0,0.1723958144375051
0,0.556120779513706
0,0.9921589908771372
0,0.20029074239996472
0,0.5621347218952869
1,0.3623035209510639
0,0.15617098120261277
0,0.3590471467016677
0,0.4900523903903442
0,0.16444890314020297
0,0.4417526454117609
0,0.6620110727705182
0,0.5484568100493116
0,0.344909670273119
0,0.33427406675936117
0,0.6168475619045499
0,0.6339167304533503
0,0.5170238606980456
1,0.2336148162379978
0,0.3676800876051093
0,0.4880584148277321
0,0.609827072311481
0,0.38223222547399394
0,0.9037190381996977
0,0.42750758132411765
0,0.24563293622150045
0,0.2579020842967223
0,0.1900257317092296
1,0.5465660862842339
0,0.35006811430112733
0,0.6377680984356765
1,0.5867066857997427
0,0.8378437879179491
0,0.8824061625123579
1,0.1394925404305248
0,0.1892574214410206
0,0.6105586441208566
0,0.4317906710940957
0,0.320993496943439
1,0.5573489049007446
0,0.21188513532446915
0,0.5709332670789102
0,0.519290219877628
0,0.45938399607839503
0,0.25507432378596895
0,0.7465237929853665
0,0.6135235269905539
1,0.3394568454771592
0,0.2807124775148669
0,0.4948274591015235
1,0.3589140017917117
0,0.6714356245194931
0,0.4559376243990454
1,0.8252884600257127
0,0.5309836966889443
1,0.5217809207118213
0,0.42222682309013704
0,0.4810640200025983
0,0.26186130089968546
1,0.26598866581953756
1,0.7170230375288331
0,0.651750199651876
0,0.19464866319972876
0,0.5401706710046593
0,0.4628959357011626
0,0.805093918680342
0,0.8342365324748767
0,0.5332831135679214
0,0.6533611351877716
1,0.39991904912913917
0,0.37023613079543716
0,0.10948857220528553
0,0.2735854054218459
0,0.773819726250954
0,0.40322899162538367
0,0.11393289065740746
0,0.5475578246918144
1,0.5767088093743604
0,0.33761895408546094
1,0.682167566614514
0,0.6533876713670492
0,0.54311485945613
0,0.2650686969673663
1,0.7590364092185634
0,0.5420565842577575
0,0.3412074873620559
0,0.4145398056609603
0,0.5656671531749503
0,0.8251198627172884
0,0.5567075279075155
0,0.5685962595793732
0,0.48622340444034
0,0.13585911142089063
0,0.4493007705275023
1,0.20055876602673045
0,0.5207780853574803
0,0.6726043571193193
0,0.11505865830719514
0,0.5385012538657964
1,0.6053661849212265
0,0.4958125601422867
0,0.41197467549178235
0,0.5904225667250121
0,0.5299166584136265
0,0.7365294942605637
1,0.9983864674913668
0,0.3094199189987366
1,0.5300944810852344
0,0.12679456241861045
0,0.5080183879035343
0,0.9064219061966575
0,0.40684398998369226
0,0.7565122955619086
0,0.5874750450955699
0,0.687842108508291
0,0.42883928222561507
0,0.10808772558413828
0,0.47158070437652255
0,0.20965838845079351
0,0.6657784918590366
0,0.5366487948911549
0,0.4511595057520478
0,0.42239066190206814
0,0.22338368360512995
0,0.38422134293005256
0,0.7612326381345265
0,0.4717628487676043
0,0.9693278321407215
0,0.6345268059979277
0,0.4002410259693365
0,0.531268865037656
0,0.7126093571419608
0,0.5862314251116184
1,0.5764630128091961
0,0.7648143859028489
0,0.10605339034353205
0,0.4956331307412794
0,0.6828684623202125
0,0.6140140960344072
0,0.2966930327281693
0,0.42553442588049445
0,0.4670774022212682
0,0.6811714412216779
0,0.38957814511657834
0,0.6306395371387372
1,0.6586322117442134
0,0.5601622397100811
1,0.5704382244994892
0,0.07250119789074552
0,0.5634852302151949
1,0.8804669306217896
1,0.6551923493810384
0,0.8922883386476546
0,0.6520880850165633
0,0.9353272971768043
0,0.20598900909389864
0,0.6139052417879919
0,0.5796652330173478
0,0.5578722387154421
0,0.5779225160428789
0,0.35435811709621395
0,0.4504954106302283
0,0.917555925674542
1,0.17843528874886022
0,0.5221272338615272
0,0.6154392184696575
0,0.7577802072303725
0,0.4253429076875735
0,0.41249357104477496
0,0.8349999936711396
0,0.679296220261359
0,0.29647345027661215
0,0.3681932771715912
1,0.17724442142922658
0,0.6209455133796268
0,0.5249255101798749
1,0.4497774420016311
1,0.6849769093026895
0,0.49252135320714513
1,0.3659157700787967
0,0.4354158712175277
0,0.14452425059425714
0,0.26756380245495676
1,0.8431283666615154
0,0.4626360364039971
0,0.36602922212922473
1,0.5407187718149765
0,0.2707036587339623
0,0.5282606009234042
0,0.9371663885228867
0,0.3871495738170034
0,0.6714643019691737
0,0.1211337923242201
1,0.13464368145291
0,0.6581327213956167
0,0.7438404867070767
1,0.3432206819605054
0,0.5227513165485945
0,0.6062230335539465
1,0.5920351741786184
0,0.618427281982759
0,0.13212633914529417
0,0.3051214881495185
0,0.12414124535226553
0,0.09776006352386929
0,0.14597067635724506
0,0.7278995356654172
0,0.057013121842340135
0,0.5069640073980215
0,0.3422991385120273
0,0.690187675359105
0,0.5324756632499283
0,0.5662061310115719
0,0.6210656978128738
1,0.7417223654728694
0,0.7909904929553646
1,0.5924738178585836
0,0.4690698257345731
0,0.44734746463407765
0,0.8839406748902147
1,0.7165030126870536
1,0.6861076739219724
0,0.3149795478539902
0,0.8213883679460169
0,0.5847891181925815
0,0.3224795334256515
0,0.13952807068791642
0,0.6423338655164502
0,0.6697613635121884
0,0.5873132378277529
0,0.39427521642146207
0,0.17177043301886238
0,0.4702597321304125
0,0.747664425927327
0,0.24391890569805963
0,0.9974665560054301
1,0.5711712956134525
0,0.45938961231866365
0,0.4461445946397096
1,0.22783286511997655
0,0.24403055235359716
1,0.5827878745744022
0,0.4591846565701177
0,0.1650848820779208
0,0.13174057651501667
0,0.24863588509540435
0,0.34530037765202193
0,0.7304070160791554
0,0.45301550170296817
0,0.4591675687245898
0,0.4845472827568414
0,0.5304652643691767
0,0.4499715410246655
1,0.5271028116367122
0,0.5610482335581513
0,0.4256057151451626
0,0.75222422401705
0,0.7800863850537452
0,0.46512724601044186
0,0.3382143205821592
0,0.5604215644908261
0,0.29900550695138417
0,0.7777824132136725
0,0.5332196592002731
1,0.4409420150152567
0,0.6673584413173566
0,0.529828718439432
1,0.5009561451218771
0,0.8063707043884505
0,0.48206820646649
0,0.5706782719162037
0,0.49787612272150245
0,0.37003177959789263
0,0.1757089476985492
0,0.6121225038422317
0,0.30658583834800424
0,0.331652579819707
0,0.6725056644618352
0,0.4199255148303212
0,0.5870758030992068
0,0.3654770604380042
0,0.2587494327061013
1,0.498199677169897
0,0.5586674664635912
0,0.3948317826395531
0,0.28558441483586594
0,0.12487401105665842
0,0.12125747601767091
0,0.7918177843173863
0,0.33367665015059256
0,0.31554590137279387
0,0.6019908998562251
0,0.6019795049219238
0,0.3875273687816028
1,0.6664125688862835
0,0.4035991345444448
0,0.3774674470837129
0,0.2724782770989909
1,0.643146129343109
1,0.3835112034533156
1,0.2529820150836533
0,0.4461335030215349
0,0.3471021017293828
0,0.19696463228671365
0,0.42638052833142703
0,0.6231347370006238
0,0.36690423197509947
0,0.21078795657077912
0,0.07589977832833272
1,0.5382081925552653
0,0.7777591774315575
0,0.7039125216403825
0,0.6104413443238645
0,0.7309532515962462
0,0.6891096106534546
0,0.7157132601061209
0,0.6291507395662734
0,0.4597948598571004
0,0.32576434173663765
0,0.5446445570728913
0,0.5835540468909376
0,0.5897444634681324
0,0.33048920902017015
0,0.5307485336065813
0,0.7895209085979982
0,0.5878915002901823
0,0.4209351862032079
0,0.6749683200560251
0,0.6496776990113251
0,0.28484287587082935
0,0.5560631627055466
0,0.708377600284112
0,0.41755935384759263
0,0.4015130741164631
0,0.28250876603474134
0,0.1741086865158848
1,0.3724494076773584
0,0.5717593992350744
1,0.884523590083953
0,0.44574093398569514
0,0.08753217615560453
0,0.2831157822066681
0,0.32998303326234807
0,0.4847294776228366
0,0.18372721719943572
0,0.593986680563607
0,0.5459878680158388
0,0.3661878968773335
0,0.11808571448099531
0,0.41798972104056376
1,0.1452837353181785
0,0.4528603703056648
0,0.7858140723376983
0,0.23680098979632883
1,0.9974102259061978
0,0.37613693403364384
0,0.3137204355578332
0,0.7170097167872254
0,0.374375396633485
0,0.5193282013253375
1,0.5635503524595994
0,0.41062726422718
0,0.5513859775992926
0,0.9976098521074387
0,0.3228434556863706
0,0.8207605406107479
0,0.6158404163287081
1,0.5131875848162124
1,0.4250436678250927
1,0.718662567290173
0,0.4187040442212754
1,0.6284724040769833
1,0.744958123940638
0,0.5752271301117764
0,0.4511843626837611
1,0.5233484670484901
0,0.1314740584956042
0,0.42865666833728266
1,0.5794516991243586
0,0.3903443004456226
0,0.697748144298624
0,0.6760311638356109
0,0.47429692978376303
0,0.326424654987631
0,0.6304401486716866
1,0.43780801191280116
0,0.4810563778579562
1,0.27473592748587555
0,0.5418258305124619
1,0.6255203163653151
0,0.729422739569756
0,0.19760150321735526
0,0.34622349483059156
0,0.3859046157063465
0,0.43122689762471356
0,0.18538762647845147
0,0.7348205135462466
0,0.520143479375329
0,0.5069146636423135
0,0.47563719795381026
0,0.39561424319051314
0,0.5502825041900068
0,0.06769922140258279
0,0.7995210592504216
1,0.5814625762615305
1,0.6175666352531198
0,0.8047493849509741
0,0.28679777839994935
0,0.39991892011418
0,0.7624071715012171
0,0.6604660319656843
0,0.974325325677417
0,0.6567308028226939
1,0.5938889702818414
0,0.44424070000016447
0,0.205520668791136
0,0.48162520020369987
1,0.46364682347098995
0,0.5089422226282798
1,0.6679042922552325
0,0.28051848183906536
1,0.6570125464307552
0,0.4194434799183946
0,0.693192169580595
0,0.5593881828887998
0,0.44224687676354246
0,0.409231429538539
0,0.5968768487789432
0,0.4322395824073768
0,0.5589952418591916
0,0.1583429388857907
0,0.5596515470247908
1,0.7658476836094925
0,0.1728510302962537
0,0.7927873020750139
1,0.3890319064679437
1,0.5940016526499191
0,0.36956541148277555
0,0.7662885574370195
0,0.2564115572689527
0,0.48708529681770685
0,0.5625762678964337
1,0.5698915736901486
0,0.1285695750907469
0,0.4548206137608705
0,0.3576125124265146
0,0.29654242745486276
0,0.37848957689656426
0,0.22546434478812183
0,0.6751291338462495
0,0.8444204732351465
1,0.7977478226842267
0,0.20530515931979343
0,0.592452468066441
0,0.23713853028888138
0,0.26819972981191753
0,0.7516431722696375
1,0.6120608234646534
1,0.5980442929512922
0,0.6713691677903642
0,0.4732485840721664
0,0.2944070496735634
0,0.8490489529856637
1,0.26001959884972153
0,0.08798818274533568
1,0.5808991664684388
0,0.19819927755583486
0,0.6375640061545481
1,0.13111829556560303
0,0.5200802105388213
0,0.20069192547996653
0,0.34378261361868767
0,0.5990391647320099
0,0.14112930870103016
0,0.3049662531757008
0,0.3123498835476276
0,0.4692619769300972
1,0.6619817662879003
0,0.5547968154137657
0,0.11575550910277564
0,0.4207149200249168
0,0.4743993076834069
0,0.42892158584256207
0,0.4825720867384892
0,0.667727397588023
0,0.41810228991785814
0,0.23047444238369164
0,0.686087381398073
0,0.12800543846109205
1,0.5667291033635186
0,0.6499994001622028
0,0.6082275677769334
0,0.6012420953904847
0,0.7190095554507373
0,0.6673530286848214
1,0.42724675936279366
1,0.6287426727945415
0,0.8669780339961676
0,0.4974238511199766
0,0.12193310184713799
0,0.29891186176840706
0,0.567108566422882
0,0.16393314655676358
0,0.6788570964391861
0,0.6284697375116871
0,0.5163259741956969
0,0.2050573001972492
0,0.09713525359822602
0,0.26462777978295776
0,0.3862763074765976
0,0.6396357280858891
0,0.8196005458022158
0,0.18896019859073318
0,0.7256479072521314
0,0.3950542903620192
0,0.4242556428960768
0,0.4403323256524084
0,0.7587569314473702
0,0.4785506567391487
0,0.5478027277947719
1,0.8947451823310475
0,0.15221805908936706
0,0.3652571898697892
0,0.174105830190675
0,0.7974586777982915
0,0.21739999501750057
0,0.20477066104844083
1,0.3281233758822856
0,0.5724595375307534
0,0.3364359255250667
0,0.3604061278488428
0,0.6670234285878498
0,0.18534979724854403
0,0.4766675983510707
0,0.3671397977078549
0,0.6935521571011027
0,0.5795774722439159
0,0.43813379084501364
0,0.35892532811378103
0,0.5543919207879027
0,0.5316420211631692
0,0.6057634551115216
0,0.5253681744499666
0,0.6815827535486055
0,0.5282282581683005
0,0.6894437068046975
0,0.31831372634225713
0,0.12296531538323086
0,0.6684069183680941
0,0.40483477963716363
0,0.35534196519760325
0,0.6691023546292314
0,0.40117687767700466
0,0.34794919127903456
0,0.621434767657166
0,0.25848600689963674
1,0.6076603086543815
0,0.3140463174849705
0,0.15427939632837678
0,0.3705110349170058
0,0.4702054571876374
0,0.8256065266272159
0,0.3613494650804214
0,0.15116973467359987
0,0.46807438061958245
0,0.5464564963169407
1,0.07956808202638954
1,0.6772262544124867
0,0.4419418216397431
0,0.22426087341426393
0,0.607056977473657
0,0.27808004315925766
0,0.6733659996127201
0,0.39841239292287733
0,0.663733059029329
0,0.6390982388433465
0,0.39698956732389995
1,0.662364334470676
0,0.393582555813951
1,0.6090644915566983
0,0.3149181129433315
0,0.34669337305925585
0,0.11974195180823466
0,0.5294644710249284
0,0.04265342303728523
0,0.569183419772945
0,0.6689485910105875
0,0.3919898864573406
1,0.2129335395728278
1,0.25047034678055524
0,0.12523756077179596
0,0.3996548971697152
1,0.3872750657045807
0,0.10222869237588168
0,0.49616290508664757
0,0.2538204734357641
1,0.2332558142029338
0,0.5559007914045428
1,0.42018497804226
0,0.2509619459785371
0,0.7174651978057939
0,0.5888217150786683
0,0.5161229378342747
1,0.802675571904666
0,0.7431161342188712
0,0.2066291495790193
0,0.36729738378832677
0,0.37669386355275986
1,0.544518467972613
0,0.5376112066155295
0,0.4077092989537738
0,0.7817298034913757
0,0.3422355019553529
0,0.2388953333292815
0,0.14343808653216714
0,0.5754234583616469
0,0.5754876627012284
0,0.7607035948834693
0,0.2511211621761686
0,0.49489243945947975
0,0.6240593131843246
0,0.7644975830791987
0,0.3981251664720151
0,0.284115981294748
0,0.6266647016121754
0,0.8312554863767896
0,0.7459307398967183
0,0.18611608979852734
0,0.6492101540321179
0,0.6383487732240652
0,0.17919357461676153
1,0.5777796736482372
0,0.35921098543414
0,0.4902401202174707
0,0.523339816380678
1,0.364933227359232
0,0.8010043508767917
0,0.19013032856721349
0,0.9968021227726128
0,0.36409207804053445
0,0.29240368751905854
0,0.46543325798428264
0,0.27400311881619965
1,0.4311736216619528
1,0.583611674297993
0,0.8718803140290042
0,0.5755449719233742
1,0.2070909386767616
0,0.43158947347354415
1,0.3938369876837032
0,0.1933718592892624
1,0.8957891432256015
0,0.478799093536037
0,0.23193842372456358
0,0.5710763173095355
0,0.5074104446168136
0,0.5660730616926061
0,0.24445348506835754
0,0.4137687981435408
1,0.5425323540932825
0,0.388124788156527
0,0.4923090025647546
0,0.14858020468555794
0,0.17609172500839418
0,0.33803931951982363
0,0.3440913091235051
0,0.6038311533180708
0,0.6772153231083426
0,0.8945942747371941
1,0.36047827786042896
0,0.30566469622468645
0,0.5747326157642121
1,0.1826226542633441
0,0.275716151886583
0,0.19330444315138262
0,0.308719080038174
0,0.23010314635897083
0,0.576286667681914
1,0.2825906346168183
1,0.5839920053802038
0,0.4533374348983078
0,0.6638883533848604
0,0.5449500374595692
0,0.8728472828912087
1,0.41498332403568355
0,0.9440099502912342
1,0.2158959605423128
0,0.7512104179806673
0,0.2916777486874582
0,0.6408326470071437
0,0.4238617752774032
0,0.3573337549207759
0,0.7074971522473033
0,0.6984440394208469
0,0.6260124812963647
0,0.32543040113648014
0,0.6417491246632305
0,0.3283756735622585
0,0.4131436985751518
0,0.5206090967421074
0,0.2186776867641221
0,0.8341627062755319
0,0.611759264773462
0,0.8416412332340022
0,0.7736047230997771
0,0.14465565581745551
0,0.547980504100995
1,0.40812003022189347
0,0.325429557066934
0,0.32987256665514125
0,0.5372287182714042
0,0.5413101610897423
1,0.6114543560557365
0,0.4720386853479561
0,0.5896049991061495
0,0.38477727959160174
0,0.580232891300304
1,0.543211055597453
0,0.28859846377166976
0,0.4820481084017899
0,0.36802107812046586
1,0.6495784128087455
1,0.23562054133176316
0,0.16713484811130125
0,0.7214605086105877
1,0.5899668908008228
0,0.5138882977089199
1,0.6044333750794098
0,0.6302089588809338
1,0.9044410727255915
0,0.08012588107788593
0,0.9179383911749032
0,0.3935623221913879
0,0.4056727596310027
1,0.5316607936016248
0,0.3185471133463186
1,0.5896164633430659
0,0.5160122773622376
1,0.28684681943898754
0,0.5902835989333711
0,0.8815289018459983
0,0.5415170305400174
0,0.23299252617236135
0,0.2783809520071963
1,0.9881711122963223
0,0.582990886742189
0,0.5514388311500658
0,0.5065681368154639
1,0.8460581809922936
0,0.46623648201119255
0,0.37526757512005154
0,0.3132008344630248
0,0.9426828823700883
0,0.2987947775089468
0,0.447515513213082
0,0.15303912891689261
0,0.7160666872040015
0,0.3549650862940799
0,0.5501092790825459
0,0.48400343364736775
0,0.4570457616172199
0,0.7404525014424379
1,0.463958385173145
0,0.3872844324867752
0,0.7220439919943283
0,0.6378913126227365
0,0.4878645590782685
0,0.1864910983364992
0,0.24523517953008922
1,0.3717968445270898
0,0.8721911812162114
1,0.6287388205008674
0,0.09437600204319549
1,0.7283448760846014
0,0.5323316306904363
0,0.2602774054944111
0,0.1861245214495509
1,0.4089251155721793
0,0.13270201312165517
0,0.36063756628462174
1,0.5216577422661421
0,0.5929484197939329
0,0.7405045960635326
1,0.17354467029727752
1,0.5125329407048318
0,0.43550614773606683
1,0.4305345393770096
0,0.4359832012645647
0,0.44359556631857544
1,0.6305491906675262
0,0.26744858716000913
0,0.39578138814075847
0,0.5622800383399871
0,0.44607844486205817
0,0.33024092036028363
0,0.09823937442947638
0,0.4520992450022491
0,0.4985361265700808
1,0.5522471002720948
0,0.06288880862960956
0,0.4873283655221693
0,0.24919497629357187
0,0.6110480513631389
0,0.3030311733770867
0,0.5123792257700428
0,0.22013024302439077
1,0.5090674248560638
1,0.8947551311715941
1,0.4750640242369098
0,0.5773875397242952
1,0.7398027499205464
1,0.19062024527801613
0,0.29345339449798896
0,0.5731833883992977
0,0.14151797437017574
0,0.3342021155851378
0,0.6673867943172642
1,0.5096162512987441
0,0.28992456971186725
1,0.10303517170376915
0,0.6763432441813414
0,0.6985136652548256
1,0.4729606547474743
1,0.7330987934471879
0,0.10593995342308166
0,0.419114353950381
0,0.6896843260132544
0,0.31003925851077496
0,0.9635811977424804
0,0.3582703226523759
1,0.1657506736240612
0,0.13849400400680761
0,0.11675620011688415
0,0.29093352183776156
1,0.44968312981919695
0,0.7640680876896665
0,0.3274368127847634
1,0.5425621970254585
0,0.44362645911612775
0,0.8651260692038031
0,0.5197137747621745
0,0.5404234128555397
0,0.5058318829357407
1,0.23451343842266104
0,0.6517769926140792
0,0.6911791829440643
0,0.6266352844520046
1,0.10894595676891464
0,0.26809904122204964
0,0.2133761974822759
0,0.7547774326479301
0,0.19066510542767742
0,0.5443501005302848
0,0.45784591099493976
0,0.48037194837014807
0,0.24420399216166644
0,0.2016569776361353
1,0.6724039474339054
1,0.37444551587237485
1,0.14303158391386786
0,0.6318406847794893
0,0.3418166898480504
0,0.9532465888075442
0,0.44528992086297625
0,0.6421323619354015
0,0.37001701249177604
0,0.4873469033273616
1,0.8485239181210964
0,0.7204873596645652
0,0.25376301940884327
0,0.38877629627103943
0,0.729033950183767
0,0.13503946797601585
0,0.6426053153900654
0,0.4240694055140393
1,0.5733616337829491
1,0.8908839967022422
0,0.47802427471523096
1,0.5581337997107788
0,0.780941144591967
0,0.41879546154499536
0,0.2700296348694131
0,0.17491467467455452
0,0.6328965994428752
0,0.2674169859519837
0,0.31122485163266944
0,0.3158015730881413
0,0.6121964049755039
0,0.42047967482692883
0,0.5137989319825215
0,0.46651649759202
0,0.6868994233032552
1,0.5702948630089087
0,0.6813318869790915
0,0.36867151426576
0,0.4667653860285862
0,0.48914232769917027
0,0.20235705657022585
0,0.3986285981495464
0,0.6900687775401256
1,0.6978760713105899
0,0.2479259235946525
0,0.5474944882730651
0,0.525896857834145
0,0.10757998161165577
0,0.4811681341720174
0,0.8222741215019388
1,0.5180980189580792
1,0.8242294711552156
0,0.4353996653870735
0,0.23664272048486223
0,0.16168150753710137
0,0.22425896374638807
1,0.7098983047429982
1,0.3691314030681038
1,0.37715265825418687
0,0.29055907328222785
0,0.2512792000516071
1,0.17951737763342357
0,0.49897425594956507
0,0.5446445570728913
0,0.88189247206197
0,0.363623517675955
0,0.6336228904825154
0,0.5083456111353312
0,0.3618449915995654
0,0.6844598102574565
0,0.8263654795291386
0,0.3491391693959081
0,0.43278391642081826
0,0.38666575690406096
1,0.5969709171506812
0,0.5887574417085305
0,0.33144332868057663
0,0.3663466214021903
1,0.6401656864835474
0,0.2359071698072084
1,0.7397270849121468
1,0.6750932536329964
1,0.8631110691761568
0,0.14610906580061106
0,0.5605663926476226
0,0.4073427578087987
0,0.7409668818547234
0,0.46494554537860505
0,0.20750829530324366
1,0.557411695523006
0,0.531769959907063
0,0.4392725462181447
0,0.23885420194202994
0,0.47008077072189136
0,0.9973674391695679
1,0.4980782592461056
0,0.29316276480997183
1,0.3113363824796638
0,0.2546920955246296
0,0.3111193635877875
0,0.5458350178419642
0,0.5453990530580188
0,0.7657959590667244
0,0.3223106253314142
1,0.5112860547802098
0,0.8406560985912157
0,0.18421683413828055
0,0.3836370456467738
0,0.5769579553174184
1,0.7741250999696435
0,0.1866809521267287
0,0.9190887269088533
0,0.5491588505496791
1,0.42972269144575626
0,0.402656506160591
1,0.5097093539437123
0,0.5904184581761831
0,0.6617196564490547
0,0.3873250026924398
0,0.0836620010766049
0,0.5352175230881899
0,0.4819090570023838
1,0.8167544968146789
0,0.356208294421196
1,0.6922117651201019
0,0.47226568589277773
0,0.1682692315823283
0,0.2783002799082475
0,0.5191860167243144
0,0.40846219337962525
1,0.7804559760523349
1,0.2653946600553825
0,0.4085547629942942
0,0.3988096703318807
1,0.37629621015156217
0,0.4137265549098096
0,0.14595328881622605
0,0.8408516264758635
0,0.39451648176090626
0,0.8571365638947172
0,0.20996197508535583
0,0.3941287419661318
0,0.653727722342242
0,0.4023660528855234
1,0.5182899039148287
1,0.3550244332120226
1,0.6092544003926563
0,0.1565415950081857
0,0.35486937937311225
0,0.5091848479702187
0,0.3786090893631186
0,0.9982689024084126
0,0.3460900058909061
0,0.4756633793581324
0,0.4638728452067146
0,0.3087268468097929
0,0.722427581537663
0,0.9028278342801779
0,0.4164387031054132
1,0.5251574498421795
1,0.5085819212958694
0,0.29622538671617404
1,0.4668386431329626
0,0.5553241852302274
1,0.37246633456412137
1,0.7135891729931456
0,0.5539942100637975
0,0.86553354748144
0,0.29197323036968903
0,0.4323840002202588
1,0.612217467507369
0,0.5637322593609865
0,0.5833096049009914
0,0.33265112544348474
0,0.5993276538557001
0,0.49432673048598347
0,0.8343499642239043
0,0.5828760058420809
0,0.3221964766703182
0,0.6876624138496293
0,0.3411131147247187
0,0.49408643091657034
0,0.2526397874347508
0,0.11149836226381944
1,0.616818996835269
0,0.7719424208374518
0,0.4840578321334952
0,0.40990990715892434
0,0.7991252605614075
0,0.08275647328157494
0,0.5379396056752752
0,0.6723630984487412
0,0.34120834391333116
1,0.5043233307536638
0,0.5509486700643355
1,0.589536785843688
0,0.35466804577678335
1,0.24720005667885167
0,0.6439360803598965
0,0.8322316161423706
0,0.2109889727634109
1,0.7454610467895445
0,0.7771694412198701
0,0.3622553665368599
0,0.39445691726259874
0,0.932678496829976
0,0.3944247584440099
0,0.4127055922101193
1,0.18708083202392203
1,0.5470848721743908
0,0.3172039945694591
1,0.5904068720737013
0,0.4531168494874841
0,0.8337240529563853
0,0.4124001158519843
1,0.2859647349159129
0,0.6597461026074078
0,0.6485316561813825
0,0.9040113748400399
0,0.7139109000164271
0,0.12802774259734812
0,0.6072467303812388
0,0.35512013954934524
1,0.7423528853326055
0,0.7216222052006852
0,0.4018666025948056
0,0.5695407748585379
0,0.09099775009187815
1,0.45305227133112497
1,0.6050413496769806
0,0.6182887619286449
1,0.5745007608604844
0,0.41290862677818113
1,0.43281808161712526
0,0.23829520459730363
0,0.18963016148584771
0,0.7122682547716144
1,0.3528838346466169
1,0.8544508534871365
0,0.33079204283411645
0,0.38458085841034884
1,0.5970277486842305
0,0.2829804306388174
0,0.3649948113099463
0,0.7869820545593971
0,0.5288639750974505
1,0.716441701908415
0,0.5503342373893353
0,0.27729924850253623
0,0.3373325580698454
1,0.2909062333757279
0,0.26961618929420483
0,0.49901551154633794
0,0.29737508373585475
0,0.7400200758567942
0,0.3299510410322324
0,0.30571923328436196
0,0.31239625308318214
0,0.5533349891328893
0,0.6771475717841218
0,0.644852771791949
0,0.5849700250388574
0,0.5426332859535319
0,0.12706517626354075
0,0.4886597825568117
1,0.44461055298971247
0,0.8925083624781166
1,0.1274310340110748
0,0.3359205876721951
0,0.09998671324509344
1,0.41589951534637076
0,0.6588040544110424
1,0.6432848256999436
0,0.4888727110130802
0,0.17174290530230435
0,0.4249828665618484
0,0.09673589597418364
1,0.7759264937380478
0,0.31571035188287117
0,0.5053137086479705
0,0.4487737673841059
0,0.38963771311640144
0,0.13130444343448255
0,0.315609722491792
0,0.5847520717021855
0,0.49890775612732163
0,0.25927029669064916
0,0.5834021825182616
0,0.5353295828532616
1,0.3157021210263603
0,0.17056212745711324
0,0.32020275622790345
0,0.6118926594761191
0,0.5803027235582267
0,0.6989280577777826
0,0.5367424122181096
0,0.6522681490057926
0,0.3383528171299067
0,0.5749502097250273
0,0.3994132306833779
1,0.17348625908040063
0,0.24892261461538429
0,0.6142799926337348
0,0.28740932488145776
0,0.2216820263770298
0,0.46561638467270866
1,0.44351536690894117
0,0.35594609838531654
1,0.5007252563758178
0,0.8214690052690481
0,0.6418780360912194
1,0.5805065614065141
0,0.6687676881890504
0,0.4583981093040078
0,0.5936563252205154
0,0.3108712758671062
0,0.3390353136338017
0,0.673366807994903
0,0.29862451079710245
0,0.44237813350443483
1,0.6195176988556657
0,0.5434730066023501
0,0.13929613258192594
1,0.6407504526471295
1,0.356126602075955
0,0.7034506365295253
0,0.20246919258025997
0,0.3222769106251064
0,0.563349732656478
0,0.5946204646340849
0,0.199765672450299
0,0.5973182263049039
0,0.8961318496563594
0,0.3765772533721529
0,0.09745997918016908
0,0.445354526530374
1,0.7609098890205734
1,0.9124374742087251
0,0.6148740483437465
0,0.7744152482391129
0,0.1165227506088072
0,0.5897784315763656
1,0.6681215599169638
1,0.23235490827944244
0,0.5558346038030658
0,0.7662985352293297
0,0.1412091586676685
0,0.5494488709715462
0,0.6095416866330075
0,0.3376152695082863
0,0.27801444051420116
0,0.3742465086844835
0,0.2923057707037128
0,0.38115936310210685
0,0.7235514827365657
0,0.28545623183889807
0,0.6630279407754411
0,0.31758573188730715
1,0.38308641950452954
0,0.5989109116570643
0,0.20015048642532612
0,0.15390423663253663
0,0.6422740821061336
0,0.5481483956806761
1,0.6516525032398829
0,0.4331412152133478
0,0.6651072290608622
0,0.2734439909138357
0,0.1310461383252705
0,0.5702761352984064
0,0.44254567192609884
0,0.33287805107868523
0,0.24045123318816028
0,0.7202904469122836
0,0.609662764985227
1,0.41641317075211454
0,0.14768584400934892
0,0.3645316153537574
0,0.818636735193718
0,0.5058633829717203
1,0.3340907925223825
0,0.2739559575457114
0,0.526673926711983
1,0.6893570117013179
0,0.2665606760427023
0,0.5941549774577198
0,0.3098525139851265
1,0.5409185170168017
0,0.1971649900154464
0,0.2389388736725018
1,0.6787311007094301
0,0.3092643628559983
0,0.47685305069960277
1,0.6775764967352259
0,0.5778766789104803
0,0.4828344293937626
0,0.7077399954578023
0,0.37692931124762075
0,0.4397386785383332
0,0.21160886523262754
0,0.6425275313335058
0,0.440285619552292
0,0.5619905022772211
1,0.5438636472669337
0,0.3936943149068515
0,0.4941455544312792
0,0.4146191461118694
0,0.37080266291763686
0,0.20498428779346464
0,0.4987245497079838
0,0.34046886220509054
1,0.6629973374836552
1,0.47100145171028035
0,0.14230727678329766
0,0.5298301708239466
0,0.4568654648926148
1,0.382131431107401
0,0.7037198201393882
1,0.5918359486815301
1,0.4159044577574184
1,0.42526969702750805
0,0.29328045829324373
0,0.23185260794220564
0,0.6451525706796672
0,0.46558441351919866
0,0.1490074042309823
0,0.7380334284521956
1,0.4203004180318635
0,0.4981060406499781
0,0.2344319942955673
0,0.30798586268011435
0,0.19146851891750608
0,0.34295773370515725
0,0.09638030504619947
0,0.3140143622836819
0,0.4295348587601839
0,0.29260263665760755
0,0.12495632165584596
0,0.44442734973924597
0,0.40688992518967265
0,0.6693161868760426
0,0.4977237667457218
0,0.7886776767175233
0,0.6466016348922667
0,0.6674377847620768
0,0.37854994267388176
1,0.7077002868874724
0,0.44108054501785476
0,0.6283901609003071
0,0.8834678859819753
0,0.6697016415372041
0,0.4847742875041649
0,0.7171769950670913
0,0.5195365479509525
0,0.5459020445622756
0,0.10523326080984428
0,0.45089219223751853
0,0.5013314433401291
0,0.4913236241954187
0,0.6799288131704444
0,0.12739654706742928
0,0.27832555803186476
0,0.5487314781322944
0,0.6405343579947476
0,0.4263438059844306
0,0.2819004727641352
0,0.47779539517903824
0,0.40787876521802613
0,0.3089330198012074
0,0.6693906353204045
1,0.7364864470147247
0,0.6209302797998484
0,0.6368171004081356
0,0.34547454133358807
0,0.6320670006999504
0,0.42609850169895214
0,0.3905448615420261
0,0.5255582602436047
0,0.5623054489829534
0,0.6213568621294738
1,0.3491958929135297
0,0.12606941677315073
0,0.4798292888645365
0,0.6411218987983299
1,0.33416602880783064
0,0.15778836855176884
1,0.619953555689401
1,0.8943416286584724
0,0.546085419879101
1,0.2131562204739064
0,0.4400907176629699
0,0.3170021904267547
1,0.5665636497579444
0,0.5037347030634122
1,0.46477922269941746
1,0.16075966735053795
1,0.176302093107412
0,0.11720542113126302
1,0.7412593515477043
0,0.3993502517056016
0,0.8837312512829125
0,0.22355621996265249
0,0.26385939022120347
0,0.47423514279178974
0,0.2806381830406822
0,0.5169377484240785
0,0.5146828420150514
0,0.5859444876549965
0,0.21165527862996977
0,0.7185567728754243
0,0.8920867591393282
0,0.581211926572129
0,0.2397906928792625
0,0.76771071878666
0,0.17789965467590915
1,0.35294493079232003
0,0.38675579525843934
0,0.5800456332014452
0,0.345199471192974
0,0.4837205407727572
1,0.5306763774233542
0,0.38308641950452954
0,0.600914626630968
0,0.24008533258670234
0,0.19205202202297908
0,0.5050970825918655
0,0.5741688351973784
0,0.46890774702883303
0,0.2831197195049683
0,0.5102059421144659
1,0.5275405169712266
0,0.7138282283929785
0,0.28105163509444125
1,0.6188926987530862
0,0.47433095950933113
0,0.24116341820815734
0,0.40318216070649154
0,0.41918911658483415
0,0.2492520342944788
0,0.7267405625049488
0,0.19599504092811573
0,0.27151225813743485
1,0.1298284728325467
0,0.5807739483842268
0,0.638326826100974
0,0.8766691640875912
1,0.30168459516477625
0,0.15561395192712743
0,0.3167329810716872
0,0.08607387068980751
0,0.3396671954591524
0,0.45711173936752925
0,0.4782342011129952
0,0.8248820681377922
0,0.34724280611380204
0,0.5497568976131206
0,0.4467540920199101
0,0.23414655540800008
0,0.5217778458266128
1,0.27426189873567214
0,0.2784704924417807
0,0.4006535807095893
1,0.4876557411646589
0,0.07787218618863195
0,0.4888446007321874
0,0.6509748420507281
1,0.5982438593094802
0,0.6091150320526808
0,0.7739769839516738
0,0.65902162290822
0,0.2990123521828418
1,0.13580033877333225
0,0.23256204339499123
0,0.3447459488813605
0,0.1392027735676424
1,0.5802355538815152
0,0.27543045700652946
1,0.6353524653456505
0,0.21554489578559577
1,0.43158900096906627
0,0.47046839270337854
0,0.7085908814971178
0,0.3207010955120329
0,0.20930730462334907
0,0.6586320260901003
0,0.28982938164226024
0,0.4670771739813858
0,0.4728073409837173
0,0.5923917650401571
0,0.4130416242562007
0,0.5427933581537402
0,0.2092080064423569
1,0.20257834019581655
0,0.5960666122092945
0,0.5980014943991475
0,0.14700611780760195
0,0.57184213110024
0,0.04716500078888643
0,0.3574469212810829
0,0.26919039374963605
0,0.478786417882854
1,0.7875179113648921
1,0.7061602872171177
0,0.33255556492799304
0,0.05875295903653696
0,0.9717240891685522
1,0.2770793569124006
0,0.3893441335358604
0,0.8607790349516868
0,0.7329726574427962
0,0.48651186950690584
0,0.34100223295716703
0,0.5093202116100699
0,0.47053249197525315
1,0.25566947871710466
0,0.1752686256683855
0,0.42670809588283326
0,0.41527913832471963
0,0.1290655876283294
1,0.237377094898785
0,0.7697194155458468
0,0.4809701138948684
0,0.18472509169546725
0,0.48614823496312876
1,0.3497336536609494
0,0.2625530651545492
0,0.8124660597669506
0,0.7444047826247279
1,0.6996163287320483
0,0.3599959932593466
0,0.17577847642331362
0,0.6003436650080567
0,0.5802535814092524
0,0.4286005878841477
0,0.32749842101610394
1,0.34467095689251775
0,0.6190990775834184
0,0.22449946663568704
0,0.509952497257597
0,0.4182665585220709
0,0.34549098973715153
1,0.5976418454145291
1,0.31590345353865373
1,0.6103919859374991
0,0.4108388822474371
1,0.3318010662385755
0,0.2431330301130301
0,0.44032162926522395
0,0.5105625496415162
1,0.5586564672693048
0,0.5198336015942482
0,0.12654926417783324
0,0.5552558360848114
0,0.25160249213288444
0,0.5219085725383968
1,0.21582572217563242
0,0.5255589504002524
0,0.4370396261226426
0,0.38626206220448656
0,0.33533482053315233
1,0.9045389687706854
0,0.7721229133262152
0,0.45811832965387017
0,0.22564141006061
0,0.2568545613370831
1,0.38439226508398433
1,0.7449113345183289
0,0.6160683441444911
0,0.23929153000642697
0,0.654285290177119
0,0.28266605739972567
0,0.7460557588983895
0,0.5219784887995517
1,0.7339209373840329
0,0.6743355460588331
0,0.5710688674164305
0,0.17117101843778415
1,0.4983699858001366
0,0.4727769045624596
0,0.8079282651253078
0,0.5393960003880857
1,0.379617912129401
1,0.3151533406960839
0,0.3773282119154543
0,0.4330968952565537
0,0.3735638368996233
0,0.1534479513736471
1,0.4696084302815405
0,0.17038343463945754
0,0.3475812859104209
0,0.6882861015105263
0,0.8037640311649741
0,0.6144529409104519
0,0.26465328602998045
0,0.6851429725214647
1,0.41080415144845606
0,0.4168952788580877
0,0.6090573633856454
0,0.3753655785999705
0,0.5632617936148478
0,0.6313608304078654
0,0.33861048512502406
0,0.40494856800527174
1,0.4808146664915922
0,0.32543040113648014
1,0.5413925058695258
1,0.6415025532354418
0,0.4527028219704154
0,0.4922399425591756
0,0.45762228013824374
0,0.653472148579402
0,0.6229369916748527
1,0.6750074865043052
0,0.5638669065646276
0,0.16238560871413235
0,0.4346122833212045
0,0.3816135553861886
1,0.5128597804399504
0,0.13982482497665225
0,0.7987492362355443
0,0.22629733328006682
0,0.28207841261129896
0,0.6575057181730497
0,0.5200314580423133
0,0.6975563830674771
1,0.7384201498275372
0,0.537946689396828
0,0.6283423029520672
0,0.8959388065028921
0,0.5494297297022518
0,0.5206519029389908
0,0.36814246500739134
0,0.48022623508689144
0,0.26908817372677263
0,0.734677782967914
0,0.6182273663591052
0,0.5537832814427739
0,0.333651673509741
0,0.5996890504269157
0,0.36818906926403805
0,0.13336768167300567
0,0.6400364540500849
0,0.4849722964004769
0,0.5551821622397534
0,0.3016031635639942
0,0.3787955438344157
1,0.5505846720393741
1,0.4091093877045746
0,0.8464863956837104
0,0.2976519709304399
0,0.3305717786227865
0,0.1515850259490329
0,0.8011774553371158
0,0.4510704213426441
0,0.6891096106534546
0,0.40782939266878926
1,0.40700543206683015
0,0.801179822221713
0,0.5887717237395707
0,0.40765892417251215
0,0.6745566388950794
0,0.08434642248673112
1,0.6849674416642637
1,0.29632327242272016
0,0.49637194341983615
0,0.27480176623920477
0,0.0483272274022326
0,0.5607099613058468
0,0.3224629376818537
0,0.8429435452751635
1,0.7132086610829078
0,0.4258175303617533
0,0.5152568330474104
0,0.34386614461167636
0,0.1687166078680057
0,0.6934169737195518
0,0.39170594293995387
0,0.3656490606672483
0,0.4957762448003665
0,0.6292582862477655
0,0.3607551248180762
0,0.20506505111607543
1,0.27500140320189775
0,0.628938375528135
1,0.5423644053798357
0,0.2985256893075902
0,0.5223849925918462
0,0.17407259066234093
0,0.3068035372669007
0,0.260576022510984
0,0.4414016892326665
0,0.2797238324587605
0,0.20001581305659902
0,0.6323769682465054
0,0.32195128623691294
1,0.6535275204417256
0,0.31123795705977564
0,0.6870945164914978
1,0.6309812080005801
1,0.7971823236696103
1,0.719168893093261
0,0.6380928225263115
0,0.5210665586912396
1,0.45306524315341634
0,0.2694172519634712
1,0.8628903497734783
0,0.4868814799394491
0,0.6197589079507125
0,0.6323717118248846
0,0.7990054397560178
0,0.5515846682714831
0,0.3124992759213582
1,0.5668306847250659
1,0.3544125846257114
0,0.5302841305848395
0,0.597083457698654
0,0.19457698361795936
0,0.6550329706583665
1,0.6600928077182029
0,0.30517804959937067
1,0.5242798063269568
0,0.8371962892229781
0,0.32529212415769304
0,0.5196911565210423
0,0.3894797322474839
0,0.5047871282036517
0,0.2753122883301696
0,0.50706751726023
0,0.5065551601569178
0,0.5198218022697237
1,0.4012734829937315
0,0.16988526782874308
1,0.46480990521479204
0,0.17306333309542676
0,0.7151793060438189
0,0.48342451529769753
0,0.4345407174852014
0,0.24674804461538852
1,0.8480050525208523
0,0.6919733421740834
0,0.20748655815738015
1,0.4284041298087774
0,0.6225527282970986
0,0.6124239769899019
0,0.476007554593775
0,0.7449579026774183
0,0.40676281881794185
0,0.34435511067226243
0,0.3804384975389091
0,0.5598372668435744
0,0.3841086567137156
0,0.2109591752264517
1,0.7605961899742055
0,0.693180985030017
1,0.5921158581904028
0,0.6649755459928537
1,0.41460382525030987
1,0.49697170243360117
0,0.5029718180974565
0,0.49663571039747306
0,0.2846750500055701
1,0.32244401474843676
0,0.21728672008797084
0,0.44984211458961626
1,0.6327320731653227
0,0.0661570363008847
0,0.7112955121096021
0,0.7429116730837516
0,0.15381666872703045
0,0.5134913241268152
1,0.5523707556579952
0,0.681574160440085
0,0.41545281431437053
1,0.6314474439853225
1,0.6734648800808047
1,0.5961675402013562
1,0.8901931196662304
0,0.4721692725579766
0,0.3240456532280079
0,0.3000423610518221
0,0.34140807075551516
0,0.6871307451785065
0,0.41982395484204843
0,0.4833371155608367
0,0.580685105441207
0,0.3889557232538812
1,0.5929078197410461
1,0.5623516285533058
0,0.1735306564428779
0,0.5032820991062749
0,0.1481451726389565
0,0.896160160705504
0,0.5781769281527108
0,0.4380240938095904
0,0.780441466097121
0,0.16481485675891375
0,0.6089119598723213
0,0.7779986297106737
0,0.19515082522372162
0,0.44299009220552565
0,0.158233098776823
1,0.11805399664790617
0,0.18055256596196192
0,0.6334914217998671
0,0.18275422072484124
0,0.522218395063831
0,0.4215686045912115
0,0.3356896646313809
0,0.5658654528194982
1,0.7533358336573958
0,0.47595966583505067
0,0.12387752867891558
0,0.24643118538041658
0,0.7461189090190359
0,0.7847004579550523
1,0.6178750322583535
0,0.41100839137122375
1,0.7876983508009741
1,0.5034049078456663
0,0.16067832002217294
1,0.5125458951854652
0,0.703810674208883
1,0.1865404328929492
0,0.10365197289800972
0,0.21142101356014492
1,0.5813055751627828
0,0.05813541791576276
0,0.5010552328810493
0,0.14887800064094178
0,0.22141081116974357
0,0.23675290888247744
0,0.5141860571709398
0,0.35668121921584584
0,0.3666530600124396
1,0.6623949770191636
0,0.2556681636057042
1,0.6772230314818924
0,0.40987602356703057
1,0.31132939310341257
1,0.29382413554879505
1,0.6919400437846722
0,0.24858435564751952
1,0.9539003860239832
0,0.33825765265513735
0,0.7991686772472673
0,0.42845050264213375
0,0.25497326842244494
0,0.8198392837796843
0,0.3009117738526145
0,0.34365188568085947
0,0.44489422951494184
0,0.6063428973626157
0,0.6836093144408565
0,0.40515526771154176
1,0.33192784481530885
0,0.23968045419075457
0,0.2652544878482165
0,0.507496396565086
1,0.4571191816131585
0,0.12448144298568559
0,0.2585041387573536
0,0.1965921882713617
0,0.12046955610034518
0,0.1579006385693782
0,0.5387422013262733
0,0.49946305591254797
0,0.4001663834763208
0,0.642044677657546
0,0.4754456207582261
0,0.5611691814916165
1,0.103314454082651
0,0.217032678079156
1,0.7787786768157271
0,0.5539619829140887
0,0.6575469520704746
1,0.6171843206848306
0,0.5580280886066612
0,0.5656937249292511
1,0.1971152687070976
0,0.20564030579502401
1,0.2257931108361554
0,0.42040583310680046
0,0.411254623619708
0,0.564967090397925
0,0.45912641483106126
0,0.5241864910727884
0,0.13526110956667012
0,0.7833202557986588
0,0.3120594483387419
0,0.7826790581789886
0,0.5765326203410531
1,0.21966487907009163
0,0.4488486105885805
0,0.9449457510100475
1,0.187421880940602
0,0.8835279825910201
0,0.596722777880189
0,0.24412613010747924
0,0.6901266443334314
0,0.49722350992821973
0,0.2635891762947733
0,0.7994779313114929
0,0.3940160503780731
0,0.5940125478515323
0,0.41921644046483575
0,0.4452463115544815
0,0.1447508612316316
0,0.6300907985612898
0,0.10727027425280701
0,0.1992961335299976
1,0.40713905000530204
0,0.5354069428473394
1,0.6463551063350921
1,0.5289876662072025
0,0.17823635705978524
0,0.4751432969927308
0,0.6358903830375349
0,0.22520895207728917
0,0.5900770352298678
0,0.8368333728347842
0,0.443767109121836
0,0.45486998757289954
0,0.695854434146445
1,0.5451455274230782
0,0.5515940904402209
0,0.20152443720623736
1,0.49214257698108504
0,0.1845148860405832
1,0.48344304476550576
0,0.4736017258279241
1,0.6060161808100156
0,0.7578143092670777
1,0.5544155562725267
0,0.43667761043436054
0,0.48152671105634176
0,0.680215965854743
1,0.7383389872188734
0,0.6804822863227111
0,0.16003113457736237
0,0.4758868051166372
0,0.517289024417589
0,0.08829905062809904
0,0.15134219974373964
0,0.3566081536500104
0,0.3642927485031925
0,0.5519672656695327
0,0.5323490158970446
0,0.32717692204078186
0,0.5246849363427276
0,0.252593847247326
0,0.7691731638202481
0,0.7155514392938287
0,0.4903935421892606
1,0.3787982993185696
0,0.3240962714310495
0,0.6464513108827229
0,0.4537896706571111
1,0.742158075761249
0,0.16560174393833715
0,0.6148106274199922
0,0.7077313845860345
0,0.1423346426596549
0,0.3774933354888396
0,0.6234326790023952
0,0.414972817080841
0,0.5347880454970942
0,0.33608058654859496
0,0.626150385268748
0,0.6072639909095879
0,0.7361063593258728
0,0.5760555412936755
1,0.4531732840486906
0,0.17007438937792924
0,0.3750480889330198
0,0.3896510077493857
1,0.6978864751922308
1,0.5520818187982686
0,0.5608235072067534
0,0.47528537828026585
0,0.36476697329644225
0,0.23746279849093294
0,0.26588913819333465
0,0.061356168329714064
0,0.10460222449330654
0,0.587813614306993
0,0.4824139550372124
0,0.05401115032838432
0,0.3163479021556342
0,0.4417920911977346
0,0.411254623619708
0,0.5760653041951894
0,0.3259884233752748
0,0.6348886700287822
0,0.17020933444896913
0,0.38628968888576626
0,0.461834123337847
0,0.23642020895350369
0,0.15008879191346755
0,0.5105806979317706
0,0.4346518969282533
0,0.3696102052036111
1,0.6683507033803837
0,0.5283556333040081
0,0.35373709280356924
0,0.5579176528410681
1,0.2179672604548051
0,0.5635757344197134
0,0.20024705752691488
0,0.34662850981789267
0,0.6165243374245178
0,0.49108656984693305
0,0.7361851086725464
0,0.35808343435638473
0,0.30912063703932086
0,0.1858566466838599
0,0.8206961764759668
0,0.10380960562456672
0,0.2568155770178364
1,0.6674684651797306
0,0.3412222915851362
0,0.6168960015717008
0,0.392482672796334
1,0.5470111110703624
0,0.47986572090204815
1,0.48327044347334064
0,0.9968021227726128
0,0.6200270746713112
0,0.10913928493893492
1,0.5966803960717871
0,0.7425341074526872
1,0.4716968884568426
0,0.26501892908067676
1,0.3634706397087422
0,0.13032907380072353
0,0.3417338451228299
0,0.6999222293738583
1,0.4285161025800184
0,0.521230110692439
0,0.6000277142000325
0,0.287740910456127
0,0.4574709963288349
0,0.4098976137382516
0,0.3650460293320695
0,0.2826607773297417
0,0.7242840542597427
0,0.37932623183007314
0,0.1387830609288223
1,0.3487891454334203
0,0.4365109331294177
0,0.45308910626483134
0,0.5003570630220312
0,0.6325900557929384
0,0.7945196946799743
0,0.516390465672628
0,0.37225115356007443
0,0.6461445412850598
0,0.6661901880574632
1,0.7512104179806673
0,0.7562168522060858
0,0.615477869765869
0,0.3981918693297561
0,0.6136145644641046
0,0.4306909131336623
0,0.07849708174063573
1,0.425183670015192
0,0.38901275923959566
0,0.4512174008888883
1,0.7217990814474071
1,0.452338021228496
0,0.6728092111735988
0,0.5687852471508018
0,0.30589978027042797
0,0.44088690436113886
1,0.5565001639582428
0,0.12505370335133664
0,0.644426376021557
0,0.5405657087289408
0,0.1988934936754504
0,0.24564335399006923
0,0.37266034695853756
0,0.6263517842438172
0,0.13357763538740128
0,0.48966509640850675
0,0.380618697720797
0,0.25009727717734404
0,0.502786419532692
1,0.6956863570330364
0,0.6485234854380666
0,0.2724135668379487
0,0.3763329831373698
0,0.6216154520934587
0,0.5525975894442351
0,0.5694367233078629
0,0.3193873132001776
1,0.3553523728047139
1,0.5250825633929804
0,0.3997258618806748
1,0.6091861902017457
0,0.9440796828635775
0,0.27733775664694904
0,0.6209771221155012
1,0.3805354223330705
0,0.14881600557279429
0,0.49149774349425834
0,0.5601853470165131
0,0.7043015889365142
0,0.2086552725865679
1,0.8586570158690511
1,0.14471371307632636
0,0.8227643708556873
0,0.3613472510445714
1,0.7830491001350591
0,0.9379556040185617
0,0.4325714592842365
0,0.4540311962164896
0,0.5694569397720637
0,0.5625288974402154
0,0.3390176915688791
0,0.47740439818156827
0,0.6276132291886658
0,0.40200717797346824
0,0.8187121407588897
1,0.6591357582398656
0,0.5168967283368563
0,0.6098456046800252
0,0.2560660390423148
0,0.6782486848518009
1,0.37103260861228243
0,0.7678877198792335
1,0.6104976126756726
0,0.5911619494726701
0,0.284724361014094
0,0.33234265268344565
0,0.7892395084085329
0,0.09114847857360894
1,0.41050984793845463
0,0.21877512017838058
0,0.46933973905943793
0,0.545225251501825
0,0.289656678327605
0,0.6532270915799228
0,0.45960840590797797
0,0.6529621035266109
0,0.15348704128618804
0,0.1062735094972978
0,0.4134511132492974
1,0.5373106717842787
0,0.6788753407109077
0,0.5101378524766399
0,0.4694921724869487
1,0.6617313381148651
0,0.45430174413883156
0,0.7678877198792335
0,0.5874677034707582
0,0.34952966946770087
0,0.3247814943351558
0,0.6421561628299647
0,0.8361233261449207
0,0.31044090201763164
0,0.7230089528414404
0,0.07978442500121943
1,0.47644925136989247
0,0.5258364313572474
0,0.4501255306030461
0,0.6550723014293447
1,0.22314993256412624
1,0.8076036182336653
0,0.6159615607170358
0,0.5698876070335052
0,0.36197318228536374
1,0.4280368985866148
0,0.7569083098549745
0,0.17602447277316938
1,0.560523764960493
0,0.5745319514321953
1,0.8049524984937321
0,0.33307811226426726
0,0.2160698964383061
1,0.5139124172738873
0,0.26398015544593156
0,0.5264818191154877
0,0.6949336070655909
0,0.12762637223883533
0,0.5997113829968636
0,0.5838708367278851
1,0.8469388452036646
0,0.6033477786201618
0,0.5319336118100828
0,0.8854229869174353
0,0.08517591509075645
0,0.28200626794128913
0,0.35510500758943797
0,0.5028880032929259
0,0.517585134547824
0,0.5508718603591688
0,0.5025992661970722
0,0.12262514988552821
0,0.6840589504445256
0,0.8061507823269849
0,0.5110604465693729
0,0.44142155719110737
0,0.34707426672991504
0,0.8534584881459052
0,0.3302820070820075
0,0.48898616167685294
0,0.45835113392855176
1,0.5546993810095073
0,0.5047866806639181
0,0.3100018312228471
0,0.18315239821000515
0,0.5469000735215742
0,0.7132217416516796
0,0.19533402012085727
0,0.8236717447106349
0,0.4767864022293372
0,0.45754251009347596
0,0.6665319980882861
0,0.2996988815701708
0,0.4721225421725585
0,0.1301791929362709
0,0.20740860621721016
0,0.06891294254112053
0,0.6198107706048304
0,0.4192845445739133
1,0.5969299891025788
0,0.44064300274146645
0,0.2413956266627948
0,0.705045040384853
0,0.19608391541158315
0,0.3614375900325529
1,0.27195943746822787
1,0.24458188155084515
0,0.1736854258276552
0,0.6266617549911926
0,0.3991270766799241
0,0.7987483760138465
0,0.6449350602805063
0,0.35889562200915354
0,0.67062331476441
0,0.49601092595497703
1,0.6604717582000759
0,0.5960945075464136
1,0.5051821955587792
0,0.36061278322189333
0,0.46009378236277715
1,0.843140896270032
0,0.5540810684599078
1,0.4264081469102728
0,0.4737871715131142
0,0.3362131396829128
0,0.3612511816710547
0,0.4143025757863299
0,0.20585599406168636
0,0.11082937540874604
0,0.4248647243480479
0,0.7314194261957266
0,0.3452550577881802
0,0.41885052645321846
1,0.6010211784579854
1,0.913099793987179
0,0.8157531930226481
0,0.7010684541734172
0,0.6739686058595441
0,0.20700758420784837
1,0.4501620703750457
1,0.2015970352837485
0,0.1508464317411412
0,0.3727515199712357
1,0.8137483656127208
0,0.8909832462628878
0,0.4399239461181605
1,0.8436456910315292
0,0.5320342511969032
1,0.37120712857580124
0,0.3988352541149437
0,0.5590321442907856
0,0.14373330756102412
1,0.8002363263558858
0,0.4357439789167294
0,0.1729216975819507
0,0.4886977230415247
0,0.25436710984170885
0,0.11813734814209852
1,0.5914585708449009
0,0.5744387638653219
1,0.2706802877332576
0,0.2362083903521894
0,0.06550556978029695
0,0.2734921569661624
0,0.13277390938591824
0,0.7306943905739912
0,0.28039899959612147
0,0.374774766893874
0,0.1154689436970634
0,0.7676621761801314
1,0.3893202178632145
1,0.43075474166417693
1,0.4879546844615348
0,0.09204640840151447
0,0.49638457806979197
0,0.6301242243116888
0,0.3500383428335266
1,0.6981166240287741
0,0.2697359157458482
0,0.5087244462671151
0,0.3154272660935079
0,0.4711766825623453
1,0.8320184915097139
0,0.6583042092258433
1,0.4915542042976024
0,0.26984600470922143
0,0.8651103026565844
0,0.39448419856782
1,0.14955791554573153
0,0.4272913030990694
0,0.31952784664219075
0,0.3589791379699559
0,0.12393259675897131
0,0.7445696876192908
0,0.36925838891331325
1,0.08228000322253573
1,0.6465935823081855
0,0.18785929696259707
0,0.8827428933620384
0,0.6969409207804524
0,0.10733977919630278
0,0.45055075343792056
0,0.46700797016927365
0,0.5409899036931706
0,0.19286027778850906
0,0.678716368699588
0,0.16002344000906357
0,0.3044555052805992
0,0.4061752120791112
0,0.4107760719873544
0,0.5493250328503825
0,0.4795863613686533
0,0.5765132170580259
0,0.3091294605154354
0,0.5992859574444626
0,0.5312453711510609
1,0.5921663938754068
0,0.19351347270391778
0,0.49358440835801914
1,0.5258055552695332
0,0.6041817828549506
0,0.24409128351470855
0,0.2862914262490981
0,0.4840798457898438
1,0.17642741337170853
1,0.15500225176302426
0,0.28947726300941584
0,0.3898662102484938
1,0.2350113877612295
0,0.17227609802487873
0,0.29260263665760755
0,0.267964251691387
0,0.5453582154752212
0,0.7806079556928115
1,0.38116185868619884
0,0.20389499195219277
0,0.4729297233636583
0,0.40525288170968615
0,0.255277801611037
1,0.584380473932159
0,0.43106586105968364
0,0.6313742844756401
0,0.24924000449147218
0,0.5252168651458161
0,0.1364732045228238
0,0.6619218865168733
0,0.6221898518311935
0,0.43697003322271644
0,0.2894337710834414
0,0.4156640271170854
0,0.10548700785630563
0,0.3757336156786719
1,0.5293466627192901
0,0.1912025428598127
0,0.5701778768450025
0,0.5238533544892465
0,0.436586884797086
0,0.7435006337688108
0,0.30391479858071485
0,0.6599922307452837
0,0.7713575398179805
0,0.26160916004970325
0,0.1703967391258332
0,0.6990453156120651
0,0.2971296592094239
0,0.12588715733907013
0,0.28768030135459066
0,0.4187040442212754
0,0.18262619968825414
1,0.5296387728836123
0,0.4623367345591667
1,0.9828681284161771
1,0.12662488785214623
0,0.2235500274764682
1,0.662939647668601
1,0.9290482755617419
0,0.32718154401042737
0,0.6031486441463785
0,0.15769309584003882
0,0.4402709485471283
0,0.6180423661114572
1,0.6603217185145647
0,0.46977320610650436
0,0.31037942347478253
0,0.6462713474877674
0,0.3158932399238589
0,0.12502827862408208
0,0.36594632384530346
0,0.678550025578784
0,0.24591694171097753
0,0.49387813680209786
0,0.48503289177490183
0,0.4657703641357303
0,0.44819450518012965
0,0.6111138286229096
0,0.6199935221693436
0,0.19627044807292232
0,0.5540468165743573
0,0.21672577507814983
0,0.16143060915445753
0,0.48082357029204853
0,0.5274086438132212
0,0.37905090151444343
0,0.4616618241606654
0,0.16872654709170237
0,0.6570817149910118
0,0.3318710031517035
0,0.6159584140986183
0,0.7801030410226004
0,0.24697196393795132
0,0.6772335504785549
0,0.16431963820832943
0,0.4207752289829275
0,0.46868251628586555
0,0.5744713842484657
0,0.9727672294149636
0,0.31416921303449935
0,0.15732657264750882
0,0.08790574169849749
0,0.38941656535326463
1,0.9664829787898127
0,0.7228899210981401
0,0.211426691160325
1,0.5783084515263719
0,0.38703513536534384
1,0.8122861653371507
0,0.2713463322358368
0,0.7335507465568414
0,0.37687033665835223
0,0.794919779237625
0,0.3801097285722878
0,0.767505338919885
0,0.7564073453004937
0,0.44980082105066227
1,0.4689283135604439
0,0.7419109067901535
1,0.5608507992831904
0,0.37147988233492557
0,0.2124907565828209
1,0.7332046764920434
0,0.6203421385642537
0,0.6848700101007926
0,0.3697804488930401
0,0.24533582443932056
0,0.22990065455754224
0,0.3807905294658705
0,0.554170617282675
0,0.2030941556018892
0,0.8192312430189381
0,0.44313821398307024
0,0.37779733389884695
0,0.13323332476637903
0,0.5559973588952359
0,0.619389506788107
0,0.5262311045050463
0,0.4803580802047075
0,0.21572821609075582
0,0.34130669041189965
0,0.9479319387591756
0,0.3404669150392133
0,0.7585831118434126
0,0.804149584223704
0,0.4229644614988896
0,0.5321374529589874
0,0.3798520814354578
1,0.5214712080468922
0,0.6775342618584034
1,0.598267045124105
0,0.5831569162725302
1,0.4299224418200305
0,0.27580774315532997
1,0.21740216451917874
0,0.42350105945897687
1,0.5702955121780016
1,0.5248946099285781
0,0.4158812733873945
0,0.4880691277205306
1,0.3495873026502686
0,0.21419216846794406
0,0.29935780492696723
1,0.6557250730288642
1,0.6143937919975326
0,0.8808397388931248
0,0.8931563639073185
0,0.39681435497950795
0,0.515977197561593
0,0.43944693001592183
0,0.29618194757951116
0,0.3040772189533521
0,0.833043484374437
0,0.3269478801134424
0,0.8770820503611365
0,0.49397782841559684
0,0.30338219987920073
0,0.20412654939787658
1,0.37280868576910864
0,0.14824121481249194
0,0.30175052651488704
0,0.5761794152062292
0,0.44249800549449675
0,0.23797210048610704
1,0.3148753493771899
0,0.5720548317147515
0,0.5397494935885689
0,0.9678657850184841
1,0.6150650006003392
0,0.19579048258090917
0,0.6365441041418195
0,0.09304938292284637
0,0.7444955772972781
0,0.2939775737275854
0,0.33318894506444824
0,0.647702917618683
1,0.3728991677757103
1,0.18056284862448732
0,0.3933204291338463
1,0.40283940691816555
0,0.22165907116278835
0,0.3245627447783524
0,0.3053498823024338
0,0.2808936776381085
0,0.6689037848820603
0,0.46245475775383676
0,0.09298820298458949
0,0.13324437322962224
0,0.3186897883577234
0,0.32435676142363395
0,0.38659481457287576
0,0.8883293899213054
0,0.384523994159936
0,0.11062404430909789
0,0.30042115337593017
0,0.3495668932859837
0,0.07029587434356184
0,0.6103695926753092
0,0.7302221121473969
0,0.5032864919059862
0,0.6500385851014817
0,0.8197773817054711
0,0.10401279179062362
0,0.5941896523700361
0,0.7164046862611992
0,0.3254602726730147
0,0.42111157230499363
0,0.3684764441578814
0,0.13132753059804422
0,0.4516803921390456
0,0.20933201287340372
0,0.3835770673633506
1,0.7042414766759807
0,0.6823504453669607
1,0.7204478738740726
1,0.3372029999396177
1,0.8106702585143827
1,0.6535396645408444
0,0.6185856506933297
0,0.2960413464266711
0,0.40391639794882883
0,0.5266911829344192
1,0.559829796166742
0,0.672036105865473
0,0.11372593941347509
1,0.27285040870085003
0,0.4655212294138867
1,0.24263443341380628
0,0.5353038527626129
0,0.6884324228319982
1,0.6869226117495524
0,0.31914880161309417
0,0.649784990798124
0,0.20374966287781415
0,0.44563974732962874
1,0.886941277995547
0,0.4285170491820873
1,0.4564591190949043
0,0.45945612127705326
0,0.5233826707336426
0,0.1678801204518636
0,0.3513303283736319
0,0.9008053153694214
0,0.6564636772454708
0,0.6683297314299327
0,0.7348265250679781
0,0.5104944685210634
0,0.30068695808516815
0,0.19131373301398258
0,0.5087156968138608
0,0.5408637793948515
0,0.4552426963032201
1,0.5362935914859409
0,0.8161578364094985
0,0.9215077891003529
0,0.6654936432940443
0,0.1503295618349637
0,0.7185822969480248
1,0.4406671642933413
0,0.3207799532771817
0,0.6306255088203134
0,0.7364045269726347
0,0.4004662926450234
0,0.42812141630767464
0,0.1038065462264086
0,0.29402776271895226
1,0.4280188183868136
0,0.2855416975119761
0,0.35635927884007945
0,0.18075673835777678
0,0.3007277559911141
0,0.6422049564447313
0,0.6424834873694191
0,0.16105073608940176
1,0.7560425060280711
1,0.5081606927800538
0,0.5860604085019012
0,0.26103975593143136
0,0.6206147346897144
0,0.38788800213443225
0,0.6827152088196998
0,0.6754605273943199
0,0.45460908588256554
0,0.5759900414090962
0,0.47613766424116055
0,0.3637692903160466
0,0.2514015474284039
1,0.7730255192261364
0,0.2681977255708375
0,0.1947199495594185
0,0.2638967591330555
0,0.5560042139222998
0,0.4555724958616901
0,0.41957291315146317
0,0.5860346238832032
0,0.37590140363382124
0,0.3435677612213468
1,0.4477826661489666
0,0.9681846447409688
0,0.3884080485291635
0,0.23465993097793056
0,0.6387326428262883
0,0.276901031110173
1,0.594925184499331
0,0.8816321724815253
0,0.5109998637612145
1,0.7137148594262691
0,0.5436793593052596
0,0.5450692298147808
0,0.4170539165507598
0,0.766463617961491
0,0.3990523267160184
0,0.46861979459857633
0,0.3507197853140848
0,0.7997407204055911
0,0.23675290888247744
0,0.5560578208514099
1,0.5001749138706962
0,0.284277347845563
0,0.41160087211033236
0,0.6759475310556174
0,0.47773387724183963
0,0.27866315090706384
0,0.3509698030270737
0,0.2666911249789311
0,0.39285010919379887
0,0.562505250597625
0,0.3653574842834235
0,0.09394633371615346
0,0.4058744029153966
0,0.3684934046142546
0,0.7452122336819202
0,0.16851502979657568
0,0.23268711129007377
1,0.40658053065359356
0,0.7434740971816228
0,0.45862358025934313
0,0.7312508662236751
0,0.8898979240283006
0,0.6075791253153441
0,0.3122187027625154
0,0.5715517446944253
1,0.5911320811864199
1,0.6028834924877624
0,0.32531083250320325
0,0.45430156460682586
0,0.2667458674468983
0,0.4224473135905277
0,0.4309404713630877
0,0.7129283479640688
0,0.4522281010180724
0,0.6269005564701291
0,0.3920795508649637
0,0.5802535814092524
0,0.7482077986622586
1,0.7537946804518892
1,0.3024099574946249
0,0.7375240478058244
1,0.601310755555054
0,0.48858516130826135
0,0.42570041232862404
0,0.47765263423261334
0,0.2957590582654251
0,0.46382517202800183
0,0.6797577911079525
0,0.4692813294871472
1,0.14487496933295946
0,0.622915771807462
0,0.7261942935985595
0,0.4707231299314709
0,0.5538520036204031
0,0.3628138408714507
1,0.7569311270066391
1,0.694360675661111
0,0.17122859845702057
0,0.768306562201816
0,0.438441391692669
1,0.28194479230992586
0,0.8235064410523848
0,0.6535396645408444
0,0.5406302122391945
0,0.4750077579959991
0,0.2522972641744084
0,0.3221564552747898
0,0.17621541743277908
1,0.2450640493288898
0,0.5692700490641879
0,0.42786480208358846
0,0.6568633545099319
0,0.5287075044286575
0,0.23604419154357661
0,0.4509059474068188
1,0.42770071805945786
1,0.5908922546822634
0,0.10039998435417476
0,0.47826924019113226
0,0.6927925066492289
0,0.6500094856389679
0,0.5583084178617214
0,0.5876933737077313
0,0.27861684821779603
0,0.9381461572146184
0,0.5526952288777243
1,0.6004999028465403
0,0.5035115824024998
0,0.16855678501553598
0,0.39761403189217676
1,0.1099315067634469
1,0.6672283375246714
0,0.4873141471116593
1,0.67847877831769
0,0.46575885958168584
1,0.5882024160749281
0,0.3886961475761363
0,0.2816817702368205
0,0.3867294344303672
0,0.3309181611735206
0,0.4445721771341846
0,0.5005688158260505
1,0.2375047962757782
1,0.8262411220760865
0,0.5903177327379713
0,0.3528592867770989
0,0.5278198569417479
0,0.17394828107187327
1,0.46211705586343205
0,0.593834871254811
0,0.6706497274562166
0,0.2305984078689952
1,0.31793906409814743
0,0.4876753142105191
0,0.385640482037942
1,0.6626137716155479
0,0.1051517328149177
0,0.44619854199983755
0,0.6411520481553616
0,0.30430297045352855
0,0.8515162741242223
0,0.7392201950640446
0,0.3840987056297585
0,0.2031227858993796
0,0.42152668525714476
0,0.5434730066023501
0,0.442970614214646
0,0.1280727342907735
0,0.25342889971052196
0,0.43786450275279837
0,0.46851410315577907
1,0.6072418921411784
0,0.658845021425764
0,0.36510646192691026
1,0.4159622605729109
0,0.6557183678968983
0,0.810749324221604
0,0.2222835534065788
1,0.547819732905859
0,0.4079261563949374
0,0.3384766863418363
0,0.5461168857941124
0,0.5892387986149396
0,0.4673935624536833
0,0.2576476351789013
0,0.5176554989375111
0,0.3257880289961181
0,0.2146965949334272
1,0.15868924771158005
1,0.49371027526477806
0,0.583211100010801
1,0.30386275044083816
1,0.28718113126781947
0,0.3652043619687004
1,0.6173871916758871
1,0.44330652177612445
1,0.6784675136978005
1,0.5036823145667657
0,0.3058419258933228
1,0.5410247817175348
0,0.4226714903025757
0,0.34217045650805333
0,0.5849370286643606
1,0.747066778882258
0,0.17799125096369314
0,0.20986130026540373
0,0.4991395919356896
1,0.14568397761648208
0,0.437123577290404
0,0.49616290508664757
1,0.7058514085462738
0,0.5740595879466891
0,0.8970519184449303
0,0.9984034149441839
0,0.0985284429200784
0,0.24568554965239903
1,0.6277450450352614
0,0.34985243877578975
0,0.34469925196577506
1,0.5182326990094881
0,0.32160569968864444
1,0.4365237549391709
0,0.4229487902106425
0,0.5763582380924698
0,0.11089207275344543
1,0.5732230456142466
0,0.6140739719285833
0,0.32167294767136645
1,0.6363024411495467
0,0.2195588017448142
0,0.5295998897739511
0,0.1883798638529504
0,0.5536152179793551
1,0.5702871156284298
1,0.751493333263454
0,0.5716690914373241
1,0.10830083538998356
0,0.49143589577544244
0,0.3172799256405441
0,0.09778522134082875
0,0.6524417076670925
0,0.4466547346536546
0,0.1581585348816819
1,0.407057321497426
0,0.3473093084302761
0,0.5052813612859252
0,0.6396357280858891
0,0.4754841548865878
0,0.414772301835204
0,0.8958249304602888
0,0.5034780879396349
0,0.714435108930741
0,0.11911670617295705
0,0.41989152397992785
0,0.0771429915789723
0,0.6562035901410734
0,0.16709914737171472
0,0.5038509699910055
0,0.49119570673436075
0,0.34825531713418484
1,0.4674835395977006
0,0.3607661693286934
0,0.4572262332536799
0,0.6652147174693666
0,0.07475367705557742
0,0.27295829588413717
0,0.7734029934452066
1,0.6064212795831968
0,0.2174444945144824
1,0.3640993527216555
0,0.6568512475277304
0,0.6378519919500739
0,0.3825523860337231
1,0.744918482995154
0,0.4968529605557467
0,0.22513817648856407
0,0.3407555522860556
0,0.5717816492785854
0,0.40154369880809376
1,0.7700465318610633
0,0.8154053394999601
1,0.3628023560574176
0,0.20582523469512046
0,0.26704318271125044
0,0.8122363936025437
0,0.3841375596492768
0,0.1304263701403217
0,0.08793757918960199
1,0.5689087653431432
0,0.15013256637897607
1,0.2376472601126933
1,0.326032895348443
0,0.23398008705018228
0,0.44048143149381763
1,0.5461472005771097
0,0.5755846786321694
1,0.49595806362650413
0,0.2382395519841877
0,0.1588871130201977
1,0.47057147655819387
0,0.7231964292719565
1,0.18810747484407095
1,0.5887930833472937
0,0.3040772189533521
1,0.7930107107338101
1,0.2592974655680675
0,0.06998225433288716
1,0.6443065817948338
1,0.624551025361535
0,0.33603080478141895
0,0.7001187082272202
0,0.4460236823316952
0,0.18692763808545756
0,0.4266073253528161
0,0.30190128552626533
0,0.6176092754884992
1,0.30263292392308533
0,0.3259457527726746
0,0.14819614171507794
0,0.488555328722242
0,0.3446577195380734
0,0.29368682308021865
0,0.22421640393500292
0,0.5822518575551222
1,0.6761925865004104
1,0.47879513049334393
0,0.4980782592461056
1,0.11654229005902025
0,0.6833975990707136
0,0.3258131438419923
0,0.16007239593634875
1,0.5875836431516753
1,0.4391130110524773
0,0.4375668566528229
0,0.22121313940911108
0,0.26628953933833205
0,0.8857437754585364
1,0.21056947786976554
0,0.4700600135388258
0,0.4466817280871614
1,0.6018937969838946
1,0.7326296937236958
0,0.6849361394704842
0,0.8615943779201962
0,0.5217137725530159
1,0.6841388790660426
1,0.1088835147945837
0,0.3571780469740872
0,0.9173972159190283
0,0.3168505576637032
0,0.5967685935954646
0,0.4413285527446165
0,0.24261313783436558
0,0.509446208974122
0,0.13707969705382758
0,0.47228062579438224
0,0.9846246020477384
0,0.5381979102816457
0,0.45776829746635295
0,0.6705523116593641
0,0.3911104261970116
0,0.6309138524529998
0,0.3947617087814246
0,0.5761934412756172
0,0.8979154934721716
0,0.18763141618085685
1,0.7560268432633945
0,0.6036570790794561
0,0.6976263869405179
0,0.7248892272753011
1,0.43099716446828634
0,0.1903479414244152
0,0.24318386744864884
1,0.2723631270250052
0,0.47070775215454147
0,0.270072119510961
0,0.18740722601854168
0,0.5368125000566435
0,0.32326541297638955
0,0.09560030321765088
0,0.378981008220392
1,0.7111173168265347
0,0.5378882229284851
0,0.5040476320299213
0,0.277194868945293
0,0.5259078860296577
0,0.20141359012193344
1,0.5339984308600976
0,0.5352734269064295
0,0.5329190102593331
0,0.29357612650484677
0,0.6353148656092659
0,0.7014918860903807
0,0.14164326643047476
0,0.7244820693908199
0,0.3284782093581511
0,0.3983111230267944
0,0.7706578326041552
0,0.3106786897647657
0,0.2666597312497941
0,0.6266479145547844
0,0.4548536715772342
0,0.42597008566078276
0,0.7548872795437326
0,0.37354568183690173
0,0.6486090672152905
0,0.05628007752619603
1,0.1844941807125625
0,0.3175914789834433
0,0.5677626151583959
1,0.9023548469988223
0,0.1767217542762771
1,0.24688965728927365
0,0.49524323406308035
0,0.3193325487517929
0,0.24949730452676422
0,0.30266984011614306
0,0.1995300560022356
0,0.19443725862715544
0,0.6118723658930625
0,0.43863560583896727
0,0.8062608288316045
1,0.0640502319461583
0,0.7245623847005535
1,0.39086963752629567
0,0.35648523540194305
0,0.08505620509460933
0,0.2671190892762565
0,0.42541156213507536
0,0.320500507010472
0,0.13369568887951733
0,0.3512823320806149
0,0.3793891174891047
0,0.600940999904556
0,0.5321220898569164
0,0.5825379507755206
0,0.40377740256608513
0,0.2649278741020626
1,0.5169228638326661
1,0.7099162939120877
0,0.4081732708576339
0,0.36475376757838024
0,0.710850609098761
0,0.5870283764475925
1,0.6136577809696706
0,0.4919374908940104
0,0.40316750503598503
0,0.25867803818173235
0,0.3010522822532696
0,0.26596660556847757
0,0.5443572345619071
0,0.569753884708954
0,0.5915862156840392
0,0.08140160626574451
0,0.5309704620813591
0,0.45026787488832737
0,0.5303530090681324
0,0.5463166499954805
0,0.9902833089380513
0,0.37441534835810225
0,0.28212985566089555
0,0.11325965724900094
0,0.17097643746192498
0,0.8060598067202764
0,0.49957207509079865
0,0.6773056642531632
0,0.9014148050362102
0,0.20904374234242779
1,0.48855716000936905
0,0.536767608767368
0,0.2178560192974673
1,0.28994502489743756
0,0.5570748851622469
0,0.19696463228671365
0,0.47966412462924274
0,0.3801392708520191
0,0.32000331206858834
1,0.37384710879120964
0,0.34232150905584807
0,0.5368635885903343
0,0.7732507419891287
1,0.4328903455012304
0,0.9027767363058575
0,0.15619731513684615
0,0.10171018138330681
0,0.2589040892571422
0,0.25351526663992785
0,0.5413074688754796
0,0.30594010223552903
0,0.8873988553558224
0,0.5653062438394657
1,0.7640378779564198
0,0.23431817828422266
0,0.20048029180558835
0,0.36647212806572194
0,0.42065495152275173
0,0.5508698860807169
0,0.860004136887005
0,0.5586238145942151
0,0.8481567457141055
0,0.675605327384832
0,0.629386987385724
0,0.48590681098814803
0,0.7418028456151288
0,0.4704183169333993
0,0.6452745640392877
0,0.28263054970340473
0,0.7435942960723726
0,0.4593224005848131
1,0.180462878640782
0,0.4167157464901383
0,0.2166203054136796
1,0.5142711762670065
0,0.5090025571356986
0,0.40440304275402517
0,0.5519422398227
0,0.5492780426925343
1,0.41174900344499726
0,0.20525758241926942
1,0.5682445067674557
0,0.33098362952084426
0,0.6417818644712164
0,0.4581363035180228
0,0.5534371289797367
0,0.22953805602018304
0,0.7425477641659
0,0.6140395354237214
1,0.7943855677696715
0,0.30235932367054313
0,0.5198768520854411
0,0.5012069629894241
1,0.7117019400649054
0,0.16782290905849057
0,0.134212107184678
0,0.7067209816348731
0,0.8070849580598053
0,0.29908106375343446
0,0.5442553625554223
0,0.5542232842842639
0,0.40461820483151817
0,0.6317840363916919
0,0.5913821690142728
0,0.7752914062945144
0,0.19775536710026406
0,0.4280867148821582
0,0.9017401534492507
1,0.22405366166223337
0,0.7274665118471069
1,0.32767456710907117
0,0.08374840761823008
0,0.419935649342247
0,0.38816363949524585
0,0.5467367003242847
0,0.16091827162015998
1,0.3316023955767309
0,0.3415073962361752
0,0.38135163397057414
0,0.4629534336100165
0,0.554064787924647
0,0.7966573390629005
0,0.42473369533256666
1,0.6678626576390526
0,0.6607278568054297
0,0.26192695673946775
0,0.29632161732195894
0,0.5563071414838415
0,0.6675289884557067
1,0.15646058688055436
0,0.34474701971408817
1,0.2939550295139084
0,0.4993639701671348
0,0.24974245800151823
1,0.5309239977757566
1,0.42306087195072056
1,0.708715631226109
0,0.6045398907577654
0,0.1531465758634277
0,0.5690633845448008
0,0.7333677859263743
0,0.21381210172246126
0,0.6913988337670297
0,0.2509349130457
0,0.9545010579803583
0,0.3517306822586164
0,0.3639012577257683
1,0.628578210812274
0,0.7502858774743584
0,0.3722727380183508
0,0.22802779036943044
0,0.5964627699038129
0,0.3921605137788198
0,0.3205514016870178
0,0.4683538739411206
1,0.5182849358836613
1,0.32264409012397577
0,0.4903094693487224
0,0.6296160229184217
0,0.49643311797815115
0,0.2477770513048657
1,0.9787531418571488
1,0.8976381305949865
0,0.14712173623686314
1,0.46902516200624644
0,0.6492976450780298
0,0.41730637287872546
1,0.5406037983994002
0,0.4073478841616712
0,0.445536813354891
0,0.31125849511692405
0,0.5869553061209873
0,0.32531083250320325
0,0.18513733381071396
1,0.31497873969413154
0,0.4704066345012139
0,0.2145387695004999
0,0.09477169762509896
0,0.588414054298491
0,0.4172580726331964
0,0.4247924419352707
1,0.6001020906246511
1,0.43948517124228764
0,0.35180910571554114
0,0.28659393380115533
0,0.2380074090622785
0,0.25075856891961246
0,0.2413956266627948
0,0.5265861586029174
1,0.5112844103876983
0,0.2363132065131559
1,0.9058301422334566
0,0.33603462241741117
0,0.3827215728526725
0,0.13751720413001906
0,0.09232119802306875
0,0.5432686884650397
0,0.6410960207640417
1,0.4302205675714246
0,0.3177885754689767
0,0.3751979815324481
0,0.2017093957615073
0,0.38466082175115296
0,0.4364467993266711
0,0.4996644619706404
0,0.4065061400923
0,0.39417196486346756
0,0.5199945752093553
0,0.39533365248753793
0,0.5212607631559345
1,0.3184658432098226
0,0.731766320398722
0,0.1527502168522749
1,0.28759828012546546
0,0.33230639374002907
0,0.887560512491972
0,0.4588745943588303
0,0.7323671483931444
1,0.37823624776173576
1,0.5500253998261402
0,0.37711184173095375
0,0.1552644969689913
0,0.5572669092544215
0,0.47019034875671234
0,0.1144357469685652
0,0.6702554898594747
0,0.3617867868638415
1,0.18046715195003418
0,0.5658654528194982
0,0.5684695687900742
0,0.5537357245839768
1,0.46584110928355515
1,0.505727400638378
0,0.5478603517927814
0,0.4786685721249023
0,0.1791408379222088
1,0.7843818237141751
0,0.20754389130672035
0,0.2223206877712584
0,0.6972856312709328
0,0.5685345576391947
0,0.7344712874786405
1,0.11257897276492547
0,0.8148083088412523
0,0.28994502489743756
1,0.17826000804611006
0,0.4764950875217029
0,0.9018225423354803
0,0.5121953659603412
0,0.32013505028268224
1,0.28648901415890804
0,0.4765733121026938
1,0.12505768584623403
1,0.6644261054019389
0,0.7150252931161954
0,0.5680525380842781
0,0.4880984071651647
0,0.3818072329385714
1,0.7257700149361062
1,0.33753152333478864
1,0.7849642876993763
1,0.1764515492776014
0,0.4309492903599349
0,0.4131425484059399
0,0.49631096846202255
0,0.8838041430016447
0,0.5784354170127078
0,0.7599505604694056
0,0.46517543991045196
0,0.17856038832001253
0,0.6199789852494247
1,0.7580956069508485
0,0.515993473538594
0,0.37720536692195356
1,0.6359048326259598
0,0.4151280836697346
1,0.7915832999412872
0,0.41438969052515084
0,0.5067301592966555
0,0.31364244178023226
0,0.6167314493474453
1,0.71873993697428
0,0.6337287285804509
0,0.09121079074268416
0,0.2599057639922397
0,0.08493253230132426
0,0.5769582174912619
1,0.6717186815973134
0,0.3110148922457491
0,0.6062847680611112
0,0.6627447351071616
0,0.5955960582411548
0,0.37663240079301197
1,0.5938333349177576
0,0.7232184857922546
0,0.5263666622451116
0,0.4731128799494522
0,0.3553362811904134
0,0.2473110319044047
0,0.44136625581451516
0,0.2559761925022841
0,0.47046634344777605
0,0.5673484155087021
0,0.13910262163003
0,0.7567946166747141
0,0.1647858947810615
1,0.5941407752694562
0,0.653822696112397
0,0.4259886306197979
0,0.4786752037687834
0,0.5511521683641685
0,0.5289281954540511
0,0.15938288535909936
0,0.4098703940289587
0,0.7126607796193619
1,0.742031841723635
1,0.8644973024410733
1,0.7151487995942223
0,0.13246544950457106
0,0.6848101292742869
0,0.5686528641843657
0,0.33858737967688685
1,0.4363473397570486
0,0.43025195979720904
0,0.16254134072525508
1,0.6621554585934701
1,0.7315396657609178
0,0.6121775326511854
0,0.09331566521323537
0,0.47363244118198794
0,0.5722557543794862
0,0.4856964668009364
0,0.23500281164862588
0,0.26983083271732594
0,0.39756777629763695
0,0.35824389163995896
1,0.49090349415098805
1,0.5940097791961497
0,0.44337501996839934
0,0.5874412962766626
0,0.13455252087827274
1,0.3698645620714342
1,0.5747236524703365
0,0.6677372764856092
0,0.5933288440520033
0,0.7887375766320032
1,0.46705940461836964
1,0.5924660787655037
0,0.9972496027413671
0,0.3425070864075465
0,0.36420550202999485
0,0.5501561306114275
0,0.5336200794552856
1,0.48427425972646476
0,0.33935796077118563
0,0.4300489995574365
0,0.22490933843743185
0,0.7545715676543219
0,0.7571595988904832
0,0.1475134646993609
0,0.6144615687315444
0,0.6748752733405405
0,0.12542990475452792
0,0.5281390312029354
1,0.28952111291905624
0,0.21916759374853936
0,0.43948407593211253
0,0.7333315402560244
0,0.9052378196691907
0,0.5444528906595199
0,0.19435681792545528
1,0.8125557262298356
0,0.7527689686785881
0,0.549684588196437
0,0.45701277278292596
0,0.9355023231892616
0,0.32484441112914086
0,0.18414833745875533
1,0.42820319795622025
0,0.4414406857049422
0,0.5870782311140791
0,0.6934316962095481
0,0.5363424060095802
0,0.5723988714199608
1,0.6658809017002292
0,0.8383400656289912
0,0.5371599075514897
1,0.29079635202459947
0,0.39180029846721
0,0.5975499143538151
0,0.6376440325643212
1,0.2584088737351157
0,0.6182861670117176
0,0.7466836098814683
0,0.49845227918908763
0,0.25134124818861786
0,0.18766843458360552
0,0.628107017024118
0,0.23218134942170726
0,0.31336077255180106
0,0.4823761819863671
0,0.9157789817678315
1,0.6356056050534862
1,0.6790103851780676
0,0.8513068988690531
0,0.2963186679706498
0,0.5508517849121987
1,0.49985248082003036
0,0.34615676420211383
0,0.19353797080939086
1,0.48637141307424425
0,0.28741846374150726
0,0.5443188869915685
0,0.5414626490213998
0,0.40999641171530843
1,0.4367889262891949
1,0.47960514236232965
1,0.9277388707656522
1,0.41659350078250384
1,0.4347748097933267
0,0.5871671343720415
0,0.6527176857401229
0,0.7109946179823715
0,0.5113636341834205
0,0.1509897721394781
1,0.1706035002057156
0,0.6664853410161417
1,0.3137906375380024
0,0.5126406449443177
1,0.955278316150031
0,0.6394976701047121
0,0.5088836465422315
0,0.3417563046256147
0,0.07257967257782232
0,0.6327957266604869
0,0.5741285306417206
0,0.31417610443819394
0,0.11303414245827473
0,0.5983705048653196
0,0.4806367122441213
0,0.6841451182529641
0,0.5056158431535127
0,0.3721422322363076
0,0.31390515971370647
0,0.3791139882905842
0,0.2635172175510561
0,0.5320465047238675
0,0.4699485602922527
0,0.7424881959746151
0,0.5780114099287021
0,0.4054558998495603
0,0.5629389519971848
0,0.3709023542423089
0,0.08088147747257313
1,0.5105806979317706
0,0.45624142776684484
1,0.8156016917394768
0,0.8440108783039653
1,0.6836391871781309
0,0.4104397736955368
0,0.6817688268351312
0,0.31404086021568406
0,0.9488316403801075
0,0.5410567414439748
1,0.33224088953065156
0,0.6115979636587233
0,0.21115585437601364
0,0.3930931505886434
0,0.6335073017578311
0,0.5406353399372802
1,0.4511366502273675
0,0.44210614556635724
0,0.3046491462788092
1,0.10351317892829745
0,0.5514135656750906
0,0.464557224397289
0,0.210115652257258
0,0.2128878056640005
1,0.9378977079760191
0,0.409348303051152
0,0.40301860007602597
0,0.5936245435914268
0,0.1467746238998768
0,0.5205586627896516
1,0.6558154784310976
0,0.30782888915828704
0,0.3590378479091869
0,0.4005420257282719
1,0.6583842320026546
0,0.40567243887402304
0,0.31539918297474745
0,0.5861059466556308
0,0.6440782892427762
0,0.5755221495758506
0,0.09829971699531065
1,0.6070751190884619
0,0.8652685984620917
0,0.5017727117709295
0,0.7850503058815275
0,0.2148394991574499
0,0.34542593665258803
1,0.5653629062501934
1,0.99740020457785
1,0.8199032903863154
0,0.5534658570390482
0,0.639644370799846
1,0.7346891255316751
1,0.138905866283104
0,0.5700097842502885
0,0.5558100377936939
0,0.6084885378347047
0,0.25325328961902027
1,0.6580053880485622
1,0.3137204355578332
0,0.41014005560964517
0,0.6518799160693926
0,0.4648030976173449
0,0.5764634042775555
0,0.21803052154270633
0,0.3122819886405346
0,0.2576906912458576
0,0.32838085058162647
0,0.42536695271452096
0,0.20082502098320024
1,0.504553288494728
0,0.11466885498052722
0,0.4323470687231345
1,0.5888306176196377
1,0.4347765646828444
0,0.15226381284459803
0,0.7088954902964015
0,0.3319421084389216
0,0.3574646409749952
0,0.4474457095638297
0,0.33707140217597586
0,0.38983457778388564
0,0.284410226033751
0,0.44999817793347363
0,0.40188850597149184
0,0.31748032932288617
0,0.3286684616725098
0,0.21416092348036386
0,0.546776607774644
0,0.20928405963643165
1,0.2458393379213553
1,0.38239827293235423
0,0.6153468948461654
0,0.21787551894949217
0,0.46249827142022143
0,0.273262827553415
0,0.8434937342845533
0,0.21906478530662404
1,0.5946247415537204
0,0.6601712704788109
1,0.6879153311754052
0,0.094156742109039
0,0.5158933416568119
0,0.22606889570314032
0,0.3475663231607797
0,0.07305231052292628
0,0.5329352546702815
0,0.23161502871086695
0,0.20093687881420558
0,0.5786727598912768
0,0.3792148708583034
1,0.614707831350685
0,0.26037407447921745
0,0.40629493952177165
0,0.19622422639137221
0,0.30810026740793944
0,0.39960462698686755
0,0.8997682541255737
1,0.7245506144786331
0,0.5212527936212789
0,0.3112935902050032
0,0.3979645184234281
0,0.6942103207232003
0,0.04759076410118257
0,0.4513639406219625
0,0.6489282266703552
0,0.15529124369766692
1,0.5928976976989934
1,0.5112523942971591
0,0.4496839967311568
0,0.29180284548869273
0,0.550945548718505
0,0.5072072314110595
1,0.7704616384762246
1,0.6453112002870346
0,0.20007445848740352
0,0.5750393652995439
1,0.48821013270658015
0,0.38252240786961167
0,0.7077399954578023
1,0.48655496316523966
1,0.913099793987179
1,0.6369738506684994
0,0.3719589809542415
0,0.6599335757424175
0,0.3487112479219701
0,0.4201587025298253
0,0.5484719931215771
0,0.32238617960807064
0,0.30645458988626273
0,0.5005383045995114
0,0.5220268585211769
0,0.4782201512627613
0,0.4954919259829308
1,0.2832648389076968
0,0.1674239525413016
0,0.630719023749509
0,0.2972841784516845
0,0.27331748564344893
0,0.5765538188771291
0,0.34598412680277185
0,0.44913886418856735
1,0.41169200394535105
0,0.1325819259517923
0,0.6851360524939788
0,0.5281049973270668
0,0.8298477600379595
0,0.6670553809782004
0,0.53751428758979
1,0.29573647122410207
0,0.738306270719443
0,0.21659209057717127
0,0.18174909060606936
1,0.6861644389792887
0,0.5497210040270195
0,0.5239555565434224
0,0.2880431859511406
0,0.07872114627976029
1,0.6191037815857068
0,0.38901275923959566
0,0.5626430146950678
0,0.5908723629457
0,0.1416453601038801
0,0.5121315763749267
0,0.22901078443706896
1,0.10245457531234348
1,0.5871256330463777
0,0.4372748631935092
1,0.4241014869987369
0,0.2729066170798321
0,0.598177249480703
0,0.667941468671763
0,0.41099119615056395
0,0.38722278151596556
0,0.3675631387203646
0,0.935654146682053
1,0.806217394935762
0,0.33848331337035165
1,0.35201046558153903
0,0.18445956511715694
0,0.4632358022049811
1,0.4801929196994865
0,0.40588802869276086
0,0.22230531144407814
1,0.3455473881350168
0,0.4511843626837611
1,0.09299586379510817
1,0.5594835108011847
1,0.40814549000893163
0,0.36732151663608875
0,0.6929234968075485
1,0.40712200356490214
1,0.8431970669878152
0,0.3480639573333629
0,0.27280903777699334
0,0.6522454273046839
0,0.20217820726376745
1,0.8297824197637976
0,0.7164245486444699
0,0.4926029838279981
0,0.1370864342447201
1,0.7878885099463555
0,0.35431468720945997
0,0.9676669247026523
0,0.16018400898574203
0,0.20495504565932474
0,0.35097129808515654
0,0.15656037325577493
0,0.544968240680627
0,0.3463582984686176
1,0.4510323568483691
0,0.8752807183963126
1,0.7840988365039554
0,0.2100729713901192
0,0.47275151261592135
0,0.6437575648236948
0,0.5375803342859232
0,0.34030578275122575
1,0.3712028387659239
0,0.3941701567825231
1,0.8696531818061224
0,0.7918010499472004
0,0.4019123368339944
0,0.4724720045976463
0,0.42273951808794014
0,0.41620540209261425
0,0.4430455364656022
0,0.5782276667201227
1,0.801167606550796
1,0.8200237869539955
0,0.7357210202118076
0,0.14258262627888368
0,0.3449392328912123
0,0.43388525216325313
0,0.6310169106453493
0,0.7265090942144107
0,0.14261502008043525
0,0.25975655899824146
0,0.36655365115466043
0,0.8584798544265123
0,0.31829253951896513
0,0.42850411941747346
1,0.894588579253487
0,0.20154832228015038
1,0.4754059681462181
0,0.12086560442347626
1,0.5170063933174337
0,0.3799339583216685
0,0.6627506668739996
1,0.33166000731993983
1,0.3978940177508733
1,0.8282688128041219
0,0.7255404235592137
0,0.27919245896096573
0,0.8526305308792723
0,0.43322425029412914
0,0.6901984733886373
0,0.8588467167645709
0,0.3952769831992169
1,0.20333654236455284
0,0.1710701797693505
0,0.5055967518142661
0,0.2081604598508768
0,0.5664820849397286
0,0.13493822640881722
0,0.3850315698566836
0,0.20790870220756894
1,0.48447791297492515
0,0.304850043077243
1,0.708715631226109
1,0.7117730116979507
0,0.41788813110661827
0,0.3260347712870887
1,0.7525787407957866
1,0.3040445407530205
0,0.22090713814902407
0,0.2619485881606087
0,0.6991420618797438
0,0.2225969562503104
0,0.36801959102827625
0,0.5733035561059592
0,0.6101277205190001
0,0.44723596435056123
0,0.23772770732865295
0,0.4348180513970574
0,0.3494813917610357
0,0.8283045200214028
0,0.36361352401505004
0,0.6052295832102935
0,0.4568281192048127
1,0.4339178111619765
0,0.2431842792519385
0,0.0861613590175987
0,0.45402271393036375
0,0.5174642366677293
1,0.43540311224823786
0,0.1989826175694352
1,0.8621498130452764
0,0.31054856500948913
0,0.9448833389358994
0,0.3641554536436333
0,0.7793331823017127
0,0.6430988772778321
0,0.4244556901707628
1,0.4302854289140161
0,0.34932914900641887
0,0.6051267350273336
0,0.5570552606739343
0,0.677052455565719
1,0.7069901395100328
0,0.4241660548686241
0,0.7166545070724512
0,0.581677833725448
0,0.5148662015345987
1,0.8194700307436039
0,0.6048297328723996
0,0.15490839454873853
0,0.529172036355225
0,0.8063530826130748
0,0.12864351761717455
0,0.6003545740188869
0,0.2966039060998292
0,0.3585147403512876
1,0.12903812623998878
0,0.5174316991089273
0,0.8985709300633985
0,0.300487807844202
0,0.21776148858419458
0,0.6257190281719976
0,0.2707666499797252
0,0.47862744180877653
0,0.43171426831827203
0,0.7256114377110665
1,0.9045389687706854
0,0.23468222152589455
0,0.41154988279837157
0,0.35976988463252213
1,0.5583789868630321
0,0.2009831868317898
1,0.7281049832216479
0,0.40711795855246513
0,0.7086831321517612
0,0.819622751459667
1,0.6719190192456165
0,0.5574917973622651
0,0.6993324334694371
0,0.45172939597840617
0,0.7777153372478519
0,0.6978274544421252
0,0.1602607994071871
0,0.6021028591881978
0,0.5889873640050869
0,0.34748699393209714
0,0.9419721156325053
0,0.5677446578835539
0,0.508931416698645
0,0.2940083650692113
1,0.3515649695621329
1,0.5084568168620368
0,0.5008567903321427
0,0.5975108108689463
0,0.529642992545529
0,0.6678908833621819
0,0.32468448190219257
0,0.7631611736637399
1,0.5969826200181818
0,0.3942820940673104
0,0.4626123087900822
0,0.21293223462178804
0,0.5335248368477639
0,0.21134883899834275
0,0.6683204241943691
1,0.10811841721117223
0,0.478929642628082
0,0.3806334095005427
0,0.09916563445875448
0,0.07594056902442867
0,0.5517951888168628
0,0.6773417713045075
0,0.41366560201969
0,0.13382279616775644
1,0.4600323930187652
0,0.07716376587859106
0,0.3260956846314517
1,0.4306134867847222
0,0.6626320401748772
0,0.5629458547430365
0,0.4321030874398377
0,0.2087636633099138
0,0.15752951565862666
0,0.36206281334399704
0,0.26124490656688665
0,0.5597878078109033
0,0.2527713231229996
0,0.38495070482821614
0,0.6424288091725145
1,0.3205554459066244
0,0.5284468050011832
0,0.2258903835860459
0,0.21988531732603808
0,0.5344975549319316
0,0.3506839527579765
0,0.46810183076386297
0,0.7089197343240138
1,0.6417285543624409
0,0.6768861699359028
0,0.6536374325024767
0,0.4138081263505927
0,0.6176715094747097
0,0.8708772388574986
0,0.4866515287084322
0,0.5876903311131908
0,0.563263465551001
1,0.48786755404202947
1,0.6906413247262789
0,0.5081312092109931
0,0.3318217972623098
0,0.7542684694584741
0,0.5158262977622441
1,0.40126212945470746
0,0.36830309822464397
0,0.5093716307402042
1,0.5230058827308557
0,0.23816522501538198
0,0.25475432528755093
0,0.3258434642293736
0,0.48971768345613564
0,0.5477005893924024
0,0.7878885099463555
0,0.11382445076308256
0,0.9920255379765567
0,0.3923173772429142
0,0.5417900219250393
0,0.21870271929515672
1,0.28214126980088644
0,0.19256310657399997
0,0.26941448432756115
0,0.2953322100798171
0,0.3680483969318949
0,0.3552621245384171
0,0.44856635086602376
0,0.38913840262678356
0,0.6076081172322348
0,0.3436036455196336
0,0.5302521304332558
0,0.3805776442851585
0,0.30358625391822913
0,0.5006572527984805
0,0.8445394957283059
0,0.5042491556445865
0,0.6509488813665889
1,0.1278450346224705
1,0.5217678140255813
0,0.6588741843710461
0,0.20683664086397877
0,0.4278866071868526
0,0.42545669905766254
0,0.14427065539135023
0,0.5728084743405648
0,0.4328445523566162
0,0.11557916446946069
0,0.6334530115287279
0,0.6391548789477867
0,0.7564278924170256
0,0.298954603316584
1,0.19270469073347976
0,0.7266727452092705
0,0.5234720626113921
0,0.4963907429129234
0,0.3174675805740624
0,0.36447079019581513
0,0.12276972607473344
0,0.09437760879379843
0,0.30127077464308205
0,0.5007068699803097
0,0.5323502627842598
0,0.34068987024162173
0,0.676707316027269
1,0.3927619920285744
1,0.7227657352421668
0,0.7110391425442117
1,0.26399903854609014
0,0.7308386941202466
0,0.330477034524515
0,0.6273049611136106
0,0.43887785881432945
0,0.2239565657284579
0,0.6608485224505122
0,0.6204201236956884
0,0.7443311642668341
0,0.09720919415480452
1,0.45000010233528875
0,0.31044005948456505
0,0.1938995067030505
0,0.2344660888295904
1,0.5813059378257147
0,0.10897794877962597
0,0.9313651713952735
0,0.23066829143330617
0,0.40333901880062667
1,0.9097041472320145
0,0.4865145861869259
0,0.44883385417773525
0,0.40382018151976967
0,0.19312566733668013
0,0.5356304685994572
1,0.5228234635861381
0,0.589243407545322
0,0.3752226712319163
1,0.6529535491435833
1,0.48655496316523966
0,0.3379053588076757
0,0.24340679909094318
0,0.6854779024917843
0,0.49949962207518084
0,0.4449024614870486
0,0.2546716171617082
0,0.5866824164026284
0,0.5070065331990328
0,0.4664524580237159
0,0.45616830668955927
0,0.44159966402746487
1,0.40804375280064387
0,0.3641418756146312
0,0.5695752774777411
1,0.37831945584138216
0,0.32972905734166896
0,0.5012778154316735
1,0.19804854646305553
1,0.38487541644590656
0,0.7607412677879409
0,0.3561692190556402
1,0.38458738934079084
0,0.36267643146534506
0,0.4217636680406416
0,0.5543377678220044
0,0.28852407562286525
0,0.6139897657441757
0,0.1712106865565316
0,0.4361930166893965
0,0.6585634704758879
0,0.34150869158082375
0,0.39098629905502474
0,0.22759511154338377
1,0.7815036696966728
0,0.2598252667926464
0,0.5674336228709995
0,0.7057930015977495
0,0.3131812399328028
1,0.6370134514229249
1,0.5538995847303273
0,0.7561081786932644
0,0.47520203569779457
0,0.17732495196828404
0,0.685165216072162
0,0.8593615361157995
0,0.493789279946701
0,0.38136986841579784
1,0.5356074381835774
1,0.5413224377421417
0,0.1545478580886898
0,0.386787864827893
0,0.32430838602714956
0,0.628629483783545
0,0.4760865342676543
0,0.1739500517367741
0,0.43924920936455203
0,0.3248852507867134
0,0.5173960404792326
0,0.545600887755797
1,0.45899609496538435
0,0.1461137168884468
1,0.5185718167674562
0,0.4672379615863632
0,0.25875942924988876
1,0.8179121152852442
0,0.0660624947944272
0,0.6094952980530881
0,0.1521759063926545
0,0.6081192862154353
1,0.328126630133356
1,0.4877804054042464
0,0.705547352988139
0,0.32363086022355253
1,0.7185346425476173
0,0.5466946978854276
1,0.4666203948655836
1,0.5087219154203292
1,0.48073266437626316
0,0.41845511261856294
0,0.5693059982732163
0,0.6075622799897051
0,0.2624304029095568
1,0.38332175143382874
0,0.16420385515117433
0,0.38977069817770366
0,0.4672792741036274
0,0.39520628101013794
0,0.4898965808016887
0,0.23242964045812792
0,0.5156480308363558
0,0.2495836700867657
0,0.14529307019383808
0,0.67993366576411
0,0.37775576002954164
0,0.3790705537788825
0,0.6998478370629695
0,0.626417117799323
0,0.7399280284609947
0,0.5236531168026418
1,0.622347950337306
1,0.708009401244112
0,0.7027903735921746
0,0.5068477038187162
0,0.7803588678841221
1,0.2586500318053593
1,0.5699813368845779
1,0.8045420619525185
0,0.5054230938069869
1,0.5518734557504589
0,0.6491135094814104
0,0.564552028093954
0,0.29715749519344264
0,0.21966047393108898
0,0.7145420906120866
0,0.2967652218095513
1,0.8406581185161106
0,0.36096402099165276
1,0.6031221236085406
0,0.4763613204292867
0,0.1511501845358128
0,0.5604972586344511
0,0.5518661048018919
0,0.1058051309349532
0,0.800958346260186
0,0.7321483101866558
0,0.5544247619790256
0,0.2971593946723001
0,0.4962232864201368
1,0.767039954458564
0,0.9956231745375662
0,0.5704593889031355
0,0.5828532009289245
1,0.6118790120433422
0,0.3217977810742563
0,0.21095976584171192
0,0.3132920175391822
0,0.446479854271068
1,0.5506551683350251
0,0.6754605273943199
0,0.27455773789590376
0,0.13570301437335255
0,0.09812631908435558
0,0.14379104548220611
0,0.3976234075309097
1,0.1722680211253504
0,0.21059026044305976
0,0.33169440274858075
1,0.6383692426057717
0,0.39308024379615236
0,0.7758177790838391
0,0.5793007532834362
0,0.598825775878776
0,0.6952370918331648
0,0.3937474224786945
0,0.5748038120080494
1,0.3183156421295679
0,0.38309855655098196
1,0.33471686804902784
0,0.5696259127028952
0,0.4376580592731437
0,0.9337705333928775
0,0.29229868558401023
0,0.7096188561891529
0,0.7039797405498011
0,0.5384671472356192
0,0.6972952837400626
1,0.5941518446420807
1,0.3017497681373592
1,0.2603118639675634
1,0.5809400937662713
0,0.8285918934851512
1,0.3930888890092683
0,0.4991545951829622
0,0.2539725993766078
0,0.29314914000848796
0,0.45230943412373936
0,0.16050319227312593
0,0.31219246817217017
0,0.46717071260548065
0,0.6707605964640991
0,0.44327099133024583
1,0.3514654367537639
0,0.4464056036998783
0,0.4456310402462173
0,0.5671527531910675
0,0.6837894675483576
0,0.5869233912229316
0,0.3587099758979105
0,0.6907307348784198
0,0.09901702439919632
0,0.1859804871873267
0,0.5458155268191218
0,0.43022534149447295
1,0.5317950922586209
0,0.3802975703595163
0,0.6594249183363377
1,0.4302898458650454
0,0.29962944201012365
0,0.2656720209168784
0,0.5284356629982785
1,0.47742158483017033
0,0.4891755460982193
0,0.1489430384137305
0,0.2391012199269983
0,0.5912703217690712
0,0.17885495546210792
1,0.5412427529719942
1,0.20997543979179847
0,0.4373064676913377
0,0.32677392477487943
0,0.32572687644493176
0,0.47856651077032614
0,0.13899700178551883
0,0.11778722754529274
0,0.10604992360067513
0,0.6699072189669223
0,0.6292193282395356
1,0.3108761839992456
0,0.4696601684624083
0,0.5881679264462314
0,0.4275399893087574
0,0.7997446211094027
0,0.4853513473574634
0,0.4750549083629955
1,0.4346741326847938
0,0.4120633521629006
0,0.4988100450627626
0,0.9296569664155976
0,0.2823777149350263
0,0.600721621129967
0,0.6185736192496956
0,0.6572830063125542
0,0.2708876323256863
0,0.3772597238325725
0,0.5701106749498425
0,0.6578169645871562
0,0.6874335408239803
0,0.7093808361918686
1,0.5034479259151728
0,0.48581056554746216
0,0.2473072954308524
0,0.38754816290646027
1,0.3538848413684261
0,0.36024558923330263
1,0.12786067147853403
0,0.5144336083826532
0,0.8745052403032891
0,0.24226891638282957
0,0.4515717526495571
1,0.5426566529665692
0,0.651545541750383
0,0.4387892007341566
0,0.3931912927885777
0,0.7119836141217394
0,0.6477024727069316
1,0.3157504896596335
0,0.7349904099030131
1,0.278355789165794
0,0.19155995386750096
0,0.22549167264426445
0,0.26002555121722176
1,0.3972771584322949
0,0.779204068023302
1,0.5563365046410799
0,0.47219869399648345
0,0.5407345235912377
0,0.4038520650762488
0,0.14912600270433804
0,0.3330256019139048
1,0.42374363454905367
0,0.8745052403032891
0,0.6910147061679964
0,0.6916175623678643
0,0.5871738852719908
1,0.14681122374080133
0,0.8841419090148532
0,0.8916581792562306
0,0.46801383433011984
0,0.41886202451037285
1,0.2913834037923167
0,0.27402566370918924
0,0.15655569773832906
0,0.6242814510498225
0,0.1732526547696683
1,0.4506159711829531
0,0.26298458570431726
0,0.28130147844439635
0,0.09382909621705628
0,0.32524763516233857
0,0.3150657194140382
1,0.49997174884465806
0,0.4745644362660756
1,0.887717871966388
0,0.5775455501262726
0,0.8476362570911466
0,0.3591977431064267
0,0.9954449801143668
0,0.40846318619745514
0,0.5977041443740124
0,0.31409657338161673
0,0.41130707895850704
1,0.17241383907521407
0,0.4865291792232382
0,0.1828703250504947
0,0.5922460447475757
0,0.5008667867866128
0,0.6501271687090083
0,0.13965437476340428
0,0.6259011677032942
0,0.689340085470974
0,0.3011970645798737
0,0.9343113295343496
0,0.16030486564956073
0,0.30258114134739506
0,0.1712888545238585
0,0.3586161684395621
0,0.24597565448604305
0,0.2886142926665473
0,0.3963460358628391
1,0.8399339511169
0,0.301792257238008
0,0.17662414587656317
0,0.33870380624724084
