y_true,y_prob
0,0.0043321745
1,0.99982816
0,0.007472673
1,0.33815646
1,0.08954945
0,0.0005838214
0,0.021990156
0,0.001359068
0,0.22456947
0,0.003396094
0,0.0007366512
1,0.9998628
1,0.81967944
0,0.0067654825
0,0.001980631
0,0.0011120973
1,0.11804509
0,0.0033199165
0,0.0036447018
0,0.0070211487
0,0.03456343
0,0.0028828674
0,0.005667566
1,0.23659015
0,0.047704227
0,0.0027405634
1,0.00203873
1,0.9939979
0,0.0016158837
0,0.0006262995
0,0.010243973
1,0.9970782
1,0.14554934
0,0.0026140253
0,0.009397734
0,0.003930819
0,0.011991603
0,0.0060633128
0,0.0040654824
0,0.019808648
0,0.04761131
0,0.016599908
0,0.06197544
0,0.006153045
0,0.007513002
1,0.9999909
0,0.01450249
0,0.013277647
1,0.94043285
0,0.0077458466
1,0.9903821
0,0.0027438563
1,0.95739347
1,0.2447743
1,0.9998085
0,0.02878408
0,0.0025434336
0,0.0012771781
0,0.0022499564
0,0.0020923947
0,0.00075026776
0,0.001900588
0,0.023253242
0,0.0024262632
0,0.029586898
0,0.18116498
1,0.9826188
0,0.00478462
0,0.0014636032
0,0.0020774535
0,0.009548665
0,0.0030074876
0,0.013113856
0,0.008094481
0,0.009073682
0,0.0033972964
0,0.02044214
0,0.0037287255
1,0.99686426
1,0.82188565
0,0.0059498553
0,0.008315678
0,0.13738702
0,0.004198391
0,0.0052105132
1,0.15537035
0,0.011471017
0,0.0020330285
0,0.0015702742
0,0.00068874005
0,0.0046734707
0,0.0043613403
0,0.0019844736
1,0.5257026
0,0.017077498
1,0.5320602
0,0.0008772725
0,0.004918522
0,0.0033611148
0,0.0048737954
0,0.2110092
0,0.007929695
1,0.9999171
0,0.027624935
0,0.0030185012
0,0.0033655965
0,0.0061704046
0,0.08793094
0,0.0034806195
0,0.024127636
1,0.98121244
1,0.99997526
0,0.1238881
1,0.023405563
0,0.014370221
0,0.0047695125
0,0.0028549663
0,0.008424866
0,0.0021527251
0,0.18568924
0,0.016341308
0,0.00096200994
0,0.02132192
0,0.004407684
0,0.0031068379
0,0.00096775097
0,0.007084378
1,0.9958204
0,0.006203502
0,0.03274668
1,0.07720026
1,0.04867445
0,0.09262971
0,0.026209472
0,0.005369837
0,0.612858
1,0.6481098
0,0.0013923368
0,0.0047948156
1,0.9999999
0,0.009110423
0,0.033350598
1,0.9926722
1,0.99961317
0,0.008403211
0,0.0017217026
0,0.002459942
0,0.01735982
0,0.014091821
0,0.0006438154
0,0.00439848
0,0.016077962
0,0.0037170686
1,0.032315396
0,0.0029542483
0,0.015651854
0,0.019315075
0,0.02611037
0,0.0027720942
0,0.002035255
0,0.006355773
0,0.0014318177
0,0.0031982083
0,0.0034480433
0,0.0064441296
0,0.0124450745
0,0.0022497743
0,0.04699146
1,0.9900211
1,0.9999979
0,0.022606451
0,0.0038639766
0,0.008173881
0,0.0006839144
0,0.011120075
1,0.91112167
1,0.9999185
0,0.10722765
0,0.0020532766
0,0.03592247
0,0.0073009157
0,0.006514583
0,0.01805671
0,0.0020850187
0,0.0039868387
1,0.8169486
0,0.019814081
1,0.00807199
0,0.0004370659
0,0.011295664
0,0.0017118648
1,0.00622037
0,0.023071729
1,0.012508678
0,0.0020925906
0,0.0028926968
1,0.95957476
0,0.03136611
0,0.008331795
0,0.007306168
1,0.0684703
0,0.009462499
0,0.003008001
0,0.0026887543
0,0.0025628968
0,0.0148146935
0,0.0050477195
1,0.99999934
1,0.21298246
0,0.0045137145
0,0.010484795
0,0.0029846923
1,0.8169321
0,0.0015597396
0,0.03610201
1,0.997178
0,0.0026692417
1,0.9999932
0,0.0024959107
1,0.064162254
1,0.53330433
0,0.0006936509
0,0.0054014404
0,0.029788429
0,0.023605362
0,0.008105749
0,0.0031804494
0,0.005304452
0,0.001954166
0,0.005449804
0,0.0026101645
1,0.8641522
0,0.00795028
0,0.003787447
0,0.00983062
0,0.016857995
0,0.47427005
1,0.99646485
0,0.07723953
1,0.15569185
0,0.0028560634
0,0.01077461
0,0.020367617
0,0.010406761
0,0.07298469
0,0.0023837006
0,0.00251178
1,0.0802456
0,0.0034667065
0,0.022305626
0,0.001731774
0,0.002286682
1,0.99847364
0,0.0025946144
1,0.7332224
0,0.001208129
0,0.09551743
1,0.6355484
1,0.2142172
0,0.0035681326
0,0.0069794483
1,0.99800557
0,0.07375132
0,0.0015252671
0,0.0037767158
0,0.0482595
0,0.025752997
1,0.9891499
0,0.016032267
0,0.03062506
0,0.0033385437
0,0.001614612
0,0.0083957175
1,0.7208389
0,0.015799131
0,0.00046061343
0,0.00045380802
0,0.007119071
0,0.01089403
0,0.0031694134
0,0.006436362
0,0.15467466
0,0.00102394
0,0.030579418
0,0.0020599756
0,0.01505401
0,0.0035279952
0,0.0065953503
0,0.011684749
0,0.003970112
0,0.02283283
0,0.017124174
0,0.007962952
0,0.0069202054
0,0.014302417
0,0.001151597
0,0.0022520418
0,0.006053249
0,0.011055385
0,0.033999287
0,0.008204533
0,0.00053043256
0,0.013973241
0,0.0064069848
0,0.0013211243
0,0.0010860299
0,0.0105438
0,0.12253151
0,0.0028487358
0,0.013620252
0,0.009595993
0,0.0015451111
0,0.0011016835
1,0.5671256
1,0.3840333
1,0.8647565
1,0.13355836
1,0.83690196
0,0.0065962025
0,0.0067143315
0,0.0054575237
1,0.9992923
0,0.02344637
0,0.004416944
0,0.0023748737
0,0.011360561
1,0.25503445
0,0.011707376
1,0.15494122
1,0.99943364
1,1.0
0,0.0203701
0,0.0051672915
1,0.0017500396
0,0.009833592
0,0.0020791546
0,0.003096346
0,0.0030501392
0,0.08017792
1,0.040355694
0,0.0070424136
1,0.017619783
0,0.0014358443
0,0.0041372497
1,0.99245256
0,0.008610327
0,0.0035691182
0,0.07197276
0,0.02418961
0,0.025974665
0,0.0036349543
0,0.010686922
0,0.02658425
0,0.001337027
1,0.22357084
0,0.00158165
0,0.0027733995
1,0.520505
0,0.0014575107
0,0.0012693412
0,0.005953188
0,0.004691923
0,0.016281174
0,0.027735285
0,0.018150173
1,0.99994123
0,0.017023027
0,0.040618606
1,0.9998758
0,0.0035733294
0,0.0015731513
0,0.0015687123
0,0.008154098
0,0.001551862
1,0.010788503
0,0.011538394
1,0.91291934
0,0.023103809
1,0.018747108
0,0.010092444
0,0.007045069
0,0.007972894
0,0.08411099
0,0.02788147
0,0.0012932299
0,0.00041699017
1,0.8549806
0,0.0044987854
0,0.069280304
0,0.19017892
0,0.031891
1,0.8364211
0,0.022117715
1,0.058894873
0,0.011231396
0,0.002928694
0,0.06784518
0,0.016387159
0,0.017493667
0,0.0009085074
0,0.0032494718
0,0.0029489996
0,0.0075107384
0,0.0047115264
0,0.0072572934
1,0.23676181
1,0.18298846
0,0.0117759695
0,0.0008168031
0,0.0015619181
0,0.0034152172
0,0.01055818
0,0.017643934
0,0.001990864
0,0.005928038
0,0.118940264
0,0.00347365
1,0.022420412
0,0.006455555
1,0.828221
0,0.003071981
1,0.4006668
0,0.0049549327
0,0.015131134
0,0.009464991
1,0.0022358494
1,0.1575339
0,0.001886726
0,0.005708017
1,0.3520705
0,0.00092297833
0,0.007867321
1,0.87693614
0,0.0036667455
0,0.00074802956
0,0.0016388018
0,0.0025883294
1,0.99996877
0,0.0033515953
0,0.012307513
0,0.0018755347
0,0.00056103617
1,1.0
1,0.9999863
0,0.002423443
0,0.039140116
0,0.0012110976
1,0.013375619
1,0.20830576
0,0.0012438772
0,0.006635715
1,0.21559101
0,0.0045088935
0,0.0049027056
0,0.0032646689
0,0.020635374
0,0.0011516341
0,0.000542113
0,0.015442332
0,0.0017598676
0,0.0011651402
1,1.0
0,0.0021644533
1,0.9988525
0,0.0039691716
0,0.0020016143
1,0.96088403
0,0.0046547228
0,0.00034238608
1,0.0035501057
0,0.0019344719
0,0.0046567493
0,0.000926828
0,0.011073688
0,0.0121003045
1,0.968302
0,0.0136581585
0,0.0012406186
0,0.003283485
0,0.0025730622
0,0.001270914
1,0.028416667
0,0.007213675
0,0.011981441
0,0.007446551
0,0.042701814
0,0.0036688154
0,0.005632908
1,0.99735963
0,0.0020489949
1,0.39389035
0,0.0029441847
1,0.21707039
0,0.007845612
0,0.0019770672
0,0.0044973507
1,0.03833457
0,0.045498133
0,0.0012178626
0,0.15862644
0,0.0006863479
0,0.0034017472
0,0.00082032516
0,0.000736818
0,0.0051889885
0,0.0031164002
0,0.008135538
1,0.93114084
0,0.0037190025
1,0.97256917
0,0.015065348
0,0.059874743
0,0.0036488427
0,0.0017427334
0,0.017929012
0,0.0012011371
0,0.0070208553
0,0.0037560398
0,0.00048035558
0,0.0020755269
0,0.014077811
0,0.04979689
0,0.067904584
0,0.005494459
0,0.0028280797
0,0.0029752697
0,0.006687839
0,0.014666405
1,0.4466542
0,0.0015845714
0,0.008609601
0,0.012797552
1,0.9645048
0,0.0054215793
0,0.05060223
0,0.0069690845
0,0.0018445865
0,0.0029114524
1,0.9999872
0,0.014095366
0,0.0043029506
0,0.0051600416
0,0.0037985314
0,0.000768504
1,0.28171527
0,0.004683364
0,0.0014210565
1,0.9999088
0,0.0011295974
0,0.0017832073
0,0.0037427081
1,0.14493988
0,0.047116056
0,0.00041039748
0,0.0011778034
0,0.006572299
0,0.006780161
0,0.0010326692
0,0.0016127083
0,0.0054055997
1,0.7894356
0,0.0042648837
0,0.0010934606
1,0.21195541
0,0.004876854
0,0.06718766
0,0.0022617718
0,0.023005284
0,0.0674738
0,0.04575847
1,0.37293375
0,0.0029486595
1,0.015441876
0,0.010469817
0,0.17312628
0,0.014060096
1,0.83551747
0,0.0026815217
0,0.0074573364
0,0.008261876
0,0.0016718643
1,0.16748369
0,0.0016376349
0,0.0024640276
0,0.001235716
0,0.003579418
0,0.0022088012
0,0.00412626
0,0.017603679
0,0.020372812
0,0.006532559
1,0.07343965
1,0.083878525
0,0.0037539762
0,0.0032085131
0,0.05259143
0,0.0025698687
0,0.010478445
0,0.0012875232
0,0.004360668
0,0.0030547548
0,0.04564165
0,0.0049460023
0,0.0013779273
0,0.0024328597
0,0.018554052
0,0.02933335
1,0.13561614
0,0.03961669
0,0.009493287
0,0.003665979
0,0.00051397935
0,0.029176202
0,0.005570516
0,0.0037856393
0,0.0024514694
0,0.013117991
1,0.99674994
0,0.002082549
0,0.051859763
1,0.9909433
0,0.18872887
0,0.015739229
0,0.002453568
0,0.011733867
1,0.9915964
0,0.006394714
0,0.0033393407
0,0.018034887
0,0.00473509
0,0.009037769
1,0.9977378
0,0.108181775
0,0.020785466
0,0.040451106
0,0.004233422
1,0.9474992
0,0.045160174
0,0.0011409589
1,0.9999943
0,0.0058266013
0,7.6450386e-05
0,0.003430285
1,0.74436134
0,0.002104743
0,0.08741824
0,0.016362032
0,0.009353806
1,0.027294515
0,0.008611633
0,0.0025815829
0,0.0034704378
0,0.012668412
1,0.99989784
1,0.08762273
1,0.18702844
1,0.88173777
0,0.0048897997
0,0.02975911
0,0.004907306
0,0.013497436
0,0.0029442622
1,0.99999964
0,0.009833619
1,0.99994576
1,0.5353215
1,0.96521777
0,0.0023286762
0,0.020849835
1,0.39354593
0,0.010678631
0,0.023173068
1,0.099021554
0,0.0012836506
0,0.0021474564
0,0.0041210353
0,0.0262186
0,0.022188062
0,0.008131207
0,0.0014955477
0,0.005231723
0,0.096635886
0,0.0053048544
0,0.0026610882
0,0.017254155
0,0.007898132
0,0.021996934
1,0.51162475
0,0.0008562093
0,0.016088821
1,0.023548631
0,0.003573632
0,0.0024427953
0,0.0013723044
0,0.0171699
0,0.001255629
0,0.0104976045
0,0.0017450678
0,0.021597585
0,0.0034750984
0,0.0075127785
0,0.059609268
0,0.013604149
0,0.0041667926
0,0.0005341294
0,0.006446677
0,0.0024858387
0,0.0056314953
1,0.99999684
0,0.023270128
0,0.0074765845
1,0.98362064
1,0.14737515
0,0.003257706
0,0.0016200402
0,0.0025918987
0,0.0061423816
0,0.0015528515
0,0.00078965706
0,0.008674762
1,0.99999833
0,0.031844843
0,0.0047087073
1,0.49217606
0,0.0023046958
0,0.001964062
0,0.017852042
0,0.0066773496
0,0.0025553189
0,0.024178216
0,0.0018435006
0,0.009690761
0,0.08326287
0,0.0023484486
0,0.016353996
0,0.011020536
0,0.040685892
0,0.01469357
0,0.00384991
0,0.076611884
1,0.99999386
0,0.011849834
0,0.003802588
0,0.019021604
1,0.9999999
0,0.013791543
0,0.010068186
0,0.0013738174
0,0.020357622
0,0.0039983992
0,0.0052936277
0,0.002968324
0,0.0014258722
0,0.0038011577
1,0.9999995
0,0.0016400677
1,0.014565849
0,0.0034079326
0,0.005974431
0,0.022515727
0,0.09832372
0,0.0018534336
0,0.0129939765
0,0.009957041
0,0.0013605275
0,0.020778716
0,0.00037658264
0,0.0056304545
0,0.011765548
1,0.99966425
0,0.054557182
0,0.010409943
0,0.018554375
0,0.00062481966
0,0.002825127
0,0.0095159495
1,0.91157913
0,0.040625133
1,0.028043687
0,0.0020751148
0,0.0038249
1,0.45062503
1,0.9999995
0,0.010258642
0,0.002646058
0,0.0052730283
0,0.0024570674
0,0.0011359487
0,0.012168914
0,0.004507753
0,0.0074528125
1,0.6088501
0,0.005732279
0,0.06886519
0,0.029140139
0,0.008285657
0,0.0024386223
0,0.0021271468
0,0.0051089562
0,0.0028991788
1,0.032462534
0,0.005577818
1,0.99452037
0,0.025220271
1,0.0022071067
0,0.016894676
1,0.034075253
0,0.0035330781
1,0.99999547
0,0.018539948
0,0.040770996
0,0.0014884099
1,0.015471474
0,0.0014800662
0,0.0028502655
0,0.006338421
0,0.1649586
0,0.009515086
0,0.00297535
0,0.0022487217
1,0.15563875
1,0.6311474
0,0.0046300273
0,0.0025907513
1,0.58807284
0,0.015724538
0,0.00409531
0,0.014185509
0,0.0005257648
0,0.014932076
0,0.0042236703
0,0.003047125
0,0.002375913
0,0.004401026
0,0.005671045
0,0.017637664
0,0.035931706
0,0.0013553072
0,0.009186791
0,0.007526829
1,0.9222943
1,0.99999994
0,0.0054899426
0,0.00539884
0,0.0035522508
0,0.00083327544
0,0.00074808777
0,0.00044889492
0,0.0009813234
0,0.007890929
0,0.0024233207
1,0.99861944
1,0.99999315
0,0.003370797
0,0.004481505
0,0.015541811
0,0.022791604
0,0.001144242
0,0.0024111946
0,0.015984183
0,0.0064096674
0,0.005928458
0,0.0014111188
0,0.005529605
1,0.10950659
0,0.013127687
0,0.001691813
0,0.014778303
0,0.0026430017
0,0.013139121
0,0.0031683813
0,0.016466537
1,0.6175439
0,0.006712399
0,0.016521141
0,0.0028582846
0,0.0038111124
0,0.0013692483
1,0.99999875
0,0.01140142
1,0.6458565
0,0.0005000434
0,0.0052497755
0,0.02974861
1,0.999976
1,0.9979072
0,0.008414762
1,0.2298168
0,0.005914149
0,0.0033813089
0,0.0013484738
1,0.1867672
0,0.001819698
0,0.0012284565
0,0.007314212
0,0.008294796
0,0.0043621603
0,0.08252169
0,0.0013419879
1,0.008230084
0,0.01216869
0,0.0049865786
0,0.0036689355
0,0.0032830387
0,0.014236832
0,0.017438155
0,0.013619316
0,0.01027789
0,0.0014451995
0,0.0063380003
0,0.009061365
0,0.016815579
0,0.013821961
0,0.0027270082
0,0.0041036033
0,0.0005198855
0,0.009333352
0,0.0011627862
0,0.005834822
0,0.0047634863
0,0.0017415212
0,0.091690764
0,0.0028091876
1,0.5950706
0,0.043025684
0,0.0062600705
0,0.0063661714
0,0.009559151
0,0.0016438938
0,0.00921354
0,0.016902491
1,0.0027434109
0,0.030260356
0,0.022538077
0,0.001480685
0,0.003233915
0,0.020667579
1,0.45387873
1,0.7573915
1,0.7399688
0,0.0017188691
0,0.007440481
0,0.0044746264
0,0.007902912
0,0.00969195
0,0.0034757224
0,0.0025111106
0,0.008439521
0,0.003502463
0,0.0013496036
0,0.0055656205
0,0.016840518
0,0.0011526626
0,0.0057445243
0,0.0013989983
0,0.005064895
0,0.0033364627
0,0.105912164
0,0.0044656196
0,0.035559148
0,0.002596912
0,0.0024205514
0,0.0031419513
0,0.0063153794
1,0.067794405
0,0.0028003643
0,0.04058768
0,0.0015310489
0,0.0039286935
0,0.0046924907
0,0.005482032
0,0.0013071444
0,0.0033250037
0,0.23529963
0,0.007327325
0,0.013999406
0,0.0025360868
0,0.0013518041
0,0.004430285
1,0.2285994
0,0.008490683
1,0.61860126
0,0.08494163
0,0.021917893
0,0.012979216
0,0.0023656965
0,0.005162366
0,0.0019139216
0,0.007911879
0,0.0064611267
0,0.0009811135
1,0.20855896
0,0.023540312
1,0.97851723
0,0.012688474
0,0.0052674487
0,0.014065465
0,0.0073736194
0,0.0007730095
0,0.010437397
0,0.00960341
0,0.0030850053
0,0.004806351
0,0.0011534321
1,0.2935655
0,0.005850728
0,0.0027230908
0,0.0009961643
1,0.99999857
0,0.014902983
0,0.011495554
1,0.5146091
0,0.012585771
0,0.00290406
0,0.02063069
1,0.83121496
1,0.48556054
0,0.022392835
1,0.90854615
0,0.0018760194
1,0.0035048153
0,6.376386e-07
0,0.021954374
0,0.0018486647
0,0.0004676369
1,0.0011863245
0,0.004578917
1,0.46879297
0,0.0020699622
1,0.15949714
1,0.9058662
1,0.7322952
0,0.004560995
0,0.0030925
0,0.004132718
0,0.0013535606
0,0.002095962
0,0.0057557556
0,0.0029614212
0,0.004291599
0,0.009732468
0,0.029780703
0,0.015684806
0,0.0027190857
0,0.011760044
0,0.007523438
0,0.065909274
1,0.07768311
0,0.06571016
0,0.004807721
0,0.007062058
1,0.22656578
1,0.02009534
0,0.12241238
1,0.029684624
0,0.0044966373
0,0.023630278
0,0.012320242
0,0.002863782
0,0.031250637
0,0.008252147
0,0.0023960264
0,0.006470208
0,0.017607985
0,0.0066736815
0,0.0036276872
0,0.0018931365
1,0.8818308
0,0.0317584
0,0.0026517457
0,0.0034165091
0,0.03463561
1,0.99998707
1,0.3895873
0,0.03463104
0,0.011285591
0,0.0010635144
0,0.0019202506
1,0.9997653
0,0.0032413844
0,0.018775381
0,0.010388473
0,0.012076573
1,0.0073549114
0,0.08852425
0,0.005773074
0,0.0016959957
0,0.0043682307
0,0.0026487678
0,0.003680635
1,0.042584237
0,0.0062614707
0,0.0035989094
0,0.06890222
0,0.0065281447
0,0.0024727264
0,0.0029771386
1,1.0
0,0.0009341513
0,0.006947417
0,0.0014748281
0,0.03057369
0,0.0041254135
0,0.00057092385
0,0.10880825
0,0.017043006
1,0.08943008
0,0.0023721608
0,0.0027135988
0,0.004341572
0,0.020335969
0,0.0013426071
0,0.012405086
0,0.009012016
1,0.96806663
0,0.005497662
0,0.010226549
0,0.00500867
1,0.089693636
1,0.007951231
0,0.0013929461
0,0.0052401857
1,0.4810803
0,0.0066691027
0,0.0058734175
0,0.024593532
1,0.08272947
1,0.99989295
0,0.0043399227
0,0.00085367175
0,0.00082918914
1,0.67591506
1,0.9999994
0,0.021927146
1,0.864889
0,0.0024830515
1,0.01986894
1,0.9999641
0,0.0039579277
0,0.017933192
0,0.018784361
0,0.09888577
0,0.00087526365
0,0.0009880912
1,0.018800342
1,0.7396505
0,0.0020701059
0,0.0027105282
1,0.5008435
0,0.025141366
0,0.006910953
0,0.0027206612
0,0.013589453
0,0.0007633304
0,0.1734031
0,0.010981215
1,0.6400389
0,0.026639286
0,0.0014067915
0,0.014374829
0,0.00061021093
0,0.0022641663
0,0.0019184373
0,0.004090192
0,0.00701264
0,0.012023832
0,0.004752378
0,0.0069270213
0,0.0024210047
0,0.008560833
0,0.0041372986
0,0.00065060746
0,0.0009109266
0,0.0024760526
0,0.0042558294
0,0.009032278
0,0.0031685245
0,0.00999699
1,0.97219545
0,0.008697944
1,0.99998766
0,0.010178815
1,0.9390976
0,0.0020635892
0,0.014141367
0,0.0046760887
0,0.015137102
0,0.002650814
1,0.08990167
0,0.014767615
0,0.0152798
0,0.0021723006
0,0.0017448624
0,0.0711808
0,0.012635413
1,0.7388497
0,0.012284441
0,0.00060352177
0,0.0049085533
1,0.41109163
0,0.0106124
0,0.00797929
1,1.0
0,0.0013782782
0,0.0053751525
0,0.010946113
0,0.0025323792
0,0.04077868
0,0.0048118825
0,0.0031004318
0,0.0037370496
0,0.00010413645
0,0.0025723635
0,0.0056611323
0,0.0012756243
0,0.0091095
0,0.0010678429
0,0.0022465966
1,0.62387794
1,0.9986133
0,0.013178167
0,0.004269276
0,0.0022599616
0,0.0013280816
0,0.008679195
0,0.0023461597
1,0.06258309
1,0.99188006
0,0.0046934485
0,0.02880009
1,0.99971896
0,0.0022039332
1,0.9999445
0,0.004022406
1,0.99999297
0,0.014391566
1,0.9635475
0,0.0073947017
0,0.33065185
0,0.0018366991
0,0.007049867
0,0.00028807617
1,0.014111569
1,0.49728096
0,0.0013920363
1,0.08367398
1,0.19139381
0,0.014388726
0,0.004021773
0,0.009460996
0,0.0018966284
0,0.0013858748
0,0.06494176
0,0.012209958
1,0.9998937
1,0.0076347776
0,0.015611299
0,0.0022254055
0,0.0018258477
1,0.6495429
1,0.9129272
0,0.001853475
1,0.99991053
0,0.0059982818
0,0.0063479836
0,0.012281166
0,0.0015814316
0,0.010341231
0,0.0043397704
0,0.005610514
0,0.1240183
0,0.011048462
0,0.084406845
0,0.0058167516
0,0.0008560249
0,0.19517872
0,0.001438396
0,0.017365767
1,0.34894887
0,0.009996015
0,0.0023957095
0,0.006239107
1,0.6103457
0,0.008709024
0,0.0008335408
0,0.0008678478
0,0.0054250327
0,0.0012933648
1,0.5314461
0,0.0067555374
0,0.0044366033
1,0.73595107
0,0.0018103026
0,0.0037992897
0,0.015280963
0,0.0018139925
0,0.0075969268
0,0.04303414
1,0.11039278
0,0.016435698
0,0.00928101
1,0.99987876
0,0.0028234806
0,0.003709457
0,0.004659242
0,0.00024973825
0,0.0140610095
0,0.002067625
0,0.017953763
0,0.0048372997
1,0.9999018
0,0.004596548
0,0.010501183
0,0.0039182613
0,0.0138555085
1,0.5057896
0,0.011400561
0,0.0017856738
0,0.0020571104
1,0.99997497
1,0.8010665
0,0.010608461
1,0.9999984
0,0.025942191
0,0.030201193
0,0.0011805168
0,0.021998418
0,0.0047974084
0,0.012425176
0,0.0075034974
0,0.003917444
0,0.007641935
0,0.00563686
0,0.00494004
0,0.0034540896
0,0.0033195124
0,0.0015163473
0,0.012435052
0,0.004923043
1,0.17556413
0,0.0015923604
0,0.0056618587
0,0.0021309042
1,0.6570068
0,0.00043705734
1,0.99692976
0,0.0025171365
0,0.0015818067
1,0.72510445
0,0.007210554
1,0.9905704
1,0.99481124
0,0.001089581
0,0.0025086207
0,0.0005531746
1,0.8174243
0,0.0044307313
0,0.0020552846
0,0.021819342
1,0.99972105
1,0.05020392
1,0.68678576
0,0.17193733
0,0.0035126328
1,0.99953127
0,0.0035748733
0,0.0028885242
0,0.00087947835
0,0.021997184
0,0.03135489
0,0.0046653016
0,0.03965194
0,0.0018490421
0,0.0035518694
0,0.009483325
0,0.00320239
0,0.006972247
0,0.006336499
0,0.0073771942
0,0.002645447
0,0.011931884
0,0.002017923
0,0.002015537
0,0.006152048
0,0.0027256287
0,0.00536835
0,0.0015621614
0,0.020821411
0,0.0054797544
0,0.0012865135
1,0.9996566
1,0.030585103
0,0.036711913
0,0.013959674
0,0.0038151285
1,0.71904564
1,0.99845606
1,0.20280875
0,0.0010947151
1,0.9999898
0,0.0059652063
0,0.004653542
0,0.0072132475
0,0.001017966
0,0.02210093
1,0.9144619
0,0.0012694127
0,0.0022311271
0,0.008228814
0,0.002143424
0,0.11222102
0,0.0041971407
0,0.019714186
0,0.0025976393
1,0.14531942
0,0.008784037
0,0.0004657302
0,0.0046092286
1,0.6255404
0,0.067459315
0,0.009449202
0,0.012364535
0,0.0032758783
0,0.0057422235
1,0.44218138
0,0.07128875
0,0.0012580513
0,0.013321242
0,0.00355129
0,0.04901799
0,0.0065424205
0,0.0027515674
0,0.015849944
0,0.0063138804
1,0.9993266
0,0.0009182978
0,0.0016159237
0,0.004804131
0,0.0037132318
0,0.10091902
0,0.0017837598
0,0.020831374
0,0.007141387
0,0.014324818
0,0.008139034
0,0.012127397
0,0.0021089436
0,0.00615614
0,0.0041830656
0,0.0020832655
1,0.16537781
1,0.64981014
1,0.7760066
0,0.014595941
0,0.06814676
0,0.017347502
0,0.009964081
0,0.012984061
1,0.9825984
0,0.0028807924
0,0.012435067
1,0.30363378
0,0.0007739537
0,0.002594714
0,0.0036681355
1,0.06723966
0,0.009693112
0,0.0065217274
0,0.009340806
0,0.0013616097
0,0.0012266674
1,0.99999595
0,0.0013098001
0,0.0013277356
0,0.0022565085
0,0.004164753
0,0.0034334606
1,0.08906111
0,0.0037298384
1,0.9999999
0,0.0015626806
1,0.41154385
0,0.0014674712
0,0.019833501
0,0.005930048
0,0.018489847
0,0.00096956914
0,0.013453095
0,0.011689182
0,0.004505284
1,0.8447876
0,0.0028225076
0,0.0069392044
0,0.0071564177
1,0.1420194
0,0.014278376
0,0.014818215
0,0.0023294776
0,0.48110235
0,0.0054118303
0,0.039717074
1,0.2215729
0,0.0049204975
0,0.0045478554
0,0.0077335685
0,0.02023541
0,0.001426056
1,0.843617
0,0.00063998526
0,0.0024453995
0,0.0030071035
0,0.0012428629
0,0.0035937685
0,0.013021267
0,0.01953412
0,0.012894493
0,0.00022055165
0,0.072365314
0,0.0078008124
0,0.0021094964
1,0.9996303
0,0.005790303
0,0.0037523517
0,0.0045832195
0,0.08026037
0,0.013293636
0,0.0060085203
0,0.0038989778
0,0.042572822
0,0.00067825173
0,0.00075053447
0,0.033418585
0,0.05153557
0,0.003429591
0,0.043500632
0,0.011839827
0,0.0032856783
1,0.99997437
0,0.0020790044
1,0.0986573
0,0.013330389
1,0.9999997
0,0.0033494204
0,0.002857698
1,0.94798905
0,0.0017538324
0,0.0021512844
0,0.013428607
1,0.046514206
0,0.007460852
0,0.005209078
0,0.06794196
0,0.0018216118
0,0.006796113
1,0.99993217
0,0.004460818
0,0.027018683
0,0.0122860605
1,0.95750886
0,0.006569551
0,0.055720802
0,0.03743015
0,0.040190864
1,0.7641219
0,0.0046465714
0,0.0004514
0,0.0041140434
0,0.020686543
0,0.031389337
0,0.0035333566
0,0.014494571
0,0.0012888671
0,0.05821095
0,0.003100231
0,0.0033795561
0,0.0024230082
1,0.9996398
1,0.08907548
0,0.010394898
0,0.0037116865
0,0.006952403
1,0.99999845
0,0.04229529
0,0.002205106
0,0.006669165
0,0.005104012
0,0.0065859994
0,0.08596698
0,0.004041611
0,0.0037978783
0,0.007593444
0,0.0019796658
0,0.0013912942
0,0.001434219
1,0.99970967
0,0.037955865
0,0.19873971
0,0.0010797838
0,0.003094473
0,0.0042210356
0,0.018380864
0,0.0053397315
0,0.008673608
0,0.0225381
0,0.005245687
0,0.005432407
0,0.01914212
0,0.021745507
1,0.9271638
0,0.03133502
1,0.93416166
0,0.0011665217
0,0.019990234
0,0.0080361795
0,0.083178
1,0.28021201
0,0.009066105
0,0.004878502
1,0.25742775
0,0.004728972
0,0.0016134677
0,0.001672283
0,0.0011744499
0,0.0051703756
1,0.9461176
0,0.029094933
0,0.0015619731
0,0.0049091405
0,0.004069745
0,0.00957624
0,0.0068522533
0,0.013361987
1,0.08369138
0,0.004474176
0,0.02722532
0,0.0021391264
0,0.0030554663
0,0.016570022
0,0.0044406247
0,0.007171707
0,0.0018002751
0,0.004002591
1,0.1393566
1,0.9259271
1,0.012458478
1,0.28475606
1,0.9999713
0,0.014543429
1,0.10506344
0,0.02736889
0,0.0014922055
1,0.04849206
1,1.0
0,0.0019556936
0,0.0027633423
0,0.013196714
0,0.0013773683
1,0.9773781
0,0.0008965744
0,0.002989225
0,0.0151222665
0,0.24428357
0,0.0019865853
0,0.029490056
0,0.025065929
0,0.005268073
0,0.012689239
0,0.0016042774
0,0.0023004585
0,0.004004017
1,0.06313245
0,0.0036444662
0,0.012411007
1,0.012250772
0,0.0068665324
0,0.05149792
0,0.0066048168
1,0.9990555
1,0.3764674
1,0.999987
0,0.0010391892
0,0.010075365
1,0.21074726
1,0.0057180715
1,0.028523633
1,0.12912743
0,0.0023525993
0,0.004874901
1,0.9993515
0,0.0027334194
0,0.016475435
0,0.013659712
1,0.8851188
1,0.9999593
0,0.005080668
1,0.993883
0,0.0055117845
0,0.0010842837
1,0.9999999
1,0.0064953063
0,0.005095569
0,0.008418311
0,0.0014295226
0,0.003926283
0,0.018096147
0,0.18821038
1,0.35523358
0,0.033894174
0,0.002426773
0,0.0027143087
0,0.00176761
1,0.017779265
1,0.40114594
0,0.0070297043
0,0.008929297
0,0.18263847
0,0.0009717858
0,0.0206834
0,0.034030464
0,0.010640831
0,0.032516573
0,0.06464694
0,0.024563994
1,0.9510964
1,0.020758733
0,0.0030506526
1,0.25218982
1,0.4209159
1,0.2525561
0,0.00013040497
0,0.0041442416
1,0.99999785
1,0.65404284
0,0.019084143
1,0.33059263
0,0.005658531
0,0.026386091
0,0.00917331
0,0.02466755
0,0.008867793
1,0.24709135
0,0.025568798
1,0.032706965
0,0.04480256
0,0.011719532
0,0.014941659
0,0.25951064
0,0.0013687599
0,0.00518853
0,0.0017313312
0,0.0005528193
0,0.046257462
0,0.0143931415
1,0.99999404
0,0.014742743
0,0.0039635883
0,0.005931299
0,0.009282453
0,0.00449323
0,0.001323386
0,0.012245518
0,0.01467249
0,0.0031039962
0,0.001768426
0,0.0009866528
0,0.0015763908
0,0.07103768
0,0.0069888756
0,0.2442567
0,0.0059719565
0,0.002366886
0,0.006114297
0,0.00692011
0,0.025145994
0,0.0018319177
0,0.0017232693
0,0.018512059
1,0.9881297
0,0.002583274
0,0.0010805696
0,0.0024391834
0,0.0028801477
0,0.03966325
0,0.2163616
0,0.017338512
1,0.11823729
1,0.18624948
0,0.0155890975
0,0.0012262375
1,0.9388405
0,0.014818304
0,0.00048642972
0,0.00049858954
0,0.003550278
1,0.11511391
0,0.0026299981
0,0.0022280859
0,0.010063506
1,1.0
1,0.98877746
0,0.0030907316
0,0.024814693
0,0.0036689285
0,0.005095542
0,0.018018158
0,0.059461974
0,0.0006303717
0,0.0026853876
0,0.004502065
0,0.0065647354
1,0.06590644
0,0.011363056
0,0.0035981094
0,0.0034804593
0,0.0053945514
0,0.006828993
0,0.015471293
0,0.00071360206
0,0.0022982117
0,0.0006662201
0,0.11097187
0,0.00020121605
0,0.0045222943
0,0.012025854
0,0.0018470017
1,0.15994431
0,0.0022929173
0,0.0019541262
0,0.0012566585
0,0.008018641
0,0.001508927
0,0.06855722
0,0.001668572
0,0.015008552
0,0.005436378
0,0.015364829
0,0.0028168806
0,0.1453171
0,0.0054649673
1,0.7806532
0,0.000993575
0,0.004491224
0,0.0007630013
0,0.024727657
0,0.0013677314
1,0.24808274
0,0.008296774
0,0.0033749857
0,0.04604258
0,0.018970322
0,0.534816
0,0.0055458876
0,0.0012351234
0,0.002304812
0,0.000912043
0,0.015083895
0,0.045287605
0,0.0006274054
0,0.0015346672
0,0.0024266345
0,0.0053007975
0,0.015413883
0,0.012327522
0,0.0020818724
0,0.002961876
0,0.0023192172
0,0.0014206422
0,0.016307974
1,0.9977598
0,0.004862396
0,0.012545746
0,0.03356542
0,0.054268714
0,0.0007201334
0,0.13629133
1,0.96538067
0,0.0076160473
1,0.0933245
1,0.93907374
0,0.0024457497
0,0.005649468
0,0.0086789895
0,0.0015244373
0,0.0024388835
0,0.0022116005
0,0.008806186
1,0.99675727
0,0.009458316
1,0.16141602
1,0.3714508
0,0.0005408197
1,0.0054804506
0,0.011806562
0,0.0038635326
1,0.99820966
0,0.0030083973
0,0.0027714064
0,0.0065544504
1,0.90460163
0,0.07409248
1,0.75529134
0,0.0014144799
0,0.006448503
0,0.0023761245
0,0.003336044
0,0.0027229984
0,0.0047265156
0,0.01719985
0,0.0038788312
0,0.0032085578
0,0.004045517
0,0.0006779167
0,0.0021491656
0,0.019190801
0,0.005947824
0,0.0016806293
1,0.35882732
0,0.032815278
0,0.0006471465
0,0.009326277
0,0.0078012403
0,0.0011011244
0,0.05941074
0,0.0076178815
0,0.8158949
0,0.0035743993
0,0.00483918
1,0.04781295
0,0.0019046431
0,0.0028857004
0,0.24742955
0,0.0069212927
1,0.029135978
1,1.0
0,0.0019965915
0,0.0018281573
0,0.012608451
0,0.01730268
1,0.048844058
1,1.0
0,0.0006133017
0,0.010083877
0,0.007652048
0,0.009371097
0,0.086690515
1,0.864273
0,0.00062988285
0,0.013419267
0,0.0005255128
0,0.00072621676
1,0.06542461
0,0.0031650998
0,0.00056988926
0,0.0018331326
0,0.0055000586
0,0.0080734715
0,0.0027514447
0,0.0007066135
0,0.004315382
1,0.46915236
1,0.63212854
0,0.00973734
0,0.0038361095
0,0.0056386963
0,0.0051495456
1,0.020540107
0,0.0035553833
0,0.010229956
0,0.008091077
1,0.19672439
0,0.016024336
0,0.0200943
0,0.0036381688
0,0.0009498459
0,0.0062339087
0,0.038355798
0,0.0043863147
1,0.54206413
1,0.94124067
0,0.005334416
0,0.009494363
1,0.9999999
0,0.001350017
0,0.012918029
0,0.0044973674
0,0.0027130863
1,0.9897083
0,0.012975619
0,0.0002709623
1,0.9634735
0,0.00646515
0,0.0068669524
0,0.011403324
0,0.0033543422
0,0.013600004
0,0.041510858
0,0.008214317
1,0.39093128
0,0.0056126383
0,0.0012056031
0,0.0035113064
0,0.010337328
0,0.0025647725
0,0.0061834482
0,0.023337739
0,0.013123825
0,0.02069416
0,0.07767785
0,0.017558143
0,0.004679192
0,0.0019695133
0,0.0059322747
0,0.0051950817
0,0.009870585
0,0.1702124
0,0.016885148
0,0.02411804
0,0.0026878621
0,0.0020814412
0,0.008470827
0,0.01526244
0,0.0026862125
0,0.0054885913
0,0.01473071
1,0.85609734
0,0.029606925
0,0.0017371107
1,0.18170775
1,0.842667
0,0.0045091184
0,0.0025279014
0,0.0076259146
0,0.0039309147
0,0.003575631
0,0.010662433
1,0.53536206
0,0.010434158
1,0.98964167
0,0.05758184
0,0.0026672443
0,0.001008816
0,0.0016834683
0,0.013534523
1,0.9999645
0,0.011121397
0,0.010437512
0,0.0059175
0,0.013391014
0,0.0041941106
0,0.018853983
1,0.88415194
0,0.0039664577
0,0.0067323293
0,0.008737511
0,0.0035475905
0,0.0032261407
0,0.0023844992
0,0.007731347
0,0.0072860764
1,0.1370278
1,0.9998566
0,0.0026266458
1,0.38126847
0,0.0007386206
0,0.0051297816
0,0.0010763741
0,0.012933792
0,0.0028431036
0,0.0029047339
0,0.0010290312
0,0.0095018465
0,0.12496878
0,0.0018052149
0,0.0030253697
1,0.45317388
0,0.018841138
0,0.0007082571
0,0.009884768
0,0.021866519
0,0.027853735
0,0.03710311
1,0.31549963
1,0.9989875
0,0.0253845
0,0.0019983135
1,0.024712551
0,0.004377359
0,0.020695716
0,0.012251846
0,0.033127096
0,0.0028742854
0,0.0024524576
0,0.005712054
1,0.48413157
1,0.9987655
1,0.11706119
1,0.1984438
1,0.9991534
1,0.0042644846
0,0.10921984
1,0.58364755
0,0.000647429
1,0.031520937
0,0.12750265
0,0.057260875
0,0.009418336
0,0.002202817
0,0.028374355
0,0.0016163246
0,0.0015730269
0,0.0048117093
1,0.9947689
1,0.26662204
0,0.0034655929
0,0.0050344
0,0.0020487285
1,0.71312815
0,0.124050446
0,0.027558912
1,0.96361977
0,0.008486723
0,0.0020013724
0,0.00094167836
1,0.0064430675
0,0.0066316454
0,0.002115412
0,0.005508014
0,0.004979396
1,0.18444449
0,0.013593072
0,0.008414944
0,0.0016933166
1,0.30651057
1,0.931454
0,0.026052568
0,0.00391715
0,0.012260141
0,0.045474946
0,0.0016940052
0,0.003388749
0,0.004785676
0,0.0059013544
0,0.069457084
0,0.0023034057
0,0.019706836
1,0.03464459
0,0.036231916
0,0.02063259
0,0.001866967
0,0.0039167195
0,0.008807734
1,0.032937028
0,0.0015233104
1,0.99994814
0,0.035590265
0,0.0016998629
0,0.004570628
1,0.9998506
0,0.0072181528
0,0.0017016393
0,0.0115150865
0,0.015352067
0,0.016337667
1,0.004644883
0,0.001664453
1,0.9999956
0,0.0026641272
0,0.0056561553
0,0.006545299
0,0.0032583768
0,0.017120114
0,0.005320397
0,0.005967327
1,0.9999997
0,0.053887215
0,0.0026771426
1,0.67364883
1,0.9990905
1,0.008222731
1,0.9999785
1,0.99958897
0,0.032867257
0,0.01767911
0,0.014462267
0,0.0025314216
0,0.017121213
0,0.004146809
0,0.0044409065
0,0.00037893365
0,0.0054693003
0,0.0001100473
0,0.0066109053
0,0.0051140487
0,0.00084085803
0,0.0011265043
0,0.03287535
0,0.007121788
0,0.01598167
0,0.0049894038
1,0.23639655
0,0.024309477
0,0.0038663922
0,0.0009020194
0,0.005828787
0,0.0039886795
0,0.0013890383
1,0.8429028
0,0.0051439516
0,0.0018025024
0,0.0029364906
0,0.0187045
0,0.0012275189
0,0.009891561
1,0.2577997
1,0.9835714
0,0.0005549506
0,0.012838243
1,0.99999994
0,0.018108372
0,0.020017354
0,0.00324775
0,0.0017783721
0,0.0047515854
0,0.001855999
1,0.7214169
1,0.6148261
0,0.0015785724
0,0.0036439744
1,0.99999684
0,0.0039045175
1,0.1287966
0,0.0014965791
0,0.0012832294
0,0.00036289592
0,0.0053924867
0,0.005018401
0,0.009824723
0,0.0211356
0,0.0070830965
0,0.0027803348
0,0.0056510135
0,0.00036951792
1,0.09578272
0,0.012880087
0,0.0031393908
0,0.002467505
0,0.0054404717
0,0.008235718
0,0.01585652
0,0.0028384575
0,0.05569267
0,0.5959802
0,0.010954873
0,0.010924648
0,0.0038314168
1,0.98111886
0,0.007931137
0,0.0018460471
1,0.017212277
0,0.0011436527
1,0.024757303
0,0.009693171
1,0.9999444
0,0.011628024
1,0.13250493
0,0.15754285
0,0.0014267855
0,0.0029021
0,0.004767068
0,0.095409796
0,0.020492025
0,0.004420795
1,0.03692797
1,0.99766827
0,0.005524918
1,0.7066644
0,0.11432647
0,0.0012515472
0,0.0010965259
1,0.0057884776
0,0.017718758
0,0.005498877
1,0.99996334
1,0.018565128
0,0.04350056
0,0.0022883085
0,0.0040464746
0,0.0065001524
1,0.99999297
0,0.001076695
0,0.015471846
0,0.0034343724
0,0.008726973
0,0.0036597317
0,0.0031980295
0,0.006950668
0,0.009775388
0,0.07432378
0,0.00895414
0,0.06846401
0,0.0101633305
0,0.0013393244
0,0.0007193217
0,0.0037607038
0,0.0015872659
0,0.030228227
0,0.0033803463
0,0.010971454
0,0.028175913
1,0.4022485
0,0.0010612821
0,0.002388136
0,0.013721899
0,0.0087610055
0,0.02232597
0,0.0052905246
0,0.004586197
1,0.9999604
0,0.011701507
1,0.08752455
0,0.0012867082
1,0.3874943
0,0.00412492
0,0.0012013436
0,0.061844602
1,0.9786552
0,0.06358509
0,0.0070126127
0,0.0028104861
1,0.91878897
0,0.007690987
0,0.000782939
0,0.0013946791
0,0.011274369
0,0.005767121
0,0.26864243
1,0.40220374
0,0.005991531
0,0.00203347
0,0.007867012
1,0.03886132
1,0.9995062
0,0.0029498846
0,0.0041047386
0,0.003021739
0,0.0064644343
0,0.003007858
0,0.015939029
0,0.010266434
0,0.009358653
1,0.9298249
0,0.031674545
0,0.013593263
0,0.010121801
1,0.999946
1,0.035760242
1,0.7879178
0,0.015892603
0,0.0015185212
1,0.013150867
1,0.8047796
1,0.011706361
0,0.08643987
0,0.0059285867
1,0.7250856
0,0.00057947397
0,0.14843458
1,0.92569876
0,0.15448964
0,0.03053759
0,0.002031257
0,0.007772455
1,0.0529797
0,0.00933206
0,0.0026996268
0,0.026718896
0,0.0019971393
0,0.0017008675
0,0.0023095766
0,0.007033303
0,0.0045038275
1,0.50819725
1,0.9999101
1,0.065387845
0,0.015312509
0,0.00496883
0,0.023937808
0,0.004000392
0,0.00459975
0,0.01398106
0,0.002881742
0,0.006047984
0,0.0021102512
0,0.0026961218
0,0.0056120334
0,0.00092846534
0,0.015644185
0,0.016832419
0,0.11461694
0,0.0020533148
0,0.0037375058
0,0.0014176493
0,9.1331334e-05
0,0.0076607103
0,0.005770178
0,0.0015683122
1,0.9999998
0,0.00081994454
0,0.011205954
0,0.008020286
0,0.23533885
0,0.0010859773
1,0.9961018
0,0.010975175
0,0.0020349675
0,0.01726185
0,0.044541374
0,0.008297267
0,0.017689498
0,0.01967912
0,0.036089484
0,0.0025403446
0,0.007811733
1,0.59697926
0,0.0012170379
0,0.016981298
1,0.9999952
0,0.011758813
0,0.0073464494
0,0.0009915796
0,0.006843581
0,0.0042052297
0,0.0021236383
1,0.3786527
0,0.05199529
0,0.008455418
0,0.0014759914
0,0.016843611
0,0.0046562543
0,0.008632053
0,0.0026382727
0,0.01557267
0,0.009570168
0,0.0072108814
0,0.0029059604
1,0.7012223
0,0.004598075
0,0.0012045909
0,0.0077053574
0,0.0027966027
0,0.0036052233
0,0.008520089
0,0.0017232301
0,0.00042902894
0,0.0011989502
0,0.030954938
0,0.00071255845
1,0.999815
1,0.99741226
0,0.0029525226
0,0.0034337358
0,0.014231976
0,0.00083072
0,0.0036494771
0,0.001709994
0,0.005253934
0,0.005000307
0,0.008498639
0,0.0016206643
0,0.0015662401
0,0.016288208
0,0.066029355
1,0.0075518936
0,0.0043977406
0,0.0014894328
0,0.0011441475
0,0.004912214
0,0.0017225862
0,0.0020089278
0,0.003508376
1,0.057324167
0,0.010564196
0,0.002102906
1,0.9999998
1,0.9998425
1,0.015535369
0,0.012208183
0,0.002423438
0,0.0022455652
0,0.0051941923
0,0.011688886
0,0.020769125
0,0.00094653707
0,0.009779575
0,0.004594074
0,0.009034811
0,0.026522402
0,0.005359926
0,0.0025879026
0,0.011179205
1,0.9999998
0,0.0048364573
0,0.003758141
0,0.0010486189
0,0.0076870364
0,0.0223286
0,0.02709786
1,0.9999205
0,0.014636857
0,0.017868545
0,0.0018910348
0,0.0076208557
0,0.08868196
0,0.026994625
0,0.041640993
0,0.2307159
1,0.9999997
0,0.004009126
0,0.023230527
1,0.94022334
0,0.0056318045
0,0.012592475
1,0.7529655
0,0.009157873
1,0.27922568
0,0.0033282558
0,0.00449386
0,0.0019327187
1,0.9986636
0,0.31720024
0,0.009559044
0,0.011708309
1,0.9986676
0,0.0061131148
1,0.99989295
0,0.0020246445
1,0.38089466
0,0.09190953
1,0.01389197
0,0.0024376204
1,0.6156262
1,1.0
0,0.013416642
1,0.9999126
0,0.0012980443
1,0.05269704
0,0.0052699293
0,0.0028229023
0,0.018623529
0,0.0053761234
0,0.007889042
0,0.06989213
1,0.025470944
0,0.012695746
0,0.0072644013
0,0.00024254947
0,0.0053166263
0,0.04052072
0,0.0515658
0,0.0013091055
0,0.00933303
0,0.0014885261
0,0.006720431
0,0.0022636135
0,0.0016384248
0,0.003918758
0,0.005693671
1,0.5630666
0,0.0021544085
0,0.028828854
0,0.0047146915
0,0.0017903632
0,0.047468804
0,0.038954712
0,0.0181378
0,0.005657066
0,0.0012745266
0,0.0029246113
0,0.005267646
1,0.03760318
0,0.0011175851
0,0.0060979174
0,0.00077636825
0,0.010076754
1,0.13066827
0,0.004123181
0,0.02262079
1,0.9980924
0,0.00574929
1,0.9829078
0,0.0341452
0,0.0032837284
1,0.9996911
0,0.00861292
1,0.99999976
1,0.9996127
0,0.0020190936
1,0.9418277
0,0.0020574825
0,0.007975943
0,0.030229019
0,0.0100467745
0,0.0020642541
0,0.4123377
0,0.004951529
0,0.002962486
0,0.0038883495
0,0.0019181016
0,0.00212971
0,0.016060231
0,0.0028545212
0,0.0026959844
0,0.003607689
0,0.013375104
1,0.9998374
0,0.0020468868
1,0.99994946
1,0.25507107
1,0.3610329
0,0.0014374622
0,0.00092421786
0,0.0016668619
0,0.002549965
0,0.0045321323
1,0.11411563
0,0.0024141613
0,0.0031089562
0,0.0013536143
0,0.001135125
0,0.0027241062
0,0.0032328004
0,0.001329535
1,0.048251383
0,0.0119783515
0,0.0018643078
0,0.030886468
0,0.007350084
0,0.053130593
0,0.039622862
0,0.004059263
0,0.0013763567
0,0.29894564
0,0.00695593
0,0.0024886285
0,0.0033433563
0,0.0047773365
0,0.018432276
1,0.17136662
0,0.0041891322
0,0.6377006
0,0.009812578
1,0.59518087
0,0.009709907
1,0.03660543
0,0.015679065
0,0.0019499029
0,0.001237569
0,0.0054373876
0,0.011444499
0,0.009285398
1,0.99889946
0,0.001396901
1,0.5255874
0,0.0029638058
0,0.0014098563
1,0.006680842
0,0.007589812
0,0.06418693
0,0.0569844
1,0.9999999
0,0.16634938
0,0.02277319
0,0.0014324115
0,0.011673188
0,0.006257624
0,0.00012363521
0,0.007107757
0,0.008217544
0,0.01740596
0,0.012561067
0,0.01308933
0,0.059442505
0,0.003305346
0,0.0054664323
0,0.01232482
0,0.0039890334
0,0.011498961
0,0.01072365
0,0.022427931
0,0.08648255
0,0.033601142
0,0.0049690674
0,0.01987324
0,0.005071411
0,0.0022479661
0,0.002526157
0,0.14434446
0,0.019443743
0,0.0019211866
1,0.9999997
0,0.0134844985
0,0.0057973242
0,0.011206727
0,0.007213924
0,0.0015877936
0,0.0028700167
0,0.0038242643
1,0.81412935
1,0.026500553
0,0.0006831877
0,0.003355234
1,0.9684783
0,0.0035002835
0,0.025831262
1,0.027369685
0,0.0069958786
1,0.9999997
0,0.020146385
0,0.0032624726
0,0.016096257
0,0.13082707
0,0.004056585
0,0.0026025795
0,0.008118043
0,0.0014768146
0,0.00929055
1,0.08726163
0,0.0022298386
0,0.0026397426
0,0.0147517985
1,0.68562466
0,0.00046142968
0,0.0014522008
1,0.30018076
0,0.017548682
0,0.22087403
1,0.6598022
0,0.006795689
0,0.008555916
0,0.008695757
0,0.0005871031
0,0.008901142
1,0.4463528
1,0.9999987
0,0.0033214297
0,0.0036837428
0,0.0019503778
0,0.011043087
1,0.019907188
0,0.0025784022
0,0.019301511
0,0.04253298
0,0.02663564
0,0.0060565835
0,0.0071385102
0,0.0027579064
0,0.0049746563
0,0.16504583
0,0.002439884
0,0.0057863323
0,0.0047380035
0,0.019410938
0,0.0040721097
0,0.0018929169
0,0.014448009
0,0.0022734252
0,0.004297459
0,0.01762477
0,0.0014994071
1,0.92004377
0,0.12640697
0,0.0015293991
0,0.027541813
0,0.009468874
1,0.47655386
0,0.034209725
0,0.016973503
0,0.005292374
1,0.45357698
0,0.0060594887
0,0.050313693
0,0.0056736963
0,0.14746891
0,0.004472397
0,0.009750522
0,0.00072661886
0,0.012278297
0,0.020659238
0,0.0012295063
0,0.0022008198
0,0.004565229
0,0.0013613706
0,0.0039106817
1,0.65630746
1,0.027159972
0,0.0025771395
0,0.003943502
0,0.0020214578
0,0.0090209115
0,0.09317379
0,0.0017929948
1,0.99996334
0,0.003055044
1,0.41458154
1,0.9299031
0,0.8104471
0,0.003281232
0,0.001940457
0,0.02237862
0,0.014471336
0,0.0009848165
0,0.0012413603
0,0.0029743277
0,0.0043838946
1,0.22293276
0,0.03314993
0,0.011094659
0,0.008441516
0,0.018738136
0,0.0033027122
0,0.009780231
0,0.0044998364
0,0.0005979015
0,0.01684546
1,0.8051669
0,0.0217933
1,0.99999756
0,0.001397993
0,0.01116517
0,0.005232377
0,0.0011977509
0,0.0067465785
1,0.9992304
0,0.0020622269
0,0.0026048394
0,0.027671944
0,0.011382136
1,0.3950066
0,0.017273128
0,0.0011097583
0,0.007136071
0,0.010722163
0,0.027201734
0,0.0009807765
1,0.23442885
1,0.034967892
0,0.0047915014
0,0.005010572
0,0.02738933
0,0.012530254
1,0.13562861
0,0.014554629
0,0.006918056
0,0.0026659027
0,0.014108141
0,0.31261882
1,0.015817001
0,0.012648574
0,0.009868839
1,0.8454517
0,0.0015185011
0,0.0013895574
0,0.0050753145
1,0.9905408
0,0.008770294
0,0.001153977
1,0.085020214
0,0.016879458
0,0.0028006786
0,0.008605178
1,0.0066370917
0,0.005175178
1,0.9715334
0,0.004395288
0,0.0010170247
0,0.0014331588
0,0.0077162655
0,0.045747306
0,0.009804675
0,0.005851677
0,0.009054945
1,0.995173
1,0.9035683
0,0.0008287393
1,0.37397832
0,0.0033542565
1,0.9748913
0,0.011474186
0,0.0007709481
0,0.0064971806
1,0.001645593
0,0.011434188
0,0.0029067826
0,0.0037299623
0,0.0009208434
1,0.11232472
0,0.049321264
0,0.014032376
0,0.008885296
0,0.02171938
1,0.011333328
0,0.0033499585
0,0.0036193389
0,0.0047211936
0,0.0018030129
0,0.0010664095
0,0.005475266
0,0.00645085
1,0.9498436
0,0.00080761977
0,0.011779749
1,0.8900651
0,0.0066196094
0,0.111671954
0,0.1932387
0,0.002129648
0,0.33446807
0,0.0064810477
1,0.0056161173
0,0.004578423
0,0.021813517
0,0.0018270342
0,0.0025934768
0,0.024027191
0,0.0042601745
0,0.009494858
0,0.0016189361
0,0.14219373
1,0.5383771
0,0.020064209
0,0.010113555
0,0.06759295
0,0.002859538
0,0.04783167
0,0.0014267042
0,0.0015170961
0,0.03138578
1,0.77995235
0,0.15142636
1,0.9859409
0,0.0034185802
0,0.18865915
0,0.0016423009
0,0.0014605909
0,0.0041875215
0,0.0068887477
0,0.00051698985
0,0.005145092
0,0.0048208134
0,0.009393291
1,0.0010544301
0,0.0025557613
0,0.1678886
0,0.06350712
1,0.9999824
0,0.009360266
0,0.0010478522
0,0.0061264653
1,0.10854554
1,0.7763109
0,0.0013141598
0,0.0018474068
0,0.0015665772
0,0.0024134894
1,0.22483079
0,0.0060573635
0,0.002303466
1,0.39619362
0,0.012782139
0,0.0017146956
0,0.002553585
0,0.0016351772
0,0.0023628294
0,0.0042111785
0,0.014682276
0,0.025325898
0,0.0020204356
0,0.003947911
0,0.0026005765
0,0.0019837534
0,0.002408739
0,0.0010567327
0,0.0061826655
0,0.0029729987
0,0.0025314817
0,0.0016504463
0,0.011403044
0,0.009334481
0,0.0005799699
0,0.0010515382
0,0.0083553465
0,0.07204328
0,0.00910208
0,0.002629906
1,0.0023624282
0,0.0024491223
1,0.98609287
0,0.002275765
0,0.010249113
0,0.025862083
0,0.0080779325
0,0.005744897
0,0.0026198255
0,0.016368838
0,0.00146909
1,0.36970806
0,0.025498556
1,0.8561927
1,0.0024710596
0,0.008897863
0,0.021368045
1,0.037159603
1,0.30795065
0,0.015519619
0,0.0075597027
0,0.0034726718
1,0.74913996
0,0.0063509867
0,0.004447951
1,0.014255717
0,0.008347091
0,0.026068047
0,0.009005124
0,0.0030518349
0,0.070446074
0,0.004307673
1,0.5485924
1,0.9987904
0,0.010028859
0,0.013436443
0,0.0140904365
0,0.04366528
0,0.0020167613
0,0.0052571576
0,0.039844565
1,0.9996226
0,0.0009308991
0,0.008430226
0,0.013541235
0,0.009871243
0,0.0032419914
0,0.010439733
0,0.0037618307
1,0.9312759
1,0.8638542
0,0.010127207
1,0.029485311
0,0.010667859
0,0.006302128
0,0.0025600179
0,0.002687719
0,0.007117267
0,0.004966524
0,0.010231009
0,0.0010187483
0,0.0015200416
0,0.019609278
0,0.0014181228
0,0.0045478554
1,0.49806273
0,0.00534286
1,0.9591565
0,0.20157585
0,0.0060983854
0,0.004513058
1,0.06210001
0,0.0044217855
0,0.0016610564
0,0.0019658657
0,0.0064530843
0,0.0027288776
0,0.0020922883
1,0.5798177
1,0.9953128
1,0.99970764
0,0.015549348
0,0.00091640843
0,0.06893269
1,0.64808697
0,0.006843
0,0.018360153
1,0.21623616
0,0.1809896
0,0.0063994573
1,0.1019919
1,0.9885707
0,0.022210011
1,0.44203323
0,0.0069700712
0,0.010894406
1,1.0
0,0.0043924763
0,0.014855132
1,0.9812882
0,0.0013312147
0,0.019109767
0,0.004190081
0,0.0019750146
0,0.02184762
0,0.006997668
0,0.00043941656
0,0.0014170482
1,0.9999995
0,0.01150089
0,0.00480645
0,0.009104221
1,0.99997836
0,0.0055221654
0,0.012139341
0,0.00067922944
1,0.9999988
1,0.31271106
0,0.012331845
0,0.002195996
1,0.032938175
0,0.007645493
1,0.9994405
0,0.014439014
1,0.9574657
0,0.0079786675
0,0.008013958
0,0.077929944
0,0.0018978791
0,0.0140926475
0,0.0020940762
1,0.9999397
0,0.013789961
0,0.0019522018
0,0.0040266733
0,0.0024778235
0,0.03443841
0,0.0027863884
0,0.070112996
0,0.0018468045
0,0.0020828266
0,0.027529065
1,0.32097584
1,0.9991076
0,0.011607849
1,0.09430111
0,0.005740222
1,0.16356324
0,0.005501937
0,0.04758379
0,0.0020251772
0,0.14712685
0,0.1272679
0,0.0053760083
0,0.0030877986
0,0.0014934203
0,0.002298345
0,0.003618033
0,0.0035139984
1,0.75174046
1,0.29283226
1,0.99999493
0,0.0012869167
0,0.064860284
0,0.0056862785
1,0.9998274
0,0.00097264134
0,0.0013194272
0,0.0032362752
0,0.0057780785
1,0.14179276
0,0.0009858701
1,0.910246
0,0.050419115
0,0.011650114
0,0.005714513
0,0.0016607995
0,0.009577901
1,0.98607725
1,0.9171528
0,0.014083199
0,0.0077461917
1,1.0
0,0.00075124105
0,0.034835942
0,0.0008636535
0,0.0041060885
1,0.16087821
0,0.0018159292
0,0.010313971
0,0.038901336
0,0.0060493825
0,0.009032403
0,0.0046933107
0,0.0077509754
0,0.025612744
0,0.0017388256
0,0.13436374
0,0.0067586
0,0.009883451
0,0.012096827
0,0.0051015136
0,0.0047725895
0,0.027504425
1,0.99538404
1,0.082471326
0,0.03263452
1,0.16171445
0,0.00643829
0,0.0017038602
0,0.0042916336
0,0.0030229168
0,0.02305982
0,0.010444975
1,0.9998298
0,0.080671415
0,0.011418406
1,0.12467373
0,0.003310304
0,0.011210521
0,0.016536707
1,0.53034693
0,0.0008947013
0,0.001643614
0,0.025535936
1,0.99512666
0,0.007138588
0,0.0048429947
0,0.0039566304
0,0.015494647
1,0.22309229
0,0.003470123
0,0.0017741087
0,0.003535609
0,0.00666722
1,0.99999994
0,0.0012303137
0,0.018816074
0,0.0017022052
0,0.04102252
0,0.0046881856
1,0.13412851
0,0.0052216826
0,0.012269159
0,0.0049143787
0,0.020921372
0,0.000932612
1,0.99998397
0,0.08972151
0,0.009174277
1,0.41486788
0,0.00054942904
0,0.032507654
1,0.99993587
0,0.032255717
0,0.005265801
0,0.0033091886
0,0.00332834
0,0.00092424423
0,0.014181229
0,0.0045654653
0,0.0144823175
0,0.0015208038
0,0.0032189738
0,0.0024271233
0,0.003093961
0,0.010076781
1,0.013845926
1,0.9999986
0,0.0030032287
0,0.0014178249
0,0.003718983
0,0.0031377573
0,0.0011940888
0,0.002366426
0,0.008631517
1,0.0039791125
0,0.019004833
1,0.22745004
0,0.009530405
0,0.01611815
1,0.1728196
0,0.0034993987
0,0.0013587464
0,0.0065728817
1,0.99999744
1,0.085462235
0,0.0020777758
0,0.0013920511
1,0.34537956
0,0.003106265
0,0.0024495942
1,0.9996696
0,0.09187381
0,0.00096497824
1,0.07079
0,0.0088646
1,0.005358589
0,0.0042866915
0,0.017836552
1,0.07190056
0,0.0020418507
0,0.047484085
0,0.007931586
0,0.0035567246
0,0.029148433
0,0.010195427
0,0.002411568
1,0.9999813
0,0.008385708
0,0.00186287
0,0.014339605
0,0.003329183
1,0.9999834
0,0.06922145
0,0.00341542
0,0.008803683
0,0.0040096114
1,0.105243266
0,0.010185359
0,0.007341149
0,0.0044460488
0,0.01637728
0,0.042732086
0,0.0008695289
0,0.0042527006
0,0.032280818
0,0.0059736404
0,0.008385417
0,0.008727114
0,0.0037451696
0,0.00053404336
1,0.558531
1,0.38081765
0,0.019294642
0,0.0014142083
0,0.0043287845
0,0.05768717
0,0.010419502
0,0.0012754876
0,0.0029090154
0,0.03496878
0,0.09227293
1,0.9589865
0,0.004539845
0,0.01306549
1,0.07871238
0,0.0021099884
0,0.006753666
0,0.0010609123
0,0.08241947
0,0.0008297453
0,0.0062619424
0,0.0074623395
1,1.0
0,0.00092382554
1,0.76562715
0,0.005660882
0,0.0060571977
0,0.0021537056
1,0.11902487
0,0.002940138
0,0.0031609503
0,0.0034451785
0,0.019477997
0,0.003249274
0,0.007955772
0,0.0019117373
0,0.11552298
0,0.0039820396
0,0.0022293825
1,0.82084084
0,0.005007793
0,0.026686475
0,0.18971847
1,0.24249822
0,0.0031207271
0,0.0027896855
0,0.008483315
1,0.9959503
1,0.99926805
0,0.009270502
0,0.0023708113
0,0.003459321
0,0.08499741
0,0.0035575496
0,0.037393536
0,0.0022857352
0,0.009744323
1,0.4801699
0,0.0034113922
0,0.00033209758
0,0.006204106
0,0.002313672
0,0.007702851
0,0.0043536695
0,0.0581305
0,0.011334557
0,0.008866441
0,0.006327088
1,0.05480777
0,0.0074987547
0,0.0054091047
1,0.41249603
0,0.0023607407
1,0.014189145
1,0.6884722
0,0.0035276467
1,0.08790488
0,0.0015382065
1,0.3134958
1,0.999899
0,0.04567313
0,0.0014062824
0,0.0059072953
0,0.014165618
0,0.013464245
0,0.019381188
1,0.9999995
0,0.02596176
0,0.03777994
0,0.0014593021
0,0.058619194
1,0.6864587
0,0.008423849
0,0.0034322662
0,0.046542287
0,0.0058277007
0,0.25391483
0,0.034554396
0,0.0028421266
0,0.006083444
1,0.99331933
0,0.0025169908
0,0.017869763
0,0.0021527028
0,0.001280734
0,0.0011062903
0,0.0007678797
1,0.93753934
0,0.00073742383
0,0.011000248
0,0.326801
0,0.010688042
0,0.004371367
0,0.004048191
0,0.005539339
0,0.0029935497
0,0.03759075
1,0.002193632
0,0.005447453
0,0.0041799955
1,0.9999939
0,0.0027440204
0,0.0010814077
0,0.0053190268
0,0.0024739502
0,0.03883072
0,0.0022951097
0,0.0056137396
0,0.0016321349
0,0.0029107989
0,0.0018574111
1,0.03949962
0,0.0019238042
1,0.07794448
0,0.00052112824
0,0.002296038
0,0.013597242
0,0.008966038
0,0.011184529
0,0.003982807
1,0.3220604
0,0.000725701
0,0.0029446217
1,0.39502153
0,0.102658935
0,0.00200516
0,0.0060975915
1,0.9978621
0,0.0026414488
0,0.0017561045
0,0.0014986976
1,0.022450918
0,0.066284925
0,0.014656684
1,0.97855
0,0.052035905
0,0.0026689686
0,0.0048725754
0,0.00079039513
0,0.03590748
0,0.0014681175
0,0.019984385
0,0.052277423
0,0.011301102
1,0.9999855
0,0.009991004
0,0.0040194625
1,0.999949
0,0.0021883394
0,0.007143751
0,0.00060139527
1,0.9999852
1,0.798821
1,0.6370302
1,0.9890811
1,0.12093164
0,0.01140734
0,0.0007203981
0,0.18573856
0,0.005606066
0,0.004907866
0,0.024560457
0,0.00683125
0,0.005425612
0,0.0076317363
1,0.9998325
0,0.039545495
0,0.004849471
0,0.009336998
1,1.0
0,0.0048391065
0,0.031656664
0,0.007884901
0,0.03450594
1,0.5325489
0,0.0015739071
0,0.0043867114
0,0.0034072157
0,0.0025760096
0,0.0016026673
0,0.0024307212
0,0.0074119275
0,0.017031638
0,0.002447479
0,0.0015505563
1,0.7034734
0,0.0077076494
0,0.03864095
0,0.0014067853
0,0.031728983
0,0.11703755
1,0.8139034
0,0.06603018
0,0.001150162
0,0.0046810443
0,0.002580144
1,0.9998726
1,1.0
0,0.0030347058
1,0.9998652
0,0.008950007
0,0.066583425
0,0.014382208
0,0.004945129
0,0.012317554
1,0.017350387
0,0.0018975831
0,0.0094176065
0,0.010544242
0,0.011161112
0,0.0014032325
1,0.13632579
0,0.0013499168
1,0.9848421
0,0.004398791
0,0.0021725362
0,0.0059764367
0,0.0015379933
0,0.0050324607
0,0.0033332093
0,0.021305049
1,0.9999981
0,0.005464649
0,0.0026497324
0,0.09877952
0,0.031570055
0,0.078475356
1,0.92544055
1,0.7195125
0,0.007875238
0,0.043778002
0,0.031365376
0,0.01395966
0,0.0094271125
0,0.00303727
1,0.4550172
0,0.006457048
1,0.8209486
0,0.013263186
0,0.0039345757
0,0.0061311186
0,0.016185839
0,0.04131776
1,0.021238185
0,0.00054452417
0,0.0044583576
0,0.119917795
0,0.0064811953
0,0.005954006
0,0.024780132
0,0.013963244
0,0.013908032
1,0.9260831
0,0.025591753
0,0.0014222106
0,0.011429197
0,0.20884548
0,0.0041625844
0,0.0062328326
0,0.05527055
0,0.018871052
0,0.0018110499
0,0.0007370424
0,0.0015006333
1,0.99991745
0,0.00566311
0,0.00569771
0,0.0016651938
0,0.009037654
0,0.001586185
0,0.006086329
0,0.0050550313
0,0.00220745
0,0.0036961543
0,0.0034153014
0,0.0023509874
0,0.0050802627
1,0.8437881
0,0.0036730045
0,0.0052282973
0,0.056502976
0,0.0030039123
0,0.005777662
0,0.0062795365
0,0.0065170797
1,1.0
0,0.024060098
0,0.0018518094
0,0.0024689164
0,0.0040285443
0,0.0094771115
0,0.008348051
0,0.0011596389
1,0.8243805
1,0.9999997
0,0.0005816988
0,0.0043860576
0,0.01058821
0,0.027742421
0,0.0036973364
1,0.36248684
0,0.0024125413
1,0.81908053
0,0.0093852235
0,0.0043841735
1,0.16510685
0,0.0048141936
0,0.0027319924
0,0.004291432
1,0.99999434
0,0.0036262032
1,0.99760437
1,0.81642675
0,0.015679708
1,0.32141525
0,0.0048441123
0,0.008802635
1,0.7353285
0,0.0024616718
0,0.014681868
0,0.0022077789
0,0.007918903
0,0.0049617994
0,0.020623269
0,0.028448243
0,0.027080512
0,0.0004382058
1,0.2831004
0,0.0020994106
0,0.0014048736
1,0.98676455
0,0.0035881207
0,0.008242641
0,0.013856492
0,0.002664648
0,0.0014446416
0,0.0014838736
0,0.006974498
0,0.0031105175
0,0.015226098
1,0.031470973
0,0.016268073
0,0.0015200112
1,0.9998095
0,0.0029402794
0,0.0032789551
0,0.0019963915
1,0.54957277
0,0.026081417
0,0.0017295027
0,0.006185036
0,0.0014302026
0,0.0047280863
0,0.014430101
0,0.009804487
0,0.045703482
0,0.00059142755
0,0.029612795
0,0.0144148655
0,0.006420778
0,0.0073940996
0,0.003658989
0,0.0039564515
0,0.001304737
0,0.016383594
0,0.02582181
0,0.0015329119
0,0.0037295457
0,0.010946754
0,0.0040780506
0,0.011279937
1,0.9387296
1,0.8633105
1,0.01254626
0,0.0077543436
0,0.008527455
0,0.0005490406
0,0.022364086
0,0.0038600047
0,0.0013318859
0,0.0035513055
0,0.0054208436
1,0.4628943
0,0.008549823
0,0.0028888714
1,0.9289481
0,0.035911832
0,0.0071578133
0,0.02548481
0,0.029116454
0,0.052784294
0,0.0033652626
0,0.012845395
0,0.0009881327
0,0.0025423463
0,0.0021270476
0,0.0059231264
0,0.0043039997
0,0.0039831987
0,0.0017097051
0,0.002273713
0,0.00056302466
0,0.0026133058
0,0.0030582452
0,0.0062237284
0,0.0007913662
0,0.0214255
0,0.003222496
0,0.00048957695
1,0.9999883
0,0.06744807
0,0.010351855
0,0.0060001533
0,0.015338643
1,0.061333194
0,0.00108286
0,0.0015427684
0,0.0030627858
0,0.0013450114
0,0.0034169327
0,0.0033676764
0,0.013371877
0,0.0022323022
1,0.7343537
0,0.002800499
0,0.035763666
0,0.0029300167
0,0.00819771
0,0.0023049016
0,0.9869402
0,0.0010352663
0,0.018760324
0,0.016534904
0,0.001416677
0,0.040672213
1,0.8910132
0,0.0009946263
0,0.075970605
0,0.0001331609
1,0.99995196
0,0.04439346
0,0.010076998
0,0.0008599057
0,0.004085382
0,0.0013810331
0,0.0058940006
1,0.11312834
0,0.004738322
0,0.014487747
1,0.99976134
0,0.0009553686
1,0.9718172
0,0.014848904
0,0.020112164
0,0.0021371094
0,0.002731034
0,0.0017156494
1,0.7308834
0,0.021187382
0,0.002890494
0,0.0030601793
0,0.00075444224
0,0.0060063703
0,0.0054799477
0,0.00089137093
0,0.028235441
1,0.023714518
1,0.99997914
0,0.0046464014
0,0.006112828
0,0.012449798
0,0.0053635035
0,0.0015882909
1,0.0018635722
1,0.99998695
0,0.009490088
0,0.0014098347
0,0.04832786
0,0.0027295342
0,0.0051719164
0,0.0037994483
0,0.022098556
1,0.22972788
0,0.001638056
0,0.0015389363
0,0.005803456
0,0.007907337
0,0.0028203342
0,0.007752803
0,0.0079397485
1,0.15804318
0,0.004544774
0,0.004080122
0,0.005865878
0,0.0021159474
0,0.09650825
0,0.0039954516
1,0.12880489
0,0.0013249932
0,0.00026153398
0,0.03417837
1,0.99955326
0,0.047131132
1,0.36771223
0,0.002100918
0,0.0026934934
0,0.002133869
0,0.0018751002
0,0.087390006
0,0.005126952
0,0.00462574
1,0.9999984
1,0.17786726
0,0.0067409216
0,0.0049872096
0,0.026120689
1,0.98963964
0,0.0049341903
0,0.0054227947
0,0.0008657775
0,0.0065961946
0,0.006028126
0,0.009454681
1,0.99999696
0,0.029612688
0,0.0016390021
0,0.008226636
0,0.31217244
1,0.76998806
0,0.0020059654
0,0.011952664
0,0.006888687
1,0.9988859
0,0.0024293524
0,0.0044649793
0,0.011934791
0,0.005823843
1,0.9982102
1,0.0047204383
0,0.008369673
0,0.018895676
1,0.97249776
0,0.00913777
0,0.0039520874
1,0.049401388
0,0.003009573
0,0.0038969985
0,0.022924855
0,0.0045523024
0,0.0053646304
0,0.012273321
0,0.004983496
1,0.74162096
0,0.0041979398
1,0.18979363
1,0.95022064
0,0.010430171
0,0.0052285586
0,0.012533329
0,0.0020025745
0,0.003696402
0,0.008311778
0,0.0039754827
0,0.0012108366
0,0.0029822187
0,0.014455825
1,0.9999736
0,0.0071715848
1,0.8346524
1,0.20992403
0,0.0023705303
0,0.0036604113
0,0.0046455543
0,0.005619019
0,0.0021837691
0,0.0012191565
0,0.0072910697
1,0.004152478
0,0.001483733
1,0.2380486
0,0.0065209274
0,0.013979115
0,0.004537622
0,0.00220181
0,0.033385117
0,0.0017285472
1,0.5604971
0,0.013588169
0,0.0033230716
0,0.0024853775
0,0.0021821593
0,0.010681091
0,0.0067026457
0,0.0023154437
0,0.006541208
0,0.0030301153
0,0.0023590503
0,0.0009729615
0,0.019931281
0,0.001718997
0,0.006056116
0,0.020663373
0,0.0030517126
0,0.0041157943
0,0.025185898
0,0.007057124
1,0.2212165
0,0.0035673396
0,0.0078049605
0,0.00059745304
0,0.0009405782
1,0.9668586
0,0.0030555278
0,0.00891305
0,0.03773751
1,0.99622077
0,0.000950889
0,0.0048951046
0,0.0039900527
0,0.008993262
0,0.09173889
0,0.004690222
0,0.018743195
1,0.2759014
0,0.004173503
0,0.03238126
0,0.0010288402
0,0.003935047
0,0.011302402
0,0.019203091
0,0.002100377
0,0.015241693
0,0.016793722
0,0.0006839176
0,0.002666321
0,0.0038685712
0,0.0047441837
1,0.99892104
0,0.0058962563
0,0.0031610888
0,0.0026664708
0,0.0037036461
0,0.01781387
0,0.0029480648
0,0.0019889663
0,0.0014275721
0,0.007278668
1,0.7310222
0,0.0018711408
0,0.036128353
1,0.2440833
0,0.002587797
0,0.010374538
1,0.2275811
0,0.0143954465
0,0.0020900355
0,0.20998642
0,0.0027421315
1,0.4741182
0,0.001529262
0,0.013335759
0,0.012764919
0,0.0066404585
0,0.0044272863
0,0.0051111095
0,0.0019065464
1,1.0
0,0.018948263
0,0.023432527
1,0.80927706
0,0.0043815
0,0.012426815
1,1.0
0,0.013183985
1,0.38482028
0,0.0032973327
0,0.0023442137
0,0.003982311
1,0.8020174
1,0.9974285
0,0.000737419
0,0.0009321349
0,0.0011865958
0,0.0045527196
0,0.06584223
0,0.07679355
0,0.0027447904
0,0.0013641238
1,0.9116201
0,0.007436921
0,0.012600666
0,0.0087731285
0,0.0007767639
0,0.0029224916
0,0.003134664
0,0.0013116633
1,0.069510914
0,0.0018372668
1,0.36446396
0,0.008639367
0,0.0050490596
0,0.001675416
1,0.9895431
0,0.019199817
0,0.0018657192
0,0.0016234603
0,0.0101924185
0,0.14017683
0,0.019987186
0,0.008966623
0,0.012999941
0,0.028861213
0,0.0022522127
1,0.50242585
0,0.0071497024
0,0.0050943065
0,0.0072384886
0,0.011182099
1,0.99815905
0,0.011746684
0,0.0040854556
0,0.0011847599
0,0.019039828
0,0.03134923
1,0.9997392
0,0.109380156
1,0.04876047
0,0.0039136824
0,0.0071707116
0,0.0012429825
0,0.012028689
0,0.029320918
0,0.0032045962
0,0.0023599726
0,0.0075896936
0,0.003364718
0,0.0128240725
0,0.028188588
0,0.0025895413
0,0.00064050825
0,0.0059684
0,0.0009988205
0,0.0031102572
0,0.002764477
0,0.00909206
0,0.0757343
0,0.3077693
0,0.020304238
0,0.008547031
0,0.0025920402
0,0.003085388
0,0.0027104584
0,0.0072827986
1,0.5469593
0,0.0018165857
0,0.0029983993
0,0.0037066557
0,0.009650691
0,0.0028593242
0,0.007861234
0,0.005588326
0,0.007006215
0,0.013429548
0,0.005658233
0,0.054055303
1,0.99974936
0,0.0031780994
1,0.99981695
0,0.00063310517
0,0.009816594
1,0.8788915
1,0.52346057
0,0.01454088
0,0.0062264707
0,0.5545195
0,0.0020252478
0,0.004500449
0,0.010423115
0,0.011042567
0,0.013173225
0,0.006189051
0,0.0024180252
0,0.0056192954
1,0.032808762
0,0.20687822
0,0.015730385
0,0.0048327595
0,0.015065028
0,0.001723578
0,0.0007139027
0,0.009277972
0,0.122215696
0,0.015118555
0,0.005068967
1,0.94407946
0,0.002524938
0,0.0020854722
1,0.9948624
1,0.0895843
0,0.005542781
1,0.3330095
0,0.0009932775
0,0.007326035
0,0.006432304
1,0.99999976
0,0.013075078
0,0.01652348
1,0.4544256
0,0.005365735
0,0.002036312
0,0.011549815
0,0.002760666
0,0.00584004
0,0.0007245652
1,0.6484926
0,0.0056314105
0,0.0060116993
1,0.021773387
0,0.005010614
0,0.0012118093
1,0.04829289
0,0.0055704764
0,0.0029779766
0,0.0011353007
0,0.007968156
0,0.004520912
0,0.0056285853
0,0.0017508639
0,0.0008922334
0,0.03908156
0,0.0024980374
0,0.008957681
0,0.0036748843
0,0.0010368881
0,0.0022896307
1,0.29341474
0,0.007675162
1,0.0066926205
0,0.001588701
0,0.0043595275
0,0.006849742
1,0.9574452
1,0.007521993
0,0.0032955876
0,0.01096205
0,0.000567296
0,0.0022114047
0,0.008653174
0,0.0032323136
0,0.011984534
0,0.022287618
0,0.0087334765
0,0.004021185
0,0.004468232
0,0.0017784315
0,0.0024425385
0,0.0024450433
1,0.90391415
0,0.006162403
0,0.0018417424
1,0.72136974
0,0.003914833
1,1.0
0,0.009058959
0,0.003718469
0,0.014367277
0,0.001630504
0,0.0011195083
0,0.0017850797
0,0.0029730299
0,0.14758033
0,0.14828618
0,0.0064690416
0,0.00243441
1,0.9999991
0,0.04364463
0,0.0052929614
0,0.030502006
0,0.011886294
0,0.0064312993
0,0.009716543
0,0.07476852
0,0.0046254257
0,0.035936
0,0.005309144
1,0.87647635
0,0.0032123663
0,0.0024855821
1,0.028481374
0,0.0012119733
0,0.0014489257
0,0.001941713
0,0.001851249
0,0.00093430176
0,0.0038904944
0,0.025429303
0,0.058011495
0,0.005104298
0,0.0094307605
0,0.004625222
0,0.007872563
0,0.0018785167
0,0.3991809
1,0.801635
0,0.007844501
0,0.002162809
0,0.039343253
0,0.01896733
0,0.003119495
0,0.0033225806
0,0.0045095356
0,0.007588236
0,0.00790413
0,0.23487331
0,0.005294205
1,0.09759231
0,0.0053123306
0,0.0020693536
0,0.0025353401
1,0.28939
1,0.21524563
1,0.9043918
0,0.0024069923
0,0.009022847
0,0.0055465256
0,0.0053455364
0,0.0036618484
0,0.035983454
0,0.003294565
0,0.009885499
1,0.67402285
0,0.0036174431
0,0.05002911
0,0.06524173
0,0.0033873853
0,0.010467266
0,0.004331191
0,0.0012030686
0,0.0026565655
0,0.0008513424
0,0.07950772
0,0.014789821
0,0.00048956525
0,0.0043041296
0,0.0020230243
0,0.097865276
0,0.06375516
0,0.0054909084
0,0.0144767435
0,0.0026341851
0,0.0048474837
0,0.0036942202
0,0.0029655478
0,0.0077440995
0,0.023664868
0,0.00093449425
0,0.019626236
1,0.07357738
0,0.013251784
1,0.005553254
0,0.020738898
0,0.0020614623
0,0.006156813
0,0.008731013
0,0.02564506
0,0.0031934269
0,0.011981022
0,0.027269652
0,0.044810906
0,0.00817169
0,0.00069233956
1,0.13325287
0,0.015600615
0,0.022258665
0,0.020460164
1,0.9580315
0,0.014727617
0,0.0024566082
0,0.009164036
0,0.005066594
0,0.0069379364
1,0.6485113
0,0.010936032
0,0.0014528537
0,0.014525481
0,0.0012194852
0,0.0020629037
0,0.00038889385
0,0.02868118
1,0.7685351
1,0.99935097
1,0.99999857
0,0.01359235
1,0.99996126
1,0.53786963
0,0.0024662358
0,0.0026007076
1,0.99921566
0,0.0021508103
0,0.00073846994
1,0.012949293
0,0.014276537
0,0.015387542
0,0.0026261488
0,0.0045388057
0,0.0029761044
0,0.13523602
1,0.5467609
0,0.013580917
1,0.31757063
0,0.23208554
1,0.3673944
0,0.07790659
0,0.0042469357
0,0.0012815763
0,0.031502593
0,0.0030348136
0,0.0011858862
0,0.010134293
0,0.005024435
0,0.0024082619
0,0.015857032
0,0.0012497057
0,0.074692026
0,0.002454411
0,0.002015539
1,0.06295787
1,0.16770847
0,0.012730766
0,0.00057826954
0,0.0015152943
0,0.014843903
0,0.021548897
0,0.009931498
0,0.0023318834
1,0.9969022
0,0.003104601
0,0.0014734312
0,0.0402724
1,0.455772
0,0.02511205
1,0.99560386
0,0.026804376
1,0.98952967
0,0.0011739344
0,0.0018132607
0,0.016623015
0,0.16979335
0,0.028594192
0,0.0036424068
0,0.0044049527
0,0.018089231
0,0.0040583443
0,0.018852536
1,0.0566411
0,0.021557895
0,0.0030466134
1,0.052850023
1,0.6250851
0,0.00212078
0,0.0024148605
0,0.0020283053
0,0.002407473
0,0.009619009
1,0.10089741
0,0.0063139554
0,0.027160568
0,0.0013849237
0,0.015806029
0,0.0031705312
0,0.0023553108
0,0.1634433
0,0.084005706
1,0.9994607
0,0.009727112
0,0.0012694792
0,0.0044642473
0,0.026311493
0,0.0029209137
1,0.16808394
1,0.34058425
0,0.0061544124
0,0.003415667
0,0.0075764842
0,0.0070611387
0,0.0068374425
1,0.34905842
0,0.0005537662
1,0.09188565
0,0.00258461
0,0.011112458
1,0.13634107
0,0.036377613
0,0.008662951
0,0.003040972
0,0.0051545952
0,0.005523929
0,0.0012024397
0,0.0030496393
0,0.0020199837
1,1.0
0,0.0039496007
0,0.0067377295
0,0.009018738
0,0.0013685243
0,0.00423532
0,0.00080656377
0,0.023060873
0,0.018007664
0,0.0011894583
0,0.038677674
0,0.0058799363
1,0.8576128
0,0.060124002
0,0.011469405
0,0.0025768327
0,0.019996606
0,0.0015249962
1,0.19042765
1,0.9555384
0,0.0023316995
0,0.041796584
0,0.044564582
0,0.038699403
0,0.0017669823
0,0.014366075
0,0.10750934
0,0.00550117
0,0.007457036
0,0.02615938
0,0.0092523005
0,0.09619486
0,0.012296168
0,0.0019382518
0,0.0012321464
0,0.00023639534
0,0.005605298
0,0.0012633017
0,0.0036808304
0,0.020979634
0,0.009337863
0,0.05320032
0,0.0023155923
1,0.046711117
0,0.0078249015
0,0.0078055263
0,0.032014094
0,0.00159072
0,0.009858919
0,0.0015816446
1,0.9952598
0,0.009720196
0,0.14460278
0,0.012371296
0,0.02753135
0,0.009698358
0,0.0030360662
0,0.002807428
0,0.0143776
0,0.007356182
0,0.3606033
0,0.0018014603
0,0.0027298897
0,0.00109574
0,0.005720083
0,0.0017084718
0,0.02587833
0,0.00414486
0,0.004345124
0,0.006133914
0,0.024721932
0,0.0023029023
0,0.0090290615
0,0.0057048635
0,0.0107441265
0,0.05530415
0,0.007821937
0,0.003104468
0,0.013400398
1,0.941425
0,0.0016802716
0,0.00095553254
0,0.020043375
0,0.022383362
0,0.10216492
0,0.0005590997
0,0.0021952004
0,0.0035551735
0,0.025358727
1,0.34894526
1,0.99948394
0,0.00544267
0,0.055133555
0,0.0070054187
0,0.0036705504
0,0.0015155453
0,0.003908917
0,0.0043229638
0,0.038207278
0,0.002291988
1,0.9762655
0,0.0025044144
1,0.93632376
0,0.008408578
0,0.0036289888
0,0.007459595
0,0.0087937
0,0.001096058
0,0.009047439
0,0.04097328
0,0.005214955
1,1.0
1,0.879086
0,0.023136828
0,0.0046041473
1,0.017935615
0,0.0012276664
0,0.010968794
0,0.0024670712
1,0.50302136
0,0.0049974155
1,0.995697
0,0.0039331233
0,0.009763016
0,0.002433338
0,0.034576256
1,1.0
0,0.0023942625
0,0.0013366508
0,0.0010291154
0,0.0024825337
1,0.828563
0,0.0016344163
0,0.022007043
0,0.0008835264
0,0.007717795
0,0.15679646
0,0.004263887
0,0.0017392571
0,0.0048764227
0,0.0067774705
0,0.009605596
0,0.00063664874
0,0.010146839
0,0.00075490103
0,0.0018407354
0,0.0087374775
0,0.0024996055
0,0.10866498
0,0.05277046
0,0.00017852437
0,0.003540915
0,0.030744527
0,0.002474323
1,0.9656812
0,0.100029975
0,0.021045709
0,0.005713427
1,0.9998503
0,0.023634912
0,0.0045555253
0,0.008832546
0,0.00044556963
0,0.008715179
0,0.00623981
0,0.019850403
1,0.8223253
1,0.9980533
0,0.04155397
0,0.012122011
1,0.9978882
0,0.010728154
1,0.9999958
0,0.0041769273
1,0.9999995
0,0.00356786
0,0.002496818
0,0.06527909
0,0.05793599
0,0.0008719636
0,0.011298906
0,0.014310908
0,0.008169357
0,0.0015299103
1,0.9629173
0,0.0054465225
0,0.010097666
0,0.0015290057
0,0.0016851282
0,0.0025460592
0,0.0010893242
0,0.01638186
0,0.02177611
0,0.012370424
1,0.3290077
0,0.003873256
0,0.0042781373
1,0.6227119
0,0.025971156
0,0.0014964932
0,0.0016123069
0,0.0059086345
0,0.0029466425
1,0.99999607
1,0.1503575
0,0.06602217
0,0.0010730921
0,0.00484124
0,0.009510637
1,0.3287069
0,0.0024435762
1,0.99256766
0,0.0028565577
0,0.00035756748
0,0.0015176567
0,0.0028426077
0,0.00025577442
0,0.04767689
0,0.033190034
0,0.023214363
0,0.011546881
0,0.0009725584
0,0.024192331
0,0.011936338
0,0.0062270556
0,0.011781593
0,0.011874596
0,0.0017803998
0,0.0014978603
0,0.0041923285
0,0.0020693387
0,0.003561035
1,0.9965113
0,0.0013440675
0,0.0022523364
0,0.021383164
0,0.030094964
1,0.49891827
0,0.010661528
0,0.0011899604
0,0.0020560457
0,0.006793764
1,0.7704228
0,0.0023263148
0,0.0009992841
0,0.045874387
1,0.5589202
1,0.08150115
0,0.0036995925
0,0.019247957
1,0.15832673
0,0.001820374
1,0.03493829
0,0.0020901856
1,0.99984014
0,0.00096399046
0,0.0034098264
0,0.010606254
0,0.004601145
1,0.9888307
0,0.00093257026
1,0.9999628
0,0.0025227868
1,0.17575778
0,0.0039284155
0,0.008789545
0,0.006452544
0,0.006086214
0,0.014037296
1,0.022289759
0,0.006628574
0,0.07189273
0,0.005233871
1,0.99998075
0,0.0039035643
0,0.002792717
0,0.0042221905
0,0.0047830874
0,0.0022554428
0,0.0048912293
0,0.0051622638
0,0.006201869
0,0.004644991
0,0.006557782
0,0.0046101063
0,0.009091888
0,0.005650726
1,0.9590341
0,0.0024632916
0,0.0123867635
0,0.04411215
0,0.011441832
0,0.0331532
0,0.0011355988
1,0.57635134
0,0.0062299455
1,0.99997085
0,0.0041519296
1,0.9999741
0,0.0028262825
0,0.0026090534
0,0.004054936
1,0.060140852
0,0.09050478
0,0.003604692
1,0.86585927
0,0.0037612661
0,0.0014976525
1,0.33457118
1,0.7614209
0,0.0027234417
1,0.36881998
0,0.006286878
0,0.0011147314
1,0.18914619
0,0.0030202107
0,0.00042193782
0,0.0028821465
0,0.0073769535
0,0.051864833
0,0.007995502
0,0.001228247
0,0.007179136
1,0.9996674
0,0.006106177
0,0.019412566
0,0.0019444346
0,0.0020131522
0,0.0015759083
0,0.0015341729
0,0.0007506117
1,0.99998844
1,0.38041872
1,0.3112968
0,0.0180974
1,0.08045911
1,0.9991996
0,0.0013099909
0,0.0020735909
0,0.00077800255
0,0.006641485
0,0.0072303275
1,1.0
0,0.01898027
1,0.049736425
0,0.0016885762
0,0.0048757363
0,0.0015127985
1,0.77063894
1,0.9684861
0,0.0034270587
0,0.0615671
0,0.0050454712
0,0.0025455551
0,0.011247124
0,0.0012582323
1,0.007916117
0,0.003996873
0,0.008761836
0,0.0029477214
1,0.9984006
0,0.0022656845
0,0.010904207
1,0.6588632
0,0.002121034
0,0.015592261
0,0.005631346
0,0.031812318
0,0.008847804
1,1.0
0,0.02871211
0,0.017076941
0,0.0073232297
1,0.029977461
0,0.010216896
0,0.0004750286
0,0.02795816
0,0.00019500454
0,0.0065349643
0,0.0045490987
0,0.004903504
0,0.0018970032
0,0.0043391297
1,0.2938461
1,0.9981964
1,0.9989934
0,0.022352783
0,0.0044303252
0,0.014536153
0,0.2975223
0,0.037419807
0,0.0032073106
0,0.0036745998
1,0.31319922
0,0.052073188
0,0.016172351
0,0.009585946
0,0.0039766654
0,0.024429535
0,0.002566997
0,0.05019362
1,0.13883981
1,0.0060181026
0,0.0037777813
1,0.9986785
0,0.0048996643
0,0.005482172
0,0.0029074934
0,0.07512241
0,0.0032262404
0,0.0008540005
0,0.0142122945
0,0.0022114615
0,0.018679788
0,0.054427568
0,0.0064994353
0,0.0008351229
0,0.00053639384
1,0.12830038
0,0.0021989255
0,0.0012345638
0,0.0015169039
0,0.007957659
0,0.0037529918
0,0.00168702
0,0.0038975785
1,0.14835167
0,0.0032009173
0,0.039515566
0,0.0044337944
0,0.028871441
0,0.003852285
0,0.0069626956
1,0.011425687
1,0.007852917
0,0.0011233643
0,0.0059067183
0,0.0022149954
0,0.011025058
1,0.41531768
1,0.23062815
1,0.998277
0,0.0017162791
0,0.031708583
1,0.99572045
0,0.0036843433
0,0.040772215
0,0.0069368593
0,0.0028227181
0,0.021637443
0,0.0054481477
0,0.027515946
0,0.0034096306
0,0.01498133
0,0.09800355
0,0.0010592676
0,0.0014109233
1,0.99901134
0,0.0053822636
0,0.0020500475
0,0.0010766463
1,0.52086437
0,0.007736368
1,0.93631357
1,0.8676521
1,0.8748774
0,0.0037557117
0,0.012285541
0,0.0016621298
0,0.0037812684
0,0.00808429
0,0.001221905
1,0.99999803
0,0.0025551158
0,0.03095634
0,0.019969232
0,0.008151322
0,0.0024754922
1,0.82219
0,0.013913143
1,0.9981198
0,0.016014444
0,0.0031753588
0,0.004206143
0,0.0043223826
0,0.0013427695
0,0.015597517
1,0.29414535
0,0.010589075
0,0.0021171398
0,0.08548797
0,0.088203005
1,0.9969582
0,0.0025423258
0,0.015508542
0,0.0010997509
1,0.4587132
0,0.0054569757
1,0.10758546
0,0.034474034
0,0.004534277
0,0.0051621636
0,0.0029265117
0,0.00523264
0,0.008219434
1,0.96795714
0,0.102397785
1,0.24681729
0,0.02915831
0,0.0057505975
0,0.0030234605
0,0.003934843
0,0.0031040153
1,0.15289694
1,0.008450462
0,0.0052795024
0,0.0018142342
1,0.037209336
0,0.0057577067
0,0.0024571668
0,0.004257582
0,0.00832859
0,0.008661879
0,0.00875151
0,0.000934767
0,0.0016299125
0,0.01898207
1,0.99768096
1,0.980072
1,0.9851051
0,0.009819881
0,0.0074687153
0,0.0028298986
0,0.0016458876
0,0.0018927428
0,0.0029538746
0,0.01224575
0,0.0010025041
0,0.0029662233
0,0.0609772
0,0.00034968037
0,0.003782285
1,0.9197092
1,0.99990076
0,0.0015521374
1,0.4266143
0,0.0069967397
1,0.33505264
1,0.9908623
0,0.013208183
0,0.030508947
0,0.0013401875
0,0.004023598
1,0.995673
0,0.004032997
0,0.00096941384
0,0.00911832
0,0.05524597
0,0.0025597431
0,0.17271061
0,0.0034729454
0,0.019143771
0,0.043484516
0,0.015125968
0,0.009211158
0,0.05668911
0,0.0016904246
1,0.31313044
0,0.0059056627
0,0.005398306
0,0.002025402
0,0.016480792
0,0.0015227785
0,0.013996892
0,0.0038949929
0,0.049048733
1,0.626325
0,0.0011821594
1,0.6630297
0,0.033189368
1,0.013304543
0,0.004758188
0,0.001918809
0,0.0026683798
1,1.0
0,0.021600729
0,0.0041357945
0,0.0069898325
0,0.0065802676
0,0.012151181
0,0.0023335803
1,0.7538259
1,0.72801775
0,0.0010406952
1,0.99428564
0,0.004277578
0,0.25787792
0,0.030832529
1,0.49182093
0,0.00875098
0,0.0052466993
0,0.28745142
0,0.055081107
0,0.004731368
0,0.0074696993
0,0.0029152948
1,0.17359902
0,0.001329768
0,0.0053297547
0,0.033728354
0,0.0018800051
1,0.15782915
1,0.020661285
0,0.0034848317
1,0.031621866
0,0.000307146
1,0.96690786
0,0.0051651625
0,0.0025669725
0,0.0029056126
1,0.99650806
1,0.19637515
0,0.009048276
0,0.0032715
1,0.9854509
0,0.0067683645
0,0.010536623
0,0.0012569171
0,0.0018472477
0,0.011575724
1,0.78565633
0,0.0067064837
0,0.017414363
0,0.009442555
1,0.9739904
0,0.09923487
0,0.013591058
0,0.0047696503
0,0.0017305535
0,0.042393483
0,0.0008796824
0,0.004290862
0,0.0073352717
0,0.0040219906
0,0.004419513
0,0.004073274
0,0.002768043
0,0.001643418
0,0.0037438236
0,0.01107265
1,0.4084537
0,0.0026764795
1,0.050789826
0,0.0034864412
0,0.012394534
1,0.84347194
0,0.00327208
1,0.9998789
0,0.0024509062
0,0.0067737075
0,0.010060546
0,0.005239867
1,0.60304624
0,0.0048431493
0,0.038662255
0,0.018360445
0,0.031191504
0,0.0032144098
0,0.008786421
0,0.008345178
0,0.0025731316
0,0.01894296
0,0.0035571607
0,0.011366762
0,0.009147166
1,0.020578478
0,0.002865487
0,0.0056900647
0,0.015047872
0,0.11375513
0,0.0012558472
0,0.0067698387
0,0.012527695
0,0.0033629746
0,0.008577568
0,0.006109049
1,0.90925324
0,0.019228427
0,0.004457666
0,0.0011119789
0,0.012008609
0,0.003139654
1,0.75555724
0,0.0031685287
1,0.50182235
0,0.0012837229
0,0.02040339
1,0.9987636
0,0.0048361514
0,0.0054587
0,0.0006893775
0,0.065940276
0,0.009229027
0,0.036597535
0,0.009808677
0,0.004313004
1,0.9985892
0,0.002584504
0,0.11513349
1,0.8646098
1,0.0897097
0,0.00037444258
0,0.025200352
0,0.0049178344
0,0.012715474
0,0.0015252439
0,0.0010382729
0,0.0064336546
0,0.010779199
0,0.011622047
0,0.0045781448
0,0.0007345174
1,0.99999654
1,0.050729215
0,0.00845178
0,0.0014927647
0,0.000785332
0,0.12008208
1,0.9960863
1,0.9798374
0,0.0032111083
0,0.0032606525
0,0.006379737
0,0.0037737063
0,0.006263477
0,0.0014143653
0,0.0036534814
0,0.007474122
0,0.00074540137
0,0.17008787
0,0.00043361582
0,0.0737695
0,0.0013312038
0,0.0011148863
0,0.00473848
1,0.20288832
0,0.0013019099
0,0.021942263
0,0.00084319455
0,0.005827734
0,0.005574987
1,0.9999601
0,0.0010943417
0,0.020223523
0,0.0031646923
0,0.0020532906
0,0.0012776683
0,0.0047314265
0,0.008695391
0,0.06584458
0,0.0033456925
0,0.0019549658
1,0.99998194
0,0.0030138812
0,0.00969992
0,0.0036762725
0,0.008563168
1,0.27088383
0,0.0019191314
0,0.0057302625
1,0.99975824
0,0.00047263457
0,0.0028446792
0,0.0053833136
1,0.9999969
0,0.0010036591
0,0.0016628436
1,0.9951025
0,0.0016110032
0,0.010962098
1,0.9215026
0,0.026679927
0,0.0056849895
0,0.0065995688
0,0.0011658485
0,0.0011809601
0,0.032223035
0,0.019031867
0,0.002485698
0,0.04555973
1,0.99496067
0,0.051692717
0,0.0044508306
0,0.00088699954
0,0.004831026
0,0.01500246
0,0.0040161195
0,0.008604996
1,0.30952555
1,0.77687895
0,0.00044556154
0,0.004742497
0,0.0022686766
1,0.03966012
0,0.0034758262
1,0.99976534
1,0.002428279
1,0.9999943
0,0.0036941534
0,0.0010397651
0,0.004375314
0,0.0012135728
0,0.006246139
0,0.0050773504
1,0.0042671924
0,0.005498815
0,0.0047156517
0,0.0020256662
0,0.00686692
0,0.0051607285
0,0.0012097602
0,0.027680278
0,0.002021789
0,0.0012976697
0,0.0008553755
0,0.019379174
0,0.001888173
0,0.017160712
0,0.015308072
0,0.009854432
0,0.0018253428
0,0.0037860223
0,0.0056139827
0,0.0035536145
1,0.5773654
0,0.0066739214
0,0.016744822
0,0.007286084
0,0.036707796
0,0.005289046
0,0.017488528
0,0.00080836617
0,0.006894502
0,0.001122901
0,0.025836494
0,0.028765561
0,0.012812976
0,0.001207154
0,0.013361778
0,0.001171313
0,0.0035877489
0,0.018933043
0,0.013060558
0,0.00071349455
0,0.0059684813
0,0.0047638933
0,0.0013268255
0,0.013714112
1,0.9923992
0,0.0015595321
0,0.03425407
0,0.0037694587
0,0.0031765515
0,0.008246435
0,0.1539696
0,0.007797616
0,0.022762345
0,0.0014033839
1,0.9999723
0,0.0034259306
0,0.0104671195
0,0.005289596
1,0.9999999
0,0.00675549
1,0.12764521
1,0.96931344
0,0.002015915
1,0.999998
0,0.00074486027
0,0.0010567514
1,0.9624905
0,0.11723972
1,0.36571112
1,0.99999714
1,0.69488347
0,0.0026917546
1,0.9999438
0,0.0054582283
0,0.004529461
0,0.0035640616
0,0.00447468
0,0.005042958
0,0.024096156
0,0.0049010273
0,0.008885733
0,0.004730224
0,0.01573006
0,0.0025316337
0,0.007051566
0,0.0067811785
0,0.0062627983
0,0.008194625
0,0.0050420514
1,0.99964774
0,0.049502265
0,0.011724437
0,0.0065702223
0,0.00788049
1,0.9999965
0,0.0033386042
0,0.003500573
0,0.0011392767
0,0.032164123
0,0.0063819108
0,0.0019642164
0,0.003999581
0,0.0022209377
0,0.11855244
1,0.04923109
0,0.0037419756
0,0.0005341087
1,0.99999845
0,0.003327547
0,0.004232295
0,0.0036035222
0,0.012715426
0,0.0015883697
0,0.003690545
0,0.0009863493
0,0.0044538584
1,0.030145716
0,0.0004056937
0,0.0029479805
0,0.011904477
1,0.0038173764
0,0.0025620218
0,0.013896384
0,0.00078620063
0,0.0018779063
0,0.016181193
0,0.003178702
0,0.035190538
0,0.0020800554
0,0.0066478173
0,0.0011435535
0,0.0035578671
0,0.017419519
1,0.011258022
0,0.011499334
0,0.012839035
1,0.20043667
0,0.0084264595
0,0.003554709
0,0.015800646
1,0.9764861
0,0.000911491
0,0.0009193395
0,0.0023708923
0,0.0045599714
1,0.16021293
0,0.0012356243
0,0.0057288273
0,0.0014759204
1,0.63992226
0,0.0028670405
1,0.21820532
0,0.005741477
1,0.6535616
0,0.011247681
0,0.021442188
0,0.003718923
0,0.14654194
0,0.0014550614
0,0.00093698787
0,0.008196326
0,0.08008467
0,0.36778504
0,0.0009372227
0,0.006597703
0,0.009989368
1,0.28039595
0,0.008605842
0,0.0045573874
0,0.0047317115
0,0.006224893
0,0.011109263
0,0.0025257487
0,0.0145517755
0,0.0008661158
1,0.9999888
1,0.987169
0,0.004749384
0,0.00069222844
0,0.0049704676
1,0.5712004
0,0.021380527
0,0.009900063
0,0.0023106076
0,0.041802607
0,0.0018137802
0,0.00584287
0,0.0053574
1,0.5152066
0,0.00422841
0,0.00025827077
0,0.007435233
0,0.0012670759
1,0.58165914
0,0.0038231541
0,0.0057323435
0,0.0017624572
0,0.011751768
1,0.007581437
0,0.0035114952
0,0.0029520409
0,0.004763936
1,0.6312094
0,0.0033541336
0,0.0012547419
0,0.032857094
0,0.015601228
0,0.00551782
0,0.0055215554
1,0.3520812
0,0.005226128
0,0.015249066
0,0.004166094
0,0.0064349924
0,0.0062226043
1,0.82536393
1,0.9999599
1,0.343786
0,0.0037135282
1,0.04638826
0,0.015641088
0,0.0022872738
0,0.007751144
1,0.9999991
0,0.009010299
0,0.0020233039
0,0.0072431574
0,0.009824788
0,0.0012116213
1,0.9965391
0,0.008726445
0,0.00090154505
0,0.0073615536
0,0.0087313345
1,0.047620893
0,0.029588725
0,0.0050721155
0,0.0016405956
0,0.003465165
1,0.003951596
1,0.9999996
0,0.054756112
0,0.002044576
0,0.0030536458
0,0.0060221115
0,0.010615625
0,0.0042154496
1,0.9294507
0,0.02539984
0,0.00359362
0,0.0030708143
1,0.23622365
0,0.001382114
0,0.0052681854
0,0.007119084
1,0.54291767
1,0.049638156
0,0.0071724984
0,0.0009028466
0,0.0020332027
0,0.0012512343
1,0.75110734
0,0.0011892414
0,0.0015189254
0,0.0010302161
0,0.003498971
0,0.041137844
0,0.03196978
0,0.00094160164
1,0.021831647
0,0.0024576108
0,0.054383256
0,0.0024399676
0,0.021467095
0,0.0038350585
0,0.026709046
0,0.0017924018
1,0.050408334
0,0.0026932626
1,0.9985005
1,0.99743336
0,0.005396391
0,0.009119066
0,0.0073258826
0,0.0076073045
0,0.0014854465
1,0.35305294
0,0.0024751178
0,0.12251556
0,0.00803161
0,0.008650656
1,0.33266896
0,0.0023569716
0,0.008650958
0,0.0056235148
0,0.0053389966
0,0.002695965
0,0.0077731977
0,0.006248323
1,1.0
0,0.0046240934
0,0.0007586312
0,0.014470139
0,0.008810965
0,0.0023711235
0,0.0021883831
0,0.0074197683
0,0.0010193227
0,0.009348182
0,0.0025640037
0,0.0029750431
0,0.0018505212
0,0.025264177
0,0.003488738
0,0.0018963015
0,0.01047365
0,0.0021323808
0,0.014530396
0,0.013486494
0,0.01775706
0,0.017752428
1,0.99983275
1,0.99213845
0,0.0054670335
0,0.0013335845
0,0.022656284
0,0.0011070621
0,0.08965247
0,0.012079828
0,0.014259658
0,0.018101877
1,0.96092343
0,0.0015506572
0,0.0019449688
0,0.0027622138
0,0.060723756
0,0.0013426942
1,0.35650805
1,0.49680907
0,0.0004302101
0,0.0009673693
0,0.0009339984
0,0.0019919407
0,0.006965481
0,0.03630041
1,0.04084763
0,0.009759435
0,0.0029485584
0,0.0026761375
0,0.0060002133
0,0.044010594
0,0.0018650348
0,0.0011785688
0,0.0014861637
0,0.0013713756
0,0.01951851
0,0.0002953274
1,0.21327716
0,0.0030864386
1,0.0057097436
0,0.016158475
0,0.0013723726
0,0.0018552666
0,0.0011782497
0,0.00091848226
0,0.021069609
0,0.0017273356
0,0.03747938
0,0.0013160754
0,0.21435338
1,0.9992516
0,0.0025489933
0,0.1156622
1,0.9340641
1,0.8692512
1,0.9190065
0,0.0037653102
0,0.0719034
0,0.0010819982
1,0.308299
0,0.00055194163
1,0.99791354
0,0.005538412
0,0.016820254
0,0.005191783
0,0.009337845
0,0.0026086913
0,0.008140491
1,0.17159958
1,0.999574
0,0.0029571133
0,0.00540652
0,0.005990918
0,0.0022042417
1,0.99966997
0,0.0017314408
1,0.9947423
0,0.0025979679
0,0.0043171886
0,0.020025078
0,0.0035615526
0,0.0052348487
0,0.0015619784
0,0.0036010838
0,0.004569491
0,0.0024189246
1,0.98606336
0,0.002580387
1,0.06133091
0,0.0024999043
0,0.0015753675
0,0.01097033
0,0.045813438
0,0.00051821495
1,0.9999155
0,0.0024365499
0,0.007857827
1,0.999999
0,0.00072124467
0,0.04607317
0,0.00075250934
0,0.0051858504
0,0.03480636
0,0.0012450304
0,0.003185937
0,0.0032440047
0,0.04703012
0,0.0008002119
1,0.9887673
0,0.0034946182
1,0.9999997
0,0.0076420866
1,0.04253562
1,0.9898161
0,0.015397398
0,0.0036261587
0,0.0011537925
1,0.9622949
0,0.0012160125
0,0.0034979875
0,0.04907113
1,0.4163866
0,0.0022485205
0,0.0008371418
0,0.0022476818
0,0.010935623
0,0.0037585385
1,0.020149456
0,0.010613949
0,0.036131136
1,0.5198984
1,0.935776
1,0.63482237
1,0.32131073
0,0.001687864
0,0.0028221412
0,0.0054555675
0,0.0013737357
0,0.003649753
0,0.0039289244
0,0.003919076
0,0.001487072
0,0.012807948
1,0.2693742
1,0.46765175
0,0.023589434
0,0.011002889
0,0.002498947
0,0.00094668276
0,0.0036093502
0,0.025198562
0,0.0016352403
0,0.0049704327
0,0.07810471
0,0.00296626
0,0.016461303
0,0.03979771
0,0.0022812886
1,0.064408734
0,0.009119147
0,0.010954933
0,0.0045062746
0,0.0045198435
0,0.012041869
0,0.0046696714
0,0.0046656122
1,0.21928127
0,0.013004419
0,0.00028307035
0,0.005897651
0,0.023616735
0,0.0013344674
1,0.018791446
0,0.0043308088
1,0.010564185
1,0.9999907
0,0.0030439543
1,0.06982907
0,0.00065751973
1,0.18841177
0,0.010506727
0,0.0014899082
1,0.9999984
0,0.0011764017
0,0.006052199
0,0.02286349
0,0.004548732
0,0.0027451024
0,0.0016012847
0,0.0047988747
0,0.0029842
1,0.74739105
0,0.0011276482
1,0.14740379
0,0.16973178
1,0.99877274
1,0.22417212
1,0.10334417
0,0.0034315698
1,0.013012934
0,0.024481269
0,0.008496979
0,0.0007843635
0,0.0020602786
0,0.04049944
0,0.011100341
0,0.02229709
0,0.0032844401
0,0.011311982
0,0.054061867
0,0.013754839
1,0.951793
0,0.006743173
0,0.0032395946
0,0.0012621077
1,0.9144233
0,0.0017176875
0,0.025544306
0,0.0017366447
0,0.010568792
0,0.008303449
0,0.00200011
0,0.00711433
0,0.00422113
0,0.0056923153
0,0.00083762815
0,0.007515836
1,0.5549452
0,0.0005777781
1,0.040685482
0,0.012287871
0,0.0006359674
1,0.7407793
0,0.005922605
0,0.044719424
0,0.00904798
1,0.6609254
0,0.002006477
1,0.9905423
0,0.009664819
0,0.004996731
0,0.0063840584
0,0.003960628
0,0.09524777
0,0.0019347854
0,0.005004921
0,0.0019197946
0,0.022707151
0,0.0027391133
1,0.9999935
0,0.0014351568
0,0.004017171
1,0.06979584
0,0.0142390765
0,0.0030539897
0,0.015470518
0,0.0049815127
0,0.031432666
0,0.004962158
0,0.030894294
0,0.017968649
0,0.022420026
0,0.018371552
0,0.0034068564
0,0.00039874227
0,0.011468291
0,0.014111052
0,0.0050536683
1,0.9991823
0,0.0011829732
1,0.0045529376
1,0.9998123
0,0.0042487527
0,0.002951558
0,0.0026569366
0,0.011544986
0,0.0006394333
0,0.0007783418
0,0.010240468
0,0.0080107935
0,0.0031764153
0,0.0012795425
1,0.094209954
0,0.009772334
0,0.010554758
1,0.976161
0,0.0013159972
1,0.999986
0,0.009918524
1,0.87572545
0,0.028739817
1,0.2768353
0,0.011931823
0,0.0022864675
0,0.017722355
1,0.10162864
0,0.009997458
0,0.0017518074
0,0.013853625
0,0.0029392547
0,0.0011703988
0,0.0029939243
0,0.0031842806
0,0.0010958564
0,0.011870197
0,0.0036005273
0,0.0016458806
0,0.003156377
0,0.0017402052
0,0.006584359
0,0.027793694
0,0.020114115
1,0.98537767
0,0.0028085918
0,0.0025858392
0,0.01618247
1,0.9996512
0,0.015670143
0,0.013859053
0,0.0008961418
0,0.0019546319
0,0.0027206962
0,0.008369628
0,0.002811315
0,0.29466566
0,0.0017008873
0,0.014480494
0,0.029066326
0,0.0029377711
0,0.02938012
1,0.9985317
0,0.004054028
0,0.00529708
0,0.0039888555
1,0.09205936
1,0.015222559
0,0.002038188
0,0.00094365125
0,0.0010551765
0,0.002827218
0,0.048760496
0,0.008711922
0,0.002802609
0,0.019496687
0,0.021799868
0,0.02143963
0,0.010586536
0,0.00085897173
0,0.018710366
0,0.0007114404
0,0.01375976
0,0.013896332
0,0.0087507395
0,0.25978005
0,0.0037923544
0,0.0033522306
0,0.0014034957
0,0.06877598
0,0.0037741747
0,0.00069876836
1,0.024635253
0,0.19630939
0,0.0016642271
0,0.0060214014
0,0.012066281
1,0.38169926
0,0.0041655004
0,0.002858036
0,0.0006353997
0,0.061430965
0,0.023652034
0,0.024817994
0,0.0059166052
0,0.0035844625
0,0.0035646774
0,0.0016882885
0,0.0016293097
0,0.005915379
1,0.7830612
0,0.0013121387
0,0.0022405868
0,0.0055688447
1,0.9993237
0,0.007691132
1,0.045403987
0,0.015935445
0,0.0024546722
0,0.002483696
1,0.10814116
0,0.006518312
1,0.87077564
0,0.002095
1,0.014689424
0,0.030854447
0,0.0039829565
0,0.004231117
1,0.8625292
0,0.00447221
0,0.0032172743
0,0.0048635267
0,0.29398885
0,0.0017015885
0,0.0034984988
0,0.0033182616
0,0.006654392
0,0.0018010275
0,0.0024709594
1,0.15165369
0,0.0028074654
0,0.0050966004
0,0.003404013
0,0.010025682
0,0.02099758
0,0.010207049
0,0.005426093
0,0.026113387
0,0.002789012
1,0.9988236
0,0.051883932
0,0.019748561
0,0.0014711327
0,0.0021153383
0,0.004046112
0,0.0072041764
1,0.08991266
0,0.05937766
0,0.001365935
1,0.99981165
1,0.34320697
0,0.0039335922
0,0.0010230673
0,0.04327836
0,0.0025376442
1,0.20565824
0,0.0034888706
0,0.0006074283
0,0.0007382519
0,0.0021431283
0,0.0031464675
0,0.0014854196
0,0.008440731
0,0.0005887988
0,0.0034427384
0,0.0040712017
0,0.0023436712
0,0.014945155
0,0.003966856
1,0.6794209
0,0.0065349643
0,0.009408572
0,0.0030376872
0,0.0019311722
0,0.0025274104
0,0.025999572
0,0.0013656748
1,0.9479876
1,0.03701158
0,0.52649736
1,0.23226307
0,0.036240507
0,0.001134532
0,0.0016070988
1,0.9706324
0,0.008572217
0,0.0026175135
0,0.00046222567
0,0.07805345
0,0.0008369918
1,0.2339169
1,0.00070220535
0,0.015883125
0,0.007140876
1,0.043717515
0,0.011110196
0,0.005655594
0,0.007336271
0,0.0072575966
0,0.011646046
0,0.0051223096
0,0.0014890005
0,0.0025008256
0,0.0056145815
0,0.12638633
1,0.71773565
0,0.039696053
0,0.00528515
0,0.23024109
0,0.0025275657
1,0.6367883
0,0.0014412823
1,0.9464799
0,0.010959538
0,0.042211138
0,0.00082277384
0,0.006338159
0,0.010221599
1,0.84475845
0,0.027726064
0,0.00863715
0,0.0020131185
0,0.0038375116
0,0.004159104
0,0.0015128454
0,0.009674756
0,0.0054221344
0,0.002106442
0,0.001266202
0,0.027459258
1,0.46049023
0,0.009106893
0,0.0060742795
0,0.0043965625
1,0.3568464
0,0.008816468
0,0.0035771534
0,0.003456794
0,0.0031860126
0,0.006244049
0,0.0018881154
0,0.017712854
0,0.0021497128
0,0.0024075338
0,0.010965572
0,0.001943305
1,0.65402895
0,0.007498734
0,0.13387746
0,0.002144732
1,0.9973371
1,0.005413404
0,0.0062594633
0,0.017398914
0,0.0027476295
1,0.99999994
0,0.0025142431
0,0.0083671305
1,0.9875003
0,0.003998824
1,0.2143889
0,0.0019380628
0,0.0010009875
1,0.999997
0,0.013628467
0,0.002192391
0,0.00427854
0,0.00131003
0,0.006577407
0,0.00215548
1,0.070571214
0,0.0016946163
0,0.0065120524
0,0.0010143174
0,0.0028678016
0,0.0018856551
0,0.0055608586
0,0.0029287513
0,0.0099773025
0,0.094832405
0,0.12538515
0,0.008620402
0,0.025551613
0,0.005383762
0,0.022679063
0,0.01289487
0,0.14516172
0,0.024107564
0,0.0024074947
0,0.001498557
0,0.0034503362
1,0.7975036
0,0.0062403483
0,0.0019592624
0,0.0038137566
0,0.17829005
0,0.009104058
0,0.0060563944
0,0.0016425047
0,0.0029799198
0,0.004133654
0,0.005697521
0,0.0036647024
0,0.0071262266
0,0.00295898
0,0.0022884784
0,0.0023804635
0,0.011782785
0,0.0016813892
1,0.73062134
0,0.011119608
0,0.0020120938
0,0.0046784994
0,0.018142642
0,0.0019342785
1,0.9993117
1,0.9999997
0,0.003560607
0,0.0054775197
0,0.004593251
0,0.0016275321
0,0.0020682467
0,0.024529206
0,0.0037873986
0,0.014142318
1,0.9890237
0,0.011205601
1,0.9999659
0,0.0009946355
0,0.04917667
1,0.07303022
0,0.0004906197
1,0.9941178
0,0.003184187
0,0.011649446
0,0.0023530496
0,0.00071756274
0,0.015888091
0,0.0049238605
0,0.0042962236
0,0.00058493
0,0.010671848
0,0.0008665505
1,0.9992808
1,0.9999719
0,0.0043999255
0,0.010493312
0,0.06175061
0,0.0033973982
1,0.99842554
1,0.060112987
0,0.0039428496
0,0.00556294
1,0.59519607
0,0.00418137
0,0.0016094194
1,0.38676968
0,0.007337838
1,0.003251086
0,0.003910269
0,0.003924145
0,0.016156983
1,0.99559444
0,0.00089605735
0,0.010223754
0,0.0015683429
0,0.012532301
0,0.024155578
1,0.88227636
0,0.0010594528
1,0.9997916
0,0.014416869
0,0.00014395124
0,0.006718225
0,0.0065575275
0,0.010392107
0,0.02833033
0,0.043685894
0,0.0010082452
0,0.0018446576
1,0.99999183
1,0.4577068
1,0.009910275
0,0.001112742
0,0.004678011
0,0.0027560878
0,0.000987535
1,0.95868665
0,0.0012928561
0,0.06391665
0,0.0028607212
0,0.005898529
1,0.8670208
0,0.0037873534
1,0.63382435
0,0.0040375465
0,0.012915516
0,0.005367574
1,0.5578299
0,0.0022649956
0,0.002803953
0,0.0015164462
0,0.007026639
0,0.0024556383
0,0.0031401997
1,0.81160563
1,0.07275474
0,0.014885308
0,0.0092839785
0,0.009660102
0,0.0020651883
0,0.003091894
0,0.102220446
0,0.04256916
0,0.018463902
0,0.019263692
0,0.015506981
0,0.008027252
0,0.0018704812
0,0.001895367
0,0.014523222
0,0.0011517006
0,0.003777057
0,0.0013717866
0,0.07517265
0,0.0065345764
1,0.117825665
0,0.0013137342
0,0.0028299
1,0.9622711
0,0.0055314703
0,0.0025512178
0,0.0025081744
0,0.002690174
1,0.99685496
1,0.0042253872
0,0.0038218433
0,0.011599496
1,0.75653523
0,0.0020314795
0,0.0010640838
0,0.0052032033
0,0.0027662585
0,0.006532234
0,0.12060396
1,0.98687124
0,0.001819953
0,0.01298961
0,0.038227558
0,0.0026080713
0,0.011184503
1,0.07835376
0,0.0025682903
0,0.031091848
0,0.0017843627
0,0.010070382
0,0.31006423
0,0.00054256845
0,0.025095908
0,0.009211251
0,0.0005430509
0,0.0086809
0,0.0016101032
0,0.004885711
0,0.038743194
1,0.99907374
0,0.008131646
0,0.015375236
0,0.002115809
0,0.007963442
0,0.000958695
0,0.010084962
0,0.0051693167
0,0.028503114
0,0.012736323
0,0.002770288
0,0.16891836
0,0.0009929778
0,0.0040274616
0,0.03189253
0,0.0028643033
0,0.004407692
1,0.86023605
0,0.0026237157
1,0.96596783
1,0.13898218
0,0.02850788
1,0.9999831
1,0.9999897
0,0.009218974
0,0.001591574
0,0.00555064
0,0.0014309098
0,0.020571271
1,0.9777743
0,0.011535073
0,0.0145821255
0,0.02744123
0,0.013867363
0,0.00050543353
0,0.0038194007
0,0.0045873313
0,0.07139424
0,0.003233134
0,0.004211199
0,0.015103332
0,0.0031017605
0,0.067624114
0,0.06816972
0,0.001737062
0,0.020780334
0,0.0026961
0,0.005641803
0,0.0061767064
0,0.0030013819
0,0.0016447488
0,0.0034487199
0,0.0019957477
0,0.017001184
0,0.04171967
0,0.0020248615
0,0.0057541314
0,0.0025288078
0,0.0019769655
0,0.0058353636
0,0.021205375
0,0.0072734277
0,0.005477029
0,0.19592072
0,0.005505983
0,0.06843223
0,0.0024226648
0,0.048610076
1,0.5871754
0,0.020105595
0,0.0022325648
1,0.95788074
0,0.011105298
1,0.67496115
0,0.012007461
0,0.06123246
0,0.006132818
0,0.09885024
0,0.0017505287
0,0.011722773
0,0.0023278503
0,0.0041858004
1,0.9783934
0,0.14651388
1,0.9943381
0,0.011142004
0,0.0011457201
1,0.27683797
0,0.0014870373
0,0.012679034
0,0.0024740326
0,0.002064484
0,0.01829952
0,0.0060500614
0,0.0027965694
0,0.11394472
0,0.00048020497
0,0.0037474835
0,0.0835747
0,0.0072240806
0,0.014129074
0,0.012337127
0,0.005872683
0,0.0051138685
0,0.0012284523
0,0.0022043688
0,0.0073054275
0,0.0084420685
0,0.20169146
0,0.020139972
0,0.003321932
0,0.0018200146
0,0.0014966461
1,0.15631196
0,0.0013135348
1,0.67293525
0,0.001614292
1,0.9880928
0,0.00096293166
1,0.42310038
0,0.0019204123
1,0.9682586
1,0.06901777
0,0.0077147144
0,0.17667213
1,0.999891
0,0.0008115611
0,0.007062582
1,0.040796656
1,0.38299623
0,0.007335633
0,0.002040248
0,0.014949186
0,0.0037606282
0,0.0032659662
0,0.00071101607
0,0.00044512446
0,0.042658918
0,0.003637383
0,0.00090565317
0,0.008145748
0,0.0027946215
0,0.022472722
0,0.10250902
1,0.33929285
0,0.0014521261
0,0.012327724
0,0.0008362655
0,0.0036514928
0,0.00451796
1,0.9999992
0,0.028837873
0,0.0040916023
0,0.006526732
1,0.99999976
0,0.0057142694
0,0.0030550004
0,0.03881062
0,0.009674934
0,0.0020686644
0,0.00082814373
0,0.0251229
1,0.9999801
1,0.005402618
0,0.0054465816
1,0.11774435
0,0.011128788
0,0.0020401578
0,0.001211049
0,0.006744898
0,0.0035000092
0,0.004278596
0,0.02588247
0,0.0014334864
0,0.0026301194
0,0.006301372
0,0.0027383668
0,0.0043014195
0,0.15377952
0,0.004272663
0,0.003022068
0,0.008116072
0,0.0030850542
0,0.0013125718
0,0.01116754
0,0.007854703
0,0.010774468
0,0.014112259
0,0.0664049
0,0.0006073224
0,0.0018280188
0,0.0007588374
0,0.0012322475
0,0.003743779
0,0.004687896
0,0.002055996
0,0.0062132697
0,0.0006139936
0,0.0004259396
1,0.91154003
0,0.002642787
1,0.10608722
1,0.81179726
0,0.007946039
1,0.76672024
1,0.4945854
0,0.028392626
0,0.00069352565
0,0.008212941
0,0.0062637944
1,0.1092577
0,0.0028343694
0,0.0030888354
1,0.45010874
0,0.010265926
1,0.79566973
0,0.0066302046
0,0.0069917487
1,0.0017504469
0,0.011595141
0,0.02531754
0,0.0056744018
0,0.007219
1,0.5193899
0,0.026692646
1,0.9980023
0,0.012623683
0,0.06354243
0,0.0048550097
0,0.0006568186
0,0.047194716
0,0.0016315212
0,0.0028532902
0,0.012757475
0,0.00085707905
0,0.0009851482
0,0.003928917
0,0.0063135657
0,0.007356074
0,0.004311377
1,0.07322727
0,0.01797964
0,0.040948924
0,0.032733
0,0.0004985936
0,0.0013241008
1,0.9999893
0,0.017909342
0,0.0015309632
0,0.0042994614
0,0.02178638
0,0.010903487
0,0.004206709
0,0.005436317
1,0.9998329
0,0.0006033229
0,0.0019285006
0,0.0012572705
0,0.00089070864
0,0.0119858375
0,0.09755502
0,0.004110228
0,0.004041193
1,0.06017373
1,0.93367535
0,0.026772814
0,0.0033151738
0,0.0032745677
0,0.0037492535
0,0.0021879887
0,0.009380588
0,0.0021442638
0,0.0030677852
0,0.0010488888
0,0.002296578
0,0.00028480127
1,0.21571547
0,0.079421714
0,0.004966298
0,0.0008750173
0,0.11528444
0,0.019041443
0,0.016840404
0,0.029495882
0,0.006216987
0,0.0015553305
1,0.9998308
0,0.00418031
0,0.0018504588
0,0.002524609
0,0.0059869406
0,0.00221495
1,0.29278806
0,0.0152663905
0,0.00071406906
1,0.98758185
0,0.0045256936
0,0.0053252815
0,0.037173998
0,0.025345385
0,0.0037451286
0,0.0019904815
0,0.005416961
0,0.016205242
0,0.0019120061
0,0.008854836
1,0.99976367
0,0.003188564
0,0.020272903
0,0.0024185118
0,0.024925737
0,0.014402128
0,0.0021235545
0,0.0018129359
0,0.0037040978
0,0.0144354245
0,0.0029450697
0,0.0036625878
0,0.018384263
0,0.00796282
0,0.038074907
0,0.0036102026
0,0.00091064547
1,0.14530233
0,0.047027
0,0.00231494
0,0.0025421793
0,0.0009679031
0,0.008438908
0,0.0068413997
0,0.008531662
1,0.9999943
1,0.99868214
0,0.0042304103
0,0.009697177
0,0.0016729821
0,0.07862719
0,0.0019488749
0,0.020233246
0,0.009468882
0,0.075959824
0,0.00060011295
0,0.008188845
0,0.003362909
1,0.8654499
1,0.088326305
0,0.027604831
1,0.9998012
0,0.004716305
0,0.006227558
0,0.021592818
0,0.0053025833
0,0.006386354
0,0.025595883
0,0.0067118327
1,0.0028363282
0,0.16472372
0,0.001569006
0,0.0061680516
0,0.007441211
0,0.029352657
1,0.9864004
1,0.083541416
0,0.004581673
0,0.009782629
0,0.0049361507
1,0.90929085
0,0.013092669
0,0.007562325
0,0.009718897
0,0.0062782043
0,0.0025841463
0,0.0008908038
0,0.003076488
1,0.0054790163
0,0.005253167
0,0.017899709
0,0.011812706
0,0.0051323883
0,0.0002139424
0,0.0049326527
1,0.9660729
1,0.99999774
0,0.006145363
0,0.0097321505
0,0.0014422993
0,0.021422198
0,0.002891144
0,0.028344145
0,0.0041859713
0,0.0090617165
0,0.0034872266
1,0.96802
0,0.0021807041
0,0.02447394
0,0.014862021
1,0.0071294517
1,0.918381
0,0.010162233
1,0.99997693
0,0.0062349928
1,0.99140006
0,0.0038826598
0,0.0039007158
0,0.015614187
0,0.015870199
0,0.002093525
0,0.0025023439
1,1.0
1,0.9983791
0,0.018935636
0,0.003512673
0,0.0013622096
0,0.056497987
1,0.82434034
0,0.0046403348
0,0.0037675034
0,0.0011666205
1,0.99999756
0,0.023952363
0,0.13750301
1,0.8821879
0,0.015684638
0,0.0023399277
0,0.0009439618
0,0.005693527
0,0.009061694
0,0.011938463
0,0.020034805
0,0.0126889115
0,0.0073038475
0,0.02502935
0,0.01912706
0,0.005284102
0,0.0053685554
0,0.0016446579
0,0.0040044757
0,0.0043979613
1,0.9999964
0,0.07311248
0,0.0049457084
1,0.9362572
0,0.019497652
0,0.022511173
0,0.0041387253
1,0.34492257
0,0.00756342
0,0.013042418
0,0.0013669753
0,0.0051617357
0,0.0003231877
0,0.0018919803
0,0.0019214299
0,0.0039944123
0,0.017202897
1,1.0
1,0.99993217
0,0.010444113
1,1.0
1,0.18812479
0,0.052581016
1,0.32033658
1,0.9999988
1,0.9997678
1,0.16452797
0,0.011693927
1,0.105929054
0,0.0100838095
0,0.003499698
0,0.010528215
1,0.99998945
0,0.01214944
0,0.02480142
0,0.0064022164
1,0.99999917
0,0.0027208116
0,0.00095595734
1,0.9958142
0,0.1894404
0,0.0015179146
0,0.009653503
0,0.00048606328
0,0.0041896976
1,0.9510199
0,0.025635622
0,0.0015292123
1,0.99191505
0,0.019980289
1,0.8741947
0,0.008532363
0,0.008407801
0,0.00049850525
1,0.9995015
0,0.009577557
0,0.0004417193
1,0.90603846
0,0.055696853
0,0.022544397
0,0.005795994
0,0.030306429
1,0.4335328
1,0.77496636
0,0.003258786
1,1.0
0,0.0037598354
0,0.0054765185
0,0.0009705451
0,0.0057962905
0,0.009383362
0,0.0021255189
1,0.28623015
0,0.004496587
0,0.004868133
0,0.0051993933
0,0.018522086
0,0.025080368
0,0.009084305
0,0.0009599979
0,0.011387169
0,0.00080329244
0,0.00091611076
0,0.0048347223
0,0.015205397
0,0.009719509
0,0.0043998286
0,0.23912194
0,0.0047427095
1,0.6353357
0,0.0035134878
0,0.004407206
0,0.005304284
0,0.0027695224
0,0.0023977342
0,0.03246483
1,0.10743562
0,0.00965972
1,0.99999833
0,0.055892948
0,0.003906601
0,0.003001557
1,0.20794486
0,0.0068570445
0,0.0041917097
0,0.012788409
0,0.034161683
0,0.008964568
0,0.00199773
1,0.9936239
0,0.0028285817
1,0.009390253
0,0.005444803
0,0.00045921927
0,0.002271421
0,0.0036984133
0,0.0014320742
0,0.011705325
1,0.8719103
0,0.005631723
1,0.87078
1,0.7039963
0,0.074554116
0,0.03010665
1,1.0
0,0.035531342
1,0.12802386
0,0.002803154
0,0.061868656
1,0.72291094
0,0.0032508853
1,0.39734253
1,0.11103242
0,0.0002222586
1,0.97077525
1,0.9597847
0,0.0038470053
1,0.9648897
1,0.021757893
0,0.0030906303
0,0.018866224
0,0.006858375
0,0.0012593044
0,0.006339178
0,0.011466416
0,0.03658549
0,0.015709784
1,0.084785365
0,0.010184168
0,0.0005650751
0,0.008527097
0,0.011282995
0,0.08662397
0,0.0011953424
0,0.007289241
1,0.9999992
1,0.90546757
0,0.0022830241
1,0.07903453
0,0.03648024
0,0.00025669808
0,0.0029952822
1,0.12104526
1,0.99307024
0,0.026477145
0,0.008437651
0,0.0021305664
0,0.08054287
1,0.31518117
0,0.0016106043
0,0.0031349845
1,0.0074778767
1,0.9800153
0,0.0034542303
0,0.00401119
0,0.0005619122
1,0.99987876
1,0.9295795
0,0.0020858992
0,0.009271999
0,0.018283289
0,0.018269764
0,0.0028520264
0,0.0056760614
0,0.023608437
0,0.0017394325
0,0.0030654732
0,0.05299602
0,0.011530309
0,0.012935659
0,0.00946832
0,0.0073512155
0,0.0035193171
0,0.013068177
0,0.00295981
0,0.026146388
0,0.0072386875
1,0.04860665
0,0.026136281
0,0.0018902897
0,0.014583613
1,0.101119906
0,0.001563156
0,0.0059235217
1,0.17976399
0,0.007521758
0,0.01134128
0,0.013277597
0,0.04202793
0,0.0036551792
0,0.00057693396
0,0.036020584
1,0.08122448
0,0.005509906
0,0.0033455351
0,0.0027673421
0,0.0020790605
0,0.0010348422
0,0.0019244199
1,0.009860647
0,0.0020497614
0,0.028172255
0,0.012004406
0,0.01910307
0,0.0012278643
0,0.0038615146
0,0.0057166293
0,0.009741199
0,0.0018986661
0,0.00054658356
0,0.0005954664
0,0.001762353
0,0.0074712555
0,0.008328105
0,0.005819405
0,0.019221928
0,0.0010027244
0,0.0054389574
0,0.0010186776
0,0.003843345
1,0.922707
0,0.0013388423
0,0.008661948
1,0.9479163
0,0.0007669056
1,0.99678737
0,0.0045933835
0,0.019860955
0,0.0032303955
0,0.013753583
0,0.0037689786
0,0.001313154
0,0.005767829
0,0.0033990003
0,0.004776294
1,1.0
0,0.013290904
1,0.53935325
0,0.0017790996
0,0.0005916004
0,0.011421879
0,0.0045361053
0,0.008719352
0,0.0005614388
0,0.005595857
0,0.002354708
0,0.00020115271
0,0.5169695
0,0.0023204498
0,0.013195051
0,0.0048539285
1,1.0
1,0.95870125
0,0.0022618696
0,0.0019074088
0,0.0031956695
0,0.002759268
1,0.44688836
0,0.012490157
0,0.14833136
0,0.00052279246
0,0.0050089424
0,0.0022389598
0,0.015408013
0,0.025279446
0,0.0014063563
0,0.0145558715
0,0.005127653
0,0.0026575492
0,0.015853843
0,0.0027219385
0,0.04768532
0,0.0041230028
0,0.015579377
0,0.0004994722
0,0.004141429
0,0.0009293704
0,0.0010912237
0,0.0037852023
0,0.019055415
0,0.014435358
1,0.9990053
0,0.001669193
0,0.0001302894
1,0.0054829577
0,0.004523612
0,0.0072506014
0,0.019076593
0,0.0034066893
0,0.005875968
1,0.986185
0,0.0023180547
0,0.0074031586
0,0.0014125049
1,0.9999853
0,0.0072574583
0,0.0054712277
0,0.0002667384
0,0.020080736
0,0.0010641088
0,0.0029876411
0,0.0007190585
0,0.01853051
0,0.0014956465
1,0.23146072
0,0.0018786293
0,0.0144656515
0,0.0058554863
0,0.0015782397
0,0.15077084
0,0.015487505
0,0.70480514
0,0.0010832363
0,0.0018606697
0,0.008465187
0,0.0033227578
0,0.0042738416
0,0.015590253
0,0.0022726431
0,0.008362298
0,0.0038857148
0,0.04425887
0,0.00029243674
1,0.049097624
0,0.003255507
0,0.0030322536
1,0.99985874
0,0.0041915304
0,0.005467929
0,0.009279479
0,0.006367574
1,0.9986137
0,0.007375468
1,0.99999624
0,0.003234579
0,0.027183792
0,0.0021281147
0,0.0025103453
0,0.0013148914
0,0.04475629
0,0.006477834
1,0.9924295
0,0.0009366268
0,0.0057897796
0,0.015979037
1,0.5495079
0,0.011311052
0,0.024081707
0,0.007942152
0,0.0016673435
0,0.00028584883
0,0.0012783809
0,0.013504856
0,0.0032507244
0,0.27314115
0,0.0026651432
0,0.001948288
0,0.0292497
0,0.006628188
0,0.06394342
1,0.23721042
0,0.057008743
1,0.9855568
0,0.0021387786
0,0.000810821
0,0.0008294563
0,0.0065098903
0,0.0066505386
1,0.7583586
0,0.018044332
0,0.001846963
0,0.0027450928
0,0.007997429
0,0.008655935
0,0.0035414195
1,0.9999786
0,0.0065914583
0,0.0040823407
0,0.007414221
0,0.003334255
0,0.004490822
1,0.9927479
0,0.0025801908
1,0.6605935
0,0.00941572
0,0.0014622025
1,0.9859038
1,0.012602261
1,0.96492547
0,0.0015796112
0,0.00052048493
0,0.005326634
0,0.06535496
0,0.013693147
0,0.001526995
0,0.031727694
0,0.019228073
0,0.017147576
0,0.0075264405
1,0.9999645
0,0.002518442
0,0.0015984392
0,0.006511362
0,0.16081214
0,0.000922493
0,0.01627696
0,0.01168443
0,0.0045186146
1,0.16225922
1,0.010441383
0,0.0090183625
0,0.055324282
0,0.030812016
0,0.009065955
1,1.0
1,0.99995506
0,0.00041878258
1,0.009823268
0,0.0072521186
0,0.015298034
1,0.0037138986
0,0.0020575414
0,0.013146919
0,0.008948898
0,0.020595955
0,0.0030068276
0,0.002917297
1,0.8411325
0,0.010814645
0,0.009501186
0,0.0015786376
0,0.0011511863
0,0.011412013
0,0.00641324
1,0.02554626
1,0.7855614
0,0.0019792842
0,0.027788581
0,0.001980035
0,0.012543129
0,0.011219287
0,0.005409569
1,0.5397809
0,0.0064013563
1,0.038613025
0,0.03533651
0,0.0036127043
0,0.0036424897
0,0.013938077
0,0.07645079
0,0.05872335
1,0.88954955
0,0.004437045
0,0.004050112
0,0.0011145098
0,0.0011897846
0,0.0065557566
0,0.0017439883
0,0.027219491
0,0.0022495335
0,0.014898279
0,0.0068295714
0,0.025035355
1,0.005612457
0,0.004291039
0,0.007510745
1,0.009679884
0,0.0012433021
0,0.010754614
0,0.0011341723
0,0.0016290514
1,0.6850068
1,0.008621184
0,0.0031172917
0,0.031721838
0,0.05385891
0,0.001285942
0,0.0011808751
0,0.016968073
0,0.0022940084
1,0.15101089
0,0.0040074126
0,0.01193235
0,0.0029203112
1,1.0
1,0.76309866
0,0.024361605
0,0.01904042
0,0.0036898581
1,0.97386366
0,0.0006877841
0,0.0030959328
0,0.03416749
0,0.002157009
0,0.012945191
1,0.03538633
0,0.07037612
0,0.04052306
1,0.02704007
0,0.024698215
0,0.003735115
0,0.0025421164
0,0.010623161
1,0.999999
0,0.02303749
1,0.370441
1,0.9982436
0,0.0036134082
0,0.0076572536
0,0.010104279
0,0.015413195
1,0.99995786
1,0.032884046
1,0.9999964
1,0.17637764
0,0.00713501
0,0.010130037
0,0.0015114321
0,0.002187793
0,0.005484356
0,0.003010576
0,0.00068429904
0,0.01616248
0,0.014496276
1,0.25308996
0,0.2183142
0,0.0049134074
1,0.2633922
0,0.0017606384
1,0.18443106
0,0.008601762
0,0.0035193171
0,0.0017246662
0,0.00039952586
1,0.9999956
0,0.004044977
0,0.0018597862
0,0.01794903
0,0.0010357839
0,0.015059282
1,0.75892
0,0.0027602299
0,0.023900203
0,0.00399829
0,0.00093332626
0,0.054942086
1,0.7902533
0,0.008864098
0,0.25212786
0,0.039039038
0,0.002265983
0,0.009045403
0,0.026841758
0,0.038333334
0,0.0044540153
0,0.029686641
0,0.00022246492
0,0.003955791
0,0.007814464
1,0.8887243
0,0.004641612
0,0.008214334
0,0.014966152
0,0.0035712167
0,0.0037926086
0,0.0069015096
0,0.0030938098
0,0.00169521
1,0.9885234
1,0.18676169
1,1.0
0,0.025249043
0,0.0051508895
0,0.0025917112
0,0.0036614342
1,0.9999999
0,0.05451403
0,0.009471185
1,0.678141
1,0.84330714
0,0.012312115
0,0.0026249078
0,0.0036895021
0,0.013851371
0,0.012435034
0,0.0029686342
0,0.004403793
0,0.013277342
0,0.007775544
1,0.9999751
1,0.021659352
0,0.0036621706
0,0.0008667293
0,0.010641517
1,0.9956608
1,0.19071507
0,0.0020474289
0,0.0080830995
0,0.0024626649
1,0.46910402
1,0.46067274
0,0.0049311225
0,0.021841375
0,0.0071363845
0,0.0027938632
0,0.0010376198
1,0.018765045
0,0.0054060942
0,0.0037660953
0,0.009113057
0,0.00206393
0,0.0012063105
0,0.0057999473
0,0.028476536
0,0.008729696
0,0.0014837884
0,0.0013066985
1,0.9999989
0,0.00088793307
0,0.0019317236
0,0.03177807
0,0.004893307
0,0.005449228
0,0.0035769953
1,0.057868626
0,0.0027169106
0,0.050222863
0,0.0013319636
0,0.0155020645
0,0.10507501
0,0.011026608
1,0.9866289
0,0.0042183446
0,0.0020942981
0,0.0047712894
0,0.13810736
0,0.004829914
1,0.99999243
0,0.007067995
0,0.002583571
1,0.13454212
0,0.00028994185
0,0.0024823097
0,0.0009916825
1,0.008774758
0,0.0031139746
0,0.008657699
0,0.0061429986
0,0.0044882335
0,0.09757612
0,0.0040117074
0,0.002373979
0,0.0019460027
0,0.0059187314
0,0.02393098
1,0.27995688
1,0.9754592
0,0.021069802
0,0.006805041
0,0.05144077
1,0.93987167
0,0.08314899
0,0.0010972332
1,1.0
0,0.008580175
0,0.053939745
0,0.004673699
0,0.004047262
1,0.9998639
1,0.9661095
1,0.020564787
1,0.9031303
1,0.0075455736
0,0.2642414
0,0.006304336
0,0.08591401
0,0.007492179
0,0.011867117
1,0.7440538
0,0.0050664763
1,0.012219446
0,0.010704609
1,0.9966852
0,0.0034053803
0,0.0029385842
0,0.009408428
0,0.16177076
0,0.006904245
0,0.0020648553
0,0.004997343
0,0.007723128
0,0.0027281935
0,0.0011163555
0,0.0008782444
0,0.0055771763
0,0.007121417
0,0.0019364455
0,0.0078016203
0,0.021950608
0,0.0014694164
0,0.0011248237
0,0.005370096
0,0.06825386
0,0.004204581
0,0.0014234605
0,0.0058290903
0,0.014742403
1,0.99999857
0,0.00659337
1,0.9999999
0,0.002046439
1,1.0
0,0.0031096002
0,0.01655158
0,0.0020226932
0,0.32396185
0,0.014530866
1,0.97707546
0,0.0076386053
0,0.0060108053
0,0.03873367
0,0.002211213
0,0.003050506
0,0.0010346575
1,0.9108677
0,0.06769496
0,0.0011646237
1,0.007671041
0,0.0026678292
0,0.0065932227
0,0.0035380523
0,0.012516104
1,0.9904543
0,0.0067260284
0,0.00190889
0,0.0033464483
0,0.003912099
0,0.011779428
1,0.90723705
0,0.0021104312
0,0.008260408
0,0.17459017
1,0.07884822
0,0.001238931
0,0.0025488103
0,0.02109416
0,0.0024526394
0,0.0026026305
0,0.0016593921
1,0.12304466
0,0.012060667
0,0.0065081604
0,0.0080247875
0,0.0026634745
0,0.00053137547
1,0.037866034
1,0.041272018
1,0.8713888
0,0.015748398
0,0.001025454
1,0.054583464
1,0.38466725
0,0.0027043954
0,0.0532667
0,0.06279483
0,0.0015980524
1,0.9927983
1,0.122216
0,0.007347347
0,0.009250859
0,0.029220654
0,0.017637316
0,0.013972795
0,0.067785054
0,0.0027278927
0,0.0029742755
0,0.0012603265
0,0.0073448676
1,0.4181729
0,0.0069593894
0,0.18129048
1,0.16777368
1,0.997069
0,0.01262033
0,0.0059552873
0,0.11683187
0,0.0026682706
0,0.0033823617
0,0.0032770261
0,0.067257255
0,0.0010565463
0,0.00089679187
0,0.021529097
0,0.0057675033
0,0.013775865
0,0.0054324837
0,0.0019806968
0,0.0035132903
1,0.017156933
1,0.7093565
0,0.00858971
0,0.010600511
0,0.016553015
0,0.0010612229
0,0.010311232
0,0.0032637191
1,0.7132783
0,0.0011090606
1,0.99810916
0,0.0032822073
0,0.005041961
0,0.0004965778
0,0.0027166947
0,0.0046832534
0,0.0012144656
0,0.0031071599
0,0.029489819
0,0.16517259
0,0.0068489793
1,0.9913709
0,0.0022678715
0,0.0031140829
0,0.027913647
0,0.005408859
0,0.0035647184
0,0.010638773
1,0.90212494
0,0.081812896
0,0.0005801105
0,0.0021593038
0,0.0022842397
0,0.015800318
0,0.0028644926
0,0.0053578108
0,0.01634301
1,0.9998902
1,0.77780205
0,0.00076909707
0,0.038193755
0,0.06367928
0,0.00054120825
1,0.23822619
1,0.21026087
0,0.0031459222
0,0.0076581556
1,0.99999934
0,0.0055593085
0,0.003404294
1,0.42520308
1,0.13957687
1,0.9998412
0,0.003690403
0,0.0014973887
0,0.0037058634
0,0.019972114
0,0.0054678814
0,0.007125004
0,0.014908122
0,0.009427558
0,0.001981553
0,0.031450804
0,0.0050056786
0,0.0011451511
1,0.99994993
0,0.0016512219
0,0.003919773
0,0.033472005
0,0.0021487942
0,0.0004696529
0,0.00068730226
0,0.0025258316
1,0.9943742
0,0.00078949076
0,0.008300164
0,0.005474036
0,0.0028872236
0,0.0012159158
0,0.0011316432
1,0.055253025
0,0.07136854
0,0.021959983
0,0.0033926181
1,0.8738159
0,0.009730575
0,0.0033595336
0,0.0059870323
0,0.0046939477
1,0.029073404
0,0.023394916
0,0.0068476535
0,0.005078251
0,0.051906407
0,0.0014639703
0,0.0021061124
1,0.004243631
1,0.13180979
0,0.062473547
1,0.8001256
0,0.02449844
0,0.014381577
0,0.004171225
0,0.0067708013
0,0.013455894
0,0.00080125156
0,0.0132364845
1,0.6774088
0,0.041745763
1,0.9482495
0,0.018810803
0,0.0042841076
1,0.5008437
0,0.0008870663
0,0.0036416817
1,0.9088528
0,0.004248567
1,0.017576637
1,0.9804199
1,0.996509
0,0.0038450963
0,0.030863212
1,0.999849
1,0.11411519
0,0.022470638
0,0.0028286676
0,0.0030534295
0,0.0015445801
1,0.98265624
0,0.0038561127
0,0.006484245
0,0.0016443509
1,1.0
0,0.0036223119
0,0.013270614
0,0.03747981
0,0.0019211344
0,0.0013289864
0,0.0021532886
0,0.00761244
0,0.0016310908
1,0.026399441
0,0.006846994
1,0.18433607
0,0.030898144
0,0.0012998227
0,0.011786768
0,0.0014122924
0,0.006585438
1,0.017046947
0,0.01908711
1,0.777625
0,0.034620553
0,0.0032992077
0,0.004438472
0,0.0038007586
0,0.001904673
0,0.0032048766
0,0.020767093
1,0.20905614
1,0.8748352
0,0.00916369
0,0.01664138
0,0.005300534
0,0.0099837845
0,0.024681756
0,0.006559718
0,0.0054301014
0,0.004697424
0,0.002061182
0,0.008873001
0,0.031532705
0,0.0061787055
1,0.4090047
0,0.0063812765
1,0.9999944
0,0.0046180007
1,0.052714866
0,0.005780981
0,0.008705044
0,0.0068066553
1,0.9984547
1,0.99184865
1,0.99999976
0,0.0031545863
0,0.0068815076
0,0.003784199
0,0.004915377
0,0.09238609
0,0.0068493877
0,0.0030915882
1,0.5776817
0,0.019843841
0,0.0026883404
0,0.0022982238
0,0.0049802274
0,0.06848746
0,0.0043525803
0,0.012189513
1,0.52979517
0,0.025147725
1,0.9830587
1,0.620222
0,0.0012234544
0,0.013405644
1,0.9999842
1,0.01966658
0,0.0021278444
0,0.084524594
0,0.0053202766
0,0.020912627
0,0.0016097628
0,0.0016794918
0,0.010327113
0,0.002312764
0,0.0028852145
0,0.014747234
0,0.0058955103
0,0.009228294
0,0.0032771803
0,0.0072683296
0,0.004419263
1,0.23596172
0,0.0020141709
0,0.0014825648
0,0.002356927
0,0.012372643
1,0.028924748
0,0.0020822438
0,0.0031621286
1,0.8053004
0,0.1838541
0,0.0005825097
0,0.002335376
0,0.022206737
0,0.0019616582
0,0.010428917
1,0.5320537
0,0.0019140763
0,0.0021353967
0,0.00461855
0,0.0039814757
0,0.004107837
0,0.0067870487
1,1.0
0,0.013221148
0,0.02570573
0,0.005596874
0,0.023223458
1,0.99993175
0,0.011793202
0,0.0034997992
0,0.0079497835
0,0.011464848
0,0.014003784
0,0.0012297946
0,0.001980775
0,0.0048077023
1,0.28104782
0,0.015078688
0,0.03456059
0,0.0019384788
0,0.028592546
0,0.00171194
0,0.0022585555
0,0.0013967287
0,0.008348766
0,0.002142441
1,0.121438764
0,0.0008692485
0,0.013039732
0,0.031415813
1,0.23611143
0,0.015799666
0,0.99918926
1,0.999863
0,0.018641213
0,0.032071903
0,0.017388646
1,0.99041873
0,0.0065037226
0,0.025720168
0,0.0019682876
0,0.0043438724
0,0.0768062
0,0.0011449847
0,0.04058573
0,0.0029936137
0,0.0016336864
0,0.007990535
0,0.0044873385
0,0.10749909
0,0.0040548793
1,0.99317443
1,1.0
0,0.005345365
0,0.0045072427
0,0.0046130475
0,0.022233658
0,0.00882712
0,0.019820683
1,0.6926541
0,0.121458344
0,0.0030677882
0,0.0034338844
0,0.0012268504
0,0.025689673
0,0.25200352
1,0.9999998
0,0.008079583
0,0.004068449
0,0.0009558066
0,0.00039917664
0,0.0024800694
0,0.0043746824
0,0.004123638
0,0.0011402977
1,0.6421102
0,0.001592675
0,0.0023036934
1,0.99836475
0,0.007474901
0,0.008380336
0,0.01590023
0,0.0011954709
0,0.00075334084
0,0.008902756
0,0.012623075
0,0.003826828
0,0.0054591596
0,0.0039720815
0,0.0028208722
1,0.03865066
0,0.0064177695
0,0.021541154
0,0.001419032
0,0.012284649
0,0.019693052
0,0.048511647
0,0.0026365176
0,0.004609716
1,0.9779303
0,0.003184458
0,0.003843712
0,0.00064130296
0,0.0038997168
0,0.0024724347
0,0.004198082
0,0.0063957106
0,0.01666662
1,0.48901445
1,0.008695749
0,0.022794778
0,0.0015890565
0,0.04932811
0,0.003428121
1,0.9996849
0,0.0023063915
0,0.0072324355
0,0.0038619176
1,0.29944804
0,0.00467314
0,0.0021848988
0,0.0224518
0,0.004018579
0,0.09510645
0,0.0020487374
0,0.0070421807
0,0.0048608663
0,0.0046753604
0,0.1963868
0,0.0046695527
1,0.014361714
0,0.0015477292
0,0.005885606
0,0.0029632957
0,0.009515239
0,0.0027842016
0,0.004422093
0,0.009533366
0,0.0068879467
0,0.023506591
0,0.036752876
0,0.011345478
0,0.0015599586
0,0.00084848446
0,0.002905628
0,0.0025291143
0,0.007009615
1,0.9999899
1,0.03905275
0,0.006819172
0,0.005594637
0,0.007452492
0,0.0006235297
0,0.0029644035
0,0.0038175574
0,0.0075231986
0,0.00032764146
0,0.08293147
0,0.00592377
0,0.0020853097
0,0.0036389735
1,0.99518794
0,0.0018703555
0,0.002176042
0,0.006080309
0,0.014931957
0,0.014453768
0,0.00033561702
0,0.016278101
0,0.004032317
0,0.0014126461
0,0.008841955
0,0.000896841
0,0.014357401
1,0.049102034
1,0.24250777
0,0.0035512503
1,0.82583976
0,0.0017361138
0,0.001234395
0,0.005656778
0,0.0036637466
0,0.0036669266
0,0.044342104
0,0.035209466
0,0.008039707
0,0.00036873217
1,0.0031675198
0,0.023376284
0,0.0063423323
0,0.004526654
1,0.950418
0,0.011250959
0,0.009195872
0,0.00538604
0,0.022039846
1,0.93598986
0,0.0041953116
0,0.0006433451
0,0.0054059145
0,0.0012066768
0,0.15256968
0,0.011532587
1,0.99999857
0,0.0039194897
0,0.006935288
1,0.9476944
1,0.9990575
0,0.0023440113
0,0.002833313
0,0.045637224
0,0.0016682677
0,0.040353473
0,0.0310887
0,0.028787201
0,0.012426386
0,0.0018732144
0,0.0027058003
0,0.007934393
1,0.99999595
0,0.004594674
0,0.0038188412
1,0.5753498
0,0.003286278
0,0.002208864
1,0.60453296
1,0.016998403
0,0.010390606
0,0.0068077617
1,0.4557122
0,0.002155581
0,0.019722594
0,0.01551894
0,0.0017484268
0,0.0007563556
0,0.0055920663
0,0.0061745318
0,0.011023545
0,0.0018136109
0,0.0016534899
0,0.0018758615
1,0.1343322
0,0.001519501
0,0.001731128
0,0.009670029
0,0.037958715
1,0.3103672
1,0.3626236
0,0.012228417
0,0.01172699
0,0.012696601
0,0.0021836518
0,0.0036901801
0,0.0014466696
0,0.012082329
1,0.055002674
1,0.9519782
0,0.0012567879
0,0.008984191
0,0.0011657857
0,0.0013112674
0,0.0011300229
0,0.0031964423
0,0.0025594484
0,0.011149724
0,0.0076841195
0,0.010377896
1,0.00092046964
0,0.002872548
1,0.037908927
0,0.00910865
0,0.0058276425
1,0.974654
0,0.0022298293
0,0.002220572
0,0.23392862
0,0.0064250985
1,0.77108485
1,0.49044394
0,0.0035086295
0,0.03806423
1,0.9556147
0,0.0017834451
1,1.0
1,0.9999367
1,0.0117293885
0,0.003322748
0,0.058268737
0,0.0051499265
0,0.008177563
1,0.9456221
0,0.008506385
0,0.017607735
0,0.00601445
0,0.009060317
0,0.0045020753
0,0.0019614515
0,0.004256015
0,0.0066853054
0,0.0023884021
0,0.0063723573
0,0.017858177
0,0.022971949
0,0.010301816
0,0.013012494
0,0.016157337
0,0.002504311
1,0.38657936
1,0.99876046
0,0.00676739
0,0.0010509847
0,0.0035527998
1,0.8046615
1,0.40992984
1,0.9830764
0,0.008508675
1,0.99995506
0,0.00041893587
0,0.0099463295
0,0.0048489403
0,0.024271522
0,0.007821847
0,0.011397514
1,0.025142632
0,0.047580786
1,0.9431127
0,0.0025620863
0,0.009368686
0,0.0041143014
0,0.020550411
0,0.0013600644
0,0.002891994
0,0.002316366
0,0.0020999752
0,0.011324558
0,0.01701511
1,0.9999983
0,0.0012534978
0,0.0010717955
0,0.012810486
1,0.9999093
0,0.0039551104
0,0.06691132
0,0.0024903454
0,0.0061131096
1,0.99997437
0,0.011660221
0,0.001170224
0,0.002198277
0,0.002882781
0,0.0035154193
0,0.0032910376
1,0.028409384
0,0.00065346656
0,0.0038222787
1,0.16764538
0,0.0032152627
0,0.0051259845
0,0.0019559106
0,0.0024798703
0,0.013641229
0,0.015348153
0,0.0014431943
1,0.13914901
0,0.0016796301
1,0.013159335
0,0.0014589812
0,0.0043321066
0,0.012467339
0,0.007515246
0,0.0008944413
0,0.007303822
0,0.008120865
0,0.0049928636
1,0.39314145
1,0.86233383
1,0.9987038
1,0.9423823
0,0.01302639
1,1.0
0,0.0010490172
0,0.0015171033
0,0.003098655
0,0.0011413157
0,0.0022609208
0,0.062836476
0,0.019326404
0,0.06983874
0,0.0012697398
1,0.47446367
0,0.0009092293
0,0.0025065658
0,0.001777712
0,0.015754102
0,0.0024070016
0,0.0027389152
0,0.0032588802
0,0.00036614228
0,0.00791642
0,0.0886812
0,0.00050157047
1,0.401882
0,0.011301559
0,0.083884805
1,0.50970185
0,0.011704238
0,0.11690607
0,0.0021706163
1,0.09333006
0,0.009706097
0,0.01115744
0,0.0077063376
0,0.0611189
0,0.0022526484
1,0.25727642
1,0.73162645
0,0.0012290399
0,0.000911659
0,0.0010911813
0,0.002117401
0,0.04713686
0,0.011856128
0,0.010688485
0,0.0017493375
0,0.0026090622
1,0.99899995
0,0.0028446913
0,0.0090948185
0,0.005839413
0,0.0019174459
0,0.008674995
0,0.00097654527
1,0.9250531
0,0.05342428
0,0.0028021333
0,0.008604165
0,0.0013165136
0,0.00087066303
0,0.010261029
0,0.0014757126
0,0.009417655
0,0.0043285107
0,0.0053357356
0,0.04083216
0,0.023494799
0,0.006314344
1,0.99998665
0,0.007441911
0,0.0031130954
0,0.0069848397
1,0.99999964
0,0.0033787084
1,0.9695748
0,0.0029651378
0,0.0041791494
0,0.008052625
0,0.5532333
1,0.99985975
0,0.0056587267
0,0.018044991
0,0.0012852655
0,0.05255211
0,0.0105088595
1,0.0013014633
0,0.029479828
1,0.9963224
0,0.0068266736
0,0.009002894
0,0.015181227
1,0.115906425
0,0.0056249597
1,0.99843
0,0.0045396728
0,0.0010202208
0,0.0018748904
0,0.005671636
0,0.0012408657
1,0.91116387
0,0.0028598397
0,0.0015487197
0,0.0016913346
0,0.010042218
1,0.0054061506
0,0.011560032
0,0.00070091774
0,0.016021231
0,0.007797354
1,0.62088376
0,0.0043494357
0,0.007947703
0,0.0028024933
0,0.0053570997
1,0.747931
0,0.0013702713
0,0.0016423226
0,0.024250332
0,0.06819027
0,0.01106109
1,0.0010779954
0,0.0046300404
1,0.99991447
0,0.014275583
0,0.005505887
0,0.0026738266
0,0.006923981
0,0.008552751
0,0.0031509642
0,0.0029588335
0,0.037274987
1,0.5284174
0,0.0048347567
0,0.0006038107
0,0.069156624
0,0.005479734
0,0.0031399748
0,0.0036656705
0,0.0018002157
0,0.0066671763
0,0.022596499
0,0.01781495
0,0.0002655575
0,0.0046841605
0,0.025111025
0,0.0048501934
0,0.0023863113
0,0.01313726
0,0.014961514
1,0.9029673
0,0.0039637764
0,0.0230698
0,0.016216133
