y_true,y_prob
0,0.19465397050451916
1,0.19371652708689457
0,0.20299030055076941
1,0.23454727364865988
1,0.18458354855012513
0,0.17708055593883631
0,0.18650837886620591
0,0.17044757900864155
0,0.1633351596407262
0,0.16523396331626022
0,0.25282183324287083
1,0.19628682585264348
1,0.16712682780971408
0,0.16364670912667148
0,0.22138980624361276
0,0.2170249592611563
1,0.16129636503847672
0,0.16208963104760057
0,0.24525270363991428
0,0.20121905920333888
0,0.20654690879725998
0,0.15480491096509244
0,0.1648684398763658
1,0.19640177842285506
0,0.20940864394769118
0,0.21808985228336783
1,0.17410190324523994
1,0.20658218551344565
0,0.1655113219680038
0,0.1715290743961356
0,0.1607128372789616
1,0.2000307963115779
1,0.20750289359452984
0,0.2543034281209352
0,0.24173552272716667
0,0.20005445929354904
0,0.18447991177303372
0,0.19554747293030889
0,0.21010946621325238
0,0.2274959254866377
0,0.19340232066714455
0,0.17531179762019083
0,0.14900119320740424
0,0.19428169825259314
0,0.1735025795049645
1,0.21754848769589827
0,0.21581373263993925
0,0.22385481463262888
1,0.2018897233170517
0,0.19739067623106157
1,0.18136998669024107
0,0.16734719484784155
1,0.2069512417011878
1,0.15629273115509298
1,0.1996722764954555
0,0.2229095855781568
0,0.1517611636792845
0,0.2531938799251096
0,0.15707204825708654
0,0.22095564767915693
0,0.18300338693496288
0,0.20272854260426842
0,0.2012649628819022
0,0.17241678840693303
0,0.1975765171822517
0,0.18971415990702872
1,0.26513871914321485
0,0.19724538073614092
0,0.17835667007768563
0,0.19027582863836529
0,0.2190641582533363
0,0.1923067564431125
0,0.2230918027848836
0,0.2263874666180445
0,0.1976732831170075
0,0.17505923436327744
0,0.25704281255965156
0,0.21512271408048028
1,0.19469605639200674
1,0.16187598289045038
0,0.21158117983762537
0,0.17418411552889676
0,0.1695131573964803
0,0.21342375599269794
0,0.1732675405386697
1,0.19498683437784403
0,0.19015195406122215
0,0.20239507911910562
0,0.1844329937492122
0,0.1645203783040198
0,0.20684001061478083
0,0.18257540212286888
0,0.21063562176745484
1,0.1781432149048405
0,0.261179350579836
1,0.19382606372771904
0,0.23190493929716124
0,0.17914479441727071
0,0.18227231080654457
0,0.1659734788118556
0,0.18600216016047136
0,0.16160701780768483
1,0.22257709356268476
0,0.1722642739488722
0,0.2094693192837922
0,0.16041680227110058
0,0.20103860514888178
0,0.22309713255226288
0,0.14032756280993158
0,0.2389040581413189
1,0.18478953918101573
1,0.1967887318404191
0,0.2122860199549088
1,0.16466596622452884
0,0.18215753083236697
0,0.1867848751390978
0,0.21053229955998845
0,0.19660516464245098
0,0.172576550774062
0,0.26808778475096656
0,0.18149277386259027
0,0.1527304071421868
0,0.22002253194363733
0,0.21362144234889005
0,0.2160017061579237
0,0.2098611101863466
0,0.16961560123163325
1,0.21229480469882586
0,0.22203817273774884
0,0.2014319734014211
1,0.1895368465257863
1,0.18564499393708306
0,0.19037601546341756
0,0.217596408587808
0,0.23640908609992736
0,0.16368628456320233
1,0.16626192231576878
0,0.18775285120107757
0,0.2177767175014676
1,0.19432887534538795
0,0.1859868061653763
0,0.24312173479211965
1,0.1813135927606823
1,0.20278010347419195
0,0.23145683396307537
0,0.21319369873276142
0,0.16723224275856766
0,0.2007559262636208
0,0.1660651731436839
0,0.21028252070335882
0,0.18047790330311633
0,0.1987823954731825
0,0.18065436150988623
1,0.19638555859580378
0,0.16888992144075193
0,0.17789481538713406
0,0.214535459663456
0,0.1627481181651311
0,0.19943468375643503
0,0.2013050182459155
0,0.20290708850111072
0,0.18721582751342225
0,0.160460340870219
0,0.16677136718011276
0,0.1739660113256203
0,0.23002975879315118
0,0.177282912569539
0,0.24554648977932
1,0.23375526625920143
1,0.23243812631635608
0,0.20438199894694636
0,0.20335822438034706
0,0.16026717712233604
0,0.21203369382766324
0,0.16705358157244585
1,0.18801491660955283
1,0.2019235066111331
0,0.22681332756540376
0,0.19247857313064112
0,0.1917911435481213
0,0.2659792467243699
0,0.20269808874302978
0,0.17127167800115095
0,0.20807676087083166
1,0.1933111726912847
0,0.18909511046579608
1,0.22511919601825103
0,0.18701562649418865
0,0.25140654398017487
1,0.17849748007204985
0,0.19469995564557296
1,0.19451921321246357
0,0.19246912846870054
0,0.19105750940847685
1,0.23282365032107175
0,0.18973749806973245
0,0.17712592752471196
0,0.23686986263644744
1,0.18565158940344004
0,0.22526111479949706
0,0.1818492680421013
0,0.2260424953181489
0,0.18259852692565084
0,0.18623607836626374
0,0.14939155636948995
1,0.16790276478327387
1,0.22720413056773242
0,0.16751182069573936
0,0.19257887763679227
0,0.21224291560122666
1,0.2008744736985639
0,0.23054363839949651
0,0.16641201252663412
1,0.23014414148499182
0,0.15777531085844254
1,0.17090949728263125
0,0.16501410386644746
1,0.17371163730916622
1,0.17319299590998644
0,0.19474479456041605
0,0.19417747312850522
0,0.23231819194868275
0,0.231726001726636
0,0.20506331435640968
0,0.20687619749521405
0,0.2354244805422595
0,0.18980384867523867
0,0.24838586686703154
1,0.17732044208429754
0,0.18467383339542684
0,0.19407335293002434
0,0.21889838679358678
0,0.21878615838330537
0,0.20729560299876923
1,0.2156684875178016
0,0.1886027580610502
1,0.2116665884346478
0,0.16903473227741103
0,0.2198860917316827
0,0.20422523939176526
0,0.1940385585815083
0,0.16800134225837998
0,0.19957992490156434
0,0.16235370537394214
1,0.2376231641630313
0,0.19568925135183943
0,0.19279870003935748
0,0.1401378729572492
0,0.18762282587002108
1,0.2024031631546133
0,0.22523674661307239
1,0.21249413790962918
0,0.15233690806871314
0,0.20797612556838668
1,0.18201092412450084
1,0.20420335951976581
0,0.21120208518627703
0,0.17099933486998314
1,0.2026179449974113
0,0.18101655485871945
0,0.16997250462604296
0,0.19289163139762952
0,0.2273660780683992
1,0.20447099180266132
0,0.18768840101353101
0,0.20686641164586414
0,0.2006866506013905
0,0.19900997521222677
0,0.14185092820346726
1,0.2011724485579335
0,0.21763507009035615
0,0.19496690633951694
0,0.18560217651916316
0,0.19055317659948187
0,0.1586417257196156
0,0.18659177349387834
0,0.14401796961603722
0,0.1934126229268566
0,0.2554288069073834
0,0.18496510435083113
0,0.2100673279855556
0,0.19947146575634206
0,0.18396684297259408
0,0.18152084271198196
0,0.29151207123862866
0,0.1859942975726252
0,0.150058044577546
0,0.20873103511025895
0,0.19058465660758583
0,0.15073921812419772
0,0.17130138045289758
0,0.1897680521012567
0,0.16563572154236977
0,0.26084016608751365
0,0.2134679432237276
0,0.2090387691531502
0,0.18785220233273617
0,0.21048250277805491
0,0.1742770604023432
0,0.1836755418144194
0,0.18244145353953323
0,0.16666925878048264
0,0.1692860177201772
0,0.18143184524165334
0,0.1814309279025593
0,0.18187844793063357
0,0.18998016824064778
1,0.21079244631175575
1,0.1665609533334504
1,0.16688887814685627
1,0.20764267148994545
1,0.18041632996834728
0,0.20350430470612965
0,0.2577306243820565
0,0.21036547473832742
1,0.21151370448301243
0,0.19570806594335055
0,0.18859770072770857
0,0.22437874935526045
0,0.16960392825331133
1,0.21275268364069183
0,0.1569727789990424
1,0.18997250023178933
1,0.21933213398163237
1,0.1973903292764265
0,0.24725103183165492
0,0.21016856668999742
1,0.1382784808501863
0,0.19440460587588476
0,0.17767345400340573
0,0.17580498637197672
0,0.19450772316498482
0,0.20574387747412112
1,0.21426964661091888
0,0.20990889257196585
1,0.2186408621338876
0,0.16998989165311282
0,0.22577004514034865
1,0.15660578206713216
0,0.19651613882076108
0,0.15451740568454447
0,0.16647439302673891
0,0.19401921603832611
0,0.19536896522841057
0,0.15718341748314946
0,0.21693321922179495
0,0.18819219025823494
0,0.18034455454723114
1,0.22358245553125927
0,0.15728994643438457
0,0.19807851894443326
1,0.2000305476932868
0,0.23218919653091727
0,0.18579153021790507
0,0.19800877450401164
0,0.20564500104670894
0,0.16531145536847722
0,0.20663081882948503
0,0.2024789223765729
1,0.20675082813020557
0,0.2161353788952896
0,0.39736948693467466
1,0.16196714997908315
0,0.2044879859091948
0,0.16865452599355293
0,0.1935052525965981
0,0.2212162956339153
0,0.17037351690157926
1,0.1944324151519149
0,0.17767184126615357
1,0.23060330940182952
0,0.22565533653982514
1,0.17995492385779263
0,0.18410684945651762
0,0.20007634643384628
0,0.18493715606033548
0,0.19383031215684562
0,0.19954561645913804
0,0.213839086882905
0,0.15372172129010897
1,0.21742770441342668
0,0.17936838690626497
0,0.2613263644772275
0,0.15386670885746379
0,0.1976158555461641
1,0.18946169460915502
0,0.1838300767479908
1,0.20348177084540006
0,0.23904225555396916
0,0.2286295640096406
0,0.2169505845193371
0,0.21297726615200557
0,0.22315566158500993
0,0.16298457181468898
0,0.17463450546402676
0,0.20009655188852862
0,0.16969505171430851
0,0.16462199271619044
0,0.20372341901655217
1,0.2015513982673643
1,0.22546875647157982
0,0.21171717221625405
0,0.17243891828983507
0,0.21630616435043096
0,0.2009625444200795
0,0.19779747794928454
0,0.16496368351617124
0,0.1604914098398851
0,0.2038302175523539
0,0.18809258505269896
0,0.22882346830061592
1,0.17171276591716886
0,0.18159785798471356
1,0.21372968981778118
0,0.19085885600196995
1,0.2837754423387809
0,0.20709155563388268
0,0.1807031831690707
0,0.19905536988857297
1,0.18458843055497856
1,0.1867461526708951
0,0.22992591428048953
0,0.179039316634426
1,0.1777119828475407
0,0.1451717230421624
0,0.17667193317445803
1,0.20185482669489285
0,0.16580793925271425
0,0.2039507260653348
0,0.19522729948530873
0,0.19869935286847176
1,0.166668838869708
0,0.22483618267340508
0,0.15466635138854665
0,0.1969959318834538
0,0.1853304424069152
1,0.22344844882181586
1,0.1799154762748183
0,0.18839040990710304
0,0.2186407581906169
0,0.20422078248651615
1,0.19153838297154108
1,0.19623135319924256
0,0.2002090536687167
0,0.1908799680470563
1,0.2411278095068692
0,0.19590611667325558
0,0.2159082943954242
0,0.21740055765444516
0,0.2362355525743963
0,0.18952434929189194
0,0.2133737154431041
0,0.16963782952948125
0,0.20056305046198789
0,0.20374298575097605
1,0.2267167416414281
0,0.2507769745458403
1,0.15354764071791432
0,0.18869739374153122
0,0.2319902546104004
1,0.19840098072067183
0,0.19388004715173443
0,0.1533659522503811
1,0.19677982825979717
0,0.21319034290484185
0,0.15768934631945059
0,0.15229124705600966
0,0.19872866105644368
0,0.19069972509538746
1,0.18010257077192848
0,0.17977365600816697
0,0.19836947891864007
0,0.15235070974919399
0,0.1915877042372559
0,0.18258026508683023
1,0.20576730565946003
0,0.1866518790247117
0,0.17578125466327865
0,0.1970163177674547
0,0.20881611998918756
0,0.2211002014342324
0,0.1764808069777936
1,0.22698217559052675
0,0.30746444204460166
1,0.21061861069329485
0,0.22191284310952966
1,0.19786324540455882
0,0.19451315188291615
0,0.1645165632496863
0,0.19283965101149597
1,0.20843964709353957
0,0.16339345725235954
0,0.20246088875646223
0,0.21984696989910657
0,0.18731493579026803
0,0.1629669153848373
0,0.2659021343653134
0,0.17709325521368263
0,0.19863305146541613
0,0.1542418497125047
0,0.18231762797013434
1,0.22496002525535247
0,0.1951785133758944
1,0.16616732002599702
0,0.1536182345825357
0,0.2430006248083486
0,0.21452806126505752
0,0.18982106425157008
0,0.155772514505277
0,0.22236372910071428
0,0.20725784044478066
0,0.20273793512206845
0,0.19630464711701776
0,0.19625850694005792
0,0.22270964696780202
0,0.2161764035841592
0,0.2803569583769189
0,0.19712538738796462
0,0.19944022457196955
0,0.20448214605294876
0,0.20906850160962398
0,0.21097928603850974
1,0.24044849285217726
0,0.20685107547696374
0,0.20562741468038856
0,0.20853752558035674
1,0.19379537493520918
0,0.22773025565093533
0,0.21476395910810173
0,0.18561871016092363
0,0.23134921407171113
0,0.19245614783578652
1,0.21038474931533552
0,0.19057272968435365
0,0.1870970285760092
0,0.1568481515032149
0,0.1807871048365186
0,0.1809632979201629
1,0.23820226352382684
0,0.1679483771787139
0,0.1888279738918301
1,0.22320029264022911
0,0.18246681156775593
0,0.20864865166865262
0,0.18015482779459774
1,0.20878656316293703
0,0.21046615445832853
0,0.20506625660743769
0,0.19726893456454955
0,0.19238805732812364
0,0.1959243684948323
0,0.24491718534258047
0,0.20546812587174504
0,0.1703725964824049
1,0.2186737722271901
0,0.2051778331172664
0,0.21122283841451014
1,0.20562620943159035
0,0.19127040545596896
0,0.16546410772626102
0,0.19037701141703828
0,0.24657484361758938
0,0.21160898698775177
0,0.16443515804151881
1,0.2272510257109766
0,0.2091081274140092
1,0.1821485794342911
0,0.20736168297623397
0,0.27657707205064647
0,0.15684252166142704
1,0.21245488304696356
0,0.2058631789291842
0,0.199602222162855
0,0.230225924797902
0,0.16728699405511724
1,0.22261651004433738
0,0.18223503098259938
0,0.17874577484264195
0,0.23410818227020716
0,0.26114523803851597
0,0.1782404332762053
0,0.160605425755017
0,0.2101531738252725
0,0.1630247888206058
1,0.15954389238155653
1,0.16134632509832392
0,0.18557390105359095
0,0.19088807779215544
0,0.1908497026949842
0,0.18771700982316386
0,0.22563279147184806
0,0.20100186158909103
0,0.16645789444966813
0,0.15349466965170303
0,0.17752765975779533
0,0.24985218347078703
0,0.2111596228698111
0,0.20036804705176428
0,0.2243250217600747
0,0.2084695777990467
1,0.23626088770191528
0,0.20450653766537924
0,0.24354407578285406
0,0.19242271862715996
0,0.18594503501198278
0,0.19611160691458768
0,0.2015255936139224
0,0.2012256566239179
0,0.18723691546898885
0,0.21519124341915402
1,0.23180078402757456
0,0.17813631154370158
0,0.20138002603264143
1,0.22908436955730993
0,0.21403503656134393
0,0.21786257920618649
0,0.1967068353590303
0,0.2183385233785224
1,0.21177761717717278
0,0.1710865361555083
0,0.20469183428661888
0,0.18146351821382684
0,0.3049258445289197
0,0.1732638058986796
1,0.20153766845121898
0,0.18764328814999026
0,0.2380390004160842
0,0.17358348929174824
0,0.17316497358100405
1,0.21676722023838285
0,0.1976158555461641
0,0.17584874598523267
1,0.18199610435560296
0,0.18316807158015636
0,0.13781984699711491
0,0.17132803110927128
1,0.2074319075190773
0,0.16355444118325002
0,0.19598443491143686
0,0.2141391799800833
0,0.1689046835137298
1,0.2091486252817601
0,0.22238282268687776
0,0.20210510419093336
0,0.184512721686965
0,0.1845928307187763
1,0.18110567241523476
1,0.25783507960009044
1,0.25742805804693825
1,0.21538740894884253
0,0.20735301428074054
0,0.22515641666886252
0,0.17267233357932693
0,0.19972675303638865
1,0.17531777231704068
0,0.14745044190126527
1,0.2366331772677798
1,0.20383549901640965
1,0.1972675137801537
0,0.19412302363783426
0,0.18360892968888692
1,0.19066951237103555
0,0.1844717193251779
0,0.21405245479441404
1,0.2109620609158547
0,0.16483209901725643
0,0.20048408045596375
0,0.15734445030503771
0,0.19469579954950766
0,0.19997542251648925
0,0.19845626932333427
0,0.20328780564577453
0,0.22194463364903935
0,0.1852597293769476
0,0.21064675532030835
0,0.18799074075202177
0,0.2372477416802808
0,0.15728057051651378
0,0.23080466365789612
1,0.2016598228121159
0,0.1533690554302674
0,0.17554324452809003
1,0.2153737692617206
0,0.23605392628931526
0,0.1680494427200118
0,0.2027283932182532
0,0.18281396650819862
0,0.19319008623418862
0,0.17925539917006503
0,0.2256886915587933
0,0.18559591697846978
0,0.18014928127455834
0,0.2206921766746297
0,0.18143549087868155
0,0.2037192369085239
0,0.1544279991032398
0,0.16991051596316628
0,0.1590592870129455
0,0.2123796052495119
1,0.16022207646113487
0,0.20395157501882064
0,0.19465207516777186
1,0.20015491211469763
1,0.18897484727834923
0,0.18557983352643018
0,0.1971067799325813
0,0.1510643196627877
0,0.203146128736872
0,0.2519048916357656
0,0.23081838831183984
0,0.20557041581082972
1,0.20345551582702062
0,0.2740210327115303
0,0.1995808440933604
1,0.19742182248077647
0,0.16751621109090564
0,0.2227008069488624
0,0.23877724463727854
0,0.1968542220223207
0,0.20039117792178585
0,0.15762705762369475
0,0.19871872313602434
0,0.20873804224380146
0,0.20690025047468
0,0.17054432915100323
0,0.1839082094481611
0,0.18662771222398458
0,0.22132402387928107
0,0.17992155231789367
0,0.23982388017129203
0,0.21725314028559423
1,0.21147111494630302
0,0.188657849659958
0,0.16259301145704416
0,0.21618498889799045
1,0.26113341019172537
0,0.20911188635790867
0,0.20151604565452552
0,0.18174564112346733
0,0.1874585813991434
0,0.2843847328679412
0,0.19766934123123073
0,0.163433371418534
0,0.17503387000179357
0,0.2235483553557936
1,0.22893779276109744
0,0.19728364938599796
1,0.16041687451211942
0,0.21717182652598824
0,0.20502398632415708
0,0.19188147134615696
0,0.18554500929412607
0,0.2405084100313966
0,0.20568140297251966
0,0.23536427611604596
0,0.18533051376418372
0,0.1990440891807816
0,0.19706165147003013
0,0.16386068248743915
0,0.2215691013934134
1,0.18347650177178682
0,0.2167805382206384
0,0.2562852855893093
0,0.21372912074689981
0,0.1846181049077812
0,0.2052692578197567
0,0.1466276900722349
1,0.19492294925134462
0,0.18571112706169815
1,0.1881990864676644
0,0.23872792475552007
0,0.16540155186843883
1,0.23475276959925
1,0.18677969621338233
0,0.17434195692806362
0,0.18496338817898475
0,0.23064356671255576
0,0.20270453197100685
0,0.20967586513510048
0,0.21017914811655436
0,0.18775455438326008
0,0.20029368494780084
1,0.20519849428132794
0,0.19267030782991826
0,0.21394124660330055
0,0.18712574223825146
0,0.20047957250001297
0,0.153607008053867
0,0.20638889718263348
0,0.20722544685440547
0,0.15797151799841425
1,0.22869189640909382
0,0.2134554360133705
1,0.16621336826561275
0,0.19170016971642967
1,0.1808575532955377
0,0.18723394630411452
1,0.22105170396290602
0,0.21741064506379096
1,0.19348749738680002
0,0.175402034630187
0,0.21631219588814546
0,0.18936420216775754
1,0.15991744554430928
0,0.18966180780917002
0,0.1960474302694093
0,0.20667544569567695
0,0.22163950545158678
0,0.19024282211011137
0,0.17583836159580962
1,0.21163595252475134
1,0.23132151002521367
0,0.1851784975222033
0,0.18675213280646774
1,0.2036139098109087
0,0.20845025519389423
0,0.17672407475001378
0,0.20492849714660002
0,0.17799108725720342
0,0.1529186290060885
0,0.1963954874997579
0,0.19321628660734988
0,0.13633829794879448
0,0.18782136087417017
0,0.1888706548825388
0,0.21648469183950728
0,0.20950772699445463
0,0.23471176429328094
0,0.211703271639016
0,0.20370963826300947
1,0.20578117059792336
1,0.3596225071051376
0,0.21087623611719622
0,0.21535062572601255
0,0.1564020397979262
0,0.19196410521327234
0,0.19747934081324178
0,0.14483578215604648
0,0.2126769946751077
0,0.2073658542504337
0,0.22608898373232564
1,0.19127023484791675
1,0.16243787553635894
0,0.18895238514751408
0,0.17172782917056453
0,0.16518455860112585
0,0.18054224326140708
0,0.18497794149917102
0,0.19276870178591377
0,0.21181391613844922
0,0.16894754649475135
0,0.20697435609916157
0,0.20928395104099706
1,0.17731203877841717
0,0.13365971972544635
0,0.15365471668063005
0,0.16228295167825846
0,0.2148088372132414
0,0.24198621349592916
0,0.162650160605956
0,0.22047940774683128
1,0.19784733224358128
0,0.21027187730298247
0,0.16270182698227914
0,0.16418053520348017
0,0.2107567714453935
0,0.1947536608424258
1,0.23104453021442728
0,0.22624615456352193
1,0.20718626271544954
0,0.17397085544197927
0,0.18432685876601831
0,0.18508913691354187
1,0.23544450068728143
1,0.20128992650865066
0,0.15796226280681314
1,0.20566497792767058
0,0.2154767510844677
0,0.21855674742021564
0,0.1850191342107327
1,0.22105779299701742
0,0.1861139343286867
0,0.2000367420581166
0,0.17924693925215543
0,0.2342535845958409
0,0.20252382036998787
0,0.19755886991327506
0,0.15361813615401848
1,0.18459942144953093
0,0.1688848149684143
0,0.22300519605779126
0,0.17822641115890275
0,0.19705912157601752
0,0.1947125411192631
0,0.20153667312598333
0,0.2509306048919622
0,0.16187541020020801
0,0.16809861975389034
0,0.2261505367930448
0,0.19090016401458396
0,0.18869954306792402
0,0.22766995702672682
0,0.1669719466946476
0,0.22901509907281267
0,0.193640332231448
0,0.1801206744348802
0,0.15408947583099175
0,0.18070721406361906
0,0.171207651362086
0,0.18683810497338202
0,0.18644051431822933
0,0.1962887946933619
1,0.27123035909857224
0,0.23085155037337862
0,0.15971493437106635
0,0.25376645158971967
0,0.2038954013264279
0,0.17661204930848662
0,0.214887503663088
1,0.17300821160164032
0,0.19525195781142282
0,0.22450545889500756
0,0.16807833252350057
0,0.19603523000912595
0,0.19958365680622753
1,0.17519509870596975
1,0.19042122077515244
1,0.18655678620105565
0,0.1520115336367044
0,0.23068441370586143
0,0.17540579186419678
0,0.22897754237686635
0,0.19568448999737362
0,0.20384073584464746
0,0.16279714298433925
0,0.21521967293407954
0,0.19774498227516665
0,0.15831459843931048
0,0.16591373011258934
0,0.2196009310083816
0,0.20742031545053136
0,0.20063416602659317
0,0.18500757423447226
0,0.19380554141243475
0,0.20919629118476496
0,0.2795932026984289
0,0.15638943722400325
0,0.2556087328973314
0,0.19529158780756234
0,0.2092655948095803
0,0.19270747912610212
0,0.20489239522351796
1,0.21959378981438346
0,0.22648681607320392
0,0.2004623856789488
0,0.22835156890715116
0,0.2151159651112754
0,0.17693605425335568
0,0.2407237545596843
0,0.20672028356776884
0,0.17356032905101493
0,0.20328448970131918
0,0.17821097987208812
0,0.17391533614359442
0,0.19348235710637463
0,0.15515043860564537
0,0.22007062212015155
1,0.18069799711592827
0,0.18325517873686256
1,0.22968549803675875
0,0.23133921206841998
0,0.23102487525495918
0,0.247317731821866
0,0.19307899747561363
0,0.20132566791179576
0,0.2004339395283241
0,0.18557973541408396
0,0.21864961394496057
0,0.1936450812010958
1,0.21229829452219134
0,0.21887971938478332
1,0.19725657713295164
0,0.1740397466714626
0,0.19854359823264564
0,0.20395772259778372
0,0.18605731714794477
0,0.1657437294204285
0,0.21093504944411798
0,0.23619748510982122
0,0.18178907375305425
0,0.235982135427722
0,0.24371324601694477
1,0.1898620729131812
0,0.20054535035223608
0,0.19767008317341386
0,0.20519131662708645
1,0.2227720379247305
0,0.22405779406208487
0,0.16444679288132452
1,0.2075678182987338
0,0.16635937513511523
0,0.19512790367627258
0,0.16220286274003015
1,0.20047025236045543
1,0.19657664122349652
0,0.199029911698688
1,0.17187347638346712
0,0.20084024456504884
1,0.18556353668645914
0,0.20153482960085223
0,0.2424878552185386
0,0.19461919904077726
0,0.18559128203705558
1,0.20282758307360818
0,0.17034379893095428
1,0.15996609332715606
0,0.19467589232542823
1,0.1607742178089432
1,0.1860548818421088
1,0.19492972269209125
0,0.14488949655800928
0,0.17954641216370115
0,0.2230235286195633
0,0.20875857653203514
0,0.20782634066087036
0,0.16350195912137808
0,0.19440755482940342
0,0.17634554951604547
0,0.20047716058517293
0,0.2023582524799685
0,0.16765359019630172
0,0.20334075173692703
0,0.24425398945452778
0,0.2102965948430724
0,0.1749089291922497
1,0.18568072929626026
0,0.21588319128847838
0,0.15472036909235162
0,0.19342008939006894
1,0.24146385384381366
1,0.16889655779812346
0,0.18735570743725216
1,0.24164551965790781
0,0.15773009654106643
0,0.18465326410947352
0,0.19167706013728092
0,0.1541079949360869
0,0.28273993432714567
0,0.21806022938589537
0,0.1978365766574275
0,0.1706310748320084
0,0.1711362088306479
0,0.20657658906085205
0,0.2318085193440978
0,0.1399815377070064
1,0.203813702088699
0,0.1977336661437106
0,0.17920749888718196
0,0.24585753643849437
0,0.2061949479663902
1,0.22495634929971867
1,0.18641790398533442
0,0.19913771743994985
0,0.19006194696459233
0,0.1738588426241563
0,0.14802257852292153
1,0.20257719076196126
0,0.1553174823377465
0,0.2518521900412628
0,0.21526612507577142
0,0.19931214408376846
1,0.18886714940075436
0,0.2111166113589949
0,0.20844638383152037
0,0.1947055801788957
0,0.1891143156189062
0,0.18628132844710418
0,0.18438496364794385
1,0.1979383485230454
0,0.19431562305870603
0,0.20053788859801447
0,0.1966927195482256
0,0.21097881907114666
0,0.19404409634696645
0,0.18784022969074574
1,0.19951618389698897
0,0.19607218139197113
0,0.21234691224002133
0,0.2458526701159111
0,0.2473588352127534
0,0.2191889702814551
0,0.2503274681130822
0,0.18545076172731778
0,0.19017996041557275
1,0.20268809997923412
0,0.24408102344518032
0,0.17922619475031576
0,0.17457092398559856
0,0.16384662608115297
0,0.18698008520271034
0,0.20528950402002116
0,0.17412911550929472
1,0.14367479062570118
0,0.21328030187481214
0,0.19281125194931864
1,0.19495592711613632
1,0.16555262483901786
0,0.19355741172284915
0,0.21248626066277673
1,0.1653664381530666
0,0.16678810363395744
0,0.22217538354732347
0,0.22868315153372296
1,0.14444824423138408
1,0.1922068795421998
0,0.20625994863728422
0,0.21553362639949855
0,0.18455304113961146
1,0.18246472096699687
1,0.16286051663333548
0,0.14268961008395745
1,0.27980945024132403
0,0.1694652737272971
1,0.1744218146275061
1,0.20935776852195448
0,0.20227291528385646
0,0.2271094017639795
0,0.2312324078564538
0,0.21230448324013637
0,0.2053193703962618
0,0.19241053755744708
1,0.2317677692780274
1,0.24454963900254198
0,0.17498947843669405
0,0.14528560960637926
1,0.22368475568991045
0,0.24560031581879666
0,0.17972591766658133
0,0.23598248491617313
0,0.23486687444439774
0,0.17634412425626647
0,0.17764462252184568
0,0.2281540174379591
1,0.20127150090989748
0,0.2463060174948885
0,0.21210563495224152
0,0.20292467779844578
0,0.1664570210461589
0,0.17579441331824439
0,0.1656265702780627
0,0.18127121397831703
0,0.2036900065976257
0,0.21666146534169484
0,0.2486652588417096
0,0.233186606128412
0,0.1943097835192127
0,0.13531696453659373
0,0.16046913199155174
0,0.1510788290206694
0,0.18834911679279592
0,0.19765550920785319
0,0.19293459924239223
0,0.21485217893574593
0,0.17626520196576212
0,0.21992612425646219
1,0.17596007013049533
0,0.1515508371918198
1,0.20140812075906833
0,0.16057038536793217
1,0.20360645187870124
0,0.21957154499592585
0,0.21694195081670342
0,0.180131368686658
0,0.18958462247062674
0,0.18368555761753838
1,0.21647878959801312
0,0.20451130050144942
0,0.1668889379185698
0,0.1801181784128575
0,0.1773955041614502
0,0.2619071260480513
0,0.2084191920758879
1,0.1820924492057572
0,0.20412887614446448
0,0.18670535497151428
0,0.181690265463167
1,0.17073311904169042
0,0.19620560412574184
0,0.18427360148331914
1,0.20072379795730724
0,0.1460109265832729
0,0.2007162292169201
0,0.1995154590666646
0,0.1614345070997461
0,0.20779833577277726
0,0.2574637293771379
0,0.20498394556745048
0,0.16372681282873694
0,0.19042902269167064
0,0.1843610220255565
0,0.18659075794125562
0,0.19873860574542476
0,0.2608512000123313
0,0.17352492051055568
0,0.2347110310493413
1,0.1695160467783604
1,0.20830179528629436
0,0.2224131348492104
0,0.1746134015081561
0,0.2045309021147229
0,0.2358733401111667
0,0.18392007988810094
0,0.20518524151472145
1,0.1689896060220356
1,0.29498891269243727
0,0.24241002748314697
0,0.2102448871285259
1,0.2149367690121024
0,0.1837684838149171
1,0.1902737678415844
0,0.20612327468246142
1,0.1803224440760013
0,0.2510615020133505
1,0.19820508078247442
0,0.24109179232114036
0,0.27560370242718224
0,0.23090784380246732
0,0.17187675965964033
0,0.19197607830887645
1,0.1885123655397045
1,0.18055682546581991
0,0.17802467086115073
1,0.14839486021364298
1,0.2396122774759467
0,0.1560180463192243
0,0.2063883363087048
0,0.18720636858141196
0,0.2002888576502244
0,0.2074370408646379
0,0.19594756301218205
0,0.19543380938758761
1,0.2374558237061946
1,0.196798172953077
0,0.26685362597637946
0,0.15214966595663934
0,0.19192915553252596
1,0.2200790677257153
1,0.23189617993830533
0,0.1800855386075817
1,0.19411608509181247
0,0.2694281389779634
0,0.20025943245498906
0,0.19428165195835348
0,0.18705449213213016
0,0.1988686978412451
0,0.21279836624059884
0,0.19029145678743
0,0.20850698117035185
0,0.21666159199705626
0,0.1903785996304893
0,0.17552688348074652
0,0.22870313074184928
0,0.19900426735148935
0,0.13476410572170378
0,0.21548620494525905
1,0.15638714695243197
0,0.2056330207337912
0,0.21902428472190602
0,0.15968941102611772
1,0.2306513431719708
0,0.21806886831854494
0,0.18601112787358445
0,0.21663115375400735
0,0.22565533653982514
0,0.1944570413251712
1,0.221448214830752
0,0.22818789110882184
0,0.1931400115177184
1,0.24775303129344334
0,0.19177989539843268
0,0.22087549577197277
0,0.17993397900728267
0,0.23390373024923736
0,0.176526610692837
0,0.2208263039154038
1,0.2020987978362928
0,0.25861700341507404
0,0.1754010737709097
1,0.1824525830229381
0,0.202635873034929
0,0.1782513790547649
0,0.19216020710389262
0,0.14065464034146585
0,0.19197563437721796
0,0.21950054064560587
0,0.21081514946216445
0,0.156116495600729
1,0.20544381749324403
0,0.19384350527723962
0,0.19876742282245913
0,0.17225353485900433
0,0.17152365024567623
1,0.23729638766249075
0,0.1926105974872128
0,0.174528528742914
0,0.1765973901914094
1,0.19648312779603447
1,0.24517334690281237
0,0.17974602110282284
1,0.19543185689734513
0,0.21468928328706668
0,0.19211001474166128
0,0.2201312544151633
0,0.18206197296115478
0,0.1965411590751974
0,0.2283835876641814
0,0.1794475331969315
0,0.17115877238472313
0,0.2290458899611769
0,0.14848945162534155
0,0.20510854532956527
0,0.1633489976613882
0,0.19887471164785955
0,0.22612126595108004
0,0.20336251225172186
0,0.19919302548644766
1,0.21005671926570094
0,0.18920630369196711
0,0.1763013070902128
0,0.18321177522385523
1,0.269277593302812
0,0.13761880247828331
1,0.16610111457335847
0,0.18973030829299875
0,0.18043695365052376
1,0.21752563115400803
0,0.18187239261340973
1,0.23819021836306564
1,0.25448113953257334
0,0.22064343124956362
0,0.20472937524734067
0,0.15994042452846485
1,0.15635299469220904
0,0.2172818756735981
0,0.17882884937146223
0,0.1931609907953811
1,0.1806102882419695
1,0.19056515819790998
1,0.22620017401384146
0,0.20841018440694184
0,0.17767736216458097
1,0.2164622930569358
0,0.18702129126263195
0,0.20940856142091965
0,0.19286475281940885
0,0.25417784841360674
0,0.20577832169206928
0,0.1765847760177053
0,0.21040752709897048
0,0.16492363770911617
0,0.2211445128204494
0,0.18977353770111718
0,0.20208160736935973
0,0.2050844441404083
0,0.16781517403916232
0,0.17354649061787822
0,0.27207609223016255
0,0.1952047375181918
0,0.20140603441138852
0,0.21601913262893976
0,0.20198781780268274
0,0.20044970663879236
0,0.17657361361743343
0,0.2553312708301823
0,0.1959365782498095
0,0.18575239084780615
1,0.24394558124894702
1,0.21477356621708055
0,0.164952630507005
0,0.22056233789449528
0,0.21481718370725084
1,0.17154329947260824
1,0.2141860313412646
1,0.2090741936052849
0,0.1544572715753163
1,0.21389871405207472
0,0.1968193869734971
0,0.16009122182620197
0,0.1789960907299012
0,0.1748870712004748
0,0.20836693481294893
1,0.1486849776163244
0,0.20661273951085252
0,0.2550140311506546
0,0.18603518374514535
0,0.18744961461247797
0,0.19320134962215801
0,0.21352593908992418
0,0.26804475460314925
0,0.22298724918636242
1,0.19843934374533734
0,0.2158561247660059
0,0.20676431883610466
1,0.2263786104809963
0,0.1909888103825048
0,0.23223049677714605
0,0.1949072873698714
0,0.18663656824756478
0,0.21029834809582038
1,0.21768394177112044
0,0.1687968060301101
0,0.19042087993570678
0,0.1977289628298634
0,0.20058305163481405
0,0.20292961948765342
0,0.2054553059812567
0,0.18170321563467837
0,0.2042496856303073
0,0.1803778040957311
1,0.22779461463275547
0,0.220888725896425
0,0.216691318483754
0,0.20141596255055977
0,0.21785435073509674
0,0.22571877508340665
0,0.19894470317405272
0,0.1953469262460412
0,0.1861730344584427
0,0.18876492437920242
0,0.27506168493174293
0,0.20071400130842335
0,0.1989961807076051
0,0.19173827955159953
0,0.18063172701624428
0,0.18591217974991267
1,0.2117272641785107
1,0.2690790427013453
1,0.15890573603401056
0,0.17149115118548355
0,0.203191499774129
0,0.19566786328776334
0,0.2337588724716029
0,0.18502514397965583
1,0.18537120019224243
0,0.1923531314669723
0,0.2777192468299647
1,0.2819049776008457
0,0.20376002525689982
0,0.26136772462279273
0,0.17887765034310363
1,0.1763982234086461
0,0.26117935000241194
0,0.2151594529455867
0,0.20962627415400598
0,0.17596308060354637
0,0.2018802184233386
1,0.19694437690972927
0,0.1309749772126115
0,0.19698257907898448
0,0.15857967859454547
0,0.2304624200592689
0,0.19398906399004942
1,0.1672058539791853
0,0.18313602699419848
1,0.21000638595482687
0,0.21164728552755158
1,0.2231226613118346
0,0.1889935909726656
0,0.17946531408689653
0,0.21356181931109838
0,0.15044769389232404
0,0.20170965209614486
0,0.18707948360280077
0,0.2244687676644004
0,0.22248087406277905
1,0.19916127402936418
0,0.25752544315631337
0,0.1434046410999169
0,0.27528851047287173
1,0.20332691058595884
0,0.19885905345611082
0,0.2013753651274453
0,0.1721830326134471
0,0.20653015035651712
0,0.25318357843586986
0,0.24366407338396562
1,0.18605858494703323
0,0.1839821188038559
0,0.16641490102797477
0,0.21034911564260977
0,0.16533167888400355
0,0.15570576005602255
1,0.15816178549211135
0,0.1841148930049612
0,0.1513907395284464
0,0.18132410852665573
0,0.1818023069564151
0,0.21911184853233473
0,0.1934364704333292
0,0.15409618583523352
0,0.19577783227086695
0,0.22564468196322127
0,0.17594428552957853
0,0.2603155090322125
0,0.21713871287564382
1,0.2753588503045305
0,0.15846004826369237
0,0.1977482926528552
0,0.21932353865968757
0,0.17297469028612855
0,0.19796470708737055
0,0.20353305912957761
0,0.1655757190228403
0,0.24843463100762972
0,0.188390209286935
0,0.17166004752223094
0,0.20281835737329812
0,0.20325568875969538
0,0.2165277706907864
0,0.19739665758583644
0,0.1400249051308663
0,0.16479762322095748
1,0.16498350326514227
0,0.2016374028899818
1,0.21027276900015077
0,0.17603863587770482
1,0.16732387697614265
0,0.2076451486545519
0,0.22208167269685825
1,0.22589919163810118
0,0.19904683488650407
0,0.17918223220549975
0,0.2243460565316327
1,0.17977629213973204
0,0.18268221560966919
0,0.18309107704968175
0,0.20376756485543335
0,0.17202539398014347
0,0.19759638205538033
1,0.18328593371709379
0,0.18180313848757723
0,0.22535852687254748
1,0.1938016537703234
0,0.2058885981285581
0,0.18126264480104562
0,0.27491830186947513
0,0.20373247234496417
1,0.25361332768179473
0,0.1886546333093104
0,0.1555976724740308
0,0.18306747082975994
0,0.22341413301302104
0,0.20348226171479505
0,0.20468411541340287
0,0.1661712745229813
0,0.19421033924471598
0,0.18044329528570874
0,0.2184958338561707
0,0.19198615981817518
0,0.19359670878592064
1,0.23650522621484046
1,0.1997754528225727
0,0.1956053117458037
0,0.2092917368019766
0,0.1909692828155125
1,0.21204802391294625
0,0.25994290462198016
0,0.23287830701319712
0,0.20544204360787627
0,0.19887913185985612
0,0.20984570294056704
0,0.20392311090277526
0,0.1644244151402047
0,0.14794132635755267
0,0.23475276959925
0,0.20918967307670566
0,0.24712602913707749
0,0.167732154792002
1,0.19810286615715345
0,0.19415107262557418
0,0.20786917781679345
0,0.16717776344290827
0,0.17034379893095428
0,0.1864883977031022
0,0.1995340663399209
0,0.17004817550829898
0,0.1795374297163616
0,0.2165302801498662
0,0.17255502967438577
0,0.19991585489519229
0,0.2098044533212438
0,0.21170531788431046
1,0.2410012438205048
0,0.21748962980498285
1,0.19647617418063767
0,0.15102919621648134
0,0.17217930962875086
0,0.18597615550198027
0,0.19411140296963536
1,0.23484378342883866
0,0.1874313785952183
0,0.19031748798425444
1,0.23703304054704633
0,0.20528950417961983
0,0.18553145724663317
0,0.16382206325347293
0,0.15831566198394886
0,0.19719235142852246
1,0.20192278934800673
0,0.18865551499776242
0,0.22922602334376282
0,0.23123477950227297
0,0.1789278546579035
0,0.21119606012728265
0,0.217765317355306
0,0.2002083298115129
1,0.16846897335507147
0,0.19475843507377935
0,0.177232995447719
0,0.1719398752693297
0,0.2107467394703144
0,0.16016943242528914
0,0.169433162601688
0,0.2088771807362779
0,0.19933968571993765
1,0.19028017371903186
1,0.20051717680260395
1,0.23032512062144278
1,0.19753857709887943
1,0.25218380043349314
0,0.19254532074313216
1,0.21615404934214907
0,0.22535494109685314
0,0.19778839928055714
1,0.22368475568991045
1,0.17466461521333343
0,0.2228381694426956
0,0.20367495661770407
0,0.20650016385083558
0,0.17587503172588384
1,0.25196101244817554
0,0.18954295113248895
0,0.18698986430816447
0,0.19974489658262276
0,0.2164765108358575
0,0.18144142070363822
0,0.23515496795480853
0,0.20653285374391522
0,0.2355035817083516
0,0.16879079464525454
0,0.16456493057092128
0,0.21844415040332094
0,0.20635200720248878
1,0.21865921854106743
0,0.18941975091126795
0,0.20781270084546916
1,0.17305002557768087
0,0.16082841265310996
0,0.15673614710997225
0,0.24895535468143154
1,0.24794235235759038
1,0.20909555272180308
1,0.2007222440867009
0,0.15937712163545423
1,0.19314218214603743
1,0.25433196198537705
1,0.20402424377526812
1,0.22549453276030496
0,0.21190196611760276
0,0.1718699560203162
1,0.20390247430162375
0,0.1887684631609367
0,0.14584260790296366
0,0.17968800507932423
1,0.22301066297579428
1,0.19561887653258406
0,0.1803476319731581
1,0.22576223567069
0,0.1543721429793734
0,0.18125816789866972
1,0.18752133463372225
1,0.19905451234272714
0,0.19364987521089932
0,0.20217144242394916
0,0.17291854486737548
0,0.1959910620382373
0,0.21778897616151474
0,0.2169706194015728
1,0.20481976197067894
0,0.19562522750743952
0,0.20917226388888294
0,0.20035989686601471
0,0.20413734380028484
1,0.22297937590165348
1,0.2154181774034487
0,0.19752714246724037
0,0.1597300232746847
0,0.20911472891284372
0,0.16104877164309983
0,0.18937870196891987
0,0.1411872462711802
0,0.21992236472180807
0,0.18447137694881888
0,0.15996782661212453
0,0.15953211986760618
1,0.1811096367759991
1,0.19986297766780287
0,0.19533048575137715
1,0.2161916291422806
1,0.19466503028766172
1,0.2552164422243322
0,0.20270771041654986
0,0.19654271353225622
1,0.22394934757079918
1,0.20008722295034304
0,0.20756528322242815
1,0.22274034495973669
0,0.17662162745906007
0,0.16702992719017956
0,0.20518662357555736
0,0.20293861581988543
0,0.24453452616862298
1,0.19734105678302005
0,0.16453812937850007
1,0.22378502266508224
0,0.19834378853740356
0,0.21471826299692132
0,0.17557627788435992
0,0.21274155074072973
0,0.20973563756218447
0,0.20744013999969999
0,0.15677141207661052
0,0.15561068021293922
0,0.19617609246366832
0,0.19655035633587525
1,0.2409285093594098
0,0.17862467665267678
0,0.19374420173050308
0,0.1445954777286716
0,0.17362390744388648
0,0.2122974544865679
0,0.21552810152241147
0,0.18505035584224475
0,0.16219382273491986
0,0.2166998935831942
0,0.18554443138811552
0,0.2073657932206457
0,0.21619061897232353
0,0.1803032570900239
0,0.26565686448776843
0,0.21496799859816032
0,0.21730039413777236
0,0.16543022718052702
0,0.21184115737667045
0,0.23679906567593315
0,0.20167646076070453
0,0.16894247954005104
0,0.23179536387224403
0,0.22670018115218502
1,0.1876580321926196
0,0.1663916905508196
0,0.19676304386695093
0,0.21140590781326152
0,0.1469564258934748
0,0.21186471445407812
0,0.18754696988141015
1,0.17137030044882823
1,0.1952509650566046
0,0.17870796121385352
0,0.18534501219133154
1,0.176527478163732
0,0.1862705637419198
0,0.16834087189831504
0,0.18566688597377923
0,0.19207334438626628
1,0.21948142100407522
0,0.22711606297611706
0,0.1685168518906862
0,0.2030325063754354
1,0.14009788859953146
1,0.19179551137638873
0,0.15928484207291993
0,0.1797562510858846
0,0.2151947902704224
0,0.1897995164207303
0,0.2171573190331128
0,0.2284788146939646
0,0.17095418361626527
0,0.1573192994216662
0,0.21204827110743546
0,0.20209665975755978
1,0.2078204538861224
0,0.21961001665537105
0,0.22905671659513557
0,0.246088488253647
0,0.1635289957155833
0,0.19189816804549795
0,0.4264258260445972
0,0.1528004800888824
0,0.18773011196123682
0,0.19860976779149855
0,0.21047578322240146
0,0.16336431377575117
0,0.1915987536346389
0,0.17766748826791404
0,0.18567345216279763
1,0.22079651395731634
0,0.2083848311959822
0,0.16843746760300446
0,0.19649838621897484
0,0.21341315886646203
0,0.17156783832869685
0,0.18377732154552115
0,0.20006433785196737
0,0.22067424760940377
0,0.21051870234778755
0,0.1955144871185904
0,0.18930480567236233
0,0.18866914889516584
0,0.20535556703822158
1,0.24700037980146133
0,0.18856013892957596
0,0.2103595040046284
0,0.16761008991774218
0,0.20647226567580604
0,0.18122767718018767
1,0.22670766393939684
0,0.2294541151127234
0,0.19714119487228343
0,0.19977745418880657
0,0.16215118936623524
0,0.24867729316538462
0,0.1990491142678499
0,0.2550995596746256
0,0.20983698640507428
0,0.22235362314503612
0,0.17521592419759485
0,0.15458626609511728
0,0.1828996184929737
0,0.1722636586238771
0,0.1970245746270526
0,0.1434193347657487
0,0.1645938979713275
0,0.17987301412546552
0,0.18777540841617105
0,0.18836697139504244
0,0.22009163439597257
0,0.1841494176033713
0,0.13874601508100304
1,0.24808681792191067
0,0.20357626987952798
0,0.22804940895905174
0,0.21283612007739636
0,0.21148311180852405
0,0.1885284825606827
0,0.2110761672133121
1,0.20239623623523648
0,0.18079104700484205
1,0.19355741172284915
1,0.20008599208060437
0,0.2509860931815552
0,0.16950228225878863
0,0.18495947020210343
0,0.2006880174157988
0,0.16271276079668334
0,0.18356355422956153
0,0.2519151632594879
1,0.2078305213057215
0,0.19674918364727126
1,0.20498667755682248
1,0.21189446171489057
0,0.2446948573315299
1,0.23418442910660275
0,0.17255240772894634
0,0.2044772930481217
1,0.19087575281793678
0,0.1973339498960421
0,0.16000367622756412
0,0.18411412090162152
1,0.2075260210736334
0,0.2035576308113356
1,0.23125293911169711
0,0.25332098685753185
0,0.18924935791517217
0,0.14161602941468374
0,0.2158716069107979
0,0.2555916748037272
0,0.18849802214112535
0,0.17056755156995573
0,0.188896721043983
0,0.14320852625171174
0,0.1954854087428086
0,0.17869467134766884
0,0.20248822025869098
0,0.19206319019744564
0,0.19548517051893258
0,0.17205837686413206
1,0.17888788865294952
0,0.19880184931226083
0,0.21055334123990468
0,0.248615897010284
0,0.16432194762545518
0,0.17752082522459364
0,0.25806211021403885
0,0.18097687358307785
0,0.19120480884907817
0,0.20285322703727487
1,0.21508505678566708
0,0.2217412262351007
0,0.21614360107784444
0,0.1810295601076868
0,0.15589784877515128
1,0.22717027785880184
1,0.17953398453235758
0,0.17277750034701236
0,0.15288067849257952
0,0.21075671006584232
0,0.21608535734496462
1,0.2302340215869604
1,0.21238638747118915
0,0.17831604689933883
0,0.18598723069017917
0,0.18748024953383785
0,0.17084979980508685
0,0.19013914745055144
1,0.16956733643687996
0,0.16845968922086227
0,0.17443988647712247
0,0.19030922227810332
0,0.18946149690118097
1,0.18800142245520043
0,0.20947239724019498
0,0.1915376291038778
0,0.19971292310621494
0,0.178339069498475
0,0.22552401172075917
0,0.1537438116044471
0,0.2026475110994857
0,0.16481819278835216
1,0.20540188484722702
1,0.19476257680392767
0,0.2065892154117599
0,0.36243427560595637
0,0.1857374661519281
0,0.18479333330473108
1,0.17944341721403023
0,0.2258247398752967
0,0.1868859100841319
0,0.19211773649394948
1,0.22540615369882197
0,0.2124787755138398
0,0.18723258530008113
0,0.15041001395989972
0,0.2119540693597447
0,0.16278423876703216
0,0.20317197919754268
0,0.20507343512213105
1,0.2480893940636388
1,0.19589013063430685
0,0.2182954489305876
0,0.2288349367609675
1,0.2265454227463584
0,0.23546654858257562
0,0.2422518808776456
0,0.22878377794700827
0,0.2012493233973327
1,0.270214903487883
0,0.1961959028869586
0,0.21363742593277957
1,0.24157354810385295
0,0.1585995965558758
0,0.21187373647229044
0,0.193183047865243
0,0.1778202935758479
0,0.16583113927507542
0,0.22221641685004176
0,0.20194860555730726
1,0.21735449245479552
0,0.21835165959045535
0,0.19596142649266773
0,0.16336931253296008
0,0.18515929733495334
0,0.19172218108806408
0,0.1995888943877406
0,0.22229025806779878
0,0.21153648245890946
0,0.1509935777728192
0,0.17904041968486054
0,0.18434078060660158
0,0.2070252071957016
0,0.18752876894208595
0,0.2033487328404024
0,0.21270506328910027
0,0.2181604631932479
0,0.2206061263043164
0,0.1926662392867857
0,0.17371654195493202
0,0.15204236226464257
0,0.13642614752349574
0,0.1688801804384188
0,0.15791384991905444
0,0.2170809986963727
0,0.18882851431773442
0,0.16969551024818139
1,0.19874231730537437
0,0.16562316138074454
0,0.19203850450162357
1,0.17934168902478945
1,0.16059259686285793
0,0.21352976455788128
0,0.216470440051414
0,0.21314400110843712
0,0.20025681726660768
0,0.15566546754612443
0,0.2092701197770209
1,0.16487261717664362
0,0.1950645382028591
1,0.18655318947816782
0,0.17891414225158606
0,0.18485465670455883
0,0.18511314120088224
0,0.20642130526714772
0,0.18402682374517348
1,0.15857863160233168
0,0.23126282554086294
0,0.2083024716138992
0,0.19509416635143295
0,0.26283233503902537
0,0.17826940410123152
0,0.24942373478084098
1,0.18377236083502077
0,0.17912757313913735
0,0.14792408110317085
0,0.18458290619667034
0,0.17219909129008382
0,0.18279483856585477
0,0.17780129325224647
0,0.20204224124582784
0,0.21326068400924256
1,0.1784511984310621
1,0.18813444628098266
0,0.18354750174865414
1,0.17554050901314935
0,0.17081420658009835
0,0.23368796179943296
0,0.19074685300398786
0,0.15358524573373433
0,0.19802418322411258
0,0.21406256934276474
0,0.16150889180085803
0,0.150955989677466
0,0.198951596169078
0,0.1709945954026358
0,0.17198078894803726
1,0.20883287469246734
0,0.1987284341773944
0,0.22624883082196376
0,0.18803416082346489
0,0.1963247574535447
0,0.20565495891333976
0,0.18542490253544358
1,0.21425142604860103
1,0.18328593371709379
0,0.17283329863531605
0,0.1797610826754806
1,0.1936560943388681
0,0.1969006495469924
0,0.20898079310488168
0,0.18859239139396605
0,0.18972127364635083
0,0.17479365988238169
0,0.1916784385078999
0,0.1941610053162307
1,0.20612454087173096
1,0.18966416128911442
1,0.20586014385429632
1,0.21040703994548896
1,0.20040636181646082
1,0.19715610890684573
0,0.16133214027450887
1,0.16873437145671644
0,0.16707157798640104
1,0.19824436561101785
0,0.17908422760129172
0,0.2170225327559296
0,0.1615976921956638
0,0.18221845020420244
0,0.22712406538866445
0,0.20772142475112834
0,0.1640535070301848
0,0.18818035382626816
1,0.2307699567362038
1,0.17632845251294382
0,0.23043488399753034
0,0.18781732326047398
0,0.19935514305906862
1,0.1712152093591163
0,0.1845316395372705
0,0.22613525268613174
1,0.19418261207491813
0,0.1365975416227773
0,0.19208993203033659
0,0.14852760028317802
1,0.1529026573295281
0,0.16376433106899393
0,0.1986111698558998
0,0.18334717159141983
0,0.20371711664229192
1,0.21191782867337133
0,0.18452766909716167
0,0.21998733109879734
0,0.18769875477193573
1,0.2154998786049548
1,0.20077050687072076
0,0.20205119354754475
0,0.19926751321226843
0,0.2012900640295296
0,0.24509382016589631
0,0.173112875884072
0,0.1830149486252526
0,0.183055380530064
0,0.21163862600519323
0,0.19716998357390753
0,0.2048970132181952
0,0.17966009208901595
1,0.19443887452505482
0,0.19956777590922772
0,0.243867026409058
0,0.19102268739903303
0,0.17732151871658375
0,0.22777113054504722
1,0.20157413587414447
0,0.20191102348276402
1,0.2511996832521606
0,0.20421861092860527
0,0.18425554589156357
0,0.18630751489525635
1,0.15196560759821215
0,0.15314903335965296
0,0.22736683953979328
0,0.17252725790316448
0,0.18849263552131348
0,0.20192005864698676
1,0.24994085915687558
0,0.18643145059222144
1,0.21840077036390043
0,0.17871541596859494
0,0.2640161378849567
0,0.19237451345688256
0,0.19542246736565852
0,0.18216439306528248
0,0.18221769684620553
0,0.198030798701207
1,0.1633299108462647
0,0.186910135341685
0,0.1724387397592348
1,0.1939650492132089
1,0.1835110977316385
1,0.2183258580570814
1,0.213686712253723
1,0.1658130104475439
0,0.19148896401836932
0,0.16231989705856392
0,0.2007234487802784
0,0.19155697001143446
0,0.18037151862264358
0,0.16706319839107459
0,0.14898024598347417
0,0.18532793893037844
0,0.1994904875877146
0,0.18388238115710706
0,0.2109735177533539
0,0.16769522770781395
0,0.20203107163542156
0,0.21261063500638774
0,0.19713349338907013
0,0.15140130140564204
0,0.19055317659948187
1,0.16403579003617724
0,0.2337337811926875
0,0.21251126731974376
0,0.22344880335485784
0,0.19310654570641647
0,0.21319818341769312
0,0.1796931082450397
1,0.18749050961901806
0,0.1717616275450517
0,0.1644624513729864
0,0.1849242870948043
0,0.2509523322093209
0,0.20911381056790398
0,0.2589328173849577
1,0.4312326788071098
1,0.2250642929194858
0,0.1799768867114719
0,0.16498210362417423
1,0.17111635578649173
0,0.22808678033936447
0,0.21367600224819944
0,0.1964438494411113
0,0.23350051758495927
0,0.17977481611631016
0,0.21808780741238232
1,0.18177081363642078
1,0.1858806727157336
0,0.17634150585044883
0,0.207884520109995
1,0.2111729446776735
0,0.19054999736157582
1,0.23057244962183607
0,0.21429865446135268
0,0.1741852639786547
0,0.13465043312227354
0,0.19319325513578114
0,0.14685190170826673
0,0.1889783847196654
0,0.20588684865642815
0,0.21405488785353685
0,0.19408949316967486
0,0.15018945796439084
1,0.21065495721200198
0,0.21482203823452228
0,0.19657843433754602
0,0.23914569565976718
0,0.22151832805489724
0,0.22294179691523572
0,0.22839192607500194
0,0.22738353164985972
0,0.23875837477655792
0,0.16952380186281038
0,0.17543733805094588
0,0.23055627541281812
0,0.20346820688149508
1,0.18920004394428097
0,0.2312780978569505
0,0.17166392854862972
1,0.2087181541423373
0,0.162202920813479
1,0.19520985705003283
0,0.20208788215727203
1,0.23772433288500205
0,0.1999507443560138
1,0.21335563438593055
0,0.16394538628936223
0,0.1896540158337071
0,0.19744571713906692
0,0.2002162295112792
0,0.18266274049990036
0,0.21588363898322743
0,0.16827304843384921
1,0.19981789274145775
1,0.25193610461863136
0,0.15255368481493872
1,0.2115391515256794
0,0.19291874207057222
0,0.18061930690320874
0,0.1754770374610226
1,0.2192346149759619
0,0.1733676072277425
0,0.18968914744087878
1,0.19225293988493217
1,0.1642847880306835
0,0.21543983784651397
0,0.2004164444822736
0,0.17209239602136908
0,0.15356696163142158
1,0.22308973862063963
0,0.18741401644112496
0,0.17731140527602407
0,0.1946730758331788
0,0.15130992034263757
0,0.17905950100204465
0,0.18829354088071026
0,0.19659017785758687
0,0.20912786642932393
0,0.2515677375828082
0,0.20325662908416428
0,0.24174676509055867
0,0.25309691223608327
0,0.19064819068347896
0,0.1975072456904872
0,0.17959071115057507
0,0.1918098063071443
0,0.1655352963050702
0,0.18351222604275014
0,0.1958672817197676
0,0.19088605559987962
1,0.20816894211534037
0,0.23741020165847534
0,0.20412638183390516
0,0.19973259153213094
0,0.15107402568089498
0,0.3447884657291443
0,0.1799152904140535
0,0.17231153763610227
1,0.19341623388685025
0,0.2272819400468938
1,0.2046557676285188
0,0.19962827309000203
1,0.21702140216885635
0,0.20549713132307296
0,0.20130863459554452
0,0.21612706578989596
1,0.2421766804528229
0,0.2081186541639867
0,0.14437873828534645
0,0.2205010543924134
1,0.26586476038096024
0,0.23465190179017428
0,0.17486101241894217
0,0.1770079659581648
0,0.23351158547856565
0,0.21145202794213677
0,0.19267994843527936
1,0.18596827118199252
0,0.22242817670763637
0,0.2161596806482919
0,0.21087827351249047
1,0.15746405420409976
1,0.14916625443055828
0,0.18067064660916632
0,0.19536742075807403
0,0.228631704911716
0,0.2173124387688219
0,0.2013441808996719
0,0.20114027172742296
0,0.239235201149023
0,0.21474720318537532
1,0.20202948723117178
0,0.20296074542255602
0,0.19782696899848914
0,0.2220574967478988
1,0.20686325007744422
1,0.19813330207583096
1,0.21136479253386586
0,0.24154207225516838
0,0.17059941023799088
1,0.2030100072101382
1,0.193304963445826
1,0.17715131396208136
0,0.2180579122776328
0,0.14886140018632826
1,0.21419679401665867
0,0.167929850469699
0,0.18920555848074086
1,0.14194152142737415
0,0.1744833262052014
0,0.21602254092531142
0,0.2013366825627238
0,0.15684252166142704
1,0.1952727305991715
0,0.22495410095532273
0,0.22326428618571084
0,0.14900119320740424
0,0.20586429115710106
0,0.19224728998162022
0,0.20484162272144799
0,0.18736158812653705
0,0.16712512514450995
1,0.17366351270816746
1,0.1900321510921348
1,0.17229980442809534
0,0.2266258613646415
0,0.20278880561315374
0,0.19053455403237216
0,0.17011064437538864
0,0.19883145568050106
0,0.1965912527944401
0,0.2574398324460188
0,0.180074961576228
0,0.21674372817993035
0,0.17170814286318514
0,0.15035618957127067
0,0.23381810794680483
0,0.1923929663214491
0,0.20595328853086398
0,0.18599201618458963
0,0.22934018534068779
0,0.2096803925662141
0,0.18127073240372316
0,0.1885330673420421
0,0.23081442217525633
0,0.2034763483996482
1,0.16133428172473574
0,0.25006919244664866
0,0.18627663183373938
0,0.24777380775657007
0,0.18411704712325566
0,0.17574514200573021
1,0.2151477998476307
0,0.27207588222590456
0,0.21505623528338247
0,0.19531674455291204
0,0.23977940863635513
0,0.21464963960786973
0,0.20645845268654028
0,0.2140768676659479
0,0.19587682627506395
0,0.2312674513690423
0,0.20917955521588433
1,0.1815657652447259
0,0.1943887991024592
0,0.16575412537671544
1,0.19686731310667652
0,0.18265995958166267
0,0.16402234601114155
0,0.14659581328933663
0,0.21842877095304428
0,0.19606211697806675
0,0.17332998490466023
1,0.22937895919995546
0,0.1911967280620191
0,0.18067838295305255
0,0.24880134747184385
0,0.16110326235074499
0,0.19571152355909713
0,0.14839364730754362
0,0.1748036393866711
0,0.19769668499908538
0,0.2838167747938803
0,0.1993416491076797
1,0.21545451629598505
0,0.20078143173095508
0,0.2105097631724886
0,0.14653242660235732
0,0.21051605877914564
0,0.19018214106695447
0,0.1834572465653226
0,0.22156488570968552
0,0.2884951759576706
0,0.16628391277322355
0,0.21536159517116535
0,0.18843864250540243
1,0.2310853041677729
1,0.19974489658262276
0,0.20224601726986438
0,0.20310739324406282
0,0.19233962629692836
0,0.21104003071738187
0,0.2305937184554643
0,0.20468362771254603
0,0.1444506258178794
0,0.2047465088794124
0,0.17454976984037676
0,0.17769267202847253
0,0.18523879612968794
0,0.1987791524275291
0,0.2227156401356893
1,0.20681014014698873
0,0.1969531517440123
0,0.19106498024416557
0,0.22920442174168312
0,0.2220143680808171
0,0.18456357611301716
0,0.22193895376260336
0,0.15848754779133095
1,0.18731691859111546
0,0.1854513267587194
0,0.16664776517854366
1,0.2643562901952426
1,0.22556243287153943
1,0.22664032580366458
0,0.14468153151721258
0,0.19590168239589031
0,0.180454542664293
0,0.22416108325889966
0,0.15552561363012507
0,0.1832506765383666
0,0.19791289548004126
0,0.16732009624382702
0,0.1829568176693382
0,0.20719895990928122
0,0.1660344429132635
0,0.17838949866639872
0,0.19025757568223478
0,0.2238692067643325
1,0.20272511332839646
0,0.21283272479933169
0,0.22215878349599694
0,0.2160309217894287
0,0.16701900253394747
0,0.1755768402897275
0,0.1755480634494151
1,0.2094978234874642
0,0.1780568316288326
0,0.1978273291334461
0,0.20890560658283483
0,0.15138704620601412
0,0.19770216669157903
0,0.21176909064868615
0,0.23230967574569558
0,0.19219036006869689
1,0.23276369810437295
0,0.18001003573133575
0,0.24056974822120586
1,0.19237731239311
0,0.18931444880266962
0,0.1607284520844508
1,0.1851666215568645
0,0.1686998975873961
1,0.21940498526507393
0,0.22800772278186301
0,0.17996433586190644
0,0.1971557179381276
1,0.24339494548857932
0,0.2075214871731901
0,0.18825642458996172
0,0.22806194952641098
1,0.19902014656543465
0,0.20609494421846075
1,0.21726570745356846
0,0.1770642005286988
1,0.28349881622819195
0,0.20625746634625358
1,0.18675725763247025
0,0.1670375213970128
1,0.18002137892206968
1,0.1921757241462599
0,0.2201476832864913
1,0.15476257681922714
0,0.16728372513910725
1,0.21726049230465205
0,0.1897963122881638
0,0.21415595832646683
0,0.1853063373378373
0,0.19633642769140583
0,0.20322091117820404
0,0.19187765518900102
1,0.1777304054306547
0,0.19562972464707315
0,0.16306073655278935
0,0.14117613536990098
0,0.21897081272838909
0,0.20816666222073169
0,0.20394030254964401
0,0.17971747064125876
0,0.20725317370523
0,0.22961561208026793
0,0.1815062794487361
0,0.19129027699352133
0,0.19213162203755801
0,0.1836843321670567
1,0.19891816456244413
0,0.16354195087093792
0,0.21253170485875486
0,0.25265288665945196
0,0.19909600941862132
0,0.1956528963041271
0,0.20898788280332126
0,0.1789583440653552
0,0.16072478049929936
0,0.18059682009020453
0,0.21401423211216886
0,0.2616035568302266
1,0.2080584156431486
0,0.1968896640107657
0,0.17181143858411269
0,0.16993787803305208
0,0.15959731158242663
1,0.2157472189903811
0,0.19498059836008907
0,0.20382936432596047
1,0.21222183264515895
0,0.16301230257756225
1,0.1974356970700357
0,0.18878916091651934
0,0.17726262792141861
1,0.2099363815567265
0,0.2114061343633867
1,0.22536779314144123
1,0.21627292421098573
0,0.18669849645063594
1,0.22426803474462936
0,0.20679197600390722
0,0.1940345858431072
0,0.17651132185863513
0,0.18080964478978628
0,0.2154379688863336
0,0.158618651668206
0,0.17749324091230698
0,0.1479430614644989
0,0.22459645243363036
0,0.19600376077974935
0,0.22526763301269914
0,0.20013747487319627
0,0.1972565652841633
0,0.22191601466423236
0,0.15632853517482964
0,0.20248550541167126
1,0.18536152009364623
0,0.17306027892544373
1,0.22547640054374207
1,0.17251588764436737
1,0.2147893397627561
0,0.20111114460065727
0,0.21440902575785817
0,0.1917950564827069
0,0.21305495488282022
1,0.19281926834334154
0,0.1464946643834923
0,0.17601416522047175
0,0.16742614588730428
0,0.2570359458609783
0,0.21857670916226177
0,0.16879682569822227
0,0.1885041930205572
1,0.18573230614736708
0,0.24848436391333686
0,0.21613278242100523
0,0.14421371311552564
0,0.1938833771921601
0,0.1667977180843312
0,0.21794784416484908
0,0.19428694166522564
0,0.20595903053059006
0,0.20775337555706175
0,0.18360354977873947
0,0.2008974059890801
0,0.14618189412947666
0,0.19347679411219865
0,0.19986474109058172
1,0.19484723443515295
0,0.20942765878554695
0,0.21479958087233592
0,0.21367045413688399
1,0.21978920406513114
0,0.20919501829150916
1,0.17257309407068444
0,0.2313192337849865
0,0.1720703019058808
0,0.17296916067407556
0,0.18647740026827764
0,0.22561785826672417
0,0.20579478892267183
1,0.21388836311942924
0,0.17933934842199506
1,0.1876601888534171
0,0.16542487046122353
0,0.1634239886571369
1,0.18358039257694092
0,0.17341397699430913
0,0.15201759043740917
0,0.16130383961889502
1,0.16614418852115767
0,0.17296189529313305
0,0.17895841424308323
0,0.15061170651905412
0,0.1721334973351237
0,0.19238544911551653
0,0.2030439073551484
0,0.19864412745612367
0,0.17935875042898214
0,0.20342411827723078
0,0.17278923793409345
0,0.2257692123885635
0,0.19346481309861704
0,0.22345686572903467
0,0.17266374567788584
0,0.17887066569181478
0,0.21388204820843448
0,0.19648737067151564
0,0.2091766849993173
0,0.161653382320218
0,0.20964276635619247
0,0.21658713589720818
0,0.18398748213434152
0,0.16179725165639067
0,0.1961504673045486
0,0.2242512093855607
0,0.16721566662778217
0,0.19388231131684763
0,0.17830341628095278
0,0.18586609497207401
1,0.2036589588479896
0,0.20135193467279958
0,0.16325131619155517
0,0.14945703458025134
0,0.22028391101515193
0,0.20150592078998153
0,0.2172402458797287
0,0.16450633407250212
1,0.18726351941462827
1,0.21520450066035907
0,0.17665714027936966
0,0.21605568080560333
1,0.21176307612827835
0,0.17169001592623154
0,0.16013797254146983
1,0.20859816855742724
0,0.220435111363284
1,0.23147736091573962
0,0.21742946407529462
0,0.17728923345369269
0,0.16848384010921164
0,0.22270096386954627
0,0.1734688091888294
0,0.22065733181890126
0,0.19004124262769606
0,0.21825403526251053
0,0.17733960073204408
1,0.1980826618471659
0,0.211062029882626
0,0.17410768978559393
0,0.14374915979393638
1,0.2444149894109954
0,0.18305510010107456
0,0.19444291786436033
1,0.21095795175025275
0,0.21090216046634283
0,0.15511214793950465
1,0.1714834801784606
0,0.17496554539914602
0,0.1813686936818056
0,0.24089542089348373
0,0.1841148930049612
0,0.17418411552889676
1,0.18640978777872613
1,0.2030434031685062
0,0.2198818856137894
0,0.17942549175804726
0,0.14252564573876528
0,0.19003967111220704
1,0.23707988313518868
0,0.20949038009500828
0,0.19435535346463817
0,0.17059160198258122
0,0.18991466365128193
0,0.19166578758811004
0,0.18501710945233837
0,0.21609614802367166
0,0.21274946393860109
0,0.1988537206283011
0,0.24896968428298707
0,0.13963841143464825
0,0.1778532076641834
0,0.2034653042382863
0,0.1869944139307489
0,0.21314981882018166
0,0.1739906874250841
0,0.20833550912555202
0,0.22694613996181112
0,0.20944187801058714
0,0.20430756111116471
1,0.21730497468943946
0,0.2099863158257825
0,0.19794201592759997
0,0.19560590364119104
0,0.20734926558001224
1,0.22293273825549592
0,0.21512515358566492
0,0.2166609476461596
0,0.197260290305184
1,0.18706164020451682
0,0.16668959284715945
0,0.17176298380547272
0,0.1675315903411702
0,0.22773080712780477
0,0.20152858206411525
0,0.1796638952101921
0,0.19572686503873765
0,0.17002183027812298
0,0.1922206287173744
0,0.17874142219004746
0,0.16632890968987973
0,0.23474278342472957
0,0.20101542788494597
0,0.17612327286616844
1,0.18712046812280014
1,0.18482057291323575
0,0.2095027355860916
0,0.20663561469155248
0,0.15214796460072258
0,0.16039749793218425
0,0.22269737227641326
0,0.21491138033630378
1,0.2047465088794124
0,0.18730424423659256
1,0.20529727627547498
1,0.22251355060946515
0,0.35269355141382774
0,0.16385086084396586
0,0.16279356146904608
0,0.24909225348034503
0,0.19498354304920318
0,0.16844958670370289
0,0.16062379738369975
0,0.1707142469750949
0,0.18328136961002053
1,0.21986680860085556
0,0.1744262816456025
0,0.218770065816774
0,0.19613530962854428
0,0.16000525230815757
0,0.15666256578301013
0,0.18830368868660416
0,0.1581695034173642
0,0.20061409477593
0,0.20335462051384656
1,0.23684636813767035
0,0.19425545202974803
1,0.24768588874672043
0,0.1902117492964243
0,0.22696872354366354
0,0.23726959636169792
0,0.2571909081037205
0,0.20422308545963738
1,0.1991704751693111
0,0.14863383425110382
0,0.1806415167423981
0,0.18219187278083898
0,0.24148179340408227
1,0.20320288728705302
0,0.2689872089144848
0,0.2063480959106775
0,0.15254124568481178
0,0.23608205721138437
0,0.1637156658828668
0,0.20617618088613476
1,0.19455984659133527
1,0.22884264540619956
0,0.18892866665081678
0,0.22722492277029643
0,0.161301765699692
0,0.17884107260770782
1,0.19190885212497122
0,0.18158077508538606
0,0.21188544165928117
0,0.1652949129398914
0,0.16477727253030383
0,0.18849263552131348
1,0.17813019711075787
0,0.1918720674434058
0,0.2232794009184139
1,0.1912013426187825
0,0.20744399533087926
0,0.22006103386154824
0,0.20254669409452133
1,0.20914876198950402
0,0.1874793415840764
0,0.14027841069632183
1,0.18912615773593602
0,0.3168269054043912
0,0.18938964418056736
0,0.21089710384471633
1,0.16360668179056592
0,0.22447297345421283
1,0.21942325773242907
0,0.17702615172888655
0,0.20847354099777826
0,0.16301322206342822
0,0.1487217387646339
0,0.1718464002714341
0,0.1786769897164537
0,0.18048057999058462
0,0.2787462062921034
1,0.1562884622539987
1,0.1978924255284556
0,0.19313146224994723
1,0.21882514101858166
0,0.19607306681421627
1,0.18643311286883874
0,0.18131496860041937
0,0.270154413931885
0,0.22099487935647663
1,0.201537658397831
0,0.16412492459791916
0,0.18726215540346342
0,0.21571982176850843
0,0.2231550953817496
1,0.18969540789010345
0,0.17423953701412326
0,0.18351478309561955
0,0.17257883604969645
0,0.19337403653398985
1,0.2233964013900552
0,0.18266902961461962
0,0.2121925181684557
0,0.2171062874289868
0,0.25128303268670144
0,0.22725663459999626
0,0.1954604193859168
0,0.14503643965343732
1,0.20395262088750243
0,0.21809759798656106
0,0.16418025077508944
1,0.1918520487035407
0,0.1592136998556136
0,0.19596043609861138
0,0.1738191400346208
0,0.20875175056539602
0,0.18820302423083352
0,0.18749570233492094
1,0.18846960612366437
0,0.23674694776141644
0,0.21517558883803486
0,0.21244550107209476
0,0.21870185834472108
0,0.22390761676093737
0,0.20443496270654732
0,0.14702790115135367
0,0.14893555532471797
0,0.1730955524797688
1,0.21249792566827536
0,0.18740025528023097
0,0.18143455873688677
0,0.19223199647163572
0,0.2084545901061216
0,0.2008527192720398
0,0.20231596218930062
0,0.18118152875640947
0,0.21332917797259532
1,0.21853655804834993
0,0.2259094166326303
1,0.24176598575220432
0,0.19215207666164438
0,0.20646764638246404
0,0.17154850618933667
0,0.20677796536373433
0,0.20271355350272088
0,0.17636314928234095
0,0.16919168784469305
0,0.1966552818693185
0,0.1964098136873025
0,0.21036667885732335
1,0.20304017946854944
0,0.19767682650125332
0,0.21283014616324547
0,0.1887247928517168
1,0.2547177573458176
0,0.17231730107574583
0,0.23299699967235388
0,0.15972726889895222
1,0.15683689486790522
1,0.19825187100006192
0,0.1999486722797752
0,0.19590468048978074
0,0.228659819588141
0,0.21037622110287832
1,0.19505039995250584
0,0.23148290444831726
0,0.2088543828135444
1,0.19037598147564994
0,0.15939801919190033
0,0.19691876471318814
0,0.21076018851497094
0,0.19664603937111536
0,0.21757952172941852
0,0.19817193994150334
0,0.18688268085390136
0,0.23495726529386307
0,0.1976378814845467
0,0.20080419872026958
0,0.1864590158991926
0,0.14369590189640638
0,0.1532124057716627
0,0.1574071851008153
0,0.23165112530293633
0,0.21943787036487186
0,0.16889539675247014
0,0.2031388094073054
0,0.22302453152805565
0,0.1975726272548797
0,0.19006194696459233
0,0.2157050987069417
0,0.1952382800309824
0,0.1948617453341435
0,0.1747010702655478
1,0.18409198034082688
0,0.1898216222040739
1,0.1963751603872017
0,0.18442395475076664
0,0.19162784016050213
0,0.19763183718551755
0,0.1795980295898014
0,0.22957399957813535
0,0.19996227496035118
0,0.1841019477736088
0,0.15548361906671243
1,0.20023008225191447
0,0.21212409351082684
1,0.19827237587867733
1,0.19020347266091406
0,0.16315800415856838
0,0.21557240285545673
1,0.18453483656344843
1,0.23140291848539762
0,0.2306774722295211
0,0.1645829384036311
0,0.1765985940674834
1,0.18443166837598435
0,0.19149190119800918
0,0.21235652289817228
1,0.18096737690912748
0,0.23534941725848635
0,0.1490312640278767
0,0.18368437582653588
0,0.18241510630927432
0,0.16877642173911164
0,0.20769307773970594
1,0.17603863587770482
1,0.24428796098137973
0,0.1463488212588724
0,0.19412345895175928
0,0.18706954098886974
0,0.1565677248007573
0,0.20289221077317166
0,0.21217777431743376
0,0.20159740309363477
1,0.19662990009055928
0,0.21927289625648178
0,0.15796226280681314
0,0.16681707089044348
0,0.22892123831010447
0,0.21608317785867937
0,0.20283994002726338
0,0.22220392789791948
1,0.22412120577177738
1,0.21083608299527698
0,0.2095121326843836
1,0.1793111737082489
0,0.21750198232977921
0,0.17026516330810298
0,0.2004174578815453
0,0.15123647324391856
0,0.17616069246530006
0,0.1744248237762446
0,0.1647343802470573
0,0.15478651948834604
0,0.18950061239276342
0,0.23763542480580233
0,0.1775734213424472
0,0.16641490102797477
1,0.20573578079245108
0,0.17355052212611105
1,0.20085985631856015
0,0.19440686603168816
0,0.1725170810123379
0,0.2649139918346932
1,0.18751567160168228
0,0.19856661483020477
0,0.17283784106958333
0,0.13971054424107449
0,0.2176383050962182
0,0.19939836488102358
0,0.19516975277861395
1,0.16473895768340288
1,0.16560562341603313
1,0.1389114524451427
0,0.16419504975418386
0,0.1502426930186733
0,0.20223223092589188
1,0.24994169231466767
0,0.1756897316909776
0,0.17755113535261458
1,0.2483977474429682
0,0.20684890387760443
0,0.19909679413264633
1,0.19320775563741854
1,0.1896871408997476
0,0.16912038976055108
1,0.1711824071140867
0,0.15323144843688513
0,0.2463247626743941
1,0.18706785297722683
0,0.18723258530008113
0,0.20163933845391532
1,0.1953123489795467
0,0.24659430870031757
0,0.18057065011751838
0,0.18135934921241323
0,0.18237215117264585
0,0.17197259309569615
0,0.1468966298604439
0,0.14117061684992033
0,0.15983455239983735
1,0.18075186819730962
0,0.17433701872827517
0,0.19064239253351
0,0.1647960932380362
1,0.18357851484105722
0,0.20168200338894937
0,0.16670953983530762
0,0.13594191093114913
1,0.2262540200319802
1,0.20408082242464634
0,0.19132500710638964
0,0.18109896808832487
1,0.20234764837712904
0,0.39778980827896754
1,0.2018056488159428
0,0.2403839388444293
1,0.20724590752873323
0,0.21150217924235534
0,0.1656047316094752
0,0.21559288110733682
0,0.190901586475746
0,0.1772087198900409
0,0.17710456466324698
1,0.21685892632344872
0,0.21715570107927423
0,0.16825028602187167
0,0.17666016275462829
0,0.19254806928814408
0,0.22930965877523057
0,0.2134633989100314
0,0.18385908450166377
0,0.17152421985069358
0,0.20596426800132048
0,0.19340025823848064
1,0.2033435654938902
1,0.22308750045679349
0,0.18193036720219652
1,0.19894252273692462
0,0.17705518243247187
1,0.16129371554806715
0,0.30245057357973687
0,0.1467717889556172
0,0.209135586297863
0,0.2031789439179743
0,0.22223918289647887
0,0.18311360826281334
0,0.21090384495632847
0,0.17874142219004746
0,0.15651812797532608
0,0.23423222137999483
0,0.19235124858915273
1,0.202107957435207
1,0.15101789099701732
1,0.21270487854117476
0,0.18308085813201197
0,0.21628397200071228
0,0.1679937863682637
1,0.2611591775181415
0,0.16894486984259832
0,0.1546235955017949
0,0.16447701443431206
0,0.19192852540153513
1,0.20493189049826552
0,0.17019011117953362
1,0.22900598955202703
0,0.19072971553087303
0,0.23078155237267223
0,0.21959972861718408
0,0.17957580569853485
0,0.20713412356033017
1,0.1730111530057739
1,0.1584271816106823
0,0.1901695941124074
0,0.20916815106889025
1,0.17905833713893038
0,0.16489885286937653
0,0.14556664776082626
0,0.18359198490370163
0,0.21244348483811132
1,0.2074808283145388
0,0.20201488932135114
0,0.17992257009063004
0,0.20924758556574205
0,0.16493426750078963
0,0.22883620195728088
0,0.22474498066117216
0,0.26299688479966027
0,0.18357493760837604
0,0.22104246147756612
0,0.21080691492928216
0,0.1753874181779737
0,0.16146516794769428
0,0.2824001045518043
0,0.16597036062979745
0,0.20618029817681977
0,0.2351581731250123
1,0.20068162701790979
1,0.21671184806470636
0,0.18770223731440625
1,0.18942035826075881
0,0.2259884159777922
0,0.21680040123178837
0,0.2033192761258364
0,0.17025158059639697
0,0.27353555665346896
0,0.13482391208827416
1,0.1451767969640227
0,0.1826882484871619
1,0.20593237821142346
0,0.17260102856954904
0,0.20417350892619177
0,0.21003239482820715
1,0.1635750157452436
0,0.16133183881800633
0,0.18710047766716909
0,0.22964259653603622
1,0.1669830484831825
0,0.2032104621101747
0,0.19100061196961715
0,0.19275987679668055
0,0.25674984302003256
1,0.23812482117683773
0,0.27943268538817057
0,0.1816212069772633
0,0.20561465192977288
0,0.1466593769913052
1,0.24864632568290923
0,0.20787886187350063
0,0.19845942471044456
0,0.2171065605298525
0,0.17247085321084635
0,0.18756255901169971
1,0.20999187214607237
0,0.18646162519616885
0,0.17143319234233342
0,0.23620040407403747
0,0.2054218680038316
0,0.20102919656275922
1,0.14897113264905765
0,0.2428259045283492
0,0.22622298965924087
1,0.18915108899922956
0,0.19267330413834044
0,0.21747607809265768
1,0.20909376065742238
0,0.23032754943846906
0,0.194070104542394
0,0.22888798272088706
0,0.16620613421219194
0,0.17584062326409333
0,0.1932169399382589
0,0.19777079641155734
0,0.1645414937088127
0,0.19893711996650962
0,0.18666256562862013
0,0.23716192698372177
0,0.2301640492878149
0,0.15196828450261737
1,0.2372936748478138
1,0.20827951388458432
0,0.1704325487776557
0,0.18994463219123983
0,0.208524279410749
0,0.16692082094527597
0,0.16256380045614688
0,0.22475351705552013
1,0.19314157377566676
0,0.19927945992170468
1,0.1682660254182471
0,0.19802646548155495
0,0.19230414478731653
1,0.21109676013729214
0,0.20680865951964914
0,0.2174954001015575
0,0.21674323544615418
1,0.19813795945384208
1,0.1901735317563345
0,0.2506163037643166
0,0.23142120651226344
1,0.22354784569449848
0,0.18903796547458723
0,0.15259430872828988
1,0.201827022545801
0,0.3284113110962165
0,0.1940631885381148
1,0.21059017965490318
0,0.20840326789248265
1,0.15066790968708768
0,0.19280370941105912
0,0.14960576275496668
1,0.19155907329646377
0,0.20403916068838995
0,0.2575937090168884
0,0.2059881898568723
0,0.17451017630717613
0,0.19751184648426728
0,0.15913199748933024
0,0.18191674724525841
1,0.2206681567490471
0,0.23356267397378017
0,0.2144171247893398
0,0.1869063055637159
0,0.25425177699240925
1,0.1452558210517627
0,0.20692413875539922
0,0.2204293207490803
0,0.20830632134732496
0,0.18070123192663318
1,0.2137773796409447
0,0.16889796121387302
0,0.18521155355904773
0,0.21124417073160084
0,0.18924789012838972
0,0.2144114732474017
0,0.20289221077317166
0,0.1509001222228364
0,0.2017063253240634
0,0.20708206329509668
0,0.197243546914246
0,0.1596178293284986
0,0.17949046868264926
1,0.28853699188076015
1,0.21129050538791924
0,0.20260670892826246
0,0.19364042493429431
0,0.2212456595409016
0,0.20695979325861327
0,0.18221535846034534
0,0.18612912728934866
0,0.2654108159381274
0,0.18099518379787297
0,0.17858482378007873
1,0.23367637016530138
0,0.17970148658823587
0,0.16286254978533612
1,0.18394785595474913
0,0.15224451816340775
0,0.22143303612993986
0,0.2060120031491802
0,0.21455444503647342
0,0.1704679341236651
0,0.27391969520139614
0,0.1896159676205488
1,0.2159935341812274
0,0.17618421142975205
1,0.25022458658516933
0,0.33370812560434815
0,0.16450828874259674
0,0.21810370186035427
1,0.2487663683444688
0,0.22046682953688254
0,0.18681187397418494
0,0.20870630693718195
0,0.1943412939635837
0,0.18242703120236978
0,0.19511479615394425
0,0.19983228976270123
0,0.1643158918313584
0,0.22232953375654985
0,0.1816167640888141
1,0.18344257791402277
0,0.18875129986852035
0,0.19768263600276886
0,0.21620252810211588
1,0.2223292840535112
0,0.18694314558329844
0,0.19173661505913622
0,0.1851666215568645
1,0.19799099195797962
1,0.22042991057832823
0,0.2038775792737412
0,0.180582593240356
0,0.20194056444875266
0,0.20399398310291234
0,0.19453104395211387
0,0.1812952188580648
0,0.1679748523294577
0,0.1957874142019916
1,0.19284761470097775
0,0.17846196226890956
0,0.16366849632189456
0,0.19509060767672012
0,0.17323494911249918
0,0.17483251465263122
0,0.2368120303782117
0,0.19808477405850777
0,0.24559416955744806
0,0.22615023168156578
0,0.25353813944842857
1,0.18801352207372218
0,0.16999710049559721
0,0.22863667123864512
1,0.20359170938395257
0,0.17236820127822322
1,0.1858884551991779
1,0.18797441584273952
0,0.17994954551340248
1,0.16260249501289198
0,0.18730756966948708
1,0.19383683600857984
1,0.20495079482672038
0,0.18598595355263614
0,0.15542694935587825
0,0.17478689138863812
0,0.2072999163671043
0,0.19956591550660316
0,0.19934806882005085
1,0.18292415226169048
0,0.20376455416091288
0,0.18868883578057735
0,0.14993665965925626
0,0.15776227706116183
1,0.17628677285810473
0,0.2010553348248337
0,0.2011059236770458
0,0.2675460554081123
0,0.1636959061558531
0,0.20866312109161117
0,0.18335841378709547
0,0.23931570478629186
0,0.19641114510039367
1,0.18043695365052376
0,0.22656891772410184
0,0.18062716954766841
0,0.18683805469952763
0,0.17456486282443576
0,0.26047561357828664
0,0.18344008908655432
1,0.18380228109906105
0,0.18171527295990814
0,0.20148899908902465
0,0.19513454993770363
0,0.16299154331631976
0,0.26846099717186683
0,0.18270490419662094
0,0.20939052984972997
0,0.22907856430585288
0,0.2629377012050519
1,0.20056124104020165
0,0.19784711138777866
0,0.19671795713254706
1,0.1902485371102539
0,0.17834282462678125
0,0.14859349952840856
0,0.208169172344144
0,0.1586307617789522
0,0.23887730238959728
0,0.1521500734661966
0,0.1444447793091041
0,0.18485654989991
0,0.18649265499071735
1,0.22204400411609068
0,0.18933194948920398
1,0.19398800922737308
0,0.16016807609080908
0,0.1584508072895392
0,0.21218737814346295
0,0.21963341750203638
0,0.18949849776138505
0,0.18514573133552945
1,0.2106095449521408
0,0.1515443264947302
0,0.1844525999631669
1,0.14945803412122272
0,0.18708490005972678
0,0.227371911453738
0,0.23663486770204084
1,0.2187918410012084
0,0.1740605992276671
0,0.20280305569445364
0,0.1504708402857651
1,0.1631082668181244
0,0.20544403599058808
0,0.21756472372479718
1,0.20060833353343183
0,0.2657795410682035
0,0.15304804809855313
0,0.20455231967548237
0,0.15785974877220657
0,0.20972135363870592
0,0.23006471488548916
0,0.23628911147581447
0,0.1919376223135198
0,0.27218489587753203
1,0.16886610826050508
0,0.17328246528698021
0,0.20999279768244322
1,0.20593208733589086
0,0.19799800331886327
0,0.1786012651865933
1,0.19574089416835128
1,0.2171257731739697
1,0.2050474233614366
1,0.18865482649624654
1,0.17724285239940024
0,0.1758123774397836
0,0.19403388412180095
0,0.19901072384363672
0,0.14857095883239063
0,0.21239184810688513
0,0.1706264684384813
0,0.18969655999045087
0,0.25854594949465326
1,0.18990003879707587
0,0.20830178659461673
0,0.19859129826008354
0,0.2659060998453921
1,0.2460377240068303
0,0.23221526430280104
0,0.19047789727791847
0,0.1728172965169262
0,0.2196761383985569
1,0.21369438934284418
0,0.19598091446193316
0,0.194359838304658
0,0.18055203403649694
0,0.1789028661120583
0,0.17896410363951007
0,0.20037357414843293
0,0.19747315161284157
0,0.2049944881017261
0,0.19389812991514888
0,0.19831622965403373
1,0.21936754931744537
0,0.2895232544437068
0,0.2322340871441174
0,0.19217940493851637
0,0.20469084448415314
0,0.19824822582431018
1,0.2125775094438539
0,0.1672313396935479
0,0.2037556624349001
0,0.17017135704785807
0,0.212749561950782
1,0.20132594201462609
1,0.23574055435332816
0,0.1991457104454856
1,0.17719162230461752
0,0.2571432830838103
0,0.2252194776475226
0,0.18617892093288954
0,0.1940620259543895
0,0.20402728506405665
1,0.17681251995592395
0,0.18343853119968387
0,0.20577334591691637
0,0.16331605259719734
0,0.20311175662916747
0,0.2437114851245932
1,0.24072816309988798
0,0.18883392968593704
1,0.19620723065191084
0,0.19229966603815637
0,0.20987701316225174
0,0.1817052860897522
0,0.1880320161544467
0,0.21305231470422506
0,0.18995377085507556
0,0.14426570606709122
1,0.17790192943380662
0,0.22809390027246432
0,0.19114323240159764
0,0.2321153289910596
0,0.18811663018429572
0,0.17338609875032596
1,0.21201952383211212
1,0.18895431023551995
0,0.20417485180784045
0,0.19174950432982332
0,0.21609872032718677
0,0.18760650689898198
0,0.20929415718855582
0,0.2226894270510578
1,0.18737466823221866
0,0.1918837667591682
1,0.17409189659696922
0,0.14738147206925073
0,0.27201865999640873
0,0.2756490418021381
0,0.19632194595366578
0,0.1985967888147252
1,0.2098583331292455
0,0.17504618615688647
0,0.20759242923680865
0,0.20476203537688162
0,0.2608056788386215
0,0.1786132357631146
0,0.14306765632640742
0,0.22364344534477945
0,0.15491379226100196
1,0.20259086418319067
0,0.1941140190340473
0,0.19948009224896393
0,0.19760454711108943
0,0.2247884724880525
0,0.1814317108076346
0,0.2385800946132468
0,0.16732720037491577
0,0.21743403100469397
0,0.20513824299169722
0,0.19947848822548925
0,0.19374074023284488
1,0.17167929671091783
0,0.174238242191403
0,0.22747433245907736
0,0.17206192831726572
0,0.160408160657992
0,0.21167857041582194
0,0.1912557229778304
0,0.27392210931366084
0,0.17760258433057183
0,0.1763805655860923
0,0.19061560578344283
0,0.19725282930698107
0,0.17880710213360926
1,0.20712142717314017
0,0.1830925742038583
0,0.19227653871625477
0,0.23183200329387882
0,0.18984253105326673
0,0.1833806086592422
0,0.22130752509228752
0,0.1928740641629222
1,0.22032291676212748
0,0.17836444098068238
0,0.19810779044319954
0,0.19560496105047642
0,0.19265532198333427
0,0.16042596144943816
1,0.1959948048873142
1,0.20501651748947675
0,0.232107194099777
0,0.18170049903617266
0,0.19469133755416176
0,0.21098141155520642
0,0.16952806711309462
1,0.20053032487174363
0,0.1856836273842972
1,0.1910021496699001
0,0.20900124099280493
0,0.19654776460340317
1,0.20086849930946618
0,0.1870837658162536
0,0.20597300023620588
0,0.1640645971299766
1,0.21787621127265866
0,0.21566090438029575
1,0.2092562816401676
1,0.18282047875624347
0,0.22208586087126087
1,0.2551189058888625
0,0.18251857187659432
0,0.20564755925576253
1,0.22279588244813198
0,0.1981316672376798
0,0.1856327089115184
0,0.1602653621321822
0,0.18056345236828047
0,0.16219551900851045
0,0.2589708465912576
0,0.29225567819095993
0,0.15750200454961547
0,0.13311072059809917
1,0.19898756672918294
0,0.22148051306143238
0,0.20600642974077352
1,0.17534896884784598
0,0.1821633567340412
0,0.20084794761844468
0,0.38528565720244357
0,0.17773443907187725
0,0.1934531435274214
0,0.2099961533591091
0,0.19780703258376062
0,0.19775074225177983
0,0.1930631317916352
1,0.22682834923313797
0,0.21996074889778908
0,0.1756819805780948
1,0.19533995789689085
0,0.23418028951574596
0,0.2155006171190626
0,0.19384017169523066
1,0.19351654913840208
0,0.16435457437016066
0,0.20104731777575427
0,0.2293384287796665
0,0.203195607020413
0,0.18457304205400032
0,0.22920568584323422
0,0.186819335441369
0,0.15164878918189556
0,0.15951625177284198
0,0.1683963877193282
0,0.1872343235287931
0,0.16900901907964921
0,0.16256380045614688
0,0.15650064629778856
0,0.1949368628383574
0,0.19586874571867238
0,0.2173137246781795
0,0.19860371937412113
0,0.20479470124588062
0,0.1915711854768594
0,0.24106631020320932
0,0.20758207453229524
0,0.21111818327116297
1,0.2340599314805055
1,0.2298877993763756
1,0.2132351559722367
0,0.20538234234935582
0,0.14584083612053844
0,0.18350457205991202
0,0.17309532171367778
0,0.14562951896564072
0,0.19756783753536641
0,0.20743453225115455
0,0.2079472670974227
1,0.16277592638229543
0,0.18540379108787974
0,0.18989624826938742
1,0.1911028560367886
0,0.28172562369872206
0,0.1961756961533906
0,0.21975959880076396
0,0.2193472179839022
0,0.2050466464320233
0,0.19522605169968174
0,0.24091526475299327
0,0.16293521109189332
0,0.1962954393155672
0,0.2199966333439216
0,0.2125667897290818
0,0.15769389442426354
0,0.1759317981569076
0,0.20450799103756057
0,0.17831317669656485
0,0.23085734815559977
0,0.18074851402374523
0,0.16493165433495036
0,0.1840981699824262
0,0.16946908931654778
0,0.20521296552615054
0,0.19316478407171706
0,0.2139250022756373
1,0.19152377974817952
0,0.20664275828999626
0,0.18706385344854776
0,0.20442358442035827
0,0.19805264476546944
1,0.21617651675384592
0,0.21087121298642073
0,0.19891288926517062
0,0.18997566370486643
0,0.23842858393376692
0,0.21956265937001662
0,0.22129786868683896
0,0.19204601543641361
0,0.1567177417953016
1,0.15902011898195778
0,0.21984191683359955
0,0.1925332823514774
0,0.17320133348596004
0,0.16086328810002942
0,0.21187319993519585
0,0.21489564926027876
0,0.20943805568889715
0,0.20822636114442206
0,0.20731269946490166
0,0.17047771453657348
1,0.22522501121637473
0,0.19845690082477527
0,0.3581221119330251
1,0.18929382980497755
0,0.22705230018983985
0,0.2006514221528733
0,0.18927720690889607
0,0.22152894281999586
0,0.18237964448326016
0,0.2206032971377163
1,0.2356169700243573
0,0.18717670946064383
0,0.18533751502878582
1,0.20227992636547043
0,0.1898628554052865
1,0.22392808746965057
0,0.19622760623515492
0,0.2154780589299192
0,0.20406726911304116
0,0.16529558806670952
0,0.13734542231115235
1,0.2250672078563296
0,0.24136124975983325
0,0.17464479988033038
0,0.21557421679927705
0,0.15989034672233732
0,0.13770003033648692
0,0.17052017823592117
0,0.21807558470385943
0,0.21889560245430592
1,0.18261117311704037
1,0.23128936132918135
0,0.1708588448610171
0,0.19466137047278623
0,0.18754706187044273
0,0.17710287231027363
0,0.14352857246169595
1,0.21442869953810892
1,0.21283612007739636
0,0.20709760848316724
0,0.2085971240069425
0,0.20481892405071378
0,0.17965226176510518
0,0.2464119289333425
0,0.20911776457958078
0,0.14685190170826673
1,0.22434369951214547
0,0.22628539217251648
0,0.1921654164624734
0,0.2186827830659935
0,0.1975832745482747
0,0.15504601161268053
0,0.20669434000644726
0,0.21391040565567337
1,0.21949248038452973
0,0.2039627378975761
0,0.19218111512932945
0,0.1858061008277727
0,0.1996949889575735
0,0.19540347775798012
0,0.23989972253906547
1,0.22669384327942416
0,0.14249736679857905
0,0.15073997032881578
0,0.2019918943425202
1,0.22282951563013828
0,0.20398839461166213
1,0.24508037598191515
0,0.20478292024365563
0,0.17247941717079338
0,0.1755617730155442
0,0.22613112353398182
0,0.18687153926058467
0,0.22006079789479185
0,0.18095670441359962
1,0.18131354778471656
1,0.21988958830178412
0,0.19804980174545112
0,0.20122871164872488
0,0.22544405667061107
1,0.18892786374527681
0,0.16212532604981736
0,0.19583305478051186
0,0.16815563632595398
0,0.1924906126030431
0,0.17937666790957527
0,0.20517447815089696
1,0.1958396334978102
0,0.21506927140421472
0,0.26810089059150705
0,0.2250234231958409
0,0.21967026284104288
1,0.15959175677534743
0,0.1969161311762907
0,0.152710879687632
0,0.18596826077990575
1,0.19083222451145998
0,0.14573784028541809
0,0.1747916403089196
0,0.1965437630975514
0,0.212162022143815
1,0.21177534691253433
1,0.23559173310531076
0,0.18076837436855706
0,0.15541428726973877
1,0.25879581451650985
0,0.20877371631267083
0,0.21452667383563095
1,0.20290168547818496
0,0.19031216625358408
0,0.22377992587222822
0,0.2554586333613024
0,0.1585207254911104
0,0.17260896079155102
0,0.20722456503898148
0,0.2186729102449603
1,0.22132486975026122
0,0.186204916919767
1,0.21181940753920722
1,0.18108633211046177
0,0.15316156798228828
0,0.2555190516719209
0,0.1755189927502122
0,0.18909442713512933
0,0.2041843090572428
0,0.1711684883437657
0,0.1543393537623174
0,0.17558079290111775
0,0.2130002133220315
0,0.21451338107290874
1,0.1533160550460002
0,0.21169437844935612
1,0.17965087238808336
1,0.18093333861533503
0,0.2274609154808934
0,0.20367817273985478
0,0.19122166777832178
0,0.17275067924191856
0,0.1721509346127648
0,0.20424134688952475
0,0.1953640443896364
1,0.1566323768276509
0,0.1986715678811536
1,0.19609792668144363
0,0.23708735762967575
0,0.2884767588746463
0,0.20617778958931035
0,0.20780154974966766
0,0.18915322455346115
1,0.21903491321029234
0,0.18132211309580706
0,0.198602730451403
0,0.17624019944043115
0,0.19014512323874808
0,0.20097229800696104
0,0.20100236689941936
0,0.21581443259411223
0,0.16199882319483144
0,0.17819920773298148
0,0.12795381769162817
0,0.2063954977472989
0,0.21632234649179422
0,0.17300644056838937
0,0.17391038806291828
0,0.20949015389349043
0,0.2039625729556518
0,0.21560097272194811
0,0.2525896526780235
0,0.1598015827002491
1,0.19232582094693434
0,0.19189865477556597
0,0.16298703381627966
0,0.16074885746683426
0,0.18894690873717232
1,0.19838049307815456
0,0.22322464786542978
0,0.19923296769509746
0,0.22468271506514537
1,0.23250116292432957
0,0.19706424399767197
0,0.15659002381489848
0,0.16084183888123602
0,0.20633414663820468
0,0.3628281813323735
0,0.16511205497054915
0,0.20701373444303148
1,0.1851984376792812
0,0.15814861999079258
0,0.1848366722192369
0,0.19905274355297944
0,0.15954480146577668
0,0.1938433927636697
0,0.21904288777264644
0,0.20547314760168453
0,0.18325517873686256
0,0.18205230560902955
0,0.2133977859590739
0,0.21548316991124808
0,0.2019918943425202
1,0.16976475417715572
0,0.1857938854436948
0,0.19883669528245249
0,0.212554779506562
0,0.1873950957830982
0,0.26795186203933896
0,0.19230887977730426
0,0.1713502725874793
0,0.17292732484986684
0,0.16358694344138755
1,0.20526155864783166
0,0.18383439051507564
0,0.21596126166172966
1,0.20983164497465182
0,0.2485316022621065
0,0.260558893414187
1,0.15517436608132154
0,0.163470761362032
0,0.21264225048572202
0,0.19277052968960487
0,0.18053196821519252
1,0.20647263553375605
0,0.1667786863866967
0,0.20801476694790383
0,0.2022405914600702
0,0.19574142223013163
0,0.17256732067671118
0,0.2311273310879064
0,0.21299763341561725
1,0.18263998995208916
0,0.17576339848615907
0,0.19957071489781855
1,0.1848218617389638
0,0.22027807806072347
0,0.19537032884139396
1,0.24569720140216827
0,0.20352901771819643
1,0.20251427111575512
0,0.19173923953925923
0,0.19807987312463543
0,0.17342806243110745
1,0.1739460940613684
1,0.22661742811515165
0,0.2177226390986403
0,0.16427991663735508
0,0.20454812610116666
0,0.1961196933235525
0,0.2414977414671829
0,0.24769754083155207
0,0.20378349065596427
0,0.2179283018501268
1,0.18932439105742063
0,0.1860761925916915
0,0.14911624485322905
0,0.1748894949000456
0,0.23568231065855483
0,0.18968379515117248
0,0.15008436335241618
0,0.2053725037741723
1,0.20867655179681938
0,0.18243192792649196
1,0.2217131292951788
0,0.2179316945518394
0,0.2048761346149305
0,0.1738309705185453
1,0.23316377906651523
0,0.2047581510811647
0,0.18283783671095966
0,0.19090887777725
0,0.20741462916457115
0,0.24566040125527852
0,0.2064002926722276
0,0.20774806105025562
0,0.19863799060194998
0,0.15449393249522414
0,0.19465588845457588
1,0.16515122718452604
0,0.2024040322234167
0,0.2204328434235914
0,0.15032515258737464
0,0.20436245175568413
1,0.21202323650778723
0,0.19967768279931228
0,0.19063142316771023
0,0.21026421333109752
0,0.20341106068247855
0,0.22955664795404518
1,0.42715676160701294
0,0.17918815847324465
1,0.20343071264091947
0,0.15273821708196295
0,0.2010065995910418
0,0.2690015723250018
0,0.19007582703336406
0,0.232746321635358
0,0.20992094066432787
0,0.2224850633850256
0,0.19245244803581316
0,0.14880505755534268
0,0.19705587396115978
0,0.16646289651809543
0,0.21953396116612872
0,0.20415667802439547
0,0.19485596129491625
0,0.19175692173059916
0,0.16837940062131165
0,0.18761290634376573
0,0.2335298708104845
0,0.19707552251278004
0,0.3102838119906003
0,0.215558707462793
0,0.1893593723835667
0,0.20356055588035168
0,0.22597339780141829
0,0.20977645059385863
1,0.20864830820525185
0,0.23413278096681006
0,0.1483477486924198
0,0.19965819641227908
0,0.22180796791802457
0,0.2130565734048483
0,0.1776872936124741
0,0.1920960987706874
0,0.19657028464679155
0,0.22157858465439434
0,0.18819836252027905
0,0.21507862790330742
1,0.21860540502173348
0,0.20679044029972216
1,0.20795822049482574
0,0.13961460596366054
0,0.2071668489595428
1,0.2599519541678786
1,0.21816280348316003
0,0.2638096366669186
0,0.21776572729188956
0,0.2826014470157235
0,0.16593815443842513
0,0.21304349156071034
0,0.2090168309758003
0,0.20653169382018863
0,0.20881611998918756
0,0.18431416246254104
0,0.19478447785280006
0,0.27366651872204645
1,0.16180165099422122
0,0.20255235519779244
0,0.21322802232847327
0,0.23295558360906887
0,0.1920754419002197
0,0.19068756528485883
0,0.2478726854083008
0,0.22132606484712172
0,0.1776611675441767
0,0.1858506044375415
1,0.16161407680006012
0,0.21389367985452212
0,0.20286036696548854
1,0.19470719645233245
1,0.22209411875187904
0,0.19932045448923658
1,0.18559873694481688
0,0.19316106501380692
0,0.1560964329908669
0,0.174142755715171
1,0.24978446930426543
0,0.19609169469698676
0,0.1856112928489694
1,0.20460913544567635
0,0.17453311900589644
0,0.20322815004601877
0,0.28366396246244235
0,0.187933135419596
0,0.22028187126688278
0,0.15159554942684586
1,0.15426345344933123
0,0.21854096416191232
0,0.2307009737740564
1,0.18306495662249567
0,0.20262100503783767
0,0.21212509488820078
1,0.21045251338593937
0,0.21358860667298266
0,0.15378136123462666
0,0.1786841095288028
0,0.15220732295942638
0,0.14641232336178472
0,0.15635734799175008
0,0.22823677914659618
0,0.13445423906637882
0,0.200891524097542
0,0.18296104445304368
0,0.22280693466350562
0,0.2036940871362361
0,0.20747591360158352
0,0.21390826723545078
1,0.23036687029522254
0,0.2387841505594931
1,0.21050379396566174
0,0.19678508194816896
0,0.19444563980682555
0,0.26104600419512264
1,0.22654116719395712
1,0.22224811676100567
0,0.17983603532851658
0,0.2448539078836521
0,0.20960912724254702
0,0.18070318458186488
0,0.15518095794737646
0,0.21653189673824763
0,0.2200569938830843
0,0.20990212964009233
0,0.1887104648901163
0,0.16074121043944775
0,0.19691339556163004
0,0.23130963881605276
0,0.17112672307269955
0,0.40847721330827313
1,0.20804196566201277
0,0.19574202705112695
0,0.1943161652613237
1,0.16898610906278747
0,0.17114130962371987
1,0.20937740164789667
0,0.19571995526674651
0,0.15965010579542896
0,0.1537069085963778
0,0.17173995956179763
0,0.18329914090896807
0,0.22861695900166454
0,0.19505574827120256
0,0.1957181150863397
0,0.19845658680578585
0,0.20347169678713403
0,0.19472808898450444
1,0.20310038665656086
0,0.20689068984096437
0,0.19210378774239434
0,0.23204497085530695
0,0.23679082282044475
0,0.19636010612303315
0,0.1824993677981613
0,0.20681977446792338
0,0.17796194090779907
0,0.2363802651848584
0,0.20377646303250993
1,0.19375612293139566
0,0.21974095745442637
0,0.20340134288557649
1,0.20023686304570412
0,0.2417516754431707
0,0.19818843907897615
0,0.20798563658209546
0,0.1999018852068897
0,0.18605364024600377
0,0.16137101978084437
0,0.21282952315400788
0,0.17885614099798344
0,0.18175389419891355
0,0.22041976044394804
0,0.1914908068723256
0,0.20987453269801246
0,0.18555017497237372
0,0.17303481355110253
1,0.19993705503545994
0,0.20662148711466077
0,0.18877107261507728
0,0.1763549439920237
0,0.1523547519845679
0,0.15162092523762596
0,0.2389389367531363
0,0.1819843697997591
0,0.17990178564692635
0,0.21162308582357153
0,0.21162173782289778
0,0.18797441584273952
1,0.21961695875342652
0,0.18972395876467388
0,0.18687236680170108
0,0.17475279155306797
1,0.21663386431432602
1,0.18753517203898168
1,0.17229964113369162
0,0.19431497137250636
0,0.18350167265797357
0,0.16462325783831294
0,0.19218734963822687
0,0.2141597953119252
0,0.18570809835566324
0,0.1666233338672097
0,0.14062746874079407
1,0.20432988011631512
0,0.23637614271332597
0,0.22472507670504274
0,0.21262821967626658
0,0.2287001326696545
0,0.22265879013949658
0,0.2264255471711426
0,0.21489552316779975
0,0.1957856695510051
0,0.1810806382621924
0,0.20504684167912474
0,0.20946605735435117
0,0.21018513787990364
0,0.1816212069772633
0,0.20350301430408912
0,0.23851046749253535
0,0.2099693717846969
0,0.1915998190731601
0,0.22074699319824076
0,0.2174589051385432
0,0.17626520196576212
0,0.2063276531103958
0,0.22536263509101834
0,0.19123523763688244
0,0.18949753184212378
0,0.1759820378682848
0,0.16111623970919406
1,0.18632025975009836
0,0.20810919367834643
1,0.2612326654052019
0,0.19427271555818318
0,0.1438455032782434
0,0.17605577958426802
0,0.18156342536426115
0,0.19847630115514728
0,0.1626256230764153
0,0.2106808616177808
0,0.20519691339440227
0,0.1856288519565548
0,0.15096413077389007
0,0.19128173238103433
1,0.15623365803352834
0,0.1950390488172435
0,0.23782724257847554
0,0.1701893022742047
1,0.4075724887384082
0,0.18672614220831396
0,0.17968969779079502
0,0.2266154733626453
0,0.1865323669673525
0,0.202244761984617
1,0.20717423701850987
0,0.1904855993009587
0,0.20580157901079907
0,0.41087534273030896
0,0.18074507063500866
0,0.24471968991987653
0,0.21327634934324935
1,0.20157161374251165
1,0.192043164878693
1,0.22685853969358294
0,0.19135889362702008
1,0.21481223357308205
1,0.2308781323173946
0,0.20850640561122685
0,0.19485863692492972
1,0.202686715866966
0,0.15365537950298305
0,0.1924327625566995
1,0.20899221817511077
0,0.1882819700338494
0,0.22385602145442768
0,0.220888725896425
0,0.19734895417961223
0,0.1811563492469247
0,0.2150540812264733
1,0.1934186842675572
0,0.1980790470162784
1,0.17503128035956222
0,0.20473243747823858
1,0.2144507512016248
0,0.22846740758062375
0,0.1647172388176546
0,0.18340294876377372
0,0.18779704694769625
0,0.19270977997734237
0,0.16288103625050393
0,0.2292926888429207
0,0.20233430445838999
0,0.2008861400828375
0,0.1974936283229264
0,0.1888562543551815
0,0.20567776129820725
0,0.13811749778057447
0,0.2404059571713626
1,0.2092242220447428
1,0.21348459307332351
0,0.24142946600532667
0,0.17650156301010883
0,0.18932437703964153
0,0.23372676847808754
0,0.21884250098007532
0,0.31697595496682335
0,0.21836041202215567
1,0.21066941589544513
0,0.19411122826393368
0,0.1658707795114687
0,0.19814054065286707
1,0.196200590353495
0,0.2011074741806158
1,0.21981261888025458
0,0.17573974778142926
1,0.21839666058565096
0,0.19143875376510666
0,0.22322168603740186
0,0.2067029212473581
0,0.1938965983193045
0,0.1903344717614697
0,0.21102001951157143
0,0.1928188991638161
0,0.2066585162052874
0,0.15851967105105969
0,0.20673269186121626
1,0.2343080951158379
0,0.1609149367380371
0,0.2391209996528218
1,0.18813873477095136
1,0.21068261555604095
0,0.18600216016047136
0,0.23438308705433525
0,0.1727378149186185
0,0.19873130696626437
0,0.20706377412710256
1,0.20789581092409004
0,0.15308892360820925
0,0.1952500716946206
0,0.18467701010199183
0,0.17766937537626187
0,0.18698462172195235
0,0.16866396738638806
0,0.22076841843877573
0,0.25009666125987673
1,0.2400640418023494
0,0.1658397456936728
0,0.21050129741205087
0,0.1702340958115335
0,0.17422199472256023
0,0.23195067743437708
1,0.21282212941696804
1,0.21115735386961504
0,0.22026928856661063
0,0.197235819341388
0,0.17741490240927685
0,0.25123484587499306
1,0.17319560833755562
0,0.14396471829727436
1,0.20915916869409626
0,0.16480528199265357
0,0.21593585272338373
1,0.15358647941161038
0,0.2023273541298935
0,0.16517067690500514
0,0.18312827641847415
0,0.2112745422763995
0,0.15547681928073323
0,0.1786658530896784
0,0.1795301515753028
0,0.1968058008356046
1,0.2190390814309643
0,0.20618501403146353
0,0.15047333373241284
0,0.1915760394596558
0,0.1973600038411166
0,0.19246132004959907
0,0.19824292617748349
0,0.21978938714969257
0,0.19129389296086666
0,0.1693431880957154
0,0.22224534981875763
0,0.1529778407312119
1,0.20753540794090952
0,0.21749978035305806
0,0.2123638298497963
0,0.21153454464622695
0,0.22690970096233287
0,0.2197402472427402
1,0.19228075740012557
1,0.21484540830401028
0,0.25597287743649955
0,0.19985273148585012
0,0.15175921017696695
0,0.17795083621653027
0,0.2075785948529647
0,0.15945920440721464
0,0.2212670744802846
0,0.21481190632735894
0,0.20191537427597045
0,0.1658040293297315
0,0.14626155393980594
0,0.17377572564718627
0,0.187837686260059
0,0.2161941662013234
0,0.2444727976835651
0,0.1634257369141322
0,0.22789763324101417
0,0.1887952986319566
0,0.19195815722759546
0,0.19369048312351872
0,0.23311738499650475
0,0.19780826699870568
0,0.2053999142412161
1,0.26466255712866893
0,0.15746423183825745
0,0.18552583129595915
0,0.16111578359338682
0,0.2400085329471964
0,0.16755251130092638
0,0.1657626925128835
1,0.18135087470807498
0,0.20818927987086874
0,0.18229780505611243
0,0.18498775436372467
0,0.21969701320355936
0,0.16287523330028275
0,0.19760488251849556
0,0.1857341498875509
0,0.22327156816206611
0,0.20900671463209577
0,0.1934537645322303
0,0.18482312168979187
0,0.20613943982423796
0,0.20360183395120304
0,0.2120704481735618
0,0.20290913916292214
0,0.22163410550542553
0,0.203224579723555
0,0.22270466290243615
0,0.18022247378259423
0,0.15196940981220167
0,0.21987867283114576
0,0.18985799782043067
0,0.18442395475076664
0,0.219970172255696
0,0.18946102351795205
0,0.18359678330297768
0,0.21395307888634751
0,0.1730014161380872
1,0.21229620708552766
0,0.1797275942419011
0,0.15782260950998764
0,0.1861065264447004
0,0.19690754225102014
0,0.2457667130141246
0,0.1850925378035848
0,0.15728070134973057
0,0.19667775752211789
0,0.2052493041703738
1,0.1416814871204687
1,0.22104846167540318
0,0.1938637583295486
0,0.1684995536314496
0,0.21222433943767244
0,0.17544182682620052
0,0.2205338959049567
0,0.1891606401668985
0,0.21926690909882948
0,0.21612706578989596
0,0.18900590823317934
1,0.219088786060301
0,0.1886350161881962
1,0.21246369170912824
0,0.1798289003891624
0,0.18345575570400652
0,0.15130868075809387
0,0.2033610976200434
0,0.12853197189371554
0,0.20781501242880016
0,0.21994993067523746
0,0.18846144375312646
1,0.1669266918305208
1,0.17197680764556475
0,0.15242766459895024
0,0.1892956888285625
1,0.1879468483786195
0,0.14746988754308774
0,0.19971573473275278
0,0.17240704448954292
1,0.16971672017078004
0,0.20630935527204475
1,0.19151882294707828
0,0.17204012542866645
0,0.2266823513570206
0,0.21007763253934714
0,0.20189311765736956
1,0.24102069298176343
0,0.2305864767205366
0,0.166030096465365
0,0.18575157520043453
0,0.18678736338879967
1,0.20503276322577732
0,0.20426355044450492
0,0.1901695941124074
0,0.23708586618225694
0,0.18295386561775198
0,0.1704666780899926
0,0.155899309790247
0,0.2085289357784556
0,0.2085363046985134
0,0.2334414372935292
0,0.17206061867884115
0,0.19957776963637805
0,0.2142724394062184
0,0.23407915583127434
0,0.18912941166604505
0,0.17617713060669346
0,0.21459069098316128
0,0.24702056661949812
0,0.23103279695647622
0,0.16299263596630506
0,0.21739953976338527
0,0.21603359984270182
0,0.16192066980743497
1,0.20879968491086312
0,0.18485489489594634
0,0.19907309138472615
0,0.20268576377643202
1,0.18548995590016817
0,0.24069396764076803
0,0.1636027376270918
0,0.3989250909523931
0,0.18539676925239526
0,0.17717544369591456
0,0.19639308282960732
0,0.1749410044871338
1,0.19270403896058158
1,0.20947272856427376
0,0.2573727506778339
0,0.20854288265472354
1,0.1660963167919923
0,0.19274885005337214
1,0.18866273312352452
0,0.16408955400767594
1,0.2650308486715781
0,0.19783510677227098
0,0.16954010576889897
0,0.2080311120482752
0,0.20094024152141396
0,0.2074607800715873
0,0.17119653345953298
0,0.19082550356068498
1,0.20481118151372343
0,0.18803967798247398
0,0.19929742031377795
0,0.15682358161434595
0,0.16143173935155308
0,0.18247954865745486
0,0.1831630472078119
0,0.21184103992230324
0,0.2210469988232455
0,0.2646096134662717
1,0.18499577119513702
0,0.1787479641376828
0,0.2084496763054762
1,0.1624549013876967
0,0.17515185947977086
0,0.1640794811625534
0,0.1791061666613578
0,0.16929313563826356
0,0.20862804943989355
1,0.1759919876296244
1,0.20951676797663016
0,0.19509040378997664
0,0.21928714791142417
0,0.2050809556589199
0,0.25765484805586786
1,0.19095683046150663
0,0.2879150102254493
1,0.16734261472843664
0,0.2318805631029611
0,0.17708849901133253
0,0.21634380180203813
0,0.19191566424088727
0,0.1846459663959063
0,0.22523636671363378
0,0.22395349925598793
0,0.21451090573308015
0,0.18104232811097679
0,0.21645857629210805
0,0.18137973581146705
0,0.1907578942540745
0,0.20238546202199514
0,0.16773016203641808
0,0.24768064316891317
0,0.21278598992657874
0,0.24942805423547654
0,0.23564473136279282
0,0.1561202112654697
0,0.20541981494895045
1,0.19021409263513242
0,0.181042231260332
0,0.18155081116890118
0,0.20422106780523863
0,0.20467499071518466
1,0.21274946393860109
0,0.19710527923990967
0,0.2101688822113188
0,0.18767374064439743
0,0.2090822887356704
1,0.2048868638358672
0,0.1767186462135196
0,0.1981862659273279
0,0.1858315747628582
1,0.21744629448910235
1,0.1700323766136311
0,0.15998771583852642
0,0.22727241573017593
1,0.21021106892664243
0,0.20164831688508986
1,0.21191247626502535
0,0.21502562889985147
1,0.26822941785100113
0,0.14183841153493765
0,0.2738376497416009
0,0.18863281187118972
0,0.18994886603562391
1,0.2036039108028553
0,0.18024946668910835
1,0.210170218360143
0,0.20188098819810543
1,0.1765074831700764
0,0.21024800288678255
0,0.26028315054243273
0,0.20469803382006907
0,0.169681466753542
0,0.17547865578509125
1,0.34668359955808614
0,0.20940088548224306
0,0.20580751236297107
0,0.2008483331665577
1,0.25049578803399664
0,0.19647964712631566
0,0.18663053572610186
0,0.17962924263450633
0,0.28705086291811066
0,0.1779369500142341
0,0.1944637281148654
0,0.15760737459128424
0,0.22647725985207393
0,0.1843819072427807
0,0.20565833427182703
0,0.1983977458501421
0,0.19548963890540358
0,0.23016758521168681
1,0.19623415867775798
0,0.187947871886523
0,0.22735911347464102
0,0.21597660553826706
0,0.19881569823393222
0,0.16304997941457036
0,0.17129846938121285
1,0.1862483350910629
0,0.2574632203085003
1,0.2148449353501364
0,0.14558677928559366
1,0.22830410724932418
0,0.20367814444454724
0,0.17322819707857304
0,0.1629939260702055
1,0.19030129820913008
0,0.1538921796508142
0,0.1850134687422482
1,0.20250072701823507
0,0.2105593080613853
0,0.2301757457777086
1,0.16102607956421944
1,0.20149997833246486
0,0.19317078831474813
1,0.19263516819662055
0,0.1932221682758425
0,0.19404178304883493
1,0.21506750443450687
0,0.1741283897109873
0,0.18887444667489153
0,0.20703020069534064
0,0.194309044973477
0,0.18159286783969777
0,0.14652748854420317
0,0.19495711719678788
0,0.19997363127258475
1,0.2058982809721872
0,0.13653050447299347
0,0.1987576282418632
0,0.17181223987363378
0,0.212700814742092
0,0.17843796052537567
0,0.20148316129667665
0,0.16793140190550607
1,0.20112114856997065
1,0.2646660501210458
1,0.197431752533138
0,0.20875457957055119
1,0.2300659085607409
1,0.16367664326492196
0,0.17730100109423116
0,0.20827213726924346
0,0.15554827847487226
0,0.18204412577445553
0,0.21974467787886162
1,0.20118110022429578
0,0.17687813501331087
1,0.14765702052762716
0,0.2209304008637094
0,0.2239632608129394
1,0.19720475088389286
1,0.229028073551198
0,0.14832205640994256
0,0.1914032093850772
0,0.2227377218803285
0,0.17926055468092977
0,0.3038611940671515
0,0.18475024036666218
1,0.1597600583453116
0,0.15498862526529197
0,0.150684982672526
0,0.17699926659932602
1,0.194697044848137
0,0.23400654849107722
0,0.18127229720657217
1,0.20481450850469166
0,0.19404510852923595
0,0.2554566736641842
0,0.20228710461937002
0,0.20457625587679504
0,0.20076802600755855
1,0.16988481145534728
0,0.2177260548847021
0,0.22294349796660984
0,0.21458709074520596
1,0.1489960604713363
0,0.17420945458317136
0,0.16698905455611363
0,0.23246139617778838
0,0.16368340465253253
0,0.20501396630418497
0,0.1955757945214811
0,0.19800506744808177
0,0.17116396239863174
0,0.16531140249049617
1,0.2204062792442407
1,0.18654008432337005
1,0.15582526834630608
0,0.21522666061093315
0,0.1829066089189753
0,0.2945787345606394
0,0.19422416848189317
0,0.21650662226060083
0,0.18605201042021965
0,0.19875963573319003
1,0.2511041333723258
0,0.22712811833508928
0,0.17239969063931238
0,0.18811082675416874
0,0.228408448027087
0,0.15433866661930487
0,0.21656595789565053
0,0.19193806513714975
1,0.20829254979440706
1,0.2633305378361767
0,0.19775140478121223
1,0.20656122112333622
0,0.2369440476895564
0,0.19136876758324933
0,0.1744495047188613
0,0.1612447512845984
0,0.21535702209351112
0,0.17412444888562306
0,0.17939898370378435
0,0.17993145292652105
0,0.21283838262891297
0,0.19155064145662887
0,0.2016385329763486
0,0.19650982701550662
0,0.22235616916262144
1,0.2079418500929492
0,0.2216002366469349
0,0.18590344272796025
0,0.19653665307214666
0,0.19895412058807524
0,0.16541323436819141
0,0.1891841445238527
0,0.22279057871546692
1,0.223873929060132
0,0.17164805238067002
0,0.2053654157878324
0,0.20296740605703906
0,0.14869152459009685
0,0.19809112792764705
0,0.24504398013352138
1,0.2021097275499544
1,0.24546657689861928
0,0.19315931954314053
0,0.17016828710441173
0,0.15908339654924014
0,0.1684992923441426
1,0.2255813734203041
1,0.18595423783095205
1,0.18683778167736886
0,0.17695433289711687
0,0.17208095363561018
1,0.1619713946789698
0,0.20002126870047116
0,0.20504684167912474
0,0.2603971906419284
0,0.18534483565726537
0,0.21544681344760452
0,0.2010423244256569
0,0.18514755032653063
0,0.22202382033597573
0,0.24593303654818144
0,0.18373027553248378
0,0.1928775465917342
0,0.18788025882912499
1,0.21103107818349148
0,0.210070148556519
0,0.18173004003919913
0,0.18564641464126483
1,0.21626038403772238
0,0.1700705194926383
1,0.23005408084464232
1,0.22076363750784583
1,0.25490254158577225
0,0.156382217448762
0,0.20683616002725677
0,0.1901298780696162
0,0.23024821792633685
0,0.19634052619758208
0,0.16615608988311503
1,0.2064797200425431
0,0.20361598871060174
0,0.19357638012686088
0,0.17046124330730203
0,0.19689409558094773
0,0.4068987138966813
1,0.19992385658653974
0,0.17726625771865676
1,0.17941199535290017
0,0.17251850410552622
0,0.17938667535947175
0,0.20517982947433808
0,0.20513111319006086
0,0.23429930437281524
0,0.18068373806788246
1,0.20136360143415793
0,0.24919363037339137
0,0.1627010900645466
0,0.18754894930609944
0,0.20870518757950218
1,0.23573573597564218
0,0.16307898270823873
0,0.2743571800528977
0,0.20555179294955508
1,0.19254767036621162
0,0.18962166493604315
1,0.20119127196673942
0,0.21026373403595902
0,0.2190050477563454
0,0.1879523049355347
0,0.1428138888449417
0,0.20399787302264882
0,0.19817123097887354
1,0.24387294902036483
0,0.18452056144856804
1,0.22308604029924922
0,0.19712976878837996
0,0.16017336270971208
0,0.1754687839365002
0,0.20222914996575886
0,0.19025115796853034
1,0.23685701498434963
1,0.17387178331498082
0,0.19026118500623032
0,0.18920382787125742
1,0.18674365292516673
0,0.19082093500386138
0,0.15635422218671197
0,0.2492400530596413
0,0.1887367394962099
0,0.25330331831562497
0,0.16650606627010792
0,0.18869451196212378
0,0.21797518490410595
0,0.1895901378352839
1,0.20213078428415673
1,0.18438852927918384
1,0.212486367069341
0,0.15821218036230272
0,0.18437122743028472
0,0.2011339740819139
0,0.1869977427492993
0,0.4242307730013162
0,0.1833879427074931
0,0.19749645486496897
0,0.19622494228950563
0,0.17910707570608683
0,0.22741618341540512
0,0.2676120772269812
0,0.19111414473796384
1,0.20288592015518073
1,0.20106812719798542
0,0.17763164292743866
1,0.19654454916291417
0,0.20624439729965616
1,0.18632212501146098
1,0.22611574225189326
0,0.20609468939324802
0,0.2555696764904819
0,0.17712389972512174
0,0.19283445936191904
1,0.2128409078268203
0,0.20719487653912547
0,0.20943776431352443
0,0.18186765548786304
0,0.21130855097361467
0,0.1995163577956891
0,0.24772351684788163
0,0.20938759576963847
0,0.18067059394592944
0,0.22246047309199943
0,0.1828271795939936
0,0.19949027534785094
0,0.1722557506950764
0,0.1495575789633854
1,0.21339433936918187
0,0.2353551729988682
0,0.19840363100570563
0,0.19040793895055289
0,0.2403294148349428
0,0.14256719174600943
0,0.2043000345983376
0,0.22040086604100426
0,0.1828379334335007
1,0.20060356347193248
0,0.20575249660999081
1,0.21016093236652544
0,0.18434875820386848
1,0.17155394403637067
0,0.21673316335833515
0,0.24724104255513552
0,0.16665183184925755
1,0.2309580490827756
0,0.23627163169625348
0,0.1851930943281339
0,0.1887302529822745
0,0.28112355689353064
0,0.18872675084847904
0,0.19071050257616648
1,0.16314001025528724
1,0.20531958412568957
0,0.18009402371553507
1,0.2102623824365262
0,0.1950666581263828
0,0.2475803822715522
0,0.19067745448611528
1,0.17640093045726055
0,0.21874932500101024
0,0.21731347458577438
0,0.26806399174683465
0,0.22616255908277172
0,0.1529822392528787
0,0.21224693631571284
0,0.18439920770483628
1,0.23046610265826206
0,0.22729642813552836
0,0.18953591725253932
0,0.20785577874949182
0,0.14473981209875364
1,0.19505970643182008
1,0.2119846510273876
0,0.21357185726801445
1,0.2084230883862032
0,0.19073246635459215
1,0.19288122747338246
0,0.170387331621793
0,0.16352716297501274
0,0.22592392644046297
1,0.18414947722739675
1,0.252604647293838
0,0.18165576184857773
0,0.18765224896517993
1,0.21103775990705828
0,0.17603934296207865
0,0.1854967762956869
0,0.23804143611553702
0,0.2032947700307472
1,0.22653218282408027
0,0.20568356365462004
0,0.17534617745236694
0,0.18239947268963996
1,0.17699599284354628
0,0.17439816638716518
0,0.2000257548142067
0,0.17776839250129894
0,0.23009989504615247
0,0.18155977231797465
0,0.178754372492481
0,0.1795355538765954
0,0.20602054675917728
0,0.22103793291874724
0,0.21684855892281357
0,0.20963009972832478
0,0.2048224340375803
0,0.15279191191308578
0,0.1989018392318343
1,0.19415104033890013
0,0.26388524684636183
1,0.15286437429943264
0,0.18223933131609613
0,0.14694375601236187
1,0.19105587003804275
0,0.21862758865799115
1,0.21665128935216768
0,0.1989249079699576
0,0.1607367755345665
0,0.1920366064312656
0,0.14616480104912083
1,0.2360521089382997
0,0.17992086897390805
0,0.2007115220507091
0,0.1945991631197748
0,0.18820486404566555
0,0.1536225470110033
0,0.17990919208818024
0,0.20960483296934862
0,0.2000140376974267
0,0.17310079916844065
0,0.20944847885968285
0,0.2040103008047399
1,0.17991991393057521
0,0.16054610473723682
0,0.18044074308494526
0,0.21280197443687215
0,0.20909034395588783
0,0.22402139153725695
0,0.20416707072826484
0,0.2177887000975603
0,0.18251505037680868
0,0.20847463455591783
0,0.1892694271941361
1,0.1610167314239495
0,0.17177703901558067
0,0.21308853645326145
0,0.17657535591671733
0,0.168145550025308
0,0.19641281773247407
1,0.19403314990068404
0,0.1844913302433276
1,0.2002117374498746
0,0.2448711770075807
0,0.216474734354605
1,0.20911386028284334
0,0.21992612425646219
0,0.19563525522343309
0,0.21064216933299945
0,0.179357722063702
0,0.18259230202354448
0,0.2205340032407288
0,0.17791675231077445
0,0.19391072830900044
1,0.21372057146247866
0,0.20491608443766798
0,0.15513790560245969
1,0.21633351669905446
1,0.184511454537632
0,0.22465951822646313
0,0.16542952563001143
0,0.18067985602446793
0,0.2071514783049854
0,0.21075513497951992
0,0.16503522251207764
0,0.21107191877525422
0,0.2651525322937431
0,0.18677454655812195
0,0.14634000322315746
0,0.1942311226675437
1,0.23347590215923664
1,0.2714492097513921
0,0.21315998933563737
0,0.23578655277270505
0,0.15063572687968751
0,0.21018909752449985
1,0.21984116376178686
1,0.16959600086861953
0,0.2063018972337644
0,0.23438478559072629
0,0.1554915115354911
0,0.20558429507786857
0,0.21252068029245708
0,0.18243151043668548
0,0.17543379511682855
0,0.18651818062724645
0,0.17716372178436748
0,0.18727751811410603
0,0.22758373464007514
0,0.1763394385682722
0,0.21917508899790872
0,0.18013822832318857
1,0.1874886595979641
0,0.21125942697880956
0,0.1650915435797631
0,0.1577576293049937
0,0.21652439725898107
0,0.20543861170769845
1,0.2177101853245944
0,0.19291604040704516
0,0.21944620607339685
0,0.17487204822669405
0,0.15357248855725456
0,0.20793971175146192
0,0.19392876395481654
0,0.1818934922323601
0,0.17067189410549122
0,0.22709896565038518
0,0.21253514571627777
1,0.19111138541738962
0,0.15666443115715536
0,0.18544547027822705
0,0.24426872856068182
0,0.2007714613340449
1,0.18203146874555087
0,0.17493519073075578
0,0.20305308213701823
1,0.22269275606033537
0,0.17401757684243568
0,0.210700578925848
0,0.17923873162166956
1,0.20463137525187428
0,0.16465284401527835
0,0.17047243062394685
1,0.22125015858093822
0,0.17916996614842748
0,0.19762490885419784
1,0.22109534931622493
0,0.208810845819651
0,0.1982712975421809
0,0.22527116644601888
0,0.18681323914224512
0,0.19362656806208395
0,0.16673961321770275
0,0.21655619609014223
0,0.1936854545952048
0,0.20699739462665265
1,0.2049596710898548
0,0.18864719122908757
0,0.1994966924855502
0,0.1909174563952154
0,0.18613869971510133
0,0.1657935033511553
0,0.19999411733987
0,0.1827544016248419
1,0.21917110662315423
1,0.1969933923284793
0,0.15569297696143494
0,0.2034015033766915
0,0.19547022624992816
1,0.1873840524352147
0,0.22469771643295436
1,0.2104292311929134
1,0.1910564042442179
1,0.19206754531539807
0,0.17728032918902137
0,0.1695285818213171
0,0.21688633705410632
0,0.19640937228070734
0,0.1568993684934038
0,0.22979002523889197
1,0.19153128729112415
0,0.19992687644295223
0,0.16987394079221063
0,0.17902030799323218
0,0.16380432891939406
0,0.18303531583724725
0,0.14607839582613374
0,0.17972387887431812
0,0.19252742501263345
0,0.1771992552678952
0,0.15237127340139947
0,0.19413131985036863
0,0.19008080536839117
0,0.21999833145383052
0,0.1998853259086614
0,0.2383541603617538
0,0.21706920639251231
0,0.2197513692581593
0,0.18699124926997185
1,0.22526547473774622
0,0.19377103689415906
0,0.21480214114990798
0,0.26089526789936046
0,0.22004912113889763
0,0.19848114995526658
0,0.2266400255267114
0,0.2022676409101469
0,0.20518732073880416
0,0.14816153268893306
0,0.1948271874460158
0,0.20027770859986635
0,0.19919055609127262
0,0.22141114001910459
0,0.15285755014884514
0,0.17547187736375272
0,0.20550391175705818
0,0.21630648307027772
0,0.19218338947205793
0,0.1759080689992939
0,0.19772668236197624
0,0.1901879547688325
0,0.17913120346518063
0,0.22000813820956536
1,0.22954998304868446
0,0.21389183105976947
0,0.21584293597120882
0,0.1833187327635195
0,0.21525458319522411
0,0.1921569350153377
0,0.18830385141861325
0,0.2029300866051059
0,0.2070330802770072
0,0.21394361777939422
1,0.18373663539491059
0,0.1525939268002409
0,0.19794642085811662
0,0.21638000735847868
1,0.18204002299377062
0,0.15842525826918957
1,0.21377337724553658
1,0.26452114101462904
0,0.20520781773231478
1,0.16695807313335304
0,0.19366447067473921
0,0.1800706470151545
1,0.20751658243696008
0,0.20053942107970602
1,0.1963226038036043
1,0.1589285284167847
1,0.16146507348438136
0,0.15077956151883148
1,0.23029411986889803
0,0.18926258292215706
0,0.26097916237758334
0,0.1684030548698152
0,0.17367934219058032
0,0.1973422856135986
0,0.17575434186417438
0,0.2019824509660883
0,0.20173532487102644
0,0.2097431413204822
0,0.16674617960784718
0,0.22684295021969533
0,0.26374049607928707
0,0.20919527626044115
0,0.1705848593302951
0,0.23462578118690725
0,0.16171738301551689
1,0.18415630591773657
0,0.1878901001477131
0,0.20906069128323398
0,0.18328778844271792
0,0.1983671422502884
1,0.20349503635465382
0,0.1874886595979641
0,0.21149584976686053
0,0.17062369782092043
0,0.16389195606787094
0,0.20068790411840184
0,0.20838503575470166
0,0.19676760616774236
0,0.176056257662912
0,0.20124553346928156
1,0.20314867705378753
0,0.22615052527124208
0,0.17580472847997344
1,0.21364490748008838
0,0.1973526269868774
0,0.1707655902696127
0,0.18967871321646554
0,0.19141128371037533
0,0.17181961169097956
0,0.22806194952641098
0,0.16447982002213554
0,0.17463329677047493
1,0.15333555630937024
0,0.20914471589188258
0,0.21603086452317127
0,0.25879013089865777
1,0.17827902474974963
0,0.15805289684609578
0,0.18003945346176728
0,0.14346100817542162
0,0.18266377970615785
0,0.19549674283061447
0,0.1977740811486236
0,0.24560855105493568
0,0.1835174757153641
0,0.2056188234311347
0,0.1943817705624655
0,0.16983582583063742
0,0.20251393300470175
1,0.17497289693906182
0,0.17548961130681517
0,0.1894041881491885
1,0.19879308201491092
0,0.14119904206781672
0,0.1989218624030177
0,0.21762385979304774
1,0.21118084981007834
0,0.21246972575151363
0,0.23570981556065945
0,0.2186556852214677
0,0.17796275257634664
1,0.15448282122021678
0,0.16962377926791117
0,0.18323675232414854
0,0.15512056210082797
1,0.20908259585607003
0,0.1751167363881399
1,0.21566105374624894
0,0.1672934996910101
1,0.19274879913894713
0,0.19693589919199564
0,0.22539326382543523
0,0.18049824448619572
0,0.16641292658829812
0,0.21860538105892685
0,0.17686669754615456
0,0.19657026004471978
0,0.19718820857428251
0,0.21049419940074168
0,0.19074685300398786
0,0.20484028164334664
0,0.16639878443318387
1,0.16544537750461474
0,0.21092482029464701
0,0.2111523157307365
0,0.15654302948110854
0,0.2081186541639867
0,0.1305485302030678
0,0.1846585699257859
0,0.1743452550724316
0,0.19783373732409082
1,0.23814003677233564
1,0.22504516277205916
0,0.18185677360209512
0,0.13508632413343838
0,0.3133393190283054
1,0.17531921765161504
0,0.18817281960696405
0,0.2542706940832397
0,0.22900873862254428
0,0.19866921976295432
0,0.18281465696746163
0,0.20114876004034427
0,0.19694281233759559
1,0.17264325740489542
0,0.16130106596178387
0,0.19222267365819942
0,0.1909888103825048
0,0.15318630387856275
1,0.1702657338357263
0,0.2349706404430596
0,0.19806972207967252
0,0.16277929588555876
0,0.198629853215936
1,0.18379691405467746
0,0.17351516538386744
0,0.24298442718812138
0,0.23079034578707486
1,0.22411806627601444
0,0.18494217470503285
0,0.1613820554073883
0,0.21142842076087723
0,0.20908467529781052
0,0.19242671706314568
0,0.18127935066438927
1,0.18322831126824415
0,0.2136698847435091
0,0.16853218887953395
0,0.20121783826436257
0,0.19131163795947934
0,0.183320582904436
1,0.21110998916296161
1,0.1799432722481701
1,0.21262231633435774
0,0.19050850560371813
1,0.18177081819466506
0,0.17102394874839738
0,0.19368933151750636
0,0.20128450758534758
1,0.20662024471091345
0,0.20230026554945388
0,0.1526894740316698
0,0.20623669949834783
0,0.1721225315577832
0,0.20252830810474734
1,0.1673327918788915
0,0.2029301626647443
0,0.1933359397963948
0,0.18783612888102
0,0.18217283005222246
1,0.2682672081885617
0,0.2353865290794642
0,0.19560512823164544
0,0.1686881155635295
0,0.1727941976363952
1,0.18763161168775963
1,0.23087070351867262
0,0.213303816812748
0,0.17051900265171405
0,0.21804655134342052
0,0.17600115285688855
0,0.2310527109248035
0,0.20253599675360714
1,0.22915426786287363
0,0.2206627563717294
0,0.2080302607572175
0,0.1606445353165037
1,0.1999555690960327
0,0.197184924591975
0,0.24206342876081932
0,0.20446193862177622
1,0.18710846325890476
1,0.17985621644155134
0,0.18685707014837727
0,0.19291126565819
0,0.1864430219004674
0,0.15767845212290618
1,0.19684315918356127
0,0.16051717437946106
0,0.18355548375074415
0,0.22254586306163882
0,0.24123477514923347
0,0.21310933259411485
0,0.17377892268752457
0,0.22211671125055774
1,0.19050474631667963
0,0.1911634845510954
0,0.21246284070756538
0,0.18664131603961123
0,0.20714150364737938
0,0.21516748912234243
0,0.18254422170888882
0,0.189870338277325
1,0.1980529190963954
0,0.18104232811097679
1,0.20468416264581388
1,0.21642768002987495
0,0.1950220892867175
0,0.19928992957834454
0,0.19555171468360175
0,0.21794249619237946
0,0.21413572315684742
1,0.22075221070507248
0,0.2072101561112063
0,0.15920128727796648
0,0.19307450997568046
0,0.18732730269143466
1,0.20153574027589338
0,0.15523596830765513
0,0.24025681652181416
0,0.16877747759935233
0,0.1759297140880843
0,0.21846015579982972
0,0.2023219986478051
0,0.22382918809608884
1,0.22985020228034322
0,0.204300821672175
0,0.21479626886851522
0,0.2650839411484041
0,0.20558214971296826
0,0.20239016583630126
0,0.1858449894278589
0,0.19798931905607547
0,0.17433254676296192
0,0.22927070246938155
0,0.21356443456073262
0,0.20607096177286624
0,0.18198152866561923
0,0.2113511715189809
0,0.18585013944907552
0,0.15401989667635788
0,0.21624423127432457
0,0.19850257690799045
0,0.2062284025062103
0,0.17826940410123152
0,0.18701821138602537
1,0.20571165565892077
1,0.1903212551164191
0,0.25060079110506994
0,0.17780129325224647
0,0.18163062966810706
0,0.15735351033187478
0,0.2407276996385917
0,0.1948463721551344
0,0.22265879013949658
0,0.19018260565357004
1,0.19009332335685275
0,0.24072816103687505
0,0.21007181150695087
0,0.19016413610923885
0,0.2206921766746297
0,0.14299897698967287
1,0.22209283094594565
1,0.1776432945697752
0,0.1997384413589391
0,0.1750393856040599
0,0.13104227426642517
0,0.2068524051885676
0,0.18070127406588415
0,0.24974000627234944
1,0.22606042066601528
0,0.19212663269174857
0,0.20179820326452375
0,0.18313768612770354
0,0.16024635096015957
0,0.223252831544505
0,0.1884304856812542
0,0.18556921592019976
0,0.1996737387759278
0,0.21490873620492534
0,0.18502652859400673
0,0.16580514662450482
1,0.17506395684925521
0,0.2148694387652515
1,0.2047924594055514
0,0.177905027510612
0,0.20258070592874478
0,0.16111047534082493
0,0.1788816880185547
0,0.1732659244764704
0,0.19380561042868658
0,0.17564279106265254
0,0.16507184038453693
0,0.21529284253548314
0,0.18064235473168058
1,0.21794957717109245
0,0.17940051273127436
0,0.22238282268687776
1,0.21512070844200104
1,0.23995554303018854
1,0.2269332099422888
0,0.2160017061579237
0,0.20243573677834595
1,0.1950611028181503
0,0.17437345051244119
1,0.25484230893212984
0,0.19870923767970025
0,0.21374979083626178
0,0.21529219358097113
0,0.24030626859546816
0,0.20582388540710778
0,0.17954755548225332
1,0.20754696744963372
1,0.18432024301589275
0,0.20345167412228796
0,0.21104431010295674
0,0.16426925016833
0,0.2181423632023838
1,0.21879418137092746
0,0.17869076051663363
1,0.2027892475078989
0,0.24838065828102324
0,0.18102646066922204
0,0.20228462049174284
0,0.1881876208772096
0,0.2006541149258126
0,0.1751022038510688
0,0.2009028187043321
0,0.20084691749875708
0,0.20229896955579668
1,0.18947151458604303
0,0.1604364160026609
1,0.19632591002259683
0,0.16094898508567032
0,0.22634750943067516
0,0.1983351205494223
0,0.19306680121032715
0,0.17149526779546995
1,0.25097536614129834
0,0.22305309802740145
0,0.1661529784943342
1,0.19240553839094687
0,0.21408896544303038
0,0.21286567017925115
0,0.1975336134908584
0,0.23087809718473126
0,0.19006702973132997
0,0.18319275354520895
0,0.18719847724194288
0,0.2067536897689915
0,0.18760057328578136
0,0.166647608475005
1,0.2334235029792085
0,0.223220136886125
1,0.21046194394649506
0,0.21942900418260589
1,0.19091579985462281
1,0.19980359973002423
0,0.20045631449513146
0,0.19976709541026796
0,0.17624487695519642
1,0.1806990955982133
0,0.16753673246337394
0,0.19471415770789563
1,0.21533669586052634
0,0.13761880247828331
0,0.22578307949530244
0,0.23055420337638582
0,0.15774244643639584
0,0.2016048590024949
1,0.20591217280793475
0,0.2216329450753818
0,0.19100758499268786
1,0.21517816631172063
1,0.22054702639821666
1,0.21093667380494072
1,0.2630970277532532
0,0.19711936727920035
0,0.18088331749727238
0,0.1780847970873059
0,0.18286048465864707
0,0.22238777347745728
0,0.19147984027465675
0,0.19832566683959468
0,0.2091344627202587
0,0.1881304173047771
1,0.21055455786900204
1,0.20703831360305394
0,0.16102383697146613
0,0.20049011233505576
0,0.1567462508739989
0,0.2651626020655067
0,0.20884539806735353
0,0.19344195232734807
0,0.2368544145634938
0,0.1596054284290522
0,0.21244548336523483
0,0.2364186432759997
0,0.16435457437016066
0,0.1939766055185627
0,0.15850098905977736
1,0.1509574980847048
0,0.16213316825446802
0,0.21543055241073264
0,0.16247527072309836
0,0.20256238147752637
0,0.1916681956388571
0,0.18221311957399355
0,0.20743717319656843
1,0.23222585255984246
0,0.19752844304882486
0,0.15215411041573557
0,0.17145410231254088
0,0.23106277286648583
0,0.23762393207890095
1,0.21352184991699005
0,0.19052685282940018
1,0.2381732858192611
1,0.20050349072130705
0,0.15891483361723777
1,0.20150139566481193
0,0.22471061455632324
1,0.16305751786853967
0,0.14779939946164547
0,0.1667130280263372
1,0.2092060901709609
0,0.13486372080901113
0,0.2002476466347129
0,0.15687642759218573
0,0.16810818388581383
0,0.17018291884542588
0,0.20168091935342763
0,0.18457327074586607
0,0.18568031627002313
1,0.21909276879452436
0,0.17264308970676673
1,0.22104803037203305
0,0.1904042703226274
1,0.1794111799967811
1,0.17734529995690138
1,0.22304849867874968
0,0.17173329348797783
1,0.29510037430734753
0,0.18250427470590483
0,0.24033780472818786
0,0.19241053755744708
0,0.17255441793420304
0,0.2445234952152032
0,0.17818767744272504
0,0.1831135485733874
0,0.19418157584375306
0,0.21213935279843407
0,0.22190836678436474
0,0.189892753795251
1,0.18178526595403569
0,0.17057032141879844
0,0.1738542358016761
0,0.20094962218132112
1,0.1954975441506676
0,0.15227584713654127
0,0.17300371546163584
0,0.16456821118311948
0,0.15145894659132184
0,0.15844438971735844
0,0.20438923642366208
0,0.20007442534161154
0,0.1893512632083068
0,0.21649562670649128
0,0.19747294615335145
0,0.20690438119773297
1,0.14772156761171243
0,0.16750132791787378
1,0.23655735879562545
0,0.2060910638492081
0,0.21846546719493676
1,0.21343842883804431
0,0.20654928671174463
0,0.20741764977583332
1,0.1646455035495957
0,0.1658879990858651
1,0.16870879604037511
0,0.19154266893846472
0,0.19055350270058757
0,0.20733507485491784
0,0.19571368325813593
0,0.2027789718120375
0,0.15438071804131914
0,0.23737317214077697
0,0.17949630723108623
0,0.23725713203114135
0,0.20865630582654732
1,0.16786701274125657
0,0.19460721904742673
0,0.28853699188076015
1,0.16319199452199648
0,0.26091439550836276
0,0.21100190967228225
0,0.17115379397835345
0,0.22279853850982123
0,0.1998309607880246
0,0.1736454150062658
0,0.2403976104858191
0,0.18868223771167472
0,0.21068389191819803
0,0.1914142346399396
0,0.19421947434892287
0,0.15613742967978708
0,0.21501109090635312
0,0.14862207685398696
0,0.16496641172099152
1,0.1901078035177794
0,0.20401888083183942
1,0.2170380631576226
1,0.20330843021477163
0,0.16177037332903882
0,0.1974403098082741
0,0.2157278044949245
0,0.16862911807258021
0,0.2102239122529336
0,0.24829629388366842
0,0.1940602488680032
0,0.1952553871099221
0,0.223591552885062
1,0.20510279084440236
0,0.2058249432956199
0,0.1652920994091654
1,0.19927936892543263
0,0.1627469679908495
1,0.19833712484363455
0,0.19727392684138986
1,0.2121004947865769
0,0.23296122404824432
1,0.20614209976279033
0,0.1932969538163197
0,0.19812989263793543
0,0.221449795244206
1,0.22983756703201716
0,0.22148566688973081
0,0.15880571409616978
0,0.19752057654434163
0,0.2020209759035214
0,0.14404571655569146
0,0.15731095457450572
0,0.1845651285821178
0,0.18541900555904595
0,0.20586684871119246
0,0.20368006869921212
0,0.18124253745701455
0,0.20283386632044145
0,0.17224985658028547
0,0.23487661585694727
0,0.22640188562528202
0,0.19908972156414298
1,0.18701851386156024
0,0.18088913427698386
0,0.2170502148429809
0,0.19513908692895068
1,0.23043542307861556
0,0.15973548872778717
0,0.21315235828907614
0,0.22526993214208554
0,0.15569798373798566
0,0.18687521081488032
0,0.21419607787069228
0,0.19095569452811
0,0.20395025145445692
0,0.18225748905393993
0,0.21452776886580582
0,0.21224899207811349
0,0.22949117115178624
0,0.2086015029015934
1,0.19507273319567658
0,0.16046709297797704
0,0.1866063900616059
0,0.18820631505751534
1,0.2238753856604487
1,0.2058797149477967
0,0.2068652546800793
0,0.19745564745266356
0,0.18547154185723042
0,0.17027709548999964
0,0.17393364869277694
0,0.13600448188425704
0,0.14801751053856674
0,0.2099603124005947
0,0.19822582580821743
0,0.13332597979678326
0,0.17999481658853048
0,0.19384763927373996
0,0.19055350270058757
0,0.20860262411378055
0,0.18110633739102236
0,0.2156035466093203
0,0.1604889684305707
0,0.18783914918604575
0,0.1960053108031085
0,0.17013872886645753
0,0.1570905454765289
0,0.2012864912184379
0,0.19307877695818532
0,0.18600710540740842
1,0.21987128197787945
0,0.20323864110935239
0,0.18424481473011858
0,0.20653682008122434
1,0.16763145822504757
0,0.20717711669866637
0,0.16510566731918955
0,0.18344846739331414
0,0.21335879454193035
0,0.1991648529274118
0,0.22950335089478457
0,0.184729438927793
0,0.17915315417454106
0,0.16295292125087468
0,0.24470595364001482
0,0.14783568438883857
0,0.17278923793409345
1,0.21975539570971125
0,0.18283950840627525
0,0.21340363088353975
0,0.1885151621131874
1,0.20531133261256768
0,0.19795035791065443
1,0.19831845531770387
0,0.3989250909523931
0,0.21378228760567256
0,0.14903893183625655
1,0.21099692861255048
0,0.23049465859034995
1,0.19706840706690323
0,0.17382473708425977
1,0.18532788742860223
0,0.1534331542206831
0,0.18289725895572628
0,0.22416108325889966
1,0.19241760941603386
0,0.20245371423110753
0,0.2113911284446691
0,0.1766153379835037
0,0.19553542516923436
0,0.19040660792769304
0,0.1855024484439555
0,0.17600051126926564
0,0.22769322004237888
0,0.1870764573040817
0,0.15504249012121168
1,0.18369102388100414
0,0.1932790036720167
0,0.19506367162814284
0,0.20017167515374887
0,0.2153191546586051
0,0.23944813282666944
0,0.2019224442662888
0,0.18629841160669333
0,0.21701147342877092
0,0.21958783866925216
1,0.2318805631029611
0,0.23269768536870802
0,0.21323267696848597
0,0.1891366642156063
0,0.21300856822420536
0,0.192652020393077
0,0.1413777588730043
1,0.1920582662087516
0,0.18813664436023758
0,0.1948621931995665
1,0.22732270662859744
1,0.19498282012341808
0,0.2204600077024647
0,0.20776960635328418
0,0.17877558431082588
0,0.19375018975627634
1,0.20637691204635922
0,0.15239080974774757
0,0.21679486097421785
0,0.20459209546834406
0,0.1649073263089334
0,0.17135162878741705
0,0.18634350281133402
0,0.2145524025118136
0,0.15406008498814927
0,0.1990107691508022
0,0.18721823867885062
0,0.17192871353126135
0,0.20043612182728318
1,0.223568135520919
0,0.2173124387688219
0,0.17474479329702183
0,0.1867476954860713
0,0.2139750259090094
0,0.20593765972845826
0,0.20784390730662797
0,0.1803465809601406
1,0.1844251157244463
1,0.20287766939438265
0,0.1893034000081113
1,0.21247822202663386
0,0.2879609921332378
0,0.17535089772171086
0,0.2138975161187403
1,0.1872091066323557
0,0.1568654321337125
0,0.19920943669460875
0,0.20679305386438185
0,0.22478035619889947
0,0.16631999071360007
1,0.25370429280781154
1,0.15613071217047772
0,0.24514954421461432
0,0.18509229195998822
1,0.23732406499076233
0,0.2841296010245394
0,0.19285465658899445
0,0.19516508753505651
0,0.20784621374822557
0,0.2070584047463533
0,0.18259030802041343
0,0.19768445188066155
0,0.2147068623439443
0,0.18955117921783143
0,0.24428465964661933
1,0.2186704290358102
0,0.20197795271306393
0,0.2125569942890343
0,0.1726938053805425
0,0.22118543134099017
1,0.18616406370565886
0,0.23465607130804295
1,0.21263494993718507
0,0.2103505053666341
0,0.1762508494566955
0,0.18183252454891347
0,0.23845824649789096
0,0.14477811023623985
1,0.19047288910043167
0,0.16774368463813688
0,0.1968141858003938
0,0.2051116965394736
0,0.1768459419218459
0,0.21791116656130705
0,0.1957655894849488
0,0.21787730415847664
0,0.1576852414995466
0,0.14839754483165854
0,0.1907911449874152
1,0.20423016934456487
0,0.22126952428113905
0,0.20123809263336728
0,0.19683062276772822
1,0.21900656420764328
0,0.19519421279485846
0,0.23465607130804295
0,0.2099200870839118
0,0.18377405231436106
0,0.18096784440349326
0,0.21650960715354461
0,0.24813172587621157
0,0.1793074734688011
0,0.22750279103965407
0,0.14174245210717565
1,0.19758130507891353
0,0.20296074542255602
0,0.1947446642377436
0,0.2181474068198008
1,0.1683473374730423
1,0.2419982681567173
0,0.21329094730899759
0,0.20789535818392987
0,0.18516177858207558
1,0.19236594817858327
0,0.23281158796326007
0,0.1614210773857587
1,0.20683133699782277
0,0.20842666479494254
1,0.24146970390454364
0,0.1819162653575892
0,0.16736693171649034
1,0.2016509576127225
0,0.17369449956402933
0,0.20303189741000296
0,0.22346336903209854
0,0.152903002084715
0,0.2113538058893592
0,0.2095027355860916
1,0.25071202961503525
0,0.2117837411299473
0,0.20363409640859584
0,0.26152245487631803
0,0.14322174231803667
0,0.17592093896065486
0,0.184397519412058
0,0.200447185613838
0,0.20205345643923314
0,0.20574387747412112
0,0.20041573966926032
0,0.15190028053656565
0,0.22196937802516647
0,0.2417078327519048
0,0.20133893482853166
0,0.19380774934064993
0,0.18349854617039718
0,0.2523495156274409
0,0.18159755789805582
0,0.19893719989375533
0,0.19563019681400035
1,0.2061740455638335
0,0.20065406614134587
0,0.17925618132308258
0,0.16253686045682333
0,0.2052989119542656
0,0.22606232152622646
0,0.16438178096783354
0,0.24534561409295635
0,0.19761771162785838
0,0.19554312540517282
0,0.21963260278595761
0,0.17804411801852751
0,0.19711432586108366
0,0.15340396137902396
0,0.166141819095912
0,0.13850366040441367
0,0.2137560746437259
0,0.19142158967869216
1,0.21102626652953538
0,0.19372393124802592
0,0.17079610796011557
0,0.22488613175500916
0,0.16449298589777503
0,0.1851023227550352
1,0.17468863707691704
1,0.17121328864864682
0,0.16104859769451907
0,0.21459033035192224
0,0.18923832787802575
0,0.24025665057400547
0,0.21685892632344872
0,0.18481981713138124
0,0.22017072221317024
0,0.19969922724308764
1,0.21884324258973714
0,0.21092809632435258
1,0.2006971833946549
0,0.18501071538813038
0,0.19581786258713169
1,0.2497874853235916
0,0.20610446142458594
1,0.19219032803031932
0,0.19729393935101755
0,0.18227252989782877
0,0.18508162415748491
0,0.19088322639704833
0,0.16591902836185926
0,0.14941133462909578
0,0.192023862577839
0,0.22877121699073927
0,0.18329404233094967
0,0.1913747150235533
1,0.2115084385709434
1,0.2717287808519658
0,0.24366386403264512
0,0.22432254577193061
0,0.220613957484113
0,0.16608437031709336
1,0.19474859734080321
1,0.1653026734857481
0,0.15722392492622708
0,0.18635354805755316
1,0.24324822019851564
0,0.2633642007337233
0,0.1936465151731244
1,0.2499091788777966
0,0.20364523289234288
1,0.1861833114772649
0,0.18920660882555826
0,0.20666268577782276
0,0.15595299060708076
1,0.24054461069334715
0,0.1931964036814305
0,0.16092627312327704
0,0.1989059496014313
0,0.17247696897773765
0,0.15097492538312912
1,0.21038514432676103
0,0.20841597995246472
1,0.17453022144223387
0,0.17011057701504378
0,0.13740535116590583
0,0.17487799107465243
0,0.1539059957821044
0,0.22866070073458525
0,0.17572517755603914
0,0.1865763173827068
0,0.15041247692990853
0,0.23461747739811942
1,0.18817020899201597
1,0.1926588990050427
1,0.19882545980309888
0,0.14500526181953502
0,0.19973981384554085
0,0.21501520321577727
0,0.18383105503959146
1,0.22390761676093737
0,0.17441303692749044
0,0.20108369093910186
0,0.17988801650883054
0,0.19701229307235738
1,0.24719280618203737
0,0.218563081708243
1,0.19921555925481743
0,0.17442670765955376
0,0.25545230770234456
0,0.18873322391009764
1,0.15699681129211807
0,0.19228556028674956
0,0.18036281520501574
0,0.18482910740102892
0,0.15216522877582933
0,0.23081649212895614
0,0.18596826077990575
1,0.1424365414388752
1,0.2170681889264395
0,0.1632585805667483
0,0.2606652596375464
0,0.22374314623591693
0,0.1486376754123496
0,0.1947904349350399
0,0.1965628005757677
0,0.2046393242973487
0,0.1640130626685741
0,0.22124818098353816
0,0.15880441496373834
0,0.1786057599445187
0,0.19000333792867385
0,0.19050170694643184
0,0.20557041581082972
0,0.1979201696486884
0,0.20865407641076344
0,0.17915418636782507
0,0.21130363482054598
0,0.20355795735394544
1,0.21046785114439634
0,0.1641107058143395
0,0.19943579241472062
1,0.2029573421364738
0,0.2118826253632246
0,0.17114924262033748
0,0.17644041064073537
0,0.19840601260122437
1,0.16148491904114654
1,0.15794751067102009
0,0.17682437390672887
0,0.18822980154140007
1,0.16995122982942834
0,0.1608225941008079
0,0.1771992552678952
0,0.1741926638256246
0,0.20512655068975905
0,0.23688426082681613
1,0.18727779169250106
0,0.16563619501589188
0,0.197201413397222
0,0.18990333896627956
0,0.1725932928340435
1,0.20956176863029685
0,0.19269242655321983
0,0.21516914756338035
0,0.17181805752947193
0,0.2028924666189423
0,0.15460982733139006
0,0.21903130486418904
0,0.21404483413903055
0,0.193328445336857
0,0.17681914473968158
0,0.19103041622392528
0,0.14821926335945154
0,0.1866817941209587
1,0.2033480831331655
0,0.16376433106899393
0,0.20792849318285878
0,0.2027422921327077
0,0.19328718324438135
0,0.23064722252336395
0,0.1785420973908569
0,0.21878116585542587
0,0.2352537042313008
0,0.17339628601703316
0,0.1605193290601743
0,0.224037850605313
0,0.1777392194784657
0,0.15255756662699851
0,0.17660803135511985
0,0.19135889362702008
0,0.1624554504185761
1,0.2033803548507838
0,0.19605945231698596
1,0.3323690371276035
1,0.15270450840811783
0,0.16840220607655307
1,0.21916360013211578
1,0.2791905323176251
0,0.18124306678549176
0,0.2117601461712227
0,0.1584090160517733
0,0.19368387506479018
0,0.21354207197754374
1,0.21882381342083151
0,0.1968609278631703
0,0.17930029327369537
0,0.21702748511957526
0,0.17994208741483617
0,0.15238571019542346
0,0.18560211847218921
0,0.2212258555848004
0,0.17138723399891945
0,0.1994676686482419
0,0.19850913430436032
0,0.19642941193027783
0,0.19453681292574515
0,0.21270868882573293
0,0.2137782209902259
0,0.1645206069517232
0,0.2061006078200591
0,0.16745852441074666
0,0.15904130458089022
0,0.19805388152858786
0,0.203134126591415
0,0.1870462405138977
0,0.19598675134061216
0,0.16024797107031435
0,0.21840556251082693
0,0.18177878847848977
0,0.2132905681086019
0,0.23679380383859236
0,0.17152434206854197
0,0.2210494380699628
0,0.15952336491778965
0,0.19158255044079367
0,0.1967433219282258
0,0.20841972007528806
0,0.31475426930613953
0,0.17974188171192626
0,0.15834646885405265
0,0.14394320085157714
0,0.18818072601919647
1,0.3069619780583865
0,0.22748504771795516
0,0.1667138317366582
1,0.20886053700554222
0,0.18792062955346986
1,0.24294754635441826
0,0.17461275172926877
0,0.22909740899521347
0,0.18680675816266218
0,0.2395240160075897
0,0.18716241801193217
0,0.23459065818171113
0,0.2327290391975192
0,0.19470971293566466
1,0.1967698236830261
0,0.23039652355738677
1,0.20686834339996815
0,0.1862133890858341
0,0.16686423547661572
1,0.22904430935032466
0,0.2138204833771692
0,0.22207957964594008
0,0.18602589905171726
0,0.17131158139637268
0,0.1692658198947282
0,0.18723708053720386
0,0.20611453689142858
0,0.16552022149295656
0,0.24439449082897563
0,0.1939925505388892
0,0.18690860381386712
0,0.15399415514535805
0,0.20632023728415985
0,0.2137050467380542
0,0.20300425355263194
0,0.198003568580242
0,0.1673191525560853
0,0.18284903829468027
0,0.2905962890325375
0,0.18275418159657947
0,0.23308855219628674
0,0.24131085352038933
0,0.19181884395799179
0,0.2036566536919358
0,0.18713415469917674
1,0.2024802184680784
0,0.2210896934567069
1,0.21118357996395787
0,0.20942009513565507
1,0.1925691996413704
0,0.17516311603570456
1,0.16755281345923437
0,0.1918767450243621
1,0.2079419242161777
1,0.20285696290269725
0,0.19105389832900338
0,0.1988378556624937
1,0.18378051201501738
0,0.16710381260789145
0,0.17800370433522109
1,0.2182311677090044
1,0.21310221968426
0,0.26006789963773
0,0.2641088044992253
0,0.188986847605042
0,0.20187714326190292
0,0.19359515601957272
0,0.1776264717086603
0,0.17856122551749662
0,0.24742529987998368
0,0.18121630325209273
0,0.25891477538007435
0,0.19947848822548925
0,0.178479344444506
0,0.16566967704484648
1,0.18635984616647056
0,0.1567633366508492
0,0.17828681335515706
0,0.2086157299315507
0,0.1939236326389037
0,0.17034456748344268
1,0.179823933592505
0,0.208142980293709
0,0.20450126119291112
0,0.3085386222514109
1,0.21318296947632878
0,0.16444950278060574
0,0.215809002361331
0,0.14525698943708903
0,0.23080474001529527
0,0.17736362686342286
0,0.1819288795504929
0,0.21720848837425655
1,0.18636981434611302
1,0.16213477219095018
0,0.18860645769867845
1,0.18964151605990073
0,0.16814238842661156
0,0.1809427235848198
0,0.1787109630515383
0,0.17578548249982637
0,0.2199440335016667
0,0.19607216626981855
0,0.14524169402909934
0,0.15399627262380097
0,0.18026596445815574
0,0.18091906325806656
0,0.18787250441528922
0,0.2624741172158618
0,0.18764602667433172
0,0.14936631687925214
0,0.17812963593328962
0,0.18377822450822912
0,0.138937132593343
0,0.21261963819306628
0,0.22858883314076184
0,0.2004905908601392
0,0.2175047607381589
0,0.2445103442017966
0,0.14788239414094645
0,0.21070464185510196
0,0.22652675930872276
0,0.18104575558785083
0,0.1916188606310714
0,0.18588189234958433
0,0.1536270177854243
0,0.19491203048887246
0,0.16641644494706345
0,0.18754238296909334
1,0.2247718119390685
0,0.22173786114258626
1,0.2271222712946594
1,0.18238478781360698
1,0.24261764389035115
1,0.21795113025723803
0,0.21360776014059119
0,0.1776097316192247
0,0.18975838021040312
0,0.20305498519566412
1,0.20675284505021077
0,0.22035754971432353
0,0.15003990821061228
1,0.17479876996642746
0,0.19640256313135057
1,0.1709586523839449
0,0.20400744717162964
0,0.22256591303927384
1,0.22235933656249565
0,0.18031902233346592
0,0.21747253504748104
0,0.165615169494795
0,0.19426182385974983
1,0.2620166582467854
0,0.19241771146187667
1,0.1954264756385405
0,0.19574918951963957
0,0.20269048036455345
0,0.1601097762361785
0,0.1839757270298155
0,0.2668521494735832
0,0.21832606129950272
0,0.21986852490260708
0,0.22929361506272292
0,0.20127706638261816
0,0.178161086093332
0,0.16378105620743386
0,0.2010827354675236
0,0.20462528039306818
0,0.19529551211474755
1,0.20411725214594678
0,0.24374823783557717
0,0.2754741365558491
0,0.21949670875285324
0,0.1571329820090815
0,0.22684671095703632
1,0.1937265325034126
0,0.1805073405546093
0,0.21507690063369617
0,0.22953730186457333
0,0.18938384396496533
0,0.19237506001293403
0,0.14783498055038866
0,0.1773696206289699
1,0.19236399894069486
0,0.1763497771136655
0,0.1845373913713913
0,0.16216500506575096
0,0.17816591230548406
0,0.21651572677537317
0,0.21655066918470403
0,0.1589774917477008
1,0.2326690063343712
1,0.20102213515173883
0,0.20975659676370126
0,0.17332447015041488
0,0.21385354463752096
0,0.1880138137826647
0,0.2217872190446119
0,0.22081259210711227
0,0.19522729948530873
0,0.20859398091364
0,0.19754766141299776
0,0.18536099445170437
0,0.1720966917173726
1,0.23554364128612915
0,0.17422174512891583
0,0.16429052218987558
0,0.17368403276670608
0,0.20632100979875442
0,0.19533101831573488
0,0.1914527313303899
0,0.20975360367897197
0,0.18670024506444644
0,0.18310407016352095
1,0.19449248372824116
0,0.30891212958671194
0,0.18807061460011223
0,0.169904359186974
0,0.21608145808633164
0,0.17529734673062985
1,0.21079086517593218
0,0.2603155090322125
0,0.2013323115484302
1,0.22613402722850096
0,0.20493910712224248
0,0.2050942684190063
0,0.1911806263840617
0,0.23441289646171562
0,0.1892302034391823
0,0.19673655947305965
0,0.1839073801279781
0,0.24044849285217726
0,0.17018291884542588
0,0.20632705108918037
1,0.20015185815210326
0,0.17619669068313742
0,0.19059097407867784
0,0.22087756215012366
0,0.19772003772887767
0,0.17551317810023395
0,0.18393537244250935
0,0.1740338683022826
0,0.18855520825176703
0,0.20705572449379467
0,0.18553693617927852
0,0.1454803559644576
0,0.1899707277242513
0,0.18588376616869862
0,0.2309184961358347
0,0.16021347982917272
0,0.1696405452297103
1,0.19004727252887388
0,0.23064302782155133
0,0.19565953469152605
0,0.22874550344350686
0,0.2629976873460354
0,0.21228653337229145
0,0.1795148666220337
0,0.20808545155436883
1,0.21034701805867734
1,0.21172873826417013
0,0.18102860761418813
0,0.19519419346759673
0,0.1740407038078819
0,0.19176303568552697
0,0.19267891419929833
0,0.22601970090142837
0,0.1949709878020427
0,0.21461956196666981
0,0.1884712189268437
0,0.20908467529781052
0,0.2313967136246646
1,0.23230070487699903
1,0.1783646748559854
0,0.2297108656170914
1,0.2115426597897484
0,0.19889375511234283
0,0.19211400124442563
0,0.19771126271089026
0,0.17757611197696765
0,0.19621980584982493
0,0.22138812880021694
0,0.196807887580388
1,0.1561598635027531
0,0.21413314040935552
0,0.22797973872080193
0,0.19696337322131993
0,0.20607869195342168
0,0.18525505273023268
1,0.23281535099897888
1,0.2233837499724455
0,0.16065383157347923
0,0.23472782268805067
0,0.1934868865244602
1,0.1759134607296859
0,0.24530982762127862
0,0.21795113025723803
0,0.20459927618567555
0,0.1974256788351671
0,0.17221179179715332
0,0.18066598511414544
0,0.16145134230135114
1,0.17127616803072698
0,0.20782489361905623
0,0.1923473941140049
0,0.21837746354362658
0,0.2032774912816356
0,0.17008874464491142
0,0.19482866805958188
1,0.1923297034080126
1,0.21031902120672333
0,0.14704140395687437
0,0.1977778661992263
0,0.22316635373139013
0,0.21750106217936532
0,0.20658093731846455
0,0.20994632806558067
0,0.1755075148464841
0,0.28424292597052336
0,0.2059486319180235
1,0.21144686725011466
0,0.20051511208103653
0,0.1602202909351348
0,0.18907382980702658
1,0.14921402309440607
1,0.21972388811154048
0,0.19875608851311008
1,0.2212162956339153
0,0.19642817208483537
1,0.2100055442239479
0,0.1881020752449532
0,0.1758814569257729
0,0.18788721891879775
0,0.18167014937772052
0,0.19414690946751692
0,0.20019471476091164
1,0.1702826622906292
1,0.24590573930971094
0,0.2102519843177058
0,0.18414673342625787
0,0.20317950250025354
0,0.161090617633318
1,0.19603578805597835
0,0.21066307933928702
0,0.2201742102333074
0,0.16935988926866374
1,0.18017912589127624
0,0.19879520182944618
0,0.18776816288577078
1,0.21912121306913285
0,0.14814296191451948
0,0.19432197208920116
0,0.2163837821353609
0,0.17858780521451376
0,0.2518547819865491
0,0.22997491379258106
0,0.18759948414379227
0,0.16552437234491876
0,0.19166367079795704
0,0.20491608443766798
0,0.19397450874376257
0,0.15299111023543954
0,0.17235690799084874
0,0.1934247673351334
0,0.1967251643090403
1,0.2122463600802753
0,0.21863287823536645
0,0.18550914079879174
1,0.1910626518769466
0,0.21823030683412345
0,0.24263372845588174
0,0.16822833132415135
1,0.2054018177133204
0,0.19019308913724198
0,0.18252907486678663
0,0.20521133516529205
0,0.21012621103851015
0,0.19660436450094165
0,0.1728950125889167
0,0.2020611755321647
0,0.18108335516734833
0,0.1671746274969891
1,0.15857851535921866
1,0.19944945143320303
0,0.20942636495860756
1,0.17853596684117415
1,0.17654782883518916
0,0.18551998172610795
1,0.21346292228803218
1,0.19401066843130912
1,0.22121478427738991
1,0.20053371313984114
0,0.1787687877558026
1,0.20464320818480697
0,0.19178722855083832
0,0.18294652740977538
0,0.20962627415400598
1,0.23121403633924506
0,0.1617318048508667
0,0.16649175449039944
0,0.20003924770223488
1,0.15630577442467974
0,0.19334498043657275
0,0.19971573473275278
1,0.22500107438264635
0,0.2083725142254602
0,0.26548116115120807
0,0.42759646755504577
0,0.14659673799432613
0,0.17135712156919405
1,0.2147230196722564
0,0.18381022519509937
0,0.18323149621252227
1,0.20212450659975223
0,0.18060253929701786
1,0.1932803845136688
0,0.19181715286953321
0,0.208636271100815
0,0.14942506836309188
1,0.2082766784672231
0,0.21306376998100954
0,0.1806102882419695
1,0.2157789758462315
0,0.16785232461266467
0,0.20337605877748544
0,0.16333769761088598
0,0.20605205911447594
1,0.20794096548753532
1,0.23192638977594945
0,0.20809886776150366
1,0.14885259111595556
0,0.19920273011722534
0,0.18010281801189254
0,0.14641837872514504
0,0.2178108498575962
0,0.19437107593242528
0,0.15848830198830818
1,0.19009894668530047
0,0.18352494417346363
0,0.20070799519246973
0,0.2161941662013234
0,0.19747710612766806
0,0.19093401570495064
0,0.2650435373052885
0,0.2005114630628831
0,0.22623892288402525
0,0.15117902125213958
0,0.19148713651826116
0,0.1409890702423553
0,0.21829263165324705
0,0.15998185977444965
0,0.2005520893014361
0,0.19917668608961114
0,0.18363113770338146
1,0.1966140637040781
0,0.18502775549577208
0,0.1955090706417476
0,0.21946025059980775
0,0.14028996702227503
0,0.17481209433157055
0,0.23560949878643628
1,0.21214867763778597
0,0.16755870863947783
1,0.1853975754157447
0,0.21837590592449566
0,0.2159717085995559
0,0.18743016954283767
1,0.2308718384199561
0,0.19979069831820853
0,0.16861945652914878
0,0.18278679299191353
0,0.20811173792058268
0,0.18950085721326101
1,0.23502703328614938
0,0.2435914620910961
1,0.18525377883204358
0,0.16591460445671857
0,0.17407781667636785
0,0.24293734793517166
0,0.187603736667391
0,0.15345209214057917
0,0.14395151240830117
1,0.20778369002234115
0,0.15709826435024019
1,0.17030154188268226
1,0.18111143697655185
0,0.16981358538203564
0,0.19370653623903533
1,0.20521472399965612
0,0.20854744041966258
1,0.19969348572659812
0,0.17037996800753472
0,0.15861209753375652
1,0.1969470168869556
0,0.22753074850773108
1,0.16329631638822667
1,0.21007429859653381
0,0.17856122551749662
1,0.2391630555468792
1,0.17310423923484755
0,0.13883942710940156
1,0.21677978167220557
1,0.21433240867366574
0,0.18225183979454856
0,0.22418872921877311
0,0.1943031503904292
0,0.16311664031994197
0,0.19221180704331028
0,0.17830462019670298
0,0.21348974339306406
1,0.17839098558518712
0,0.18110144413546597
0,0.15675531915607768
0,0.19889052324224032
0,0.183226821220036
0,0.17732889565278057
0,0.1684934688381504
0,0.20931542169731135
1,0.22091027883732414
1,0.1978346786138767
0,0.19992385658653974
1,0.1506398523065415
0,0.22187965934581005
0,0.18108623573842528
0,0.15881267984954456
1,0.20993356773841929
1,0.1935592027836855
0,0.1933927157781458
0,0.16808093358808016
0,0.17398370282730527
0,0.261626343955664
1,0.16659234206111861
0,0.19689185707439363
0,0.19437398145329854
1,0.21161159934488719
1,0.22895620209051065
0,0.22208857334961069
0,0.25449047074313513
0,0.2025068877138753
1,0.22198022970662354
1,0.1489822016015078
0,0.18462862312796205
0,0.2735957369210857
0,0.18005307840645565
0,0.2110072946008633
0,0.1937977368014619
0,0.17095586192088683
0,0.20116252377236252
0,0.1547239269096633
0,0.19713138058999494
0,0.3365271681468135
0,0.20432873743965235
0,0.1955674373045015
0,0.22016134655252234
0,0.18836554380398474
0,0.2151124111110991
0,0.18876344268183587
0,0.20861734095249998
0,0.2657922248251849
0,0.1632239033780572
1,0.2326664306918074
0,0.21182040125216298
0,0.2238389824316483
0,0.22778382931017183
1,0.1926850236399137
0,0.16363557992700223
0,0.17103060242148066
1,0.17473855825912965
0,0.19696171465545104
0,0.17445477798541337
0,0.16318976197384186
0,0.20417485180784045
0,0.1807936148461679
0,0.14588801028420068
0,0.18703856914380296
1,0.22575731528161735
0,0.20429432556859323
0,0.20057351868914575
0,0.17533338123733888
0,0.2029686216894939
0,0.16527594982877425
1,0.20386273341720984
0,0.20400407281301433
0,0.2037431699800587
0,0.177315668673331
0,0.21565639008768298
0,0.22438230302518458
0,0.15557128515071236
0,0.22772285139404386
0,0.1813914629766335
0,0.18914963008403265
0,0.23513259400269518
0,0.17933523990783348
0,0.17402994796700988
0,0.21458863646898518
0,0.19525363058422532
0,0.19214308573230796
0,0.23247938920795225
0,0.186441022682862
0,0.2173232888189195
0,0.13418325136262402
1,0.16274378242106866
0,0.18013889367572747
0,0.20765306915905485
1,0.2674329822048015
0,0.16153149470380893
1,0.17151365676320696
0,0.19961585735626103
0,0.18034025392283173
0,0.17185129030023827
0,0.17839534104431742
0,0.16500070530780103
0,0.1642484510537346
0,0.21279954249769914
0,0.1935077988029748
0,0.2417297657340187
1,0.13692232101388466
0,0.22773487446290305
1,0.1883392803373431
0,0.18455142996387006
0,0.14318969753933883
0,0.17408728862866518
0,0.19208284695074856
0,0.18047510333493721
0,0.15408266250849537
0,0.183970355374415
0,0.18708335817250774
0,0.21149896554005743
0,0.20365495348827684
0,0.2093484983334949
0,0.1897433004131419
0,0.17381333095550064
1,0.20198081871378873
1,0.22558396593272298
0,0.19021986027609483
0,0.18547007911971478
0,0.22571877508340665
0,0.20986902120124912
1,0.21301375957721477
0,0.19925712564588774
0,0.1896771228141972
0,0.17302576375922568
0,0.17820429269549024
0,0.17394333574689505
0,0.2050147627146527
0,0.20788009661495815
0,0.2104000541631504
0,0.1421941298273738
0,0.20352755418105437
0,0.19475998604197084
0,0.2034592877245945
0,0.20523366791125683
0,0.35437366464572795
0,0.1865367641136945
0,0.1759359706063694
0,0.14993952714165684
0,0.16061310519186345
0,0.2416897088862779
0,0.20008628252400573
0,0.2210590894688608
0,0.2670795465734119
0,0.16637538103237604
1,0.19889072163120222
0,0.20416986797923278
0,0.16761598603404232
1,0.17688059262293182
0,0.20644172309425549
0,0.16462325783831294
0,0.1979285727227799
0,0.18716565846979338
0,0.18041772075954315
1,0.18647421258601093
0,0.18296356797232652
0,0.20418052384484095
0,0.2355829247916883
1,0.19288901297162614
0,0.2675926880543912
0,0.158153139636354
0,0.14734898627729706
0,0.17305441314067008
0,0.1723679696814536
0,0.2046746908536921
0,0.1787803209061751
0,0.26216685375637894
0,0.20737360934153085
1,0.23400144548492458
0,0.1698587458653088
0,0.16513976130441416
0,0.18566030044347673
0,0.1915695651483697
0,0.20574365593925759
0,0.2540629322784993
0,0.20661655652924962
0,0.25101297002312695
0,0.2208319028127563
0,0.2149245510951005
0,0.19860371937412113
0,0.23037952593762936
0,0.19693049854399036
0,0.21690171510225498
0,0.17599683816981465
0,0.2306620306476308
0,0.19573478894265042
1,0.16211917594020592
0,0.1911440840857687
0,0.1674438065428449
1,0.2016902401932878
0,0.20111406371786902
0,0.18981117102974157
0,0.20586403805085138
0,0.20556514970840523
1,0.19060700383370746
0,0.1658328918920604
1,0.2077079703364544
0,0.18167761723698225
0,0.21646267965075444
0,0.1956070636575681
0,0.20603203175565912
0,0.1692168726469871
0,0.23049681116844217
0,0.21305963093199956
1,0.23942272146755833
0,0.17835869880065663
0,0.20230501609535956
0,0.20026416008199963
1,0.225841885714983
0,0.16010041886341478
0,0.15418126058106468
0,0.2251252794678182
0,0.2418943649837449
0,0.177970899573409
0,0.20500339060274705
0,0.2061204630041987
0,0.18983450870742907
0,0.21521967293407954
0,0.21037622110287832
0,0.23594033170623238
0,0.16473991619911885
0,0.19237131887589778
0,0.26720149589048936
1,0.16847119486247475
0,0.22817139263419195
1,0.1812995148590344
0,0.14283732042777345
0,0.19149190119800918
0,0.18804392143414966
0,0.20528063899310472
0,0.15895521604870474
1,0.18174817377753982
0,0.18287169796981992
0,0.18729859469404522
0,0.19612588761574998
0,0.20610262972341284
0,0.2398550491670348
0,0.1920097283123063
1,0.2198071502516062
0,0.21887641821524859
0,0.17343633431712863
0,0.1776430975714888
0,0.20635515220120054
0,0.2197633393948634
1,0.15819829615227335
0,0.1832368728523575
1,0.17736093440264256
0,0.2000636489950556
0,0.17188293768248697
1,0.20352241606790075
1,0.19182924749049585
1,0.22541118628020654
0,0.21192511703444042
0,0.15762606775438062
0,0.20780132223061282
0,0.2290693296848099
0,0.16705039190322699
0,0.22297379198899214
0,0.17203664526303125
0,0.29558635274753864
0,0.1840205255281825
0,0.18537562149293363
1,0.2148252194348333
0,0.2317310922879881
0,0.18630079040650835
0,0.1690125369985259
0,0.2109713554164358
0,0.18848004512009184
0,0.18048097536991692
0,0.19670788950326015
1,0.20213023908298863
1,0.1807221265521207
0,0.19908060838118047
0,0.21495270282727152
0,0.19974508673770516
0,0.17162876289857518
1,0.32414790306071445
1,0.26569203879300646
0,0.15656370668714706
1,0.19678026613318975
0,0.21741064506379096
0,0.19120790452536518
1,0.20459633567968755
0,0.19013043356143758
0,0.19425074405836323
0,0.17940290888302624
0,0.2098605302036714
0,0.18102860761418813
0,0.1628426277955142
1,0.1798359414737386
0,0.1969292386060748
0,0.167152481303361
0,0.14568446156658
0,0.21003017385443892
0,0.19120268577177454
0,0.19201606542549257
1,0.21139990592687455
1,0.19359927341968744
0,0.18402929915234215
0,0.1764769503819056
0,0.17034924224331174
0,0.1720139383216804
0,0.17079610796011557
0,0.2030434031685062
1,0.20136342163647422
0,0.1701245093715637
1,0.2687692258709324
0,0.18225227303157074
0,0.18744870157632026
0,0.15480601435175265
0,0.14507443673929638
0,0.2048932922803103
0,0.21637676751152055
1,0.1926013307403615
0,0.18016170918739158
0,0.18662288008945283
0,0.16531903450585947
0,0.1876609985262274
0,0.1932720967732536
0,0.20009633114744563
0,0.19003920939946248
0,0.18869921959216707
0,0.2023179471513602
0,0.18882571147200605
0,0.2024570837036579
1,0.1802400680442148
0,0.228824173692816
0,0.15755706646448323
1,0.17659814234042645
0,0.18182839440997473
0,0.26222005690336314
0,0.1956865652671609
0,0.22891601899999753
1,0.18695680622395786
1,0.20564892827387934
0,0.18683329678773802
0,0.1579927258324124
0,0.20646338475221623
0,0.19690591288395382
0,0.15019213430004683
0,0.22012216670844867
0,0.185141089572918
1,0.16211984272939634
0,0.20743717319656843
0,0.2077336200158525
0,0.2060656126239485
1,0.19643703617648386
1,0.20075663174300742
0,0.2054063645038813
0,0.19782100574198877
0,0.16191240285283354
1,0.23756592209339622
0,0.16616118456773252
0,0.16823343751903516
0,0.22379132179865963
0,0.2077410276443917
0,0.22923890966826904
1,0.149792440414711
0,0.24346747614757167
0,0.17688059262293182
1,0.16177409310588264
0,0.1975862544408528
0,0.2672324401619082
0,0.2014630480040336
0,0.18043292821681717
1,0.1764642791316113
0,0.1975947012043238
1,0.15239160846690736
1,0.2193572768129024
0,0.2263250202393403
0,0.207686096595508
0,0.19884102712114635
0,0.18734852811830094
1,0.22791597171937644
1,0.18242202097432453
1,0.23767201900605583
1,0.16148874012615005
0,0.1926798645673251
0,0.19075776984350346
0,0.1997318178160858
0,0.2610024141282397
0,0.20887515328951184
0,0.2333158328307827
0,0.19636529954198365
0,0.16182130868912387
0,0.21377645915355392
1,0.23300777463524913
0,0.20187892718820946
0,0.1868435731065412
1,0.21572959834603367
0,0.19097248046578497
1,0.23889501180112693
0,0.19089264620140725
0,0.2008660094607333
0,0.1796806257381249
0,0.21338377696676977
1,0.2268699433420728
0,0.21545990673584753
0,0.14479392875432534
0,0.17318121361110309
0,0.14315655526592636
0,0.20870521771654763
1,0.2203155278744648
0,0.17937448403886547
0,0.2121324379870615
0,0.21913824451039482
0,0.21086957500166426
0,0.18678060801975882
1,0.21066289939584953
0,0.22753403861924498
0,0.20301919965355814
0,0.19722117623071633
0,0.18442332069292072
0,0.17156834127548862
0,0.19380179579045234
0,0.1726823564743103
0,0.19693567817981758
0,0.2076059002573859
0,0.15510194758073992
0,0.23279284173319112
0,0.15960063360438198
1,0.21069891487520875
0,0.2179873361491575
0,0.19214508576977793
0,0.19782172218854935
0,0.20577533461178502
0,0.2033018622565332
0,0.15869611776775233
0,0.19040366080025978
0,0.22598085950009925
1,0.2304155527180643
1,0.2552829307446799
1,0.2263430541280823
0,0.1538466821678414
0,0.22207143685796027
0,0.2077545137787301
0,0.18254160616958284
1,0.19326138537952936
0,0.19260471402002302
0,0.15922731602165943
1,0.21906164373509202
1,0.22878956682282056
0,0.21283612007739636
0,0.14532347244576452
0,0.1972772414601238
0,0.20816596412659583
0,0.19858095140881804
0,0.16995008656619617
0,0.1744248237762446
0,0.1890687992971882
0,0.18474729866705242
1,0.19914500393189266
1,0.21068356757137735
0,0.19401804204847423
0,0.20991701688690795
0,0.15424610758824875
1,0.18603518374514535
1,0.20844864832496393
0,0.2197906843435353
0,0.21060382861606985
0,0.23836524640278395
1,0.19656834468027568
1,0.21050288898190744
0,0.40509981275364
0,0.1829845001030824
0,0.18540933816184485
0,0.20566358835616247
0,0.2038208149310439
1,0.19842704634258465
0,0.1826288048375013
0,0.1925828398236651
0,0.16858820621735107
0,0.23242769254894602
0,0.2328530464621763
0,0.1566336801229036
0,0.21311037017495316
0,0.22073459976364726
0,0.15246617883422398
0,0.20321473032085194
1,0.17682964576685276
0,0.1677981202564481
0,0.19359915548872897
0,0.22906376873653309
0,0.2685380926228106
0,0.205025441739516
0,0.16423647266799446
1,0.24300282163009146
0,0.23213353145782764
0,0.20561071711285386
0,0.19548608695964878
0,0.282701243305552
0,0.18097506853513984
0,0.1626905400023896
1,0.19238387675451127
0,0.19380980864456668
0,0.20987481486786644
0,0.2232548718254232
0,0.2041226697457878
0,0.20818233829410937
1,0.21954735926931174
0,0.2486476649101511
0,0.20421342627497238
1,0.17698280919073647
0,0.18844077362018163
0,0.21109917291238134
0,0.21594581480087607
1,0.17299163388080263
0,0.21357154353023194
0,0.23115283590256958
0,0.1999645155640232
0,0.17208893565417716
0,0.16322953835968845
0,0.21476740492389412
0,0.16957271479272648
0,0.179647855408714
0,0.19822174113687752
0,0.2728816471385569
1,0.21569245900431386
1,0.22128766064195177
0,0.25180180660357154
0,0.1776427465239404
0,0.20574162481387256
1,0.20011678251401713
0,0.1833954475129835
0,0.16411436395364154
1,0.19865401364380617
0,0.17657645813934453
0,0.20501048181921813
0,0.20469197594378757
0,0.19041730475548227
1,0.19330894171286594
1,0.19792219910226727
1,0.2785176046097928
1,0.19113087357496664
1,0.19309201641080764
0,0.2098851472215783
0,0.2178460845002736
0,0.22573958166935157
0,0.20137208412384866
0,0.1572491077385736
1,0.16055280015077808
0,0.21962649074714619
1,0.17969786277878821
0,0.2015117623916316
1,0.29622505424998224
0,0.21617692537485528
0,0.20110107687416778
0,0.18289979383537713
0,0.13963841143464825
0,0.21534455924888612
0,0.20838041602956917
0,0.17974268282252104
0,0.14989086893355835
0,0.21119576340253193
0,0.19803368407561056
0,0.2219810768614171
0,0.20074446649215882
0,0.1862864070059742
0,0.17971118101405817
0,0.1870531645468929
0,0.1736363772187164
0,0.20364658888529852
0,0.1968798378147541
0,0.23048742264982805
0,0.20882634912863354
0,0.1899253529101701
0,0.20710489161110515
0,0.18614969655837302
0,0.14204962768743884
1,0.2012864912184379
0,0.1954030376436832
1,0.24363231589703718
0,0.24999744090911907
1,0.2219124184072719
0,0.19046530341411097
0,0.2216592383640169
0,0.17972695974634254
0,0.2912403951028588
0,0.2046467671887961
1,0.1818209326484696
0,0.21276666527774207
0,0.1666754784381676
0,0.18858169315457196
0,0.21543251638568006
0,0.2045998470303895
1,0.19485350110018465
0,0.19388144829374568
0,0.1786285479925709
1,0.14776741664489856
0,0.20580467602267066
0,0.1962986825952169
0,0.166527904968369
0,0.16692024440170333
1,0.28409523911239587
0,0.1903471282205704
0,0.18966096347885217
0,0.2106384477645602
0,0.15650159530450375
0,0.20237992016925235
1,0.21824277591567354
0,0.17900191608658408
0,0.1848356379093214
0,0.18939207065689817
1,0.21857340497921635
0,0.18994883125869838
0,0.17988475681627067
0,0.20976188305391544
0,0.21675105335441178
0,0.20854026305796708
0,0.14654195699034034
1,0.2122264996040088
0,0.2554961636585109
0,0.20032574221778235
0,0.23768770781667675
0,0.16719467175371022
0,0.18331326547820695
1,0.207380048495168
1,0.40741365823776166
1,0.24453709754498157
0,0.20603526222572335
0,0.21619524564157652
1,0.2292724493596142
1,0.1550653506513065
0,0.20790930386340983
0,0.2062991292362474
0,0.21239495697884517
0,0.17233441028026814
1,0.21852454590708575
1,0.17968969779079502
0,0.19043285645463948
0,0.2177391779071825
0,0.1963251764633335
0,0.20864835318176206
0,0.1676402549836752
0,0.17952224089138735
0,0.17290048136742756
0,0.18138032794525363
0,0.19207803540102095
0,0.16519010946401141
1,0.20062862634270381
0,0.15024197512723766
0,0.1928304802301126
1,0.2100786691933101
1,0.19309220543595096
0,0.15747222225580418
0,0.22543703588393224
0,0.18178689132685538
0,0.18466054329810735
0,0.19445621463519824
0,0.18236986985649334
0,0.18822634943211372
0,0.1762127937940208
0,0.19473095614657826
0,0.18953829530806973
0,0.18012602486074694
0,0.18141321901573906
0,0.1670994230222989
0,0.20528510234515282
0,0.16640961636806634
1,0.1713771366162674
1,0.18741328713618927
0,0.21321690512822997
0,0.1676186985102081
0,0.19607685378704567
0,0.1748496914159329
0,0.24987250807704936
0,0.16778386626994554
1,0.2107556363835772
0,0.21880433680358433
1,0.2224950863050296
0,0.1455325177220193
0,0.20186795249197906
0,0.16874637215010524
0,0.183553803814229
0,0.13978135898724656
0,0.2037449686709746
0,0.16949666571977298
0,0.1652064351859241
0,0.2089024814566713
0,0.187064236301172
1,0.21313999089492594
0,0.173240412635693
0,0.19001631644214745
0,0.16451376412210594
0,0.17903370995232468
0,0.18929022623011074
0,0.26646834929103674
1,0.22773311231630794
0,0.2024562076467135
0,0.17940700324434072
0,0.18911194371572135
0,0.22336287266197496
0,0.13073054913724189
0,0.19487796695917176
0,0.21736376596530227
0,0.15799733447156633
1,0.21055337362888552
1,0.20135992103014377
0,0.19469713816102197
0,0.17710348835296388
0,0.20575214634029032
0,0.20091806464576517
1,0.23509868970362047
1,0.21690633395589154
0,0.16508042141119686
0,0.20848486238905975
1,0.19885312915368122
0,0.1874268856790946
0,0.22527116644601888
1,0.19867388530535185
1,0.2717287808519658
1,0.21586242682888193
0,0.18626620835630647
0,0.21877357651838386
0,0.18368228685938853
0,0.19151598586918447
0,0.20547484800363272
0,0.1806924371462717
0,0.17884073544952575
0,0.2001913948857211
0,0.20254131612541398
0,0.19777256344075578
0,0.19964286221482525
1,0.17607387640537975
0,0.16003510781216854
0,0.21508841558233038
0,0.1777575879917876
0,0.17485643733844655
0,0.20865874156597364
0,0.18337603913104292
0,0.1946384612261512
1,0.19060083582255813
0,0.1538690909092109
0,0.22211576963624993
0,0.20321097360538415
0,0.2467046204219984
0,0.21970120323044992
0,0.20425278465029578
1,0.1775734213424472
0,0.2298324746398403
0,0.1674398685721378
0,0.16231941729122795
1,0.22225585748110763
0,0.2056147994863188
0,0.20275354421427227
0,0.17665176815571412
0,0.1414415689187278
1,0.21367045413688399
0,0.18813664436023758
0,0.20707134018571707
0,0.21031669943610284
0,0.15557166947936515
0,0.20145607019553502
0,0.16914561933855038
1,0.1475224123630788
1,0.20988032380088048
0,0.19336127213786408
1,0.1919415262772004
0,0.1748057121671834
0,0.21117300686480636
0,0.21981750230666483
0,0.19052499170625672
0,0.18794113519883743
0,0.18578095719982748
0,0.28278803176992073
1,0.24172110778472386
0,0.18252982513284227
1,0.1840518236764053
0,0.16273845621398716
0,0.19615630800235853
1,0.1979857184790484
0,0.1899722049440972
0,0.16823132324195486
1,0.18332692647439952
0,0.19485863692492972
1,0.1452436097060625
1,0.20671369628666858
1,0.19021685074594355
0,0.18575424356000997
0,0.22318448348642472
1,0.19010595623287696
1,0.2498010089636993
0,0.18360966377446591
0,0.17479365988238169
0,0.217785800829939
0,0.16538723962973592
1,0.2466900127870169
0,0.22652966947125644
0,0.1993293096090671
0,0.15472519237702279
1,0.23820835169330576
0,0.1843093139198853
0,0.3083076157073065
0,0.15883151635494624
0,0.16578928697050013
0,0.18393553981355784
0,0.15821539812454805
0,0.20508298872327976
0,0.1834181008149892
1,0.19484227485898947
0,0.2583738749118446
1,0.23751446220233227
0,0.16652184063812614
0,0.1971821849055297
0,0.21671071198703165
0,0.20426012105694108
0,0.18273597237290545
1,0.18618283838106361
0,0.1886990226664975
1,0.25673061684564275
0,0.23893580058388594
0,0.189540882608924
0,0.19715202803118048
0,0.1917945698028771
0,0.19108893086780493
0,0.19398257399607594
0,0.20885123806006492
1,0.24072577977616808
1,0.2445627164374093
0,0.22943161291965122
0,0.15574332347559747
0,0.18325850564350463
0,0.19299619447131552
0,0.21512510689449837
0,0.22802709962840634
0,0.1557492420888558
0,0.1731623414718494
0,0.1856693193478364
0,0.253657365285339
0,0.18022002300628687
0,0.19241631760271166
1,0.26460761673392047
0,0.16529557857938965
1,0.1974686654685017
0,0.15154046130278723
1,0.2019899787721962
0,0.1871431368580636
0,0.2191390160197433
1,0.181754740822602
1,0.1891042775118722
1,0.24635302860333178
0,0.2278814960956871
0,0.17557788668254562
0,0.25213787493631173
0,0.19292498600779917
0,0.22280842028725711
0,0.2537546027237942
0,0.18881954245162086
1,0.16555535185943232
0,0.16062825004735046
0,0.20074238465897218
0,0.16624934873748637
0,0.2075073029824225
0,0.1543194420873556
0,0.1877015608530182
0,0.16621336826561275
1,0.19844908093684682
0,0.17865218372057962
1,0.22541118628020654
1,0.22585217527571438
0,0.19127075754786518
0,0.18111165208434093
1,0.23210258805255118
1,0.17855737736373453
0,0.16803872194086947
0,0.1734390594044589
0,0.2240514339346925
0,0.16827141084271616
0,0.1858314104150276
0,0.20828589838186048
0,0.21259071640005228
0,0.19443363819909662
0,0.17031220020160223
0,0.19309667410134837
0,0.18376864095975357
0,0.24636094758375018
0,0.18534372780519762
0,0.21200700833427458
0,0.19546620524803288
1,0.1929997018495094
0,0.17103065631594835
0,0.1434842165913386
0,0.19516417439869657
0,0.20204019442936663
1,0.19315969079217724
0,0.16492041107702132
1,0.2546408840351113
0,0.17932004629115725
0,0.2884951759576706
0,0.18540379224998305
0,0.23665621363077408
0,0.21662792874816297
0,0.19197973838984467
1,0.19260832111873333
0,0.18375157490682326
0,0.21199479194043597
0,0.20643950951818119
0,0.22102520740621154
1,0.22516377800822873
0,0.19194849217543733
0,0.22656337302322532
0,0.2092490868557519
0,0.2017554091032009
1,0.24444510710138825
0,0.21195952286305556
0,0.15793131560398985
0,0.20332879366250045
0,0.2417481608502614
0,0.15310345752891608
0,0.21142970863543692
0,0.17767669025177327
0,0.1847774405671893
1,0.15318091950871437
0,0.20203662533977876
0,0.2660300332410956
0,0.1781375236086237
0,0.16760283446385285
0,0.21447503331685225
0,0.1745409281389406
0,0.19781656227293606
0,0.19276229713291196
0,0.2278921573280923
1,0.2682672081885617
0,0.16990733301684618
0,0.1905854562033372
0,0.18491704048363564
1,0.20658890614514397
0,0.16521319225814143
1,0.22826782909423332
0,0.19010551788231841
0,0.2254065166937966
0,0.24447751068848841
1,0.2203420462487303
0,0.20648875829424077
0,0.22407817138704963
0,0.1949173053953969
0,0.2363683656008744
0,0.22386712289906596
0,0.15884447086401632
0,0.21163633144533744
0,0.2100969232087407
0,0.18354489679241942
0,0.2865963556833154
0,0.20765102380403017
0,0.20110629401244798
0,0.17736730413776244
1,0.18400198454215502
1,0.20105446664984533
0,0.20022605084140432
0,0.21109457251625857
0,0.20338082107449965
0,0.219810857599039
0,0.18095670441359962
0,0.23385358297329056
1,0.21103245406019253
0,0.18871121392763765
0,0.19608913859261518
0,0.1669265078736925
0,0.20381026445474792
0,0.16670281002525994
0,0.21986730136394644
1,0.14881190753965612
0,0.1978492112377271
0,0.1872198519401029
0,0.14674884236139615
0,0.1406394066666492
0,0.20584752387903246
0,0.2210639224196788
0,0.19081434292469504
0,0.15410695573249142
1,0.19581125106958
0,0.14099507369613024
0,0.18111863658058078
1,0.19264367630224402
0,0.2191235885929724
0,0.207105674307508
0,0.19280419234511995
0,0.1663354518491962
0,0.1583811132297446
0,0.18517172619957997
0,0.1733503536384528
0,0.20674809747873096
0,0.17227262365208074
0,0.18769271434937235
0,0.21654380839297124
1,0.18048144196192073
0,0.20324870656644262
0,0.16872205254798409
0,0.16789752298641766
0,0.20391804905572264
0,0.18390336778653388
0,0.1966807168441002
0,0.225440521150847
1,0.2164559982805177
0,0.221002966170584
0,0.21796363484219328
0,0.1908297568125365
0,0.213497260907797
0,0.2570822438436549
0,0.19868434021136422
0,0.20994597422756223
0,0.2071416932824861
1,0.19881602261699272
1,0.22286937974934998
0,0.20101891631647573
0,0.18177318084294317
0,0.23237811106891942
0,0.20186060464646327
1,0.18947028164348367
0,0.18586273958071978
0,0.20115437687550328
1,0.20264901483660225
0,0.17037013206697296
0,0.172526454365243
0,0.18108971325870443
0,0.19901646815193172
0,0.20538848188705025
0,0.23820835169330576
0,0.1500610768401612
0,0.3621603195890573
0,0.188497144695229
0,0.20472844761108627
0,0.16773363658564197
1,0.17593735872716068
0,0.16396857209066268
0,0.17437310660100883
0,0.17752524979849194
0,0.1858345939056661
0,0.18441504816650645
0,0.19457683736150616
0,0.18815036119997117
0,0.21228998789739034
0,0.1831081133817437
0,0.20344813704574755
0,0.18721373677927947
0,0.1785033922176389
0,0.20020433767487814
0,0.2501255381678824
0,0.20059547974214936
0,0.21762055476751177
1,0.1529461918230235
1,0.20251282992289546
0,0.21863664393815638
0,0.16605986151566401
0,0.19234974499392407
0,0.1920877153567627
0,0.15605050149025249
0,0.20822921430507238
0,0.19288407936093296
0,0.1504358972179881
0,0.21542580217126864
0,0.2161341340027471
0,0.23273242227779167
0,0.1779559048014881
1,0.1639897744717104
0,0.2280517366496034
0,0.20270031929945723
0,0.1997404835273117
0,0.18012454871309497
0,0.1854387317161294
0,0.15192967863943066
0,0.14558717656261008
0,0.178230123271944
0,0.20020973672301312
0,0.20368020670984618
0,0.18277937274767442
0,0.2209790523526144
1,0.18854560515458635
1,0.22746654215387613
0,0.2257460161546937
1,0.1736968692945888
0,0.2286826787457303
0,0.1816198175776121
0,0.21466908890359543
0,0.19353388330025242
0,0.16845790131362337
0,0.21889205500809042
0,0.21382994032189478
0,0.23077867754973372
0,0.14627943445750038
1,0.19473116328672047
0,0.17930737507153896
0,0.164168316448456
0,0.16987849177317177
1,0.20920613205095528
0,0.14900315874422207
0,0.2804123872386047
0,0.16936930209493295
0,0.1896957345896011
1,0.2703171421538267
0,0.198669513882995
0,0.1946056307055153
0,0.18974794164034525
0,0.16405275920524623
0,0.2040436747314544
1,0.20262894291692868
0,0.21012674797864012
0,0.18662559611494292
1,0.21787621127265866
1,0.19867388530535185
0,0.1824643751373212
0,0.17105977136178005
0,0.22216230226569775
0,0.20007840230534965
0,0.19418246194619382
0,0.17251588764436737
0,0.2098288257371311
0,0.2008961642875096
0,0.19650292476671247
0,0.1953951650503947
0,0.19382692357305384
1,0.19020582920939041
0,0.18540228762091657
0,0.20785971548519164
1,0.18696594291010896
0,0.18153442163798014
0,0.20027187161901452
1,0.16478309688721024
1,0.1876844775850728
0,0.23344772939391087
0,0.18451620547243303
1,0.1876529635911447
0,0.1852398105521318
0,0.19168925057194508
0,0.2061333456470643
0,0.17670969014083218
0,0.21305364927882306
0,0.16065093992790236
0,0.1932447652105451
0,0.2185965329853103
0,0.18287184420039826
0,0.18835200529531682
0,0.168953857343499
1,0.2370451585995779
0,0.17317103262382308
0,0.2076156021159074
0,0.2249927412808623
0,0.179626962071777
1,0.21586735169506127
1,0.20608404435274766
0,0.2326798072246113
0,0.19744665058244548
0,0.1616267867589077
0,0.2221197380454056
0,0.2538914548172238
0,0.19945802529923246
0,0.18730059342248548
1,0.2040411199773842
1,0.20467635810843698
0,0.15786904296725218
0,0.18789360528798402
0,0.18091350582388252
0,0.2148315130135221
0,0.1975421408682337
0,0.16109090055110223
0,0.19357386743189361
0,0.18097975749274425
0,0.20203271396832853
0,0.20515366489196016
1,0.1956996493259221
0,0.1563830529953531
1,0.20216172438812777
0,0.19658759161629247
0,0.17303608058819642
1,0.24411593452483993
0,0.137587930487546
0,0.21251513879255315
0,0.15745686885582824
0,0.21235091774232964
1,0.18135124702128425
1,0.1988065837146558
0,0.2249577067776072
0,0.1808356393038641
1,0.22683968972301694
0,0.20527594148245487
1,0.19652102530437093
1,0.20108341456117484
1,0.19804405540343537
0,0.19133200551621116
0,0.20782899433466484
0,0.21228452623181715
0,0.17349972874144648
1,0.18751442898143417
0,0.159504154604042
0,0.18821937797256227
0,0.19659204483112358
0,0.18881184559654912
0,0.19903585647741417
0,0.1696060245964045
0,0.20184106830595822
0,0.17186244125342134
0,0.15623534157603394
0,0.22141179306115105
0,0.18690403744448314
0,0.1870483974576666
0,0.22415061906813277
0,0.21456039522538387
0,0.23008549754931004
0,0.20272024866431324
1,0.2140640584611765
1,0.22530979696144268
0,0.22456592864674338
0,0.20087883413324906
0,0.23683961434225445
1,0.1730222133989688
1,0.20790605664599388
1,0.24138843158030346
0,0.2007234487802784
1,0.20585631318972647
0,0.21738727455809212
0,0.20728793222223688
0,0.1777425287851487
0,0.1678664028592422
0,0.22625451994790335
0,0.17769588093344807
1,0.24919410968306246
0,0.1850497325420686
1,0.211757004268099
0,0.19757181048692732
0,0.15727727044142437
0,0.20682833808231282
0,0.20585548766029485
0,0.14829149374724002
0,0.24068500720443325
0,0.2288825482698073
0,0.2061431357878028
0,0.17774275460168623
0,0.19972229342373823
1,0.23451116394079724
0,0.38616425018442385
0,0.2079606374459233
0,0.20938495783731997
1,0.21280033895064343
0,0.18062467114992464
0,0.16664769218967576
0,0.17963985450172035
0,0.19435225212432852
1,0.2057195644704408
0,0.22081259210711227
0,0.17500933931360335
0,0.15446441405661016
0,0.14650036291854482
0,0.1559634802749853
0,0.1890748494393604
1,0.16082129540022252
0,0.1665952909421875
0,0.1817586613013577
1,0.2160361510754475
0,0.18858028673855867
0,0.2360329562860454
0,0.20897482288685132
0,0.21124939459967756
0,0.22350558583992947
0,0.18865297655698415
0,0.2084578419793424
1,0.18022269538742935
0,0.187489988712256
1,0.1821026328863932
0,0.20786549318427133
0,0.19340253687451908
0,0.28172562369872206
0,0.17716287353794372
0,0.22554111554972595
0,0.2247346236080411
0,0.20435866070104483
0,0.22379267134761696
1,0.2107002118557836
1,0.17828672377044652
1,0.17323255167579416
1,0.2091638929856191
0,0.2464247337661431
1,0.18858122878344727
0,0.20004087924751784
0,0.17242651180408788
0,0.17726462857616906
0,0.19497974287069061
0,0.15888533512512099
0,0.1795118095152329
0,0.1965803426823955
0,0.2201888534128196
0,0.19400684368184104
1,0.18399084695369516
0,0.1943442599145591
0,0.19426088663115487
0,0.2075836247874059
0,0.22193280477248425
0,0.20985682181279736
0,0.1847991638435873
0,0.2228816945390793
0,0.14671343386944732
0,0.16297188271553917
0,0.20517765112639985
0,0.19260184524824112
1,0.20361876941902146
0,0.18718302123349523
0,0.2187077961438044
1,0.19260879714967727
0,0.17803589177671544
0,0.1739064915265736
0,0.20324747644574917
1,0.19768630808166202
0,0.19895771993390599
0,0.1568879593196023
0,0.17049387477267608
0,0.21036315952158652
0,0.1618675609758763
1,0.20466748291120165
1,0.16650798008491863
0,0.19336467554124975
0,0.18119637426510524
0,0.18107634088676697
0,0.19780997973499825
0,0.1550823065801322
0,0.15090166086940396
0,0.1483469638157028
0,0.2200762249063653
0,0.21490394962773604
1,0.17935829495907457
0,0.19684873834131786
0,0.21000153101646643
0,0.19231237398999568
0,0.2404492485556719
0,0.19854359823264564
0,0.197430768508955
1,0.1930811720763207
0,0.1906410181773554
0,0.20000341321992976
0,0.2795076074819237
0,0.17596610807348995
0,0.21147305096912433
0,0.21360630487988816
0,0.21843147487920106
0,0.17455592409822418
0,0.18684954544898255
0,0.20792082108885324
0,0.21850025775879472
0,0.2224291669766869
0,0.22550684801312984
1,0.2005081771391233
0,0.1985933014494446
0,0.17156785658352694
0,0.18797668772156714
1,0.18426131647861455
0,0.1849699148254988
1,0.15294927834872626
0,0.2017080282256089
0,0.25814330172275113
0,0.1709107388172618
0,0.19490033626479641
1,0.20482503926140178
0,0.2176965529455034
0,0.19352433712965333
0,0.18859238715884488
0,0.2258826765512238
0,0.21720843205212262
1,0.17992552610785414
0,0.22931887165658862
1,0.17547557674868416
0,0.16381807105168456
0,0.16866769505888873
0,0.17319636094411053
1,0.1890371910511047
0,0.2366331772677798
1,0.20635846214081588
0,0.19712254137764346
0,0.20461088914407022
0,0.18975140074398827
0,0.1569203818108217
0,0.1819102885108451
1,0.19190291782131158
0,0.25814330172275113
0,0.22292082321885953
0,0.2230039736030055
0,0.20988593185470578
1,0.15650814916902772
0,0.26111034140962985
0,0.26359391062271165
0,0.19667123024405822
0,0.1913759568938018
1,0.1770532190389179
0,0.1749437835189611
0,0.15821459697178403
0,0.21429952598145932
0,0.16097932486177782
1,0.19479745496062376
0,0.1735694425793443
0,0.17583516003200317
0,0.14545125324611372
0,0.1810213549938148
0,0.17984604224335593
1,0.20012975645966438
0,0.19737782668689793
1,0.2622719165384415
0,0.20877275255595784
0,0.25088408773065884
0,0.18485342212532369
0,0.38455123833155286
0,0.19025126551103824
0,0.2111173197056608
0,0.1797334371015639
0,0.19055917972111636
1,0.16084473564165339
0,0.19867109379510006
0,0.1624932384393324
0,0.2104771623731205
0,0.2002271386772933
0,0.2175160209203948
0,0.15520438138929957
0,0.2144972966457623
0,0.22269043165121308
0,0.17822140999541128
0,0.28202749432587215
0,0.15885190293786994
0,0.17838487578882029
0,0.16066355768676938
0,0.18478872657203962
0,0.17139487227228858
0,0.1767205518259899
0,0.1889358941896065
1,0.24902262531314723
0,0.1782917427292132
0,0.16151605498616958
0,0.18255478508035597
