FlightDate,Origin,Dest,Reporting_Airline,y_true,y_pred
2025-04-01,MCI,DFW,AA,-19.0,-9.545909287518146
2025-04-07,FLL,ATL,DL,98.0,103.69781519644872
2025-04-17,BNA,DEN,UA,-12.0,-13.784440780139647
2025-04-11,PHX,LAS,WN,25.0,24.995016591428925
2025-04-18,CHS,JFK,B6,17.0,9.493766684683326
2025-04-10,TPA,BOS,B6,-41.0,-29.33481236816727
2025-04-05,PNS,DCA,OH,10.0,2.5780626500132957
2025-04-28,SAT,PHX,WN,-16.0,-12.972146719404773
2025-04-30,MEM,DEN,UA,12.0,19.588174984370504
2025-04-16,ATL,PNS,DL,-9.0,-4.5861788874521565
2025-04-19,PHL,SJU,AA,-24.0,-19.138234203097717
2025-04-13,MCO,MSY,F9,94.0,111.9144115952682
2025-04-30,SDF,BWI,WN,43.0,45.64766921223388
2025-04-20,CHS,CLT,AA,9.0,-5.965546124957099
2025-04-29,DFW,AUS,AA,-21.0,-13.977033529351196
2025-04-03,SEA,SMF,OO,-23.0,-19.668666229708855
2025-04-16,BWI,PWM,WN,20.0,18.483333484951718
2025-04-19,SJC,AUS,WN,-10.0,-14.718639762735496
2025-04-13,PHL,PVD,AA,0.0,-0.6826169999611196
2025-04-29,DEN,MKE,OO,-19.0,-4.6942191537171425
2025-04-19,ORD,EWR,AA,-8.0,2.9169313221092357
2025-04-30,ATL,HSV,DL,-16.0,-12.374597844321624
2025-04-23,ABQ,DEN,WN,-12.0,-7.835125709035646
2025-04-30,DFW,LIT,MQ,32.0,23.949510258449575
2025-04-10,HNL,SFO,HA,7.0,5.163122444606898
2025-04-19,DEN,EWR,UA,-42.0,-18.753558530997168
2025-04-19,MCO,IND,WN,15.0,-11.173455493968596
2025-04-30,MSP,DEN,DL,91.0,66.77800653054958
2025-04-03,EWR,CLT,UA,-9.0,-16.51583779777505
2025-04-05,RIC,ATL,DL,-30.0,-23.387745034958826
2025-04-01,PDX,LAS,WN,-14.0,-6.2733615902851145
2025-04-25,RSW,CLT,AA,75.0,76.49398220070023
2025-04-10,LAS,HOU,WN,22.0,12.695316920298515
2025-04-30,BWI,MYR,WN,-14.0,-9.520248776667977
2025-04-10,OKC,DCA,WN,-35.0,-16.189998903393388
2025-04-07,SMF,SAN,WN,-9.0,-7.237013253589513
2025-04-22,ORD,MSP,UA,2.0,0.8972206018376045
2025-04-14,ATL,LAX,DL,-9.0,-12.614359724149082
2025-04-10,MCO,BOS,B6,-18.0,-14.403229440743829
2025-04-25,SLC,LAS,DL,9.0,4.005877493832642
2025-04-26,DAL,SAN,WN,3.0,2.176514259165558
2025-04-20,PHX,MCI,WN,-2.0,-1.4711748986251063
2025-04-07,PHX,ABQ,OO,7.0,11.637501355874717
2025-04-14,BOS,JFK,YX,-13.0,-5.799894620664329
2025-04-02,SAV,CLT,OH,1.0,-4.792830737138701
2025-04-30,FLL,EWR,NK,163.0,153.63378402758767
2025-04-10,PHX,DEN,WN,-5.0,-7.104803924271771
2025-04-16,MFE,DFW,AA,-3.0,0.7958941268348516
2025-04-21,DEN,ANC,UA,70.0,59.39339171110818
2025-04-14,JFK,TPA,B6,-7.0,-7.357794656140753
2025-04-19,LIH,SJC,AS,100.0,90.14683944521894
2025-04-10,MKE,LGA,YX,-15.0,-16.078575396226718
2025-04-17,RSW,MDW,WN,62.0,59.943984192648365
2025-04-21,DEN,ORF,UA,15.0,28.564916519056492
2025-04-01,RSW,ORD,UA,115.0,119.67814989313348
2025-04-27,SNA,SFO,OO,7.0,7.761335998256422
2025-04-09,SAT,LAS,WN,1.0,-10.697167824588462
2025-04-07,IAD,PWM,YX,-35.0,-13.502362187253517
2025-04-04,LGA,MKE,YX,-10.0,-19.818070328233983
2025-04-03,SAN,ABQ,WN,-6.0,-12.107249952787356
2025-04-19,GNV,ATL,DL,-33.0,-26.27855963466436
2025-04-13,CVG,RSW,F9,-41.0,-20.203384746065623
2025-04-06,MRY,PHX,MQ,-6.0,-3.040923486097741
2025-04-22,MCI,DEN,WN,-10.0,-13.608182990367055
2025-04-28,MIA,DCA,AA,12.0,1.4051633663758816
2025-04-04,SEA,LAX,AS,-15.0,14.242466158602697
2025-04-29,IAH,SGF,OO,61.0,64.49102559505519
2025-04-22,DFW,PIA,MQ,-18.0,-7.929841328636069
2025-04-09,LAX,RNO,OO,-15.0,-12.422567434260479
2025-04-22,MCO,DCA,DL,-15.0,-14.97195227330769
2025-04-19,ATL,BOS,DL,-6.0,-2.2855361312373184
2025-04-06,GNV,CLT,OH,-12.0,-12.990484075708615
2025-04-22,GSO,CLT,OH,-1.0,5.7592443138471054
2025-04-18,ORD,CMX,OO,-9.0,-4.355206386597072
2025-04-04,ORD,LAX,UA,-19.0,-11.431665834821654
2025-04-26,BOI,PHX,WN,2.0,-11.615488680444528
2025-04-04,PBI,EWR,B6,3.0,-1.9842821422826482
2025-04-23,DEN,LIT,OO,-1.0,-11.270673624314874
2025-04-07,SFO,JFK,B6,72.0,83.23783019077831
2025-04-02,SAT,ORD,UA,103.0,47.003027046248285
2025-04-06,LGA,ORD,AA,11.0,-8.628159603418332
2025-04-17,HNL,OGG,HA,-4.0,-3.757874728360676
2025-04-06,BHM,LAS,WN,9.0,11.088122653106987
2025-04-14,DFW,LAX,AA,-10.0,-13.944307438918983
2025-04-27,ATL,IAD,DL,2.0,-2.6680862978507704
2025-04-24,ORD,DCA,AA,19.0,16.411371422069937
2025-04-17,LGA,CVG,YX,14.0,-7.764908130688834
2025-04-29,MCI,LAS,WN,-18.0,-15.165594114359575
2025-04-09,MSP,LGA,DL,-21.0,-20.847905245315385
2025-04-19,LAX,SMF,OO,-11.0,-18.198137954421476
2025-04-01,IAH,LGA,UA,-36.0,-14.538559374671486
2025-04-06,BWI,LAX,UA,-13.0,-22.68923263059869
2025-04-20,MDT,ORD,OO,-12.0,-18.705168720742968
2025-04-18,DEN,RSW,WN,18.0,30.336515876737124
2025-04-25,JFK,SJU,DL,-9.0,-6.002847854390666
2025-04-02,DFW,CMI,MQ,37.0,42.992916418388184
2025-04-08,PHL,PBI,F9,-19.0,-26.429673786763402
2025-04-30,PDX,LAS,WN,-13.0,-10.649772789335799
2025-04-19,LAX,KOA,UA,-17.0,-25.72415497724075
2025-04-24,FNT,JAX,G4,-17.0,-18.09562017834399
2025-04-22,PBI,LGA,DL,10.0,20.538615938067224
2025-04-23,MDW,SEA,WN,-4.0,-16.289738237093907
2025-04-05,MIA,DCA,AA,144.0,132.7798093112069
2025-04-29,BWI,IND,WN,2.0,7.232014544487237
2025-04-12,ATL,PHL,DL,0.0,-5.93284539228644
2025-04-21,VPS,ATL,DL,-12.0,-12.20315191712659
2025-04-08,BWI,MCO,NK,9.0,-11.93289512150028
2025-04-21,IND,FLL,NK,11.0,7.032032935881156
2025-04-18,DCA,OMA,YX,-15.0,-19.016258923605825
2025-04-22,BOS,LAS,B6,3.0,-4.5743717804421244
2025-04-04,XNA,ORD,MQ,67.0,60.60377488850718
2025-04-07,RSW,ATL,DL,126.0,133.71907207251076
2025-04-26,BWI,FLL,WN,10.0,15.678130415838435
2025-04-06,DAL,SAV,WN,50.0,-1.040212785889282
2025-04-30,PDX,DEN,AS,-14.0,-9.753009077903204
2025-04-27,PHX,SLC,WN,-8.0,-9.73225932907892
2025-04-27,EWR,LAX,NK,-6.0,-28.483420608548435
2025-04-21,DFW,SEA,AA,-6.0,-12.548256449148795
2025-04-15,SAT,BWI,WN,-34.0,-16.702901573706125
2025-04-18,PIT,SAV,G4,12.0,21.900178480373597
2025-04-08,KOA,SEA,AS,-17.0,-3.629044944852751
2025-04-22,DCA,DSM,OH,-38.0,-26.947957752105303
2025-04-26,ORD,SEA,AS,1.0,-1.2654031782708621
2025-04-06,IAH,CLT,AA,-6.0,-9.501993487868779
2025-04-12,IAH,LAX,UA,-33.0,-17.156985274617533
2025-04-13,IAD,BNA,UA,-28.0,-17.761648494264016
2025-04-12,SLC,EUG,OO,-3.0,-1.7012899238136976
2025-04-10,RDM,SAN,OO,89.0,92.38933915579099
2025-04-24,MIA,ORD,AA,-5.0,-17.54543809042117
2025-04-07,SLC,LAS,DL,14.0,10.412056095045497
2025-04-04,DEN,TUL,WN,17.0,11.090473728022527
2025-04-24,LAS,SBA,WN,16.0,15.592449908069089
2025-04-25,LAX,DAL,WN,4.0,7.168823521600334
2025-04-06,DAL,HOU,WN,6.0,5.465091535667022
2025-04-19,SEA,JFK,DL,-34.0,-16.577316738120146
2025-04-29,HDN,DEN,OO,6.0,30.559721618722456
2025-04-28,AUS,MSP,DL,31.0,32.847703244240066
2025-04-21,PVD,MCO,WN,-12.0,-18.686543053417658
2025-04-14,CLT,SGF,MQ,-14.0,-10.576099249867125
2025-04-02,ORD,LGA,DL,252.0,204.20898126264737
2025-04-13,ICT,VPS,G4,-5.0,-8.457055535784097
2025-04-12,BOS,FLL,DL,-9.0,0.5953652425505904
2025-04-15,LAX,EWR,UA,53.0,73.53749906731983
2025-04-11,DTW,DCA,OH,99.0,99.01495190480179
2025-04-06,LAX,SFO,UA,-15.0,-0.47001347919787406
2025-04-06,EWR,PBI,UA,-22.0,-18.13928889963735
2025-04-28,SEA,AUS,DL,-10.0,-21.808583849218696
2025-04-10,EWR,MIA,UA,-12.0,-6.437101518825283
2025-04-28,ORD,HPN,MQ,-15.0,-4.301142121627972
2025-04-12,BUR,LAS,NK,-21.0,-21.678105534111594
2025-04-21,DEN,ATL,DL,-8.0,-11.66413455957806
2025-04-10,MSN,MSP,DL,3.0,-2.8281656593711872
2025-04-12,PHX,OKC,OO,-3.0,-11.170040917105709
2025-04-10,AUS,BNA,OO,25.0,6.5827875909085165
2025-04-16,KOA,HNL,WN,-5.0,-10.846035610391326
2025-04-10,MIA,JAX,MQ,8.0,7.751323970732665
2025-04-16,PHL,RSW,AA,-3.0,0.5688165191154475
2025-04-16,SEA,MSP,DL,-6.0,-1.5614380532194545
2025-04-23,DEN,TUL,OO,-4.0,-9.714309789399818
2025-04-28,BOI,LAS,WN,-16.0,-14.832468553214714
2025-04-16,BWI,DFW,AA,-32.0,-17.651163880952083
2025-04-28,DCA,MCO,AA,-12.0,-21.298712777282837
2025-04-01,LAX,OMA,OO,-28.0,-16.432316134371423
2025-04-10,ABQ,DEN,UA,-8.0,-11.532925123047605
2025-04-09,LIT,LGA,YX,-5.0,-11.283956229441308
2025-04-06,DEN,RDU,UA,-4.0,3.0756138716196215
2025-04-13,MCO,SAT,F9,-41.0,-22.78454528776333
2025-04-17,TTN,PBI,F9,-8.0,10.13953221318938
2025-04-17,SJU,FLL,NK,76.0,70.21196336106851
2025-04-30,SEA,DFW,AS,198.0,193.1884613974371
2025-04-13,AUS,IAH,UA,0.0,6.295207122810997
2025-04-29,DCA,RDU,AA,-16.0,-5.041209556358341
2025-04-03,SLC,SEA,DL,-13.0,-6.702389846039097
2025-04-10,DTW,APN,OO,-30.0,-23.23855091869542
2025-04-18,SLC,SEA,OO,-10.0,-3.9612136712915564
2025-04-13,JFK,LAX,DL,48.0,41.57217705052201
2025-04-14,FAR,DEN,OO,125.0,109.48258581339704
2025-04-26,SEA,MCO,AS,-11.0,9.247321979362411
2025-04-01,PHL,BOS,YX,-8.0,-11.282712802936075
2025-04-28,LAX,ORD,UA,6.0,1.72662652732535
2025-04-09,CLE,LAS,WN,-7.0,-16.178894310831453
2025-04-09,CLT,CAE,OH,11.0,4.812573429835684
2025-04-09,PHX,PHL,AA,-4.0,-7.57025194691383
2025-04-26,IAD,ORD,UA,-5.0,-8.604163250054462
2025-04-06,TPA,TTN,F9,52.0,40.294748409855835
2025-04-13,OAK,OGG,HA,-8.0,-3.3730368231416463
2025-04-01,DFW,LAS,AA,16.0,-3.6995668900202876
2025-04-05,BOS,JFK,YX,-18.0,-24.852003888256313
2025-04-24,CLT,FLL,NK,-21.0,-6.604856194927173
2025-04-30,DFW,LBB,MQ,18.0,-8.349715871306492
2025-04-26,DEN,XNA,UA,4.0,5.186918648515731
2025-04-11,IAH,DTW,DL,15.0,-4.768756521653529
2025-04-20,ILM,CLT,MQ,-12.0,-14.580195439598274
2025-04-18,HOU,DAL,WN,-21.0,-14.599348992295234
2025-04-04,IAH,LAS,UA,65.0,56.19953074390919
2025-04-09,SJC,LAX,OO,1.0,4.526808235971544
2025-04-03,ROC,ATL,DL,4.0,-3.4858071142511857
2025-04-30,CMH,RSW,WN,-6.0,-12.046524965706062
2025-04-06,MSY,IND,NK,15.0,15.11700298324983
2025-04-22,MIA,DCA,AA,-17.0,-0.4013979453766421
2025-04-15,ABQ,AUS,WN,0.0,-7.995450357727275
2025-04-04,BTV,DCA,OH,-28.0,-19.464332483273747
2025-04-24,CLT,DTW,DL,-14.0,-12.055345610124164
2025-04-27,ECP,ATL,DL,-9.0,-2.817840787180449
2025-04-21,DFW,MSO,MQ,-10.0,-12.68069538403875
2025-04-24,TUS,DEN,UA,208.0,197.88754860189036
2025-04-27,ATL,DEN,F9,30.0,17.10705801715196
2025-04-05,ORD,SRQ,UA,5.0,-6.903517088987535
2025-04-02,DEN,BOS,UA,0.0,-6.4795406678235725
2025-04-05,DEN,BUR,WN,-25.0,-13.057950514472903
2025-04-19,MDW,CMH,WN,38.0,40.88511430113338
2025-04-06,FLL,RDU,NK,-22.0,-13.173291502760705
2025-04-23,ACV,LAX,OO,14.0,7.963853242303383
2025-04-02,MHT,MCO,WN,67.0,84.0434714199975
2025-04-29,BOS,MSY,NK,-33.0,-25.644870657479984
2025-04-02,CLE,BOS,YX,158.0,160.25907018077615
2025-04-02,MEM,LGA,YX,-25.0,-14.946902275885662
2025-04-14,IAD,IND,YX,19.0,13.575640873185849
2025-04-29,ORD,SRQ,AA,39.0,32.453905565317996
2025-04-09,DEN,TUS,OO,-30.0,-23.11343011684428
2025-04-25,BWI,IAH,UA,-1.0,-18.282617016964394
2025-04-11,TVC,DTW,OO,3.0,-0.5291379762056714
2025-04-21,OKC,SEA,AS,7.0,-5.826348752290157
2025-04-16,DCA,RSW,AA,-6.0,-9.64465034180613
2025-04-09,ORD,FSD,MQ,-2.0,-5.96686716506202
2025-04-21,SFO,LAX,UA,-15.0,-12.59530653546592
2025-04-25,SAN,ATL,DL,-1.0,-11.218985255789903
2025-04-13,PDX,SMF,OO,-17.0,-16.257925719898655
2025-04-17,DCA,PWM,YX,48.0,44.23575722366699
2025-04-21,BWI,SLC,WN,-7.0,-16.262636905352984
2025-04-16,SNA,PHX,WN,-8.0,-9.250899188276012
2025-04-01,SMF,SAN,WN,-6.0,-0.9824432946176156
2025-04-13,TYS,DFW,AA,-31.0,-10.83127668198647
2025-04-03,SEA,LAX,OO,13.0,26.295365656254468
2025-04-29,SEA,ORD,DL,77.0,77.26315703752854
2025-04-02,MIA,ATL,NK,13.0,15.593396374878708
2025-04-25,ORD,SEA,DL,17.0,13.39520949944701
2025-04-11,DTW,BNA,DL,-11.0,-13.250096877368204
2025-04-24,SJU,PHL,F9,-21.0,-9.745361417581453
2025-04-09,ORD,CMH,YX,-9.0,3.033538481324421
2025-04-24,DFW,PHL,AA,-10.0,-5.027340757759374
2025-04-09,PDX,ORD,AS,-12.0,-0.08545379453557089
2025-04-27,MEM,ATL,DL,-18.0,-8.64496930281092
2025-04-11,FAR,LAS,G4,-12.0,-26.768529879242962
2025-04-01,SFB,IND,G4,19.0,13.114915936434318
2025-04-15,TPA,CLT,AA,-26.0,-11.134199124374192
2025-04-29,ORD,ROC,MQ,2.0,5.546218298890196
2025-04-18,GJT,DEN,OO,-24.0,-19.100516290188352
2025-04-03,SAN,SEA,AS,-14.0,-18.054537949672316
2025-04-02,CVG,PHL,OH,101.0,86.95992415187243
2025-04-01,SLC,LAS,WN,-13.0,-7.575308123303699
2025-04-07,PHX,OAK,WN,33.0,37.10915269779609
2025-04-24,AGS,DCA,OH,-16.0,-22.051434059310175
2025-04-11,EWR,STL,YX,-27.0,11.312989652161008
2025-04-14,RSW,ATL,DL,31.0,35.73260391476454
2025-04-05,IND,RSW,WN,21.0,18.03082413034337
2025-04-29,EWR,PHX,UA,-5.0,-20.12021160700996
2025-04-28,BOS,DCA,YX,-12.0,-9.327740177557997
2025-04-21,PHL,CHS,F9,87.0,89.30736895439887
2025-04-15,HNL,KOA,WN,7.0,7.806214390353738
2025-04-15,GPT,DFW,MQ,-4.0,-16.23205604267922
2025-04-07,HNL,ITO,HA,-2.0,-0.3509545183887104
2025-04-10,LAS,OAK,WN,-3.0,9.624529058418569
2025-04-24,ORD,EWR,NK,52.0,64.28917809847766
2025-04-01,LBB,DFW,AA,-6.0,0.9571275152313703
2025-04-15,PHL,SEA,AS,0.0,2.6601182802026617
2025-04-05,IAH,ATL,DL,-2.0,-8.381843181607024
2025-04-14,EWR,BOS,UA,-8.0,-11.67440171398989
2025-04-08,LAX,STL,WN,-4.0,-8.224101769284303
2025-04-11,DCA,MSP,DL,29.0,33.9902350808249
2025-04-08,SLC,MIA,AA,-2.0,-1.337783840174656
2025-04-21,DEN,CPR,OO,-14.0,-13.971587760721771
2025-04-28,PSC,SEA,OO,-12.0,-17.32790382075101
2025-04-11,AUS,ATL,DL,-3.0,-10.378343145524052
2025-04-11,HOU,FLL,WN,-1.0,-8.976459620981977
2025-04-26,MDW,LAS,WN,-12.0,-14.246209796978292
2025-04-15,GEG,DEN,WN,-8.0,-11.880047215967345
2025-04-09,MCO,LGA,DL,10.0,14.814856952052924
2025-04-19,TYS,PHL,OH,-17.0,-15.746111795939072
2025-04-17,SLC,PHX,WN,14.0,6.988726027907953
2025-04-19,ATL,ORF,DL,-6.0,-10.050823667263082
2025-04-25,LAX,MIA,AA,1.0,-3.1835079953245966
2025-04-09,BNA,DAL,WN,-18.0,-15.180229937462613
2025-04-15,SAN,SEA,AS,-26.0,-9.123972487006222
2025-04-21,DTW,SFO,DL,-3.0,-8.35832592589852
2025-04-25,LIT,ATL,DL,-15.0,-12.520957020646264
2025-04-29,PHX,PAE,AS,10.0,5.970597990463286
2025-04-12,LAS,ORD,AA,-7.0,-7.4311298397435035
2025-04-08,SAN,SEA,AS,-7.0,-7.750644154543547
2025-04-01,FLL,ATW,G4,-5.0,-13.234848104405152
2025-04-14,CLT,DAY,OH,-6.0,5.707377635454272
2025-04-14,DEN,LAR,OO,-18.0,-17.71122119866188
2025-04-26,PHX,STL,WN,-7.0,-15.819761612257025
2025-04-08,CMH,DAL,WN,-19.0,-15.363730396249643
2025-04-25,BDL,PBI,B6,5.0,-0.7150085527023133
2025-04-23,DFW,PHL,AA,-10.0,-6.587520023220419
2025-04-02,RIC,BOS,B6,-25.0,-25.88795400695809
2025-04-29,MIA,EWR,UA,0.0,0.047490263130004706
2025-04-23,SEA,PSP,AS,-7.0,-7.415951917597845
2025-04-21,BUF,ATL,DL,-25.0,-18.241010557782968
2025-04-07,PHL,CLT,AA,3.0,-17.15438773702889
2025-04-25,ORD,AUS,UA,-10.0,-6.01386686193832
2025-04-16,DCA,LAX,AA,6.0,6.8987023985663765
2025-04-18,LAX,BOI,OO,-2.0,-11.013029432228027
2025-04-20,MCO,MSP,DL,-12.0,-9.204745806188756
2025-04-11,BUR,SMF,WN,-18.0,-16.910162710573964
2025-04-14,SFO,SNA,UA,-6.0,-13.18484748143679
2025-04-03,ATL,DEN,DL,46.0,31.155362588754784
2025-04-24,MYR,BWI,WN,36.0,27.133288068322656
2025-04-24,EWR,PDX,UA,31.0,43.12161428291928
2025-04-24,PIT,ATL,DL,21.0,18.200756738660044
2025-04-03,BOS,CMH,YX,38.0,36.17507602318837
2025-04-02,MLU,DFW,MQ,-7.0,-11.844814207155075
2025-04-30,ORD,ROA,OO,-10.0,-8.466846907903076
2025-04-17,SEA,LAX,AS,-19.0,-10.70366234271344
2025-04-21,SJU,RDU,F9,92.0,96.86463230781433
2025-04-13,EWR,SYR,YX,-5.0,5.126103948678168
2025-04-14,ATL,LGA,DL,-2.0,-7.543551740397859
2025-04-29,SLC,LAS,WN,-21.0,-8.519771236454059
2025-04-06,SJC,DFW,AA,-3.0,-13.847419580235822
2025-04-13,CLT,MCO,AA,15.0,19.44647464636438
2025-04-07,MSY,MIA,AA,-10.0,-6.446239249890311
2025-04-11,ATL,MDW,WN,18.0,17.958637094174836
2025-04-30,DEN,EWR,UA,147.0,95.58212366442925
2025-04-19,LAS,JFK,B6,375.0,409.61748433473076
2025-04-22,AVL,BOS,G4,8.0,1.935205447389667
2025-04-10,DFW,MCO,AA,-2.0,-14.416122147294878
2025-04-21,CLT,ABE,OH,18.0,-2.7019019864772087
2025-04-08,LAX,EWR,UA,-32.0,-15.80898797220759
2025-04-09,MDW,SDF,WN,-13.0,-11.858013676840116
2025-04-02,TPA,IAD,UA,10.0,-11.834140056036208
2025-04-10,DAL,STL,WN,-10.0,-10.29987817693301
2025-04-16,SEA,PHX,AS,11.0,8.624573919253324
2025-04-29,MDW,LGA,WN,49.0,10.584972298630055
2025-04-06,ORD,MCI,MQ,-9.0,-3.8692719186232836
2025-04-05,MCO,DEN,UA,40.0,-4.8506243078669335
2025-04-08,DEN,MEM,UA,-17.0,-17.396482313058122
2025-04-26,SFO,PSP,OO,-7.0,-7.354947072956275
2025-04-01,FLL,LAX,DL,65.0,63.955978546848556
2025-04-17,LAX,MIA,AA,-14.0,-10.746865845209154
2025-04-01,ONT,AUS,WN,-9.0,-10.941030622157605
2025-04-23,CLT,PDX,AA,1.0,3.3073954836100246
2025-04-09,BOS,LGA,B6,13.0,2.551917910816116
2025-04-22,PHX,SEA,AS,-6.0,-2.126467624486483
2025-04-04,MDW,ELP,WN,3.0,-17.71541695959088
2025-04-29,CLT,DCA,AA,-4.0,-2.688836331560479
2025-04-14,LGA,ATL,DL,1.0,2.1233828578112663
2025-04-21,LAX,SMF,OO,-25.0,-14.998185838885767
2025-04-16,DEN,OKC,OO,20.0,26.03062114815443
2025-04-08,SFO,RDU,UA,-26.0,-21.495606178196805
2025-04-05,SNA,SEA,AS,-15.0,-18.22198888623985
2025-04-04,DCA,ATL,DL,38.0,26.741945848826724
2025-04-16,SFO,BUR,UA,-13.0,-15.07131386665191
2025-04-29,DFW,BHM,MQ,-4.0,-14.082466668803711
2025-04-25,HNL,LIH,HA,-2.0,-4.585373723994543
2025-04-21,DFW,TYS,AA,0.0,-10.01723949857325
2025-04-08,PHX,BWI,WN,-6.0,-8.122153531368312
2025-04-14,OAK,SAN,WN,14.0,9.639775779715256
2025-04-03,CLE,DFW,AA,4.0,-9.274615296936577
2025-04-05,PHL,RSW,AA,140.0,135.5906697580643
2025-04-09,EWR,ORD,UA,11.0,0.6525879562096364
2025-04-25,BIL,LAS,G4,6.0,10.159144124066641
2025-04-11,PHX,IDA,OO,106.0,105.96740892567024
2025-04-28,ORD,LIT,OO,-17.0,-10.384808680300338
2025-04-07,ELP,PHX,MQ,-13.0,-11.322239850509941
2025-04-20,SMF,LAS,WN,-9.0,-9.2233826320574
2025-04-30,PHX,EUG,AA,-6.0,-12.0111110574166
2025-04-06,DTW,MDT,OO,-18.0,-15.262260362410029
2025-04-28,LAX,JFK,AA,17.0,-12.025264306409298
2025-04-28,JFK,SFO,DL,-36.0,-20.178292713058816
2025-04-16,CLT,SAV,OH,43.0,44.26239684044604
2025-04-25,MIA,LGA,AA,13.0,0.07381964154377485
2025-04-02,PHL,DEN,AA,18.0,-1.9296300515702685
2025-04-24,LAS,SLC,DL,-2.0,-2.711451491944459
2025-04-17,DAL,PHX,WN,-9.0,-8.064022778320243
2025-04-09,TPA,CVG,DL,-1.0,-5.799007115948893
2025-04-26,ALB,ATL,DL,2.0,10.393298945544787
2025-04-16,HNL,ITO,HA,7.0,11.276350022960065
2025-04-23,AGS,CLT,OH,-21.0,-15.608582366094954
2025-04-07,BZN,SLC,DL,-24.0,-24.81755797312841
2025-04-03,DFW,IAD,AA,59.0,44.93179281527681
2025-04-05,JFK,LAX,DL,-17.0,-21.19211400453153
2025-04-06,FLL,ORD,NK,-6.0,9.496245014497811
2025-04-12,STX,CLT,AA,-8.0,8.763254337196186
2025-04-25,JAX,MIA,AA,-7.0,3.3746737289743383
2025-04-03,MKE,AUS,WN,91.0,59.24226184537205
2025-04-12,RSW,DEN,UA,-4.0,-5.268001597402712
2025-04-05,SLC,DEN,WN,15.0,10.083935479943833
2025-04-20,CLE,SRQ,F9,-11.0,-3.9650852453531726
2025-04-26,RDU,DCA,AA,-18.0,-10.951545174439186
2025-04-17,ATL,BOS,DL,9.0,10.585451209135531
2025-04-11,PDX,OAK,WN,0.0,-2.495804024341746
2025-04-21,MRY,SAN,OO,-14.0,-3.5294769095665224
2025-04-03,DEN,LBL,OO,-9.0,-11.4920659335531
2025-04-13,LAS,JFK,DL,-31.0,-21.151498534212273
2025-04-21,ATL,STL,DL,-15.0,-8.750657894579227
2025-04-18,CAK,CLT,OH,3.0,-7.374226004282699
2025-04-15,MSP,SAN,DL,4.0,-19.934179386467306
2025-04-06,ATL,DEN,F9,4.0,-13.816524294562342
2025-04-17,FLG,PHX,OO,31.0,21.10670083904103
2025-04-13,DFW,MIA,AA,23.0,15.970776629221028
2025-04-19,SEA,SAN,AS,-22.0,-4.147647665324364
2025-04-05,SAN,LAX,OO,-23.0,-15.256792329957626
2025-04-17,BNA,AUS,WN,-21.0,-19.993433800679128
2025-04-20,PHL,FLL,NK,-25.0,-14.524235124707022
2025-04-18,ORD,FLL,NK,-18.0,-9.577605989960354
2025-04-07,ORD,PDX,AS,-6.0,-1.2088128347203728
2025-04-11,DFW,JAN,OH,-1.0,-19.190623353423682
2025-04-17,MSP,ORD,DL,-9.0,-10.50011288160097
2025-04-25,OAK,LGB,WN,13.0,13.057633763543597
2025-04-17,ATL,EYW,DL,-7.0,-14.527081549538007
2025-04-02,BOS,IND,YX,32.0,1.124053655486894
2025-04-23,SLC,ATL,DL,1.0,-11.70741837117609
2025-04-04,CVG,ORD,OO,55.0,40.795305824335564
2025-04-04,BWI,PBI,WN,-27.0,-16.800210533805373
2025-04-07,SJU,CLT,AA,30.0,27.872729846421787
2025-04-05,MDW,GRR,WN,-4.0,-1.1466426706005786
2025-04-11,SFO,SBA,OO,8.0,3.1576767349738084
2025-04-24,PHX,ELP,OO,-10.0,-9.904066103214525
2025-04-13,ATL,PBI,DL,20.0,-12.969294500491678
2025-04-07,CMH,ATL,DL,31.0,16.744896033357218
2025-04-28,DAL,COS,WN,-18.0,-13.856322043749934
2025-04-29,SLC,TUS,OO,-6.0,-7.635675425391664
2025-04-25,SNA,STS,OO,36.0,25.475561421487804
2025-04-28,SBA,LAX,OO,-15.0,-17.681441401162154
2025-04-17,MCI,AUS,WN,-2.0,-1.9595560342102605
2025-04-25,EYW,PHL,AA,43.0,52.844428306568
2025-04-06,DEN,CLT,AA,5.0,-13.49427880371664
2025-04-09,CLT,ATL,DL,-36.0,-20.350121599380188
2025-04-21,MSP,MKE,DL,-10.0,-15.82211980288523
2025-04-20,PIE,TYS,G4,-10.0,-6.566819775036379
2025-04-28,MSP,SEA,AS,146.0,134.00826772102866
2025-04-24,ORD,LEX,MQ,-9.0,-10.051418862578132
2025-04-03,MIA,TLH,MQ,11.0,-8.909524029447361
2025-04-02,IND,LGA,YX,12.0,-19.535918779503653
2025-04-15,PHL,PWM,AA,-11.0,-19.170138267110747
2025-04-07,DFW,ATL,AA,333.0,330.35095633869304
2025-04-30,PHX,BOI,OO,138.0,139.80449649152277
2025-04-10,IAH,LAX,UA,-19.0,-23.16823819345317
2025-04-12,SIT,JNU,AS,5.0,0.3063044466129048
2025-04-27,DCA,ROC,OH,-14.0,-16.873780907074778
2025-04-19,DCA,SAN,AS,15.0,-8.601755155686963
2025-04-13,SLC,PHX,DL,29.0,21.17357867669499
2025-04-26,DTW,ATL,DL,-24.0,-16.26224319840217
2025-04-01,ATL,IAD,DL,-8.0,-2.475203546335358
2025-04-11,SFO,LAX,DL,15.0,18.237027789628954
2025-04-12,DEN,EWR,UA,-6.0,-14.220758846245005
2025-04-10,EWR,FLL,UA,-3.0,-15.441429673033948
2025-04-05,SFO,GEG,OO,-12.0,-11.08496517347755
2025-04-09,OKC,SEA,AS,0.0,-10.514279769759225
2025-04-08,LGA,MDW,WN,-18.0,-19.081523704055478
2025-04-26,SAN,SMF,WN,-27.0,-19.427476621900745
2025-04-06,DAL,SRQ,WN,7.0,2.3164190361507044
2025-04-04,SNA,SEA,AS,-16.0,-23.06034378041958
2025-04-25,LGA,SDF,YX,-13.0,-19.45549708180824
2025-04-03,BNA,DEN,WN,354.0,322.783861827248
2025-04-27,DEN,MSN,F9,-27.0,-18.151934862826437
2025-04-21,STL,FLL,WN,108.0,89.11649470887383
2025-04-15,LGA,FLL,NK,-15.0,-17.56773738547377
2025-04-26,MBS,ORD,OO,-10.0,-6.113062748135535
2025-04-25,SNA,SEA,AS,48.0,53.30920655460248
2025-04-14,ATL,MSY,NK,-8.0,-4.141039604625568
2025-04-29,DCA,DAY,OH,-29.0,-22.383999307076518
2025-04-04,SLC,XNA,OO,23.0,-14.229322369194385
2025-04-05,HOU,MSY,WN,-18.0,-12.39129767187542
2025-04-17,ICT,DEN,WN,-10.0,-18.404810555104838
2025-04-14,SAT,OKC,WN,-12.0,-13.207501661596663
2025-04-07,RNO,LAS,WN,4.0,2.157049924473405
2025-04-22,CMH,DFW,MQ,-20.0,-10.545151527599655
2025-04-03,PIE,SGF,G4,130.0,92.18236547111047
2025-04-28,BNA,LAS,WN,-10.0,-1.262137044536379
2025-04-20,IAD,DEN,UA,-30.0,-26.99384908230926
2025-04-17,STL,BWI,WN,-18.0,-12.782049508700275
2025-04-12,SAN,DEN,WN,-16.0,-13.409024236009323
2025-04-21,SLC,SEA,AS,-9.0,-17.24675565194977
2025-04-19,SLC,DFW,AA,15.0,0.6978229386675325
2025-04-01,STL,TUL,WN,-4.0,-4.540669429829766
2025-04-16,SFO,MIA,UA,-35.0,-18.087276880112796
2025-04-20,DAL,TUL,WN,-12.0,-3.2809370322507316
2025-04-22,ATL,MIA,AA,7.0,4.832824971163673
2025-04-14,DEN,ATL,F9,-28.0,-8.575133096866532
2025-04-29,ORD,BNA,MQ,-4.0,-5.487578270959332
2025-04-03,FAT,PHX,OO,75.0,70.06441057278758
2025-04-01,BOS,CHS,DL,-15.0,-17.634799763424652
2025-04-07,ATL,PHL,DL,29.0,35.32592223060731
2025-04-13,IAH,LAX,UA,-15.0,-12.984955109490702
2025-04-17,TPA,IND,F9,33.0,22.512336026102577
2025-04-27,ORF,ATL,DL,-12.0,-2.9442708400761965
2025-04-07,SLC,PHL,DL,12.0,-14.256367011047349
2025-04-18,SDF,LGA,YX,-11.0,-11.52300727144091
2025-04-04,SAN,DFW,AA,26.0,0.19045347555148595
2025-04-30,IAH,TUL,OO,10.0,9.21180098251286
2025-04-08,SEA,PHX,DL,-21.0,-20.684880491557387
2025-04-22,DFW,LAS,AA,11.0,18.01207324896018
2025-04-06,SEA,BOI,OO,-26.0,-20.70972240195737
2025-04-21,BNA,LAX,DL,-19.0,-20.90406118061056
2025-04-28,SAN,SFO,UA,-27.0,-14.599325873373274
2025-04-03,PHX,PDX,AS,-27.0,-24.810033120804306
2025-04-30,AZO,DTW,OO,-10.0,-6.396241706856072
2025-04-08,ORD,MLI,OO,7.0,-1.7060001716172
2025-04-07,CVG,DFW,AA,-7.0,-10.932150687882384
2025-04-15,CLT,ORD,AA,55.0,49.318189130013344
2025-04-19,BOS,ATL,DL,-17.0,-14.917330729053958
2025-04-09,IAH,PIB,OO,51.0,60.34844737897833
2025-04-22,MLI,DEN,OO,3.0,-1.7839462495644236
2025-04-12,SEA,MCO,AS,-6.0,8.289948548726443
2025-04-12,BWI,FLL,NK,-27.0,-13.287264713150186
2025-04-07,CLE,LGA,OO,-20.0,-14.864717156101122
2025-04-05,DEN,EUG,UA,-7.0,1.1428810788776387
2025-04-03,ASE,DEN,OO,1.0,-23.146636444256103
2025-04-18,RIC,CLT,AA,-16.0,-7.518411302713925
2025-04-15,ORD,MCO,AA,-26.0,-15.781909186813337
2025-04-28,JAX,JFK,B6,-18.0,-24.508179481530192
2025-04-02,EWR,CLT,AA,-23.0,-17.482887918768203
2025-04-23,SFO,PSP,OO,2.0,7.222586611844211
2025-04-14,MCO,CVG,F9,3.0,11.464834518493465
2025-04-29,SJC,HNL,HA,-20.0,1.5643751123754335
2025-04-23,EWR,MCO,UA,-6.0,-10.42609727020039
2025-04-26,BNA,DEN,WN,-9.0,-15.534101183430032
2025-04-09,MSP,MOT,OO,-19.0,-15.963163138494693
2025-04-29,MFR,SFO,OO,-13.0,-12.750125262125621
2025-04-14,BOS,DFW,AA,-4.0,-10.005526244769136
2025-04-18,SBA,SFO,OO,19.0,29.470108052761415
2025-04-04,DCA,MCI,OH,-11.0,-23.51375423902688
2025-04-12,BWI,SLC,WN,-17.0,-13.739002959313467
2025-04-07,SFO,MIA,AA,2.0,-10.144727140204532
2025-04-10,CLT,GSP,OH,63.0,48.119823885788655
2025-04-20,EWR,MSP,DL,2.0,-10.454275714480115
2025-04-05,DEN,BOS,WN,6.0,9.057689367755252
2025-04-14,CMH,PHX,WN,5.0,-14.949148148055741
2025-04-20,DTW,CMH,YX,-14.0,-11.868850680936518
2025-04-11,DEN,SLC,F9,-20.0,-16.44891039067257
2025-04-25,CLT,GRR,AA,143.0,144.64274802049806
2025-04-13,BWI,LAX,NK,-8.0,-14.557250186983467
2025-04-24,DCA,IAH,UA,3.0,-14.06402692702455
2025-04-03,MDW,SJC,WN,-25.0,-20.23499425359396
2025-04-18,BWI,BOS,WN,-9.0,-9.088613847789844
2025-04-17,ORF,CLT,OH,-29.0,-21.1593485303424
2025-04-05,DFW,ELP,AA,31.0,22.22569308131899
2025-04-03,BOI,LAX,OO,-29.0,-15.277904285715138
2025-04-22,JFK,BNA,YX,-8.0,-20.745301655746697
2025-04-10,DEN,LAS,UA,114.0,119.20597059179539
2025-04-13,SLC,MSO,OO,-18.0,-13.284528961885101
2025-04-26,ATL,STL,DL,-11.0,-10.962932464922467
2025-04-04,MYR,ALB,G4,-27.0,-22.241769126078278
2025-04-25,CHA,DCA,OH,27.0,24.72976575107258
2025-04-08,BWI,MHT,WN,10.0,9.931863441718967
2025-04-25,LGA,DAY,YX,-30.0,-22.60040129243854
2025-04-23,LAX,DEN,DL,-20.0,-21.185155119354086
2025-04-11,PHX,SNA,WN,-13.0,-8.53767100688555
2025-04-06,DFW,JAX,AA,13.0,-4.011631823862501
2025-04-16,MCO,CLE,F9,-14.0,-19.270614758935558
2025-04-22,PIT,MCO,NK,-13.0,-17.900459908832993
2025-04-30,DCA,JAX,AA,2.0,-8.227831109280054
2025-04-21,DFW,EWR,UA,37.0,40.187582075757405
2025-04-21,PHX,SNA,WN,-2.0,-6.368310488527156
2025-04-10,CHA,DFW,OH,-27.0,-24.45745495008876
2025-04-11,RDM,SEA,OO,17.0,21.850182092517542
2025-04-22,ATL,MCO,DL,-10.0,-6.6467592060287135
2025-04-12,DFW,OKC,OO,6.0,16.624144314363285
2025-04-12,BUR,SMF,WN,-14.0,-10.649663841319704
2025-04-27,DFW,SLC,AA,1.0,-2.1831489587378528
2025-04-30,CHS,PHL,YX,12.0,13.437722042531139
2025-04-17,STL,RSW,WN,6.0,5.152686869282345
2025-04-27,LAS,BOS,B6,25.0,24.004694246071764
2025-04-07,AUS,MCO,WN,-9.0,-12.186676912828652
2025-04-16,SJU,BOS,F9,25.0,-9.98402486582316
2025-04-04,PHX,DCA,AA,-5.0,-12.792649766382084
2025-04-19,SJU,CLT,AA,-7.0,15.40187365310796
2025-04-24,IAD,SFO,UA,0.0,-19.202501978830767
2025-04-28,MCO,PHL,AA,51.0,48.96289998262943
2025-04-09,HOU,BNA,WN,-17.0,-13.378054419658973
2025-04-06,BWI,HOU,WN,-3.0,-10.046187923175037
2025-04-20,MIA,DCA,AA,-8.0,-2.6291851266680197
2025-04-24,SLC,SMF,DL,-13.0,-16.23436850479118
2025-04-17,AUS,JFK,AA,16.0,15.605519437310123
2025-04-02,LAX,DEN,OO,-22.0,-21.804207835399787
2025-04-30,MCI,ORD,UA,-15.0,-11.87914858255694
2025-04-23,DEN,OKC,F9,-19.0,-19.667122839634455
2025-04-13,SLC,SFO,OO,-20.0,-10.430415237239496
2025-04-28,DCA,JFK,YX,5.0,-13.684842097835006
2025-04-24,SLC,GTF,OO,-7.0,-14.857145784084352
2025-04-12,IAD,DEN,UA,-12.0,-5.584736500819069
2025-04-16,TVC,ORD,UA,-6.0,-17.213770585667536
2025-04-13,DFW,TYR,OO,31.0,21.241903041456794
2025-04-21,STL,ORD,YX,17.0,10.960361507713454
2025-04-27,DTW,OMA,OO,-9.0,-6.862699625402515
2025-04-09,DEN,DRO,UA,-5.0,-9.378515420691233
2025-04-03,LAX,SAN,OO,4.0,13.211088170302173
2025-04-21,SEA,BOI,OO,-11.0,-9.640073377823953
2025-04-10,FLL,SJU,B6,-13.0,-4.300469768411222
2025-04-01,COD,DEN,OO,-21.0,-15.854114905597651
2025-04-17,MYR,BNA,WN,-2.0,-13.176120281159871
2025-04-26,GJT,DEN,OO,-8.0,-5.743058920474301
2025-04-07,OKC,DFW,OO,8.0,7.062832247330418
2025-04-09,MCO,DFW,AA,-27.0,-16.972527935145692
2025-04-08,RDU,PIT,YX,-22.0,-18.48309958024111
2025-04-20,HNL,ITO,HA,-8.0,-5.8990771996923765
2025-04-27,EWR,IAH,UA,4.0,-3.57629488003872
2025-04-17,DAL,MCO,WN,-5.0,2.5787806187956033
2025-04-03,SFO,DFW,AA,25.0,19.209597339899116
2025-04-02,DEN,SFO,UA,9.0,8.972089209437573
2025-04-16,HOU,DCA,WN,-16.0,-8.809666831895424
2025-04-06,PHX,MSP,DL,1.0,-16.011618831733372
2025-04-19,COS,DEN,UA,-16.0,-18.853399539303958
2025-04-18,KOA,HNL,HA,7.0,8.672337470019347
2025-04-16,LAS,AUS,WN,-9.0,-8.94453725717127
2025-04-12,MCI,ORD,MQ,-5.0,-8.605820351917636
2025-04-14,LAX,LAS,DL,-11.0,-8.786511825553372
2025-04-09,DFW,BOS,AA,-20.0,-6.670742964887609
2025-04-17,ORD,SFO,AA,89.0,81.80128228664731
2025-04-28,DEN,DFW,F9,-18.0,-19.29990791934128
2025-04-11,ATL,DAL,DL,4.0,2.415500819601669
2025-04-25,DCA,SEA,AS,85.0,72.7818772830206
2025-04-06,MDW,LAS,WN,0.0,22.850290819335406
2025-04-10,BWI,STL,WN,5.0,0.9614969551806754
2025-04-21,SAN,LAS,WN,-12.0,-8.219214835262658
2025-04-06,CVG,MCO,WN,7.0,-0.2740476268510399
2025-04-15,RDU,JFK,B6,54.0,63.57977432079243
2025-04-28,DTW,IND,YX,-2.0,-2.0646023882792823
2025-04-08,CLT,IND,AA,-9.0,-13.178343308963044
2025-04-17,DSM,DEN,WN,1.0,-6.271308891401411
2025-04-01,CLT,DSM,AA,-20.0,-9.422360597945122
2025-04-12,PRC,LAX,OO,-8.0,-4.890588953750964
2025-04-23,GRK,DFW,MQ,76.0,72.67831796897471
2025-04-25,LAX,SMF,WN,4.0,13.753398301179587
2025-04-04,RDU,DCA,MQ,-7.0,3.565239400814219
2025-04-17,EWR,PDX,AS,8.0,2.8376529048309487
2025-04-07,HRL,HOU,WN,-18.0,-11.95157444143495
2025-04-04,FLL,LGA,B6,45.0,52.54405124476327
2025-04-04,JAX,MIA,AA,2.0,5.47025928344355
2025-04-02,ABQ,LAX,OO,-9.0,-17.833858341445268
2025-04-10,DCA,JFK,YX,139.0,149.39818587422818
2025-04-09,CLE,DEN,UA,-4.0,-18.97780161878079
2025-04-18,KTN,WRG,AS,-31.0,-26.843719157897063
2025-04-29,BWI,CHS,WN,-2.0,-9.929312380366273
2025-04-26,BOS,ATL,NK,25.0,36.947291664610184
2025-04-01,EWR,SMF,UA,-17.0,-27.191953532520046
2025-04-09,SGF,ORD,MQ,8.0,11.627136083413797
2025-04-15,LGA,DCA,YX,11.0,2.000619493995014
2025-04-15,DTW,PHX,DL,-8.0,-9.84484239586881
2025-04-09,DEN,SEA,WN,19.0,-0.02954341550393469
2025-04-30,LAX,ORD,UA,-11.0,-7.339211412125859
2025-04-20,PHX,SLC,WN,-9.0,-12.811579549787613
2025-04-09,AUS,PHX,AA,-22.0,-15.778876180946519
2025-04-28,SNA,SEA,AS,10.0,-5.518047564856033
2025-04-21,IAH,DCA,UA,131.0,127.0714236377029
2025-04-23,HOU,LAS,WN,18.0,12.03662419471899
2025-04-17,MIA,SAT,AA,34.0,24.350645965967267
2025-04-10,OMA,DFW,AA,30.0,45.45908812053415
2025-04-21,LGA,SAV,YX,1.0,-0.7322081122828195
2025-04-20,DEN,EWR,UA,-8.0,-8.794760648177702
2025-04-01,SAN,BNA,WN,-18.0,-5.211698216343315
2025-04-20,BOS,LGA,YX,-17.0,-13.399213633261418
2025-04-19,MSP,DEN,UA,221.0,209.37045947452557
2025-04-09,PIT,DCA,YX,-6.0,-2.0146390364056437
2025-04-29,RNO,DEN,UA,128.0,126.19124282300066
2025-04-10,ORD,DFW,UA,17.0,34.0410716400134
2025-04-03,PDX,DEN,UA,64.0,51.680440195201356
2025-04-21,XNA,DFW,MQ,-7.0,-8.047435638497127
2025-04-02,MCI,SLC,DL,-4.0,0.6782189282280857
2025-04-14,ABQ,DFW,AA,30.0,28.365824433995805
2025-04-02,PHL,DFW,AA,-11.0,-10.15644427258961
2025-04-17,CVG,MIA,MQ,-4.0,-2.5806432699894994
2025-04-21,SJU,BDL,B6,21.0,15.766037543094566
2025-04-27,DEN,ATW,OO,-25.0,-19.8517978220145
2025-04-11,EWR,SJU,UA,-23.0,-24.43381969266427
2025-04-26,MDW,ALB,WN,-11.0,-11.34786521366658
2025-04-17,ATL,CVG,DL,10.0,6.4899593073626
2025-04-13,CLT,LEX,OH,5.0,2.889222459987108
2025-04-25,SAN,EWR,UA,-19.0,-12.011631003691264
2025-04-06,LAX,OAK,WN,-20.0,-12.953381258537597
2025-04-21,DFW,CID,MQ,-13.0,-13.502501696542645
2025-04-20,PDX,DFW,AA,-15.0,1.0078572746437011
2025-04-02,DFW,PHX,AA,-2.0,-7.205878485299506
2025-04-03,DCA,PWM,OH,-10.0,-13.677321447432679
2025-04-02,SLC,EWR,DL,1.0,-1.7683473703789785
2025-04-01,GRR,EWR,YX,-17.0,-11.439173037598628
2025-04-09,SFO,RDD,OO,4.0,3.834098584975548
2025-04-27,JFK,BNA,YX,40.0,23.421869484841597
2025-04-26,EYW,PIE,G4,-15.0,-11.59211559372008
2025-04-15,SAN,ORD,UA,-18.0,-9.42136289755712
2025-04-18,SAN,SMF,WN,18.0,5.299012268109305
2025-04-16,MCO,AUS,WN,-8.0,-13.103762455294468
2025-04-05,SRQ,ATL,DL,-23.0,-12.506761856980741
2025-04-28,MIA,ORD,UA,6.0,1.3739665780654082
2025-04-24,DTW,MDW,WN,-21.0,-15.7917762968641
2025-04-16,OGG,HNL,HA,7.0,2.3511374401740124
2025-04-28,TLH,MIA,MQ,-18.0,-16.325209982338652
2025-04-27,XWA,DEN,OO,0.0,-0.48986875095550886
2025-04-14,DAL,LGA,WN,-19.0,-15.18250545805195
2025-04-22,OKC,HOU,WN,-12.0,-10.98335321465973
2025-04-11,MDW,LGA,WN,8.0,11.120218137876103
2025-04-16,LAX,OGG,DL,-35.0,-18.61475807452957
2025-04-10,CMH,MCO,WN,-8.0,-14.50572274714522
2025-04-06,DEN,CYS,OO,-15.0,-16.257274698798177
2025-04-23,ORD,ALB,YX,-10.0,-11.207197792359679
2025-04-28,MOB,DFW,OH,-2.0,-13.722999626008068
2025-04-10,DCA,BOS,AA,-8.0,-10.605356061516105
2025-04-04,TOL,SFB,G4,193.0,186.95520676728654
2025-04-10,RDU,DFW,AA,-6.0,-7.080064649767044
2025-04-14,BNA,PBI,WN,-5.0,-7.367681728582562
2025-04-03,DEN,SLC,WN,55.0,58.35114692091261
2025-04-01,ORF,ATL,DL,17.0,19.15096526252163
2025-04-14,SFO,SLC,OO,-7.0,-14.72623039672327
2025-04-19,SEA,LAS,AS,-10.0,-17.255529269431204
2025-04-09,DEN,SAV,UA,-27.0,-20.459967053613944
2025-04-08,BOI,PHX,OO,-7.0,-7.0385889728794915
2025-04-09,HOB,DEN,OO,-15.0,-17.407509161853067
2025-04-04,SAN,SMF,OO,-19.0,-21.76657434707581
2025-04-14,FAT,PHX,OO,-1.0,-10.416599526845687
2025-04-28,DFW,DTW,AA,171.0,178.93040773395822
2025-04-17,MSP,CVG,DL,11.0,8.819148300666598
2025-04-26,RNO,SAN,WN,-1.0,-7.517604837167909
2025-04-28,EWR,DEN,UA,15.0,25.028964808796417
2025-04-02,PHL,CLT,AA,-10.0,-10.372241058912495
2025-04-16,HPN,DCA,OH,-17.0,-21.75345313891484
2025-04-21,MCO,DFW,AA,-18.0,-3.4622833220303804
2025-04-23,DCA,LGA,YX,-3.0,-4.737659054366622
2025-04-24,DTW,RSW,DL,-4.0,-15.495681868564454
2025-04-29,IAD,JST,OO,1.0,4.010292263428901
2025-04-22,ORD,DTW,YX,-23.0,-11.60180997550453
2025-04-20,PHX,AUS,WN,-5.0,-2.989204196343131
2025-04-24,EWR,MIA,UA,-8.0,15.336307668543233
2025-04-22,SMF,PHX,WN,-12.0,-11.044932317387147
2025-04-11,RSW,MSP,DL,5.0,-9.610921448676237
2025-04-28,SFO,IAD,AS,-12.0,-10.984335752387452
2025-04-15,BWI,PIT,WN,9.0,10.404627353595373
2025-04-17,MSP,DFW,AA,-8.0,-8.167872927203687
2025-04-20,PVD,CLT,AA,-16.0,-9.814853698768694
2025-04-13,MSY,FLL,NK,5.0,9.132036429416122
2025-04-02,DCA,MCI,OH,181.0,155.76988272841473
2025-04-06,LAX,OGG,UA,-30.0,-13.878480976859581
2025-04-10,GRR,DTW,DL,2.0,-6.016578272452348
2025-04-24,RDU,LAS,WN,1.0,-11.577972190807646
2025-04-26,EYW,LGA,YX,274.0,259.77783719669236
2025-04-27,MRY,PHX,OO,-5.0,-6.522273908692739
2025-04-25,DFW,FLL,AA,-2.0,-9.888789815420127
2025-04-02,JFK,RDU,YX,-8.0,-15.847446520665013
2025-04-23,BWI,CLT,WN,-3.0,4.919184825930698
2025-04-10,DFW,CLE,AA,-18.0,-12.600677673231594
2025-04-26,LAS,PIT,WN,-23.0,-9.009978807138527
2025-04-09,STL,OMA,WN,-3.0,-7.016865960416533
2025-04-12,ABQ,HOU,WN,-18.0,-14.859876870970204
2025-04-22,MKE,DFW,AA,-21.0,-14.176413555180403
2025-04-07,IAH,ATL,F9,210.0,198.5676190725078
2025-04-14,DEN,BUR,UA,-19.0,-16.013479552960685
2025-04-29,ORD,JLN,OO,23.0,3.658001893738506
2025-04-21,BNA,CMH,WN,-12.0,-7.976266030572329
2025-04-24,LAS,BUR,NK,9.0,-7.88649200440609
2025-04-27,DCA,BNA,YX,4.0,3.27010953690508
2025-04-11,TYS,DEN,UA,-4.0,4.643499498436622
2025-04-20,BOI,SFO,OO,-11.0,-18.758207395628798
2025-04-21,DFW,TXK,OO,-2.0,5.696446673013185
2025-04-04,SMF,SLC,DL,14.0,-3.1423714367480997
2025-04-14,SYR,ORD,YX,-9.0,-23.852751733574955
2025-04-26,DSM,ATL,DL,-5.0,-3.0443050923848425
2025-04-01,BUR,PHX,WN,-33.0,-22.40055130273896
2025-04-30,SJC,LGB,WN,-6.0,-9.335441352868747
2025-04-04,SEA,ANC,AS,-22.0,-4.953344132594474
2025-04-04,SNA,LAS,OO,103.0,95.14107650018067
2025-04-20,DCA,LGA,YX,2.0,10.716744344813787
2025-04-14,SJU,CLT,AA,-20.0,-7.967619837181841
2025-04-29,SEA,ONT,OO,-4.0,-2.2987772017503474
2025-04-12,GCC,DEN,OO,-28.0,-26.69561312503484
2025-04-27,IAH,PHL,AA,-13.0,-14.855557215918193
2025-04-12,SJC,KOA,AS,-48.0,-19.49825353210652
2025-04-25,OKC,HOU,WN,53.0,41.22365125301594
2025-04-04,PDX,DFW,AA,-4.0,-10.884438699984095
2025-04-14,LAS,SFO,UA,15.0,8.338905317027608
2025-04-22,ORD,ATL,DL,-12.0,-15.256910718342443
2025-04-23,MSP,SAT,DL,-18.0,-17.428959144266543
2025-04-24,EWR,SFO,UA,31.0,25.4314632752443
2025-04-13,EYW,CLT,AA,219.0,217.58089131655706
2025-04-24,JFK,CLT,AA,-20.0,-7.030581688337296
2025-04-03,PHX,SMF,WN,-20.0,-14.702140879653385
2025-04-12,DEN,CVG,WN,-10.0,-9.994021195981759
2025-04-09,BDL,BWI,WN,1.0,-12.019059232225988
2025-04-30,EWR,MCO,UA,-33.0,-23.328229958368787
2025-04-01,SLC,MSY,DL,-1.0,-2.0936893678761344
2025-04-25,CMH,ATL,DL,-18.0,-14.504714267208747
2025-04-10,ORD,FWA,MQ,0.0,-2.4923142721056726
2025-04-11,ORD,RSW,UA,26.0,34.365753246221665
2025-04-18,ORD,XNA,MQ,3.0,-8.268891684609853
2025-04-25,EWR,MIA,AA,-5.0,3.0872085517250003
2025-04-15,AUS,SAN,OO,0.0,1.436951767124424
2025-04-23,SMF,PHX,WN,-3.0,-0.8563768571194181
2025-04-19,EWR,AVL,YX,-31.0,-18.5864906048123
2025-04-22,MSP,DEN,DL,-8.0,-14.952833787899657
2025-04-26,SFO,PDX,OO,-13.0,-1.9357017175044149
2025-04-06,STL,RSW,WN,5.0,-13.060449240070394
2025-04-13,IAH,BOS,UA,22.0,6.263722443652778
2025-04-30,SDF,LGA,YX,-14.0,-7.724992720544263
2025-04-07,ORD,EWR,UA,62.0,71.75947315844635
2025-04-15,LGA,BOS,YX,3.0,4.7176801618387
2025-04-16,PHL,DEN,UA,21.0,-23.61434521710884
2025-04-18,EYW,CLT,AA,2.0,-0.3468349854471189
2025-04-29,GRR,MSP,OO,17.0,4.192164912461632
2025-04-02,IAH,MIA,UA,-12.0,-16.059685802011703
2025-04-04,MSN,DFW,AA,213.0,174.05935657006864
2025-04-03,SEA,OMA,AS,-1.0,-4.656618076827074
2025-04-02,DTW,CMH,OO,10.0,11.234194851521208
2025-04-27,LAX,MSY,WN,-17.0,-21.081106008916812
2025-04-07,SYR,SFB,G4,34.0,-4.321428844522121
2025-04-16,ORD,DFW,AA,-37.0,-24.541287959505656
2025-04-12,DFW,GSP,AA,-7.0,-15.137886878521943
2025-04-28,LAX,LAS,WN,-10.0,-0.15002979465157473
2025-04-21,SEA,HNL,DL,-9.0,4.01073789410818
2025-04-01,SAT,ATL,DL,-19.0,-9.6889619121185
2025-04-24,SEA,SLC,DL,-13.0,-20.939459498578977
2025-04-06,RNO,LAS,WN,19.0,21.122226525100075
2025-04-27,LAS,OAK,NK,31.0,30.417498488217927
2025-04-22,PHX,PHL,AA,-17.0,-15.442578023790666
2025-04-18,KOA,HNL,HA,-9.0,-8.347130034362568
2025-04-06,DEN,BFF,OO,41.0,37.71148974424579
2025-04-23,LGA,MIA,DL,-24.0,-4.373980710938358
2025-04-23,MIA,TPA,AA,-4.0,-8.74517973019964
2025-04-21,CLT,BHM,OH,-6.0,5.581976969735603
2025-04-12,MCO,MSP,DL,-14.0,-27.76992430468207
2025-04-01,RSW,CVG,DL,-7.0,-5.804066950359601
2025-04-25,DFW,JAX,AA,-18.0,-11.606828157257361
2025-04-04,SMF,SEA,OO,-13.0,-13.461914407068676
2025-04-29,GRB,ATL,DL,0.0,-14.386374197782253
2025-04-20,SEA,BOI,OO,1.0,-5.514998328081511
2025-04-15,ATL,MCI,DL,3.0,-8.635790361080023
2025-04-16,ORD,LAX,AA,11.0,-4.464298627796506
2025-04-04,MCO,LAX,DL,-14.0,-5.80250965531131
2025-04-05,SAN,AUS,WN,-13.0,-18.142310767918033
2025-04-25,PHL,ATL,DL,-5.0,-4.418399809535613
2025-04-10,LAS,DEN,UA,-2.0,-6.549354197972798
2025-04-21,OMA,DTW,OO,47.0,53.986399566011634
2025-04-18,PGD,TOL,G4,232.0,235.03005039578872
2025-04-26,ATL,AUS,DL,-15.0,-6.487149277206196
2025-04-14,MIA,ORD,AA,-4.0,-10.002902446634739
2025-04-26,DAY,ORD,OO,7.0,-15.581264440466882
2025-04-04,SRQ,ATL,DL,-22.0,-15.508520426223491
2025-04-18,BNA,MSP,DL,-29.0,-26.05493577424557
2025-04-09,ATW,SRQ,G4,-35.0,-32.53478909393617
2025-04-27,SLC,LAS,DL,-7.0,-13.842157924579382
2025-04-12,DEN,TPA,UA,-11.0,-3.7441333187359334
2025-04-12,SMF,CLT,AA,-40.0,-20.279467377217436
2025-04-28,PHX,FLG,OO,65.0,79.91479227270185
2025-04-02,EWR,GRR,YX,207.0,153.8261382097305
2025-04-19,SNA,OAK,WN,-13.0,-10.50702968093544
2025-04-29,CAE,ATL,DL,-21.0,-8.959881473037745
2025-04-16,DCA,JAN,OH,-9.0,-1.7613808527583341
2025-04-05,DEN,ORD,UA,4.0,8.627613752684976
2025-04-14,GRR,DFW,MQ,-10.0,-21.94626688104824
2025-04-24,BWI,SJU,WN,-10.0,-6.28793374217798
2025-04-18,ORD,GRR,YX,-15.0,-6.511702377298558
2025-04-28,PHX,PDX,AA,-18.0,-13.437353331705772
2025-04-09,MSP,MCI,DL,-14.0,-19.69822242433257
2025-04-01,RDU,ORD,YX,-7.0,-15.1768208337405
2025-04-03,BOS,DCA,YX,32.0,10.4055479422468
2025-04-24,AZA,BIS,G4,-21.0,-18.013828848717075
2025-04-10,BNA,ATL,DL,-7.0,-16.424511201066842
2025-04-07,BNA,SEA,AS,-20.0,-10.284926398252951
2025-04-09,SLC,PSC,OO,-12.0,-15.252929068770673
2025-04-28,BOS,SAN,DL,-10.0,-16.652065568728673
2025-04-29,PDX,PSP,OO,-16.0,-12.480666388128657
2025-04-01,SFO,EWR,UA,-20.0,-5.088205728467001
2025-04-02,PBI,LGA,DL,35.0,36.38713741094979
2025-04-26,MCO,LGA,B6,-9.0,-6.977700642586688
2025-04-07,PIT,LAS,WN,-24.0,-1.262906158866465
2025-04-24,ORD,MCW,OO,-11.0,-8.160100735079475
2025-04-08,LAX,ABQ,OO,-7.0,-9.778018472651869
2025-04-13,LAS,ONT,WN,-7.0,-13.834697017329447
2025-04-23,MCO,LAX,DL,221.0,207.61817384301835
2025-04-09,MSY,DAL,WN,-12.0,-5.724284839680781
2025-04-20,MIA,SLC,AA,39.0,35.3129371722818
2025-04-13,PHL,BOS,YX,-22.0,-18.48992172662677
2025-04-13,LAS,CMH,WN,-20.0,-11.644060053646719
2025-04-29,MYR,BOS,NK,7.0,2.9856537842637034
2025-04-13,PHL,MCO,F9,130.0,150.09017272418436
2025-04-08,BWI,BOS,NK,74.0,81.06034763046995
2025-04-08,LGB,HOU,WN,-10.0,-11.004819048739282
2025-04-24,PHX,ONT,WN,25.0,18.87361821354266
2025-04-10,DEN,RNO,UA,-13.0,-7.799202262535918
2025-04-04,SAV,MDW,WN,-10.0,-13.276716286799548
2025-04-26,STL,PHL,AA,-11.0,-13.925963268886722
2025-04-02,BUR,ATL,DL,22.0,19.039202074738576
2025-04-07,DCA,MSP,DL,-18.0,-20.05340885197606
2025-04-22,LGA,FLL,NK,-38.0,-27.021538424027135
2025-04-29,JFK,SAN,B6,-21.0,-24.207483909901413
2025-04-14,BWI,CVG,WN,-2.0,-3.1392913136676786
2025-04-05,CMH,DTW,OO,-3.0,-5.110987062391942
2025-04-03,MDW,ATL,WN,13.0,12.543159140768871
2025-04-30,BOS,RDU,DL,-28.0,-16.764544232529087
2025-04-19,DFW,MAF,MQ,55.0,1.0081763631996132
2025-04-28,OKC,ORD,YX,-24.0,-13.11945971312251
2025-04-18,LAS,SFO,F9,-10.0,-12.022529654040639
2025-04-23,CMH,DEN,UA,-19.0,-22.682546906221173
2025-04-10,LAX,BOS,B6,-23.0,-21.01554796808581
2025-04-21,LAX,ATL,DL,-13.0,-4.334945796534539
2025-04-15,MSP,BNA,DL,-7.0,1.3782388313775833
2025-04-20,FLL,CMH,NK,-3.0,-1.3416353583286398
2025-04-29,ATL,IAH,DL,-5.0,-4.516412431403639
2025-04-06,GRB,DTW,OO,-7.0,-6.8996829434539
2025-04-17,MSP,PHX,F9,-1.0,-13.46682826668961
2025-04-29,JFK,LAX,DL,-30.0,-15.724364990740106
2025-04-27,ATL,SJU,DL,9.0,-3.4348411583118654
2025-04-23,RSW,JFK,DL,-17.0,-3.3209672673656776
2025-04-15,SAT,TPA,NK,-15.0,-10.988319331363119
2025-04-09,LAX,BNA,DL,-5.0,-17.037449416133953
2025-04-28,ORD,GRB,MQ,-11.0,-13.902024964865227
2025-04-19,BIL,DFW,MQ,5.0,-8.02152491365852
2025-04-21,MIA,JAX,MQ,-9.0,-14.736178761675504
2025-04-27,MDW,BWI,WN,-11.0,-3.809794822057265
2025-04-09,PHL,PHX,AA,-20.0,-17.769510211704777
2025-04-28,SAN,SEA,DL,-18.0,-19.373311350929807
2025-04-08,JFK,SFO,AA,6.0,-3.3450443351996366
2025-04-25,ROC,MCO,WN,-16.0,-15.06847865323845
2025-04-10,DTW,SFO,DL,20.0,33.047671125399255
2025-04-29,PHX,LAS,AA,13.0,7.59132007616594
2025-04-30,TUS,DEN,WN,-7.0,-10.527973033256517
2025-04-15,SFO,LAS,F9,-5.0,-3.2366913762510467
2025-04-05,SAN,SMF,WN,-3.0,-10.339147111644234
2025-04-14,CLT,MKE,AA,9.0,-4.2240791744891375
2025-04-24,CLT,BOS,AA,2.0,-1.4343060434478971
2025-04-05,BOS,ORD,UA,19.0,-17.627843878848072
2025-04-18,SNA,LAS,NK,-1.0,3.008768191997753
2025-04-04,DEN,GEG,WN,-3.0,1.362808105295608
2025-04-19,KOA,HNL,WN,-4.0,-12.633805419596758
2025-04-02,LAX,SEA,AS,-16.0,-14.947056225730154
2025-04-06,DEN,ONT,UA,-12.0,0.5888413616499948
2025-04-26,MSY,ORD,UA,25.0,29.11024894259548
2025-04-02,SLC,DEN,DL,38.0,35.98636833357784
2025-04-30,CLT,BNA,OH,25.0,36.45096135062269
2025-04-01,DEN,SDF,UA,-10.0,-16.39103012371226
2025-04-13,DFW,DEN,AA,-13.0,-8.596326950950742
2025-04-05,SEA,SLC,DL,-5.0,-11.40757040915667
2025-04-08,BWI,STL,WN,1.0,-1.1621740475768583
2025-04-29,ONT,DFW,AA,-10.0,-8.761693091397772
2025-04-25,PBI,BNA,WN,-9.0,-11.51460653744035
2025-04-13,AVL,SRQ,G4,-16.0,-15.780824227155385
2025-04-13,SAN,DEN,WN,-18.0,-5.323738878740972
2025-04-05,SBP,DEN,UA,5.0,-10.889103489728381
2025-04-16,ABQ,OAK,WN,-9.0,-18.133424058748364
2025-04-28,SLC,AUS,WN,5.0,-6.058848839372946
2025-04-22,FAT,PHX,AA,-8.0,-7.97412622513535
2025-04-20,PHL,BOS,AA,-15.0,-15.697906118240866
2025-04-11,ACY,PBI,NK,-14.0,-12.84666092697131
2025-04-30,BQN,JFK,B6,-30.0,-24.416890992997885
2025-04-26,CMH,JFK,YX,8.0,-11.830551907368687
2025-04-12,EWR,MSY,UA,-34.0,-9.105462938601647
2025-04-11,SFO,LAS,F9,7.0,18.383703071964447
2025-04-09,STL,PHX,WN,-12.0,-15.25241479973042
2025-04-04,SNA,ATL,DL,-9.0,-2.1103132675409677
2025-04-21,ORD,SAV,UA,-18.0,-14.777644562558002
2025-04-24,ORD,CLT,UA,-12.0,-12.075234413742745
2025-04-20,JFK,LAS,DL,-12.0,-22.32683588580578
2025-04-11,CVG,DEN,WN,-16.0,-16.334666916646942
2025-04-06,PHL,DFW,F9,26.0,10.413381964650375
2025-04-01,DFW,SDF,AA,-8.0,-9.53507145439492
2025-04-01,PDX,SEA,OO,14.0,7.113499064704666
2025-04-21,PIA,DFW,MQ,-24.0,-16.650526690104847
2025-04-26,MCO,PVD,B6,-19.0,-10.231888904041687
2025-04-30,ORD,CLE,YX,-12.0,-8.760210669535613
2025-04-30,BOS,FLL,NK,-26.0,-19.635393157342534
2025-04-05,DEN,JAC,UA,-13.0,-9.93696080569385
2025-04-02,BNA,LGA,WN,-11.0,-12.24840209513313
2025-04-03,DCA,DFW,AA,3.0,13.35658627236666
2025-04-24,CHS,DCA,YX,-13.0,-10.153205249348943
2025-04-18,PHX,XNA,MQ,-13.0,-6.915485421999566
2025-04-24,ORF,ATL,DL,-7.0,-15.062230466203772
2025-04-06,XWA,MSP,OO,-25.0,-23.871068761791854
2025-04-18,ATL,LGA,DL,-7.0,-10.118668241688406
2025-04-17,PHX,SLC,DL,18.0,15.577526603922912
2025-04-02,LAX,EWR,AS,10.0,-18.688835087213995
2025-04-10,DFW,RSW,AA,29.0,32.35280883095453
2025-04-22,DFW,IAH,AA,10.0,13.315986794275553
2025-04-14,CLT,DEN,AA,1.0,-3.3314835923820567
2025-04-20,LAX,SFO,WN,-6.0,2.50481766579327
2025-04-15,PHX,DTW,F9,-24.0,-22.617462159378057
2025-04-11,CVG,MCO,DL,-5.0,-11.624952083020613
2025-04-10,LAS,OMA,WN,-14.0,-18.229750729484703
2025-04-15,LGA,BNA,YX,1.0,-6.183707088474126
2025-04-16,SFO,IND,UA,-8.0,-7.011223026093472
2025-04-21,LGA,ATL,WN,-29.0,-20.290482609539538
2025-04-06,GEG,SEA,AS,22.0,21.719847545794323
2025-04-26,LAX,MDW,WN,-13.0,1.7110615537391016
2025-04-18,DEN,ATL,DL,64.0,59.41733204358891
2025-04-29,BWI,AUS,WN,-11.0,-6.121158207042315
2025-04-10,LAX,DEN,OO,-9.0,-12.854058434548993
2025-04-25,IAH,PHL,UA,2.0,-0.7777048377298019
2025-04-04,JAX,DFW,AA,-6.0,-12.066931961104753
2025-04-20,BNA,BWI,WN,-25.0,-19.77731181192824
2025-04-06,PHX,EUG,AA,-2.0,-6.284694139177976
2025-04-21,JAX,HOU,WN,-15.0,-5.007320782337651
2025-04-14,BOS,JFK,YX,-15.0,-10.736961499655173
2025-04-26,AUS,LAX,AA,-19.0,-15.652458840886961
2025-04-22,SFO,LAX,DL,-27.0,-17.94280500291546
2025-04-25,OAK,PSP,WN,39.0,34.59029509476562
2025-04-26,FLL,BWI,WN,-10.0,-6.853763798917692
2025-04-15,ATL,CLE,DL,-1.0,-8.85947757517696
2025-04-26,ORD,BNA,OO,-21.0,-15.381721230133625
2025-04-15,ATL,EWR,DL,193.0,177.1390603288196
2025-04-30,IND,CLT,AA,-2.0,-0.49545905132335477
2025-04-21,IND,MIA,AA,-4.0,-11.840308624634147
2025-04-10,DEN,PHX,UA,24.0,34.55180264814434
2025-04-23,MSP,SAN,DL,1.0,-11.938374061079148
2025-04-09,KOA,HNL,HA,-1.0,-4.7188847716055236
2025-04-25,ORD,RNO,UA,-1.0,1.9155753849475734
2025-04-22,PHL,IND,YX,42.0,49.01738977904461
2025-04-28,ATL,DCA,DL,50.0,32.99963338342428
2025-04-06,LAX,DEN,UA,10.0,1.0125083113343756
2025-04-28,CID,DFW,AA,47.0,46.47786587165988
2025-04-24,LGA,ORD,DL,-17.0,-19.70657641272771
2025-04-07,LGA,IAH,UA,15.0,-18.309140158021272
2025-04-10,SMF,EWR,UA,1.0,-18.521835567554067
2025-04-10,FAT,SFO,OO,-16.0,-5.963406297013149
2025-04-29,PHX,LAX,OO,-14.0,-14.153201992992802
2025-04-14,BUR,SMF,WN,-9.0,-19.122280466083076
2025-04-06,LGA,ATL,NK,27.0,-18.611564387921604
2025-04-29,PHX,MCI,WN,-11.0,-12.586102604528065
2025-04-15,MSY,ATL,DL,25.0,29.67737898053487
2025-04-27,BOI,OAK,WN,-23.0,-16.184269277049818
2025-04-24,PHX,IAD,UA,32.0,16.51625319464693
2025-04-20,HOU,MAF,WN,44.0,48.685311831659675
2025-04-27,HNL,ITO,HA,37.0,42.12935899442796
2025-04-09,MYR,BWI,WN,-17.0,-11.172801086469718
2025-04-26,DFW,OKC,MQ,6.0,-8.103762302158742
2025-04-13,SEA,ANC,AS,-16.0,-7.571558335401459
2025-04-27,STL,DEN,WN,-23.0,-19.938812225988066
2025-04-29,LAX,PHX,AA,-3.0,-12.659551097164154
2025-04-12,SEA,ATL,DL,-24.0,-16.907813596030792
2025-04-06,OAK,LGB,WN,-14.0,-12.190248882186506
2025-04-26,DCA,PVD,YX,-1.0,-3.4822979567417587
2025-04-26,FLL,DCA,WN,-26.0,-4.58976987126751
2025-04-05,DTW,TVC,DL,7.0,5.182472213562283
2025-04-21,RDM,LAX,OO,-4.0,3.7061242272715926
2025-04-23,MSP,PHX,WN,-5.0,-17.87111749704678
2025-04-28,SRQ,EWR,UA,0.0,-1.8111480683275252
2025-04-17,CLT,RDU,AA,-1.0,1.2149537730523763
2025-04-17,PIT,ATL,DL,8.0,12.654260863423916
2025-04-10,LGB,SJC,WN,16.0,14.030494042214537
2025-04-10,LIH,SEA,AS,8.0,-2.005643959478773
2025-04-08,ORD,PDX,UA,3.0,-15.484514156809347
2025-04-10,LGA,PBI,DL,-9.0,-9.561977494654824
2025-04-19,RSW,PHL,AA,23.0,23.081285073432873
2025-04-04,DEN,BNA,UA,52.0,-0.09007505173794517
2025-04-08,TPA,BOS,DL,3.0,19.7581270839291
2025-04-25,DFW,DCA,AA,21.0,-2.963191972174469
2025-04-08,ATL,GRR,DL,-4.0,-9.209226239871699
2025-04-09,JFK,LAX,DL,-8.0,-10.229085561415324
2025-04-23,BWI,ORD,MQ,-17.0,-7.577999395685708
2025-04-27,ALB,TPA,WN,-18.0,-21.350224869229983
2025-04-28,MIA,SFO,AA,-19.0,-3.5464974017699387
2025-04-20,IAH,MCO,UA,-7.0,-5.228079829318707
2025-04-02,LAS,TUS,WN,-6.0,-11.318131145408621
2025-04-07,LAX,EWR,UA,6.0,-18.634225676981156
2025-04-10,GEG,OAK,WN,10.0,0.7633986237144308
2025-04-11,ATL,OMA,DL,-7.0,-9.129281373157816
2025-04-01,ORD,ATL,UA,-22.0,-9.520080689570278
2025-04-01,CLT,OAJ,OH,-7.0,-7.39253095675833
2025-04-25,SEA,FAI,AS,48.0,47.54273238386523
2025-04-03,RDU,ATL,DL,-9.0,2.9813028865708278
2025-04-06,RSW,ATL,DL,-17.0,-13.41540689377294
2025-04-13,SFO,BUR,OO,-15.0,-10.796953559475732
2025-04-02,JFK,MCO,DL,-8.0,4.081573170275934
2025-04-18,DEN,RNO,UA,136.0,152.3775370457521
2025-04-03,OAK,HNL,HA,54.0,19.344429219354616
2025-04-01,LAX,LAS,AA,0.0,8.132760720365745
2025-04-05,ORD,RSW,UA,4.0,-1.461628387007929
2025-04-19,PHL,CMH,YX,-15.0,-16.826613526307302
2025-04-12,MDW,RSW,WN,-33.0,-17.85860351363048
2025-04-07,DCA,LGA,YX,86.0,99.17621203062058
2025-04-13,LIH,SFO,UA,-17.0,-22.846700252728496
2025-04-24,CMH,MIA,MQ,-13.0,-7.2418763730364475
2025-04-06,AUS,SEA,DL,-28.0,-10.739697108223677
2025-04-26,SEA,BOS,AS,-18.0,-10.676630489510902
2025-04-07,DFW,MCO,AA,16.0,-7.668572489310456
2025-04-21,BOS,SJU,DL,-4.0,8.739473312603383
2025-04-28,SEA,DTW,DL,-3.0,-14.468486912869793
2025-04-28,RDU,LGA,YX,-12.0,-17.666256327649357
2025-04-08,CLT,BNA,MQ,-10.0,-7.748631349761219
2025-04-04,MSY,CLT,AA,-21.0,-15.519217558184621
2025-04-27,DEN,RSW,WN,-17.0,-16.269050155215957
2025-04-06,DAL,MCO,WN,23.0,7.390420206136284
2025-04-24,BNA,RIC,WN,-14.0,-9.142552514131024
2025-04-06,LAS,LAX,OO,1.0,-3.439738431532632
2025-04-22,LAX,ATL,DL,10.0,7.957959170086548
2025-04-08,SMF,SAN,WN,-13.0,-2.858730659695677
2025-04-17,ATL,JAX,DL,-18.0,-8.680927167012578
2025-04-03,LAX,SLC,DL,-20.0,-17.01438868937506
2025-04-17,SJU,JFK,B6,855.0,833.6713749877844
2025-04-20,BFF,DEN,OO,-15.0,-18.949642497071707
2025-04-15,LGA,ORD,UA,-5.0,-8.008056345822345
2025-04-13,DEN,MDW,WN,-30.0,-13.111534480923261
2025-04-27,LAS,TPA,WN,-11.0,1.23993272528066
2025-04-27,MKE,ORD,OO,-9.0,-6.458256264540452
2025-04-12,EWR,ORF,UA,-7.0,-16.775264152887537
2025-04-19,ORD,BOS,YX,9.0,15.966243748364448
2025-04-10,MCI,ORD,UA,0.0,1.6242359556758998
2025-04-30,PHX,LAX,F9,65.0,8.244483345481601
2025-04-27,IAH,LAS,UA,-23.0,-13.415121547129601
2025-04-24,IAH,SAT,UA,-20.0,-14.243548798656935
2025-04-07,MCI,PHX,WN,-31.0,-7.675464142197374
2025-04-02,DEN,PSP,OO,1.0,2.824867097495318
2025-04-28,ORD,STL,UA,-21.0,-13.49537557563908
2025-04-04,RSW,DCA,AA,-18.0,-10.06995213696919
2025-04-27,ONT,LAS,F9,5.0,2.80567644909547
2025-04-17,IND,SFO,UA,70.0,52.23444078893196
2025-04-06,ORD,MCO,F9,-8.0,-11.833985727277625
2025-04-20,ORD,SNA,AA,-5.0,-9.570027839767873
2025-04-01,LAS,ABQ,WN,16.0,16.85919454822828
2025-04-03,MSY,SFO,UA,19.0,-18.611861668161964
2025-04-12,PHL,DEN,AA,-16.0,-23.725093791437665
2025-04-15,ATL,SBN,OO,-2.0,-10.226020862856616
2025-04-27,IAH,HOB,OO,32.0,33.22182954291111
2025-04-08,SLC,DAL,WN,-12.0,-9.74159966916843
2025-04-13,PNS,CLT,AA,-2.0,-4.910269364346782
2025-04-04,MIA,LAS,NK,-9.0,-9.051845676905707
2025-04-11,ISP,MIA,WN,23.0,10.102515268024913
2025-04-04,PDX,PHX,WN,121.0,117.12836087965431
2025-04-14,DTW,JAX,DL,-5.0,-6.570784027303848
2025-04-05,LAX,JFK,B6,-34.0,-27.593278804529938
2025-04-23,ORD,GRB,MQ,5.0,-14.706017226063814
2025-04-02,BOS,DEN,DL,54.0,27.318733803971746
2025-04-24,DEN,LNK,OO,203.0,194.70203697115588
2025-04-07,DSM,SFB,G4,4.0,-12.448784632481104
2025-04-03,SJU,MIA,AA,69.0,45.11132140119872
2025-04-22,DTW,DCA,DL,-7.0,-12.805053510981772
2025-04-14,BZN,AZA,G4,21.0,9.356257416269422
2025-04-03,STL,DEN,WN,129.0,121.97268235384692
2025-04-12,ORD,DTW,YX,-13.0,-5.921916190905694
2025-04-11,DFW,SJC,AA,-11.0,-8.138876738202466
2025-04-05,MSN,ORD,MQ,4.0,-2.5016267892053072
2025-04-09,HNL,PDX,HA,-17.0,6.159639065323473
2025-04-21,ORD,DTW,DL,-25.0,-17.249113895638192
2025-04-07,DFW,BHM,OH,-4.0,-16.05334884526439
2025-04-08,PIT,PGD,G4,19.0,9.178435444421899
2025-04-16,TUS,SFO,OO,30.0,42.20029409582336
2025-04-27,PHX,BOI,OO,-25.0,-12.953242328050543
2025-04-23,MSN,EWR,YX,-32.0,-27.83081557427044
2025-04-11,MEM,MSP,DL,37.0,30.291521373140533
2025-04-26,FLL,BOS,DL,3.0,4.141280382385475
2025-04-24,LAS,JFK,B6,-18.0,-16.71376513097657
2025-04-12,ATL,BOS,DL,-6.0,-12.735375682012467
2025-04-10,FLL,BOS,NK,-12.0,-4.3677044721318925
2025-04-28,SLC,GEG,DL,-16.0,-20.644502110765693
2025-04-04,DEN,BWI,UA,11.0,15.391749176813175
2025-04-09,ORD,ATL,DL,-4.0,-2.4609495164789044
2025-04-13,SAN,HNL,HA,30.0,33.83457376578172
2025-04-18,CLT,MHT,OH,0.0,2.732464213534829
2025-04-19,SGU,SLC,OO,-16.0,-16.156679307571697
2025-04-19,SGF,DEN,OO,-4.0,-1.6958613121548076
2025-04-05,ABQ,ATL,DL,2.0,-25.92336752630061
2025-04-19,LAX,PHX,WN,-13.0,-8.460300397256198
2025-04-01,XNA,LAX,OO,-3.0,-16.73837156311928
2025-04-06,PDX,LAS,AS,-14.0,-10.901281814703928
2025-04-13,ORD,SLC,UA,2.0,-10.427817902633484
2025-04-04,OAK,PDX,WN,9.0,2.241952653470074
2025-04-14,OKC,MCO,F9,-17.0,-20.34315348783453
2025-04-06,DFW,DCA,AA,-8.0,-9.786077027474263
2025-04-20,JAX,JFK,DL,-27.0,-13.447009453713008
2025-04-08,GRR,AZA,G4,-11.0,-10.275342197000775
2025-04-14,BDL,ATL,DL,-15.0,-10.9402607049038
2025-04-20,BUR,PDX,AS,-24.0,-21.486445595692935
2025-04-28,LAX,OAK,WN,-26.0,-18.6205231357715
2025-04-09,BDL,DCA,AA,-17.0,-15.377439420202794
2025-04-12,MCO,HPN,B6,-28.0,-13.84311786103262
2025-04-28,CLT,BWI,WN,-12.0,0.6365062001600403
2025-04-20,ATL,SEA,DL,-49.0,-23.404736246908755
2025-04-25,EWR,FLL,NK,-15.0,-15.96259823015938
2025-04-02,MDW,PHX,WN,114.0,55.61336907354356
2025-04-27,HHH,ATL,YX,-14.0,-10.743036602022514
2025-04-02,TPA,MSY,WN,133.0,145.6922351917567
2025-04-03,LGA,MSP,DL,14.0,-7.551882296916752
2025-04-11,SAN,DCA,AS,79.0,59.66293800045691
2025-04-29,LGA,MSY,AA,-15.0,-21.16269125525146
2025-04-17,DTW,DFW,AA,-12.0,-5.845366514620748
2025-04-18,DTW,RSW,DL,-12.0,-14.812476517843834
2025-04-21,SFO,BOS,DL,-20.0,-13.693882237711556
2025-04-19,SDF,ATL,DL,-17.0,-12.38985639234512
2025-04-06,SEA,PHX,AS,17.0,12.209628033128181
2025-04-27,BOS,SFO,UA,-29.0,-15.40435362779581
2025-04-22,OKC,DFW,AA,-17.0,-7.286385695492212
2025-04-28,DFW,HOU,MQ,-5.0,-11.49555221459542
2025-04-05,LAS,IAH,UA,3.0,-18.037294814709576
2025-04-24,AUS,MSY,WN,5.0,10.663659362785971
2025-04-10,ORD,MCO,UA,-17.0,-2.3570837417879513
2025-04-09,ORD,DCA,UA,29.0,39.9698107352893
2025-04-14,CMH,DFW,AA,-16.0,-10.734195900014832
2025-04-08,DFW,LGA,DL,-25.0,-28.114371409519592
2025-04-11,CLT,ECP,AA,-10.0,-15.943567621495191
2025-04-27,SDF,TPA,WN,26.0,28.80274551700689
2025-04-16,FLL,DEN,UA,-19.0,-15.60232325227372
2025-04-02,SJC,PHX,WN,1.0,-4.090529248599099
2025-04-04,SAV,DFW,AA,499.0,516.9078409440427
2025-04-01,LGA,RDU,YX,-9.0,-13.539798642294965
2025-04-02,PHX,SNA,AA,-15.0,-10.739669724707596
2025-04-08,TPA,DFW,AA,-18.0,-6.962109473349344
2025-04-12,MSY,MSP,DL,-17.0,-17.814827417836497
2025-04-05,EWR,MCO,NK,-5.0,6.865168453094528
2025-04-01,DTW,MIA,NK,-19.0,-14.464623477658513
2025-04-30,BHM,ATL,DL,-16.0,-9.866382583735362
2025-04-08,HOU,ABQ,WN,-8.0,-10.011867932773614
2025-04-12,FLL,AVL,G4,-35.0,-36.67555598820125
2025-04-13,HOU,ABQ,WN,-14.0,-11.878974905369343
2025-04-15,GSP,CLT,AA,-16.0,-6.673063643650403
2025-04-12,EWR,DEN,UA,-43.0,-30.27968268818705
2025-04-10,SFO,LAX,F9,-15.0,-6.096031550538248
2025-04-08,LAS,DEN,UA,-19.0,-22.12537056968411
2025-04-02,EWR,FLL,UA,-21.0,-22.12432941784589
2025-04-25,STL,ORD,YX,42.0,30.54423309690048
2025-04-27,DFW,ABQ,AA,80.0,85.62848586751784
2025-04-14,DFW,ECP,AA,3.0,-3.9619793876817972
2025-04-19,PHX,IND,WN,-18.0,-13.052985454383183
2025-04-18,DCA,HPN,OH,3.0,-16.779491127894634
2025-04-27,DAB,CLT,OH,-27.0,-14.713764827329847
2025-04-17,PHX,DEN,UA,-10.0,-8.741335025747157
2025-04-29,BNA,PHL,AA,-13.0,-12.613514702163624
2025-04-29,LGA,CLE,YX,41.0,12.74300112419933
2025-04-01,ASE,IAH,OO,70.0,71.72465601514543
2025-04-15,SEA,DFW,DL,-19.0,-18.62991988134713
2025-04-22,BOS,PHL,B6,6.0,6.315694716447577
2025-04-02,DFW,CRP,MQ,106.0,98.94489865021268
2025-04-19,BOI,PHX,OO,-15.0,-15.601563388171051
2025-04-12,EWR,JAX,YX,122.0,131.91670484939925
2025-04-11,MDW,DEN,WN,-22.0,-16.87781974829376
2025-04-21,LAX,SMF,WN,144.0,149.93216526281364
2025-04-23,FWA,ATL,OO,-5.0,0.048268186419747394
2025-04-05,ATL,MCI,WN,62.0,55.39928085481246
2025-04-24,SFO,DTW,UA,-25.0,-14.072765663869202
2025-04-03,MIA,SFO,UA,10.0,23.360610529728483
2025-04-05,DEN,ASE,OO,-9.0,-7.912301202462668
2025-04-25,ATL,BDL,DL,6.0,-4.310951873102651
2025-04-24,LGA,MYR,NK,-27.0,-26.714639470707375
2025-04-13,MDW,SAN,WN,18.0,-4.931543711780073
2025-04-26,DFW,DAY,OH,35.0,34.174641008798865
2025-04-14,LAX,LAS,DL,-11.0,-13.263926150441392
2025-04-18,DEN,BIL,UA,22.0,24.681580301893
2025-04-10,FLL,SDF,NK,26.0,23.672394452571584
2025-04-28,MSN,ATL,DL,-14.0,-6.595525939064602
2025-04-21,CLE,AUS,F9,-18.0,-17.64641683860911
2025-04-09,MIA,DFW,AA,-8.0,-11.6327926576527
2025-04-12,MSP,DEN,UA,-24.0,-18.13289400512499
2025-04-06,SLC,MFR,OO,-14.0,-10.115643644308095
2025-04-10,CLT,DFW,AA,6.0,1.6422884519192857
2025-04-22,ORD,SAN,AA,-18.0,-9.920715660004237
2025-04-04,LAS,SAN,OO,106.0,112.27311174511067
2025-04-11,DTW,RSW,DL,17.0,-13.383730522012527
2025-04-20,RDU,MDW,WN,0.0,2.483814012960453
2025-04-07,MSY,MCO,WN,-2.0,-14.787830012168488
2025-04-26,ELP,ATL,DL,-15.0,-15.23384475704784
2025-04-06,DFW,MCI,MQ,31.0,34.32465871492056
2025-04-28,MCO,MKE,NK,46.0,50.83536487687518
2025-04-16,BWI,CLT,AA,-12.0,-17.61639776410664
2025-04-09,COS,DEN,WN,100.0,105.41009441539242
2025-04-12,CLE,LAS,WN,-15.0,-11.66581431180418
2025-04-21,ATL,CLT,AA,5.0,-2.5501946266489455
2025-04-24,MDW,LAX,WN,-4.0,-5.349860119956066
2025-04-16,DRO,DFW,OO,-19.0,-21.661314905821243
2025-04-02,CLT,DFW,AA,7.0,-10.480440327160704
2025-04-18,GEG,SEA,AS,-4.0,-9.539375989107974
2025-04-28,PHL,CLT,F9,-9.0,-4.443386392621836
2025-04-15,ANC,SEA,DL,-10.0,9.41162068272517
2025-04-22,SLC,TPA,DL,6.0,-0.5884356708022302
2025-04-17,PHX,ONT,WN,9.0,8.64391609607243
2025-04-08,BUR,SMF,WN,-5.0,-5.291912545650906
2025-04-16,PHX,LAS,WN,-18.0,-17.196916186677278
2025-04-08,SFO,TPA,UA,13.0,17.91381817001779
2025-04-12,ISP,MCO,WN,-16.0,-14.667404030657444
2025-04-09,DEN,MIA,WN,-17.0,-5.199334371071025
2025-04-04,DSM,MIA,MQ,22.0,10.061194533668868
2025-04-17,SFO,IAD,UA,-13.0,-7.148251167550377
2025-04-01,DFW,FSM,MQ,1.0,-1.7070218825371963
2025-04-29,LAX,KOA,UA,-36.0,-23.135351069351067
2025-04-14,CLT,DCA,AA,61.0,38.3376296324277
2025-04-10,TUL,DFW,AA,-19.0,-4.276779736690495
2025-04-08,LAX,TUS,OO,-19.0,-19.185905675770734
2025-04-13,DTW,MBS,OO,-21.0,-17.087452548002616
2025-04-18,MIA,LGA,AA,1.0,-12.647093938002783
2025-04-06,PHL,JAX,AA,-24.0,-13.206084769463263
2025-04-02,LGA,ORD,NK,80.0,25.65809150181797
2025-04-27,SDF,DEN,UA,-6.0,-9.38893642453132
2025-04-14,RIC,FLL,B6,-23.0,-15.994893148937223
2025-04-27,HOU,TPA,WN,36.0,39.80926651988899
2025-04-18,BOS,DCA,B6,-17.0,-19.429978132254128
2025-04-11,LGA,ORD,AA,-9.0,-18.894898129783602
2025-04-11,IAH,PHX,UA,-24.0,-4.59360152628652
2025-04-19,SFO,BUR,UA,-19.0,-13.249018564650061
2025-04-03,HNL,KOA,HA,-3.0,-6.482614450289148
2025-04-27,ATL,LGA,DL,11.0,9.12706506326017
2025-04-21,RKS,DEN,OO,18.0,18.014044811576234
2025-04-06,BOS,SAN,B6,-14.0,-12.764043704431934
2025-04-30,OGG,LAX,AA,-15.0,-18.463131027937397
2025-04-02,GRR,DTW,OO,116.0,110.07617451772234
2025-04-21,BNA,CLT,AA,-13.0,-11.990837491330812
2025-04-25,BOS,DCA,YX,-14.0,-16.089866542264854
2025-04-29,AUS,SFO,UA,-35.0,-19.462495481144074
2025-04-07,MBS,DTW,OO,-17.0,-21.160777853253528
2025-04-08,TPA,DEN,WN,-11.0,-8.804676996184973
2025-04-27,IAH,ATL,UA,-20.0,-13.669308236481879
2025-04-22,SAN,HNL,WN,-4.0,-13.810007862904634
2025-04-25,FLL,ORH,B6,-11.0,-16.75460289630276
2025-04-20,JAX,CLT,AA,108.0,117.11089547216201
2025-04-17,SEA,CVG,DL,-15.0,-22.913093140192373
2025-04-11,MSP,CID,OO,-9.0,-10.270004772803297
2025-04-08,LAX,PHX,WN,-11.0,-7.363068969864086
2025-04-19,HOU,SJC,WN,3.0,-8.643006592915881
2025-04-24,FLL,DFW,AA,49.0,26.98781761878022
2025-04-13,BNA,CLE,WN,8.0,2.776488930827159
2025-04-20,JAX,ATL,DL,-13.0,-9.361075622592326
2025-04-19,SJC,DEN,UA,-13.0,-19.909084590941475
2025-04-20,IAH,TUS,UA,125.0,139.16590799443415
2025-04-30,HSV,DCA,OH,32.0,40.95057262474364
2025-04-06,MSY,HOU,WN,-14.0,-2.741861195005079
2025-04-30,SAN,DAL,WN,200.0,193.6470646788819
2025-04-18,PHX,SAN,WN,3.0,2.9226370469239393
2025-04-07,KOA,HNL,HA,12.0,12.79029890366942
2025-04-10,DEN,BOI,WN,-15.0,-14.359514164542752
2025-04-07,PSP,LAS,WN,2.0,7.128289125268185
2025-04-20,GCK,DFW,MQ,-12.0,-13.390804955263008
2025-04-26,SFO,SEA,AS,-1.0,-2.5402805487645157
2025-04-23,MCO,DCA,AA,-23.0,-9.885649220727286
2025-04-17,BNA,LGA,YX,-8.0,-15.425726014292366
2025-04-13,DEN,RNO,UA,8.0,1.6001762259781582
2025-04-20,FLL,IAD,UA,-12.0,-5.5662525370940585
2025-04-28,BOI,SLC,DL,-13.0,-11.777828375890511
2025-04-15,TPA,DAL,WN,-7.0,-13.22355692887529
2025-04-14,ATL,PBI,DL,0.0,-8.96059142772573
2025-04-13,PBI,LGA,AA,0.0,-19.895509198382868
2025-04-16,MSY,LAX,DL,-4.0,-9.525914243243369
2025-04-23,DCA,BNA,OH,0.0,-11.070627376374109
2025-04-11,CLT,PBI,AA,30.0,16.3937277362389
2025-04-19,MKE,SRQ,WN,-12.0,-15.053398330657377
2025-04-19,PHX,HOU,WN,-5.0,-10.48761574041445
2025-04-15,IAH,PDX,UA,-29.0,-19.167549397986818
2025-04-13,SFO,FAT,OO,44.0,45.2547029170997
2025-04-21,CMI,ORD,MQ,-7.0,-19.298019385694538
2025-04-25,DEN,LNK,OO,79.0,78.27431274304553
2025-04-29,ATL,MSY,DL,-13.0,-9.14390437330843
2025-04-01,GSO,LGA,YX,-28.0,-16.90448265500163
2025-04-18,MCO,PVD,B6,44.0,39.55324626372111
2025-04-21,MKE,ATL,DL,-10.0,-6.3639633024407
2025-04-27,DFW,LAX,AA,71.0,68.40574715243467
2025-04-10,MIA,LAS,AA,73.0,80.52405010819433
2025-04-11,DEN,PHX,WN,-18.0,-17.836938625540167
2025-04-20,MSY,BNA,WN,-12.0,-10.866740023247615
2025-04-11,BTV,DTW,OO,-28.0,-26.820466670158716
2025-04-13,DEN,BIL,UA,52.0,52.282570898642156
2025-04-05,DEN,SEA,WN,-13.0,-11.939327185588603
2025-04-07,CVG,IAH,UA,-9.0,-18.202216017065034
2025-04-15,AUS,BNA,OO,-1.0,2.3242639040404676
2025-04-28,PHL,ORF,OH,113.0,106.15702956200144
2025-04-24,BWI,DAL,WN,16.0,-1.4478487105122966
2025-04-17,SEA,SAN,AS,15.0,37.126829301505296
2025-04-27,MCO,MIA,AA,14.0,17.194135502131317
2025-04-30,JAX,ATL,DL,-17.0,-7.502423513813984
2025-04-13,LGA,MCO,F9,98.0,97.56877098530697
2025-04-12,ATL,LIT,DL,-14.0,-8.28209910735011
2025-04-15,IAD,AUS,UA,-8.0,-15.865321572711974
2025-04-19,ROC,ORD,UA,-6.0,-14.619181838510407
2025-04-27,IAD,IAH,UA,-7.0,4.579283917619495
2025-04-20,LAS,DEN,WN,-6.0,2.8957161429473146
2025-04-26,DFW,RNO,AA,-19.0,-12.980766303837434
2025-04-27,CLT,IND,AA,12.0,8.297091091280999
2025-04-30,DTW,SBN,OO,-5.0,-10.350566628149755
2025-04-19,DEN,LAS,UA,-10.0,1.024656506314921
2025-04-01,SNA,DEN,WN,-27.0,-17.72209308391497
2025-04-07,TTN,MCO,F9,-7.0,-11.4956519091632
2025-04-11,MSP,EWR,YX,-17.0,-15.27803448641275
2025-04-19,ATL,CHS,DL,-1.0,-1.235274131352166
2025-04-07,BTV,DTW,OO,6.0,-14.099280269659708
2025-04-17,MSY,BWI,WN,1.0,0.7186979245431449
2025-04-22,RIC,FLL,B6,-17.0,-22.03891118580863
2025-04-07,LAX,ABQ,WN,-10.0,-12.13907895438426
2025-04-15,ORD,LGA,AA,2.0,-7.410865860214281
2025-04-27,SAN,SJC,WN,-12.0,-11.215543537243903
2025-04-09,SJC,SEA,AS,-19.0,-10.726132246343784
2025-04-22,SAN,LAX,OO,-21.0,-14.497298375422012
2025-04-15,ORD,ROA,OO,-1.0,2.121303880484941
2025-04-04,ATL,MGM,OO,-12.0,-9.24636943677898
2025-04-30,LAS,RNO,NK,-29.0,-19.46201788821296
2025-04-04,DFW,RSW,AA,121.0,95.04535142377674
2025-04-05,SLC,TPA,WN,35.0,2.525086266527
2025-04-10,PHL,SFO,AA,-24.0,-0.5162516831271393
2025-04-10,ATL,EWR,UA,-12.0,-4.631373830225439
2025-04-30,PHX,FAT,AA,-15.0,-10.078459116205568
2025-04-26,DCA,LAS,WN,48.0,34.670567307405555
2025-04-16,MIA,MCO,AA,95.0,88.91281398727142
2025-04-02,MSP,DCA,DL,35.0,21.21599294063584
2025-04-05,MFE,IAH,UA,-15.0,-14.326744108198252
2025-04-25,GCC,DEN,OO,147.0,136.16032818508134
2025-04-15,PHL,TPA,F9,4.0,-5.2344102122378615
2025-04-07,DFW,BUR,AA,-21.0,-14.092823995128843
2025-04-17,CLT,SAT,AA,-12.0,-15.844814028364407
2025-04-03,BUR,OAK,WN,-24.0,-19.730389551408493
2025-04-09,ORD,PHX,UA,-4.0,1.868097273629969
2025-04-01,ATL,HNL,DL,39.0,30.903030063908503
2025-04-12,ORD,LGA,UA,-20.0,-15.656470325325309
2025-04-09,MSN,CLT,OH,-13.0,-21.256836955695587
2025-04-18,GRB,ORD,MQ,3.0,-7.085679900462216
2025-04-26,BDL,CLT,AA,-14.0,-13.652190009684176
2025-04-11,GRR,DFW,AA,-6.0,9.484615708550827
2025-04-15,DFW,STL,AA,-1.0,-5.932017208408489
2025-04-11,HOU,LAS,WN,-2.0,0.9074855402254549
2025-04-08,DFW,BNA,MQ,6.0,-11.98446815378016
2025-04-05,HOU,BWI,WN,54.0,16.60151792138409
2025-04-25,DFW,LGA,AA,-2.0,-9.625328793198403
2025-04-19,PHL,ATL,OH,-28.0,-21.249540182827943
2025-04-25,JAN,DFW,OO,26.0,31.73232453101893
2025-04-23,PHX,DEN,WN,5.0,8.537993471162327
2025-04-25,ORF,DFW,AA,-12.0,-13.77420156267722
2025-04-03,MIA,MSP,DL,12.0,-6.308729526547552
2025-04-14,CLT,CVG,AA,2.0,-10.974885697342692
2025-04-25,DFW,TUL,AA,-9.0,-8.209719071539158
2025-04-04,HOU,MEM,WN,40.0,32.62065927700142
2025-04-13,SEA,PSP,AS,8.0,12.160046057423191
2025-04-14,MIA,IND,AA,-25.0,-16.352327937499638
2025-04-11,DCA,TPA,AA,-12.0,-5.889492535273975
2025-04-21,ATL,LGA,DL,-9.0,-9.916211856196018
2025-04-14,DEN,HOU,WN,-3.0,8.792628864594581
2025-04-23,CLT,DTW,DL,-14.0,-5.4058127039402954
2025-04-12,GPT,ATL,DL,-9.0,-7.971586956577891
2025-04-25,PDX,LAX,AS,-6.0,-3.8253693183924167
2025-04-17,IAD,BOS,UA,-6.0,-5.755027128671141
2025-04-17,EWR,PHX,AA,93.0,91.85556834321844
2025-04-12,ORD,CLT,AA,-35.0,-20.94272884344132
2025-04-18,JAX,BOS,B6,-14.0,-16.610361874555714
2025-04-29,BOS,MSP,DL,-5.0,-13.5294870391455
2025-04-22,LGB,LAS,WN,0.0,-5.003730712591484
2025-04-17,SFO,ONT,OO,10.0,11.662774311401426
2025-04-30,MSP,ATL,DL,-12.0,-19.592278116029295
2025-04-13,SEA,CVG,DL,-10.0,-8.1050629279077
2025-04-18,STL,PHL,WN,-10.0,-3.3431293016406176
2025-04-14,ORD,GSP,OO,-3.0,-1.1140149298115407
2025-04-25,BTV,PHL,OH,-1.0,-0.5965325507184396
2025-04-25,DTW,MDW,OO,3.0,0.3934090704702564
2025-04-06,LAS,SMF,OO,-2.0,-7.612281165422591
2025-04-03,SRQ,ATL,DL,-10.0,-4.662316297769419
2025-04-18,MSP,DTW,DL,-20.0,-11.867577813208868
2025-04-11,MSP,DTW,DL,10.0,-14.514725439929201
2025-04-20,EWR,LAX,UA,29.0,15.291896140839158
2025-04-08,SAT,PHL,AA,23.0,45.056708221660074
2025-04-04,JMS,DEN,OO,45.0,31.99729191976804
2025-04-04,HSV,CLT,OH,-2.0,-3.1410632642746616
2025-04-13,EWR,MIA,NK,-13.0,3.432699634906731
2025-04-23,JFK,DCA,YX,5.0,-2.6464204263647115
2025-04-15,LAX,SFO,OO,-12.0,0.04877742814807995
2025-04-10,MIA,IAH,UA,-10.0,-2.7839323563748213
2025-04-03,MSY,MCO,WN,68.0,59.52185725500045
2025-04-07,MSY,AUS,WN,-11.0,-9.87584064867951
2025-04-13,SRQ,ORD,AA,-15.0,-5.5354647284408145
2025-04-29,SAN,SFO,WN,21.0,29.524694802380324
2025-04-23,LAS,MDW,WN,-31.0,-22.412446859725833
2025-04-16,DEN,SFO,F9,-18.0,-14.257281652229874
2025-04-15,DCA,BNA,WN,5.0,-8.424394479995705
2025-04-21,EWR,IND,YX,19.0,11.372381677984663
2025-04-13,LAS,GRR,G4,-34.0,-8.016684585799386
2025-04-11,DFW,PHX,AA,-10.0,-10.291904610509075
2025-04-11,IAD,LAX,UA,-38.0,-9.66248837368316
2025-04-09,BNA,ATL,WN,-24.0,-16.539089247548254
2025-04-18,ORD,IND,MQ,-10.0,-18.42203135117831
2025-04-26,EWR,SAN,UA,166.0,144.9470268121423
2025-04-26,BLI,AZA,G4,3.0,-13.871367242375364
2025-04-30,SLC,DEN,DL,-13.0,-19.3218466968587
2025-04-24,CLE,IAD,YX,-22.0,-17.670050020348306
2025-04-14,BHM,HOU,WN,-23.0,-11.488835123623929
2025-04-07,PHX,SJC,OO,-23.0,-13.652712801106752
2025-04-18,DAL,JAX,WN,15.0,14.066993420786307
2025-04-21,DFW,LGA,AA,-10.0,-14.099161595536295
2025-04-05,IAH,DFW,UA,235.0,249.7122535179764
2025-04-23,LAS,OAK,NK,-14.0,-17.188801601978557
2025-04-18,RSW,IND,WN,30.0,30.919322627375294
2025-04-08,DEN,MSP,DL,-20.0,-17.10317113133259
2025-04-24,BNA,LAS,WN,-6.0,-6.309569271060619
2025-04-20,CHS,ORD,UA,-24.0,-12.843933916303186
2025-04-01,GRR,MCO,WN,-11.0,-2.2417888536811184
2025-04-24,LGA,SDF,YX,-23.0,-21.429367074525025
2025-04-12,BFL,PHX,AA,-2.0,-1.8739842799028033
2025-04-02,AUS,ELP,WN,-2.0,-3.8155452135268693
2025-04-13,DEN,LGA,WN,-32.0,-12.326071347794056
2025-04-26,ATL,LAX,DL,46.0,42.34219429344733
2025-04-27,DFW,BNA,AA,-7.0,-7.9306077813656195
2025-04-05,SFO,PIT,UA,-8.0,-9.54657116953037
2025-04-25,FLL,ALB,B6,-14.0,-11.410509867984338
2025-04-03,TPA,DCA,WN,15.0,16.405794628346897
2025-04-18,ORD,BOS,UA,-7.0,-0.1561087190840844
2025-04-09,ATL,PHX,DL,-2.0,-5.93853488961668
2025-04-12,ILM,CLT,AA,-33.0,-13.261637561530083
2025-04-04,IAH,SFO,UA,-6.0,28.509488391756612
2025-04-29,SAN,SFO,UA,-11.0,-4.143080373460311
2025-04-13,BNA,CHS,WN,2.0,8.324240577745186
2025-04-23,DTW,DFW,DL,93.0,20.146064381810348
2025-04-10,LGA,ATL,DL,-6.0,-10.479880259189907
2025-04-08,MCI,TPA,WN,-6.0,-7.6403845449118535
2025-04-25,ATL,BOS,DL,-4.0,-8.189408881333124
2025-04-17,OKC,SAT,WN,-17.0,-9.204030202144612
2025-04-14,SLC,GTF,OO,-8.0,-18.429047579010152
2025-04-02,AUS,LGB,WN,46.0,39.06681390766946
2025-04-26,ORD,LGA,UA,-23.0,-20.67232638291553
2025-04-21,SAT,TPA,WN,-11.0,-10.668743304543447
2025-04-12,CHS,DCA,OH,-23.0,-17.125058467788882
2025-04-19,LAX,SLC,DL,-10.0,-18.201117296101962
2025-04-29,ORD,PHX,AA,-21.0,-16.457417811778633
2025-04-24,LAX,CLT,AA,-8.0,-6.68106301314155
2025-04-05,DFW,BIL,MQ,2.0,9.725950942620642
2025-04-17,LAS,PDX,AS,9.0,-0.9514215596564295
2025-04-23,LAS,SFO,AS,-21.0,-28.500658948919366
2025-04-02,AUS,DEN,UA,-3.0,7.0441222125354805
2025-04-26,MIA,SFO,AA,-22.0,-18.182530556060087
2025-04-28,CMH,BNA,WN,-11.0,-14.138198844888674
2025-04-12,BDL,SJU,B6,140.0,121.1265850213234
2025-04-13,PIA,DEN,OO,1.0,-6.532480733476094
2025-04-24,ORD,ICT,OO,-21.0,-17.6850368231232
2025-04-30,ATL,BWI,DL,-6.0,-9.098558183290933
2025-04-06,EWR,SEA,AS,4.0,2.1905354229873817
2025-04-14,CHS,DEN,UA,-2.0,-8.356742341600429
2025-04-12,DFW,CLT,AA,13.0,-8.81359276828081
2025-04-27,ORD,ORF,UA,-19.0,-5.588861855169867
2025-04-18,PSP,ORD,AA,-23.0,-6.08221318757626
2025-04-23,PHL,ORD,UA,-21.0,-22.57311806414956
2025-04-21,PHX,PDX,AS,-21.0,-22.043007829904774
2025-04-06,BWI,BUF,WN,7.0,10.696045139471542
2025-04-09,ATL,STL,DL,14.0,11.11803507478385
2025-04-30,DEN,ASE,OO,-10.0,-7.796003252233643
2025-04-24,LAX,LAS,UA,6.0,13.981232743112802
2025-04-04,GTF,MSP,OO,-2.0,9.866502779800168
2025-04-03,CLE,EWR,UA,-10.0,-15.58720394745363
2025-04-23,BWI,BDL,WN,119.0,125.18285069468445
2025-04-11,ORD,BMI,MQ,-22.0,-14.06372992310649
2025-04-20,LAN,ORD,MQ,44.0,22.267664210291656
2025-04-10,LAX,EWR,UA,-13.0,-16.16228708170766
2025-04-21,IAH,DEN,UA,220.0,219.68292152832942
2025-04-14,PHX,SNA,WN,-13.0,-10.606541906485386
2025-04-19,IAD,JFK,OO,-19.0,-9.28561508944176
2025-04-28,XWA,DEN,OO,60.0,44.97498474744187
2025-04-05,CLE,LGA,F9,-21.0,-18.99814387680673
2025-04-06,AUS,DEN,UA,-23.0,-17.638989451248314
2025-04-11,SLC,EWR,DL,14.0,-12.542271831514533
2025-04-08,TPA,LGA,DL,32.0,8.211831609037956
2025-04-05,MIA,SJU,AA,8.0,-6.9115032110079575
2025-04-12,ORD,FLL,UA,-15.0,-13.768352747858891
2025-04-30,MKE,ORD,OO,6.0,12.681859211215949
2025-04-18,ATL,MSN,DL,-13.0,-15.289651744503367
2025-04-08,MSP,LAS,DL,-5.0,-10.757411461643308
2025-04-08,TUL,CLT,OH,127.0,119.40193692985844
2025-04-07,LAS,PDX,AS,13.0,5.231084635556591
2025-04-27,ORD,TPA,UA,-13.0,-0.966157882812654
2025-04-24,DEN,SLC,WN,52.0,51.49592139009214
2025-04-29,SDF,DEN,WN,-3.0,-12.20401525666389
2025-04-20,CLT,PIT,AA,12.0,11.316187305855426
2025-04-15,STL,SAT,WN,-3.0,4.817644058701248
2025-04-08,DEN,ATL,UA,3.0,9.428185826437304
2025-04-26,DEN,LBB,OO,39.0,46.80419027403951
2025-04-28,PHX,LAX,OO,-22.0,-9.755197369161902
2025-04-28,MBS,DTW,OO,-13.0,-18.051185290865256
2025-04-09,ATL,IAH,F9,-22.0,-14.436411410514435
2025-04-27,ORD,SJU,UA,-18.0,-1.9119957644667656
2025-04-25,DEN,TUL,OO,6.0,6.277300861376491
2025-04-17,MSP,PHX,WN,3.0,-16.689113493780717
2025-04-30,CMH,DCA,MQ,-8.0,-1.942021538688584
2025-04-12,DEN,SEA,AS,-23.0,-19.64231486348899
2025-04-04,FLL,PHX,B6,4.0,0.6749950142753205
2025-04-23,CLT,BWI,WN,-14.0,-8.775936259704025
2025-04-20,ATL,CLT,OH,-1.0,-6.961860328998053
2025-04-21,MIA,CLT,NK,-15.0,-12.916846063571906
2025-04-19,SDF,DFW,AA,105.0,107.04701096597907
2025-04-16,SJU,PVD,B6,16.0,19.235863008254306
2025-04-24,MIA,EYW,MQ,4.0,-4.625145297324227
2025-04-29,SEA,SFO,UA,-20.0,-11.620442513414925
2025-04-18,LAS,GEG,WN,-5.0,-7.504828804036304
2025-04-20,ORD,PHX,UA,188.0,186.5226870673681
2025-04-26,ORD,PVD,OO,10.0,13.03688143299217
2025-04-09,DFW,OMA,AA,-4.0,-11.026905736177241
2025-04-22,LAX,FLL,B6,-42.0,-19.995800987892796
2025-04-24,BHM,CLT,OH,-3.0,-7.527927439218294
2025-04-27,SAT,DEN,WN,-19.0,-4.957580556413927
2025-04-23,IAH,RSW,UA,8.0,16.05298202165196
2025-04-14,BIL,DEN,UA,-12.0,-11.603445633340279
2025-04-09,LGB,SLC,OO,-14.0,-11.333524339441524
2025-04-03,EWR,SFO,UA,-22.0,-21.302491654440296
2025-04-01,DCA,BOS,AA,-14.0,-13.885412101464933
2025-04-05,LAX,SFO,OO,6.0,-12.773552254469944
2025-04-01,MKE,ATL,WN,-36.0,-17.970443242871173
2025-04-21,PHL,BDL,OH,113.0,107.69319822021583
2025-04-09,PDX,LAX,AS,-4.0,3.802865137953507
2025-04-11,SEA,LIH,DL,-21.0,8.223735107248615
2025-04-15,BNA,RDU,YX,-20.0,-16.46116013407982
2025-04-08,PHX,MCI,WN,-10.0,-15.570588137790129
2025-04-26,PNS,MIA,MQ,-14.0,-10.071612076426957
2025-04-21,DCA,MSY,WN,13.0,1.3039585420898376
2025-04-28,TUL,DEN,WN,-6.0,-6.6028066435944925
2025-04-09,MAF,DAL,WN,-1.0,-2.632931412666462
2025-04-17,BOS,SAT,DL,-17.0,-11.90240260294214
2025-04-02,DSM,ATL,DL,-6.0,-14.885024430087402
2025-04-28,CLT,ATL,DL,-8.0,-4.879228893340434
2025-04-11,IAH,DFW,UA,-1.0,6.697894276892001
2025-04-13,FLL,BNA,WN,9.0,3.940552206333545
2025-04-16,DCA,ICT,OH,55.0,46.500630174852844
2025-04-07,ORD,DEN,AA,-16.0,3.403051824488463
2025-04-16,LGA,MCO,DL,42.0,47.944075545055654
2025-04-20,ONT,LAS,WN,-9.0,-11.56194021838979
2025-04-18,BWI,IND,WN,0.0,3.939510397437381
2025-04-09,BWI,HOU,WN,-8.0,-12.260058161657582
2025-04-07,ATL,LAX,DL,8.0,12.772617546002675
2025-04-02,IAH,RDU,UA,20.0,29.842152691275444
2025-04-02,ATL,TUS,DL,-5.0,-12.725441003606058
2025-04-16,JFK,FLL,DL,-22.0,-18.006662013420154
2025-04-08,ATL,CRW,OO,18.0,20.671167296814833
2025-04-05,HPN,PBI,B6,-29.0,-20.243166844322992
2025-04-08,CLT,TUL,AA,-27.0,-20.273416491317548
2025-04-19,MLB,ATL,DL,-23.0,-12.984171322467457
2025-04-24,GEG,OAK,WN,-9.0,-18.927916862577874
2025-04-08,DFW,PIT,AA,-2.0,-8.888424941796309
2025-04-03,IAH,PHL,UA,52.0,58.29222166320219
2025-04-17,IAD,SFO,AS,-10.0,-4.248642750120796
2025-04-16,MCI,MDW,WN,-21.0,-13.796525818320049
2025-04-25,BDL,FLL,B6,-21.0,-16.953130293901097
2025-04-16,PNS,ATL,DL,-20.0,-8.383674666335
2025-04-17,ORD,IAH,UA,-18.0,-7.872547697314012
2025-04-29,CLT,HHH,MQ,-2.0,-4.356207637320331
2025-04-12,DTW,RSW,DL,-16.0,0.6633341773594212
2025-04-14,DSM,DEN,OO,21.0,5.037573707473557
2025-04-23,ONT,SJC,WN,4.0,7.935162543169465
2025-04-11,ONT,LAS,WN,-10.0,-10.184662336703877
2025-04-04,SAT,LAX,OO,-18.0,-13.871476308466725
2025-04-19,JFK,BUF,B6,-2.0,6.169812592427331
2025-04-25,MLI,ORD,OO,-17.0,-7.390111180600659
2025-04-25,BDL,ATL,DL,-1.0,-8.434840814020657
2025-04-23,PIT,PHL,AA,-17.0,-8.250790726772646
2025-04-27,PBI,ISP,B6,-9.0,-9.399163008919
2025-04-27,JFK,LAS,DL,35.0,9.855832958213988
2025-04-28,FLL,PHL,NK,51.0,52.31785929397202
2025-04-29,MDW,ORF,WN,40.0,5.348928503655388
2025-04-26,DCA,PVD,YX,57.0,26.32462384848003
2025-04-17,RSW,PHL,F9,140.0,148.71018766251956
2025-04-25,CHS,LGA,YX,-8.0,-5.76157520105091
2025-04-19,PHL,IND,AA,23.0,15.844553881455141
2025-04-13,LGA,ATL,F9,-15.0,-0.028997474931225398
2025-04-17,ORD,CLE,AA,-2.0,-16.08826878265174
2025-04-04,MEM,MSP,DL,21.0,7.569358416573202
2025-04-29,MCO,RDU,DL,264.0,258.42502624128355
2025-04-14,CLT,JAX,AA,-12.0,-13.260022117548864
2025-04-19,SNA,SFO,UA,-5.0,-10.0272060315236
2025-04-04,ORD,PIA,OO,-2.0,1.2601023794443176
2025-04-20,ATL,MDW,WN,-24.0,-14.359232355869072
2025-04-27,DFW,SFO,AA,63.0,60.70458778303872
2025-04-19,KOA,HNL,WN,-23.0,-17.385855782001666
2025-04-23,ORD,ICT,UA,-18.0,-14.448142310204194
2025-04-25,LAS,SJC,WN,-6.0,-1.5315803504019954
2025-04-23,IAH,LIT,OO,14.0,22.281383326647706
2025-04-04,CLT,ILM,AA,-5.0,-14.92291330014756
2025-04-17,DFW,ATL,F9,-17.0,1.8675009985751458
2025-04-09,MCI,DFW,MQ,-5.0,5.818115977941591
2025-04-17,SFO,LAX,WN,-6.0,-6.338835454209406
2025-04-25,BWI,MSP,WN,0.0,-6.961979094497359
2025-04-09,ATL,GRR,DL,-5.0,-14.56656180129383
2025-04-20,DEN,MCO,WN,-9.0,-17.285787185505278
2025-04-08,SAT,DEN,F9,-19.0,-14.183113130104065
2025-04-14,SMF,SAN,OO,21.0,16.867105561309636
2025-04-09,MIA,BOS,AA,-22.0,-15.970808318549068
2025-04-25,IAD,BNA,UA,13.0,-1.9591398867763647
2025-04-10,SLC,SEA,AS,18.0,-2.2258554760746936
2025-04-10,LGA,CLE,YX,-5.0,-5.967904336571591
2025-04-25,BOS,IND,YX,-6.0,3.2037198077250286
2025-04-21,PVD,CLT,AA,-12.0,-5.450364911364183
2025-04-09,HNL,SEA,AS,72.0,84.13102590973796
2025-04-29,SEA,SJC,AS,18.0,24.24631859272546
2025-04-06,MIA,ATL,DL,183.0,132.7754726850951
2025-04-01,BOS,RDU,B6,-1.0,-17.931403212865746
2025-04-04,FAT,SAN,OO,17.0,16.4560845408375
2025-04-04,MCO,DFW,AA,39.0,-13.794534534171294
2025-04-13,MCO,BOS,DL,20.0,2.8012227409356454
2025-04-03,CLT,DCA,OH,30.0,20.34455760973202
2025-04-05,ANC,SEA,DL,-4.0,-24.83139833962342
2025-04-26,IND,BOS,YX,-14.0,-10.747118672564493
2025-04-02,MCO,BNA,WN,88.0,92.47805988667815
2025-04-02,HOU,BNA,WN,-7.0,-12.968739224246
2025-04-10,TPA,SLC,DL,-4.0,-12.811988024123586
2025-04-27,TUS,SEA,DL,-27.0,-6.00673360378563
2025-04-16,MCO,JFK,B6,52.0,47.397053115550435
2025-04-05,CVG,DFW,AA,154.0,131.60240484564278
2025-04-11,SMF,LAX,WN,-10.0,-6.9626800028473195
2025-04-25,SJU,MCO,F9,54.0,74.70120005592193
2025-04-13,DEN,PSC,OO,-5.0,-10.29040226116819
2025-04-06,SMF,BOI,WN,-13.0,-11.421046687111183
2025-04-07,LAX,DFW,AA,253.0,253.49264870018393
2025-04-19,MIA,JFK,B6,15.0,-5.114095039416041
2025-04-30,SEA,PHX,DL,-18.0,-12.327836754332093
2025-04-13,JFK,LAX,B6,-34.0,-16.42906592749853
2025-04-03,DEN,ATL,DL,-6.0,-21.38226816190873
2025-04-08,ATL,DFW,DL,-21.0,-14.077994363417794
2025-04-29,DEN,SAN,WN,-16.0,0.18853590711118962
2025-04-02,DFW,DEN,AA,13.0,17.496078195769574
2025-04-01,ORD,PIA,MQ,43.0,28.136538506913887
2025-04-13,LAS,DEN,UA,-2.0,6.703550838545828
2025-04-18,SEA,PDX,OO,5.0,-13.574777041500997
2025-04-02,MCO,BUF,WN,-8.0,-12.58507407215113
2025-04-05,SMF,PHX,OO,-13.0,-9.750822355130772
2025-04-30,RDU,DFW,AA,35.0,-6.888382568206483
2025-04-16,LGA,DTW,DL,31.0,28.40850453615115
2025-04-17,EWR,RDU,UA,-10.0,-2.3885218257637852
2025-04-25,DFW,JAN,OH,1.0,-5.216596536283683
2025-04-18,BHM,ATL,DL,11.0,19.45872774893361
2025-04-13,PWM,LGA,YX,-11.0,-23.210589042263727
2025-04-24,SJU,EWR,B6,-6.0,-7.655174029441913
2025-04-23,MCI,MIA,AA,2.0,-0.5417765375915327
2025-04-12,DEN,PHX,WN,1.0,1.3734224671997737
2025-04-14,HOU,BWI,WN,8.0,2.1173104997997125
2025-04-13,MSP,MSY,DL,-1.0,7.839450460809362
2025-04-09,OGG,SAN,HA,-13.0,-5.788299659924673
2025-04-12,BDL,TPA,WN,48.0,57.15781455083856
2025-04-27,BOS,DCA,B6,15.0,1.4272212070362444
2025-04-14,LGA,ORD,AA,2.0,-15.964735234359974
2025-04-10,MIA,ATL,AA,105.0,26.317261764819083
2025-04-29,PHX,LAX,OO,23.0,25.161367407672667
2025-04-02,MCI,FLL,WN,29.0,23.376320489077532
2025-04-26,HLN,SEA,OO,-6.0,-24.57170517233995
2025-04-20,TPA,JFK,DL,-14.0,-9.802538530257756
2025-04-06,DFW,GRR,AA,182.0,191.5475164658632
2025-04-16,EYW,ORD,UA,45.0,37.92169983098316
2025-04-24,PHX,SAT,AA,-3.0,-7.476773921170853
2025-04-21,SMF,SAN,WN,30.0,32.36269271055167
2025-04-11,DEN,IDA,OO,-4.0,-6.335116389104352
2025-04-22,ATL,CHS,DL,5.0,7.150625829749568
2025-04-16,SAN,PHX,AA,-7.0,-3.597449803523869
2025-04-20,PHX,DSM,MQ,6.0,1.2042625821328743
2025-04-18,CVG,MIA,MQ,-12.0,-9.944346647865421
2025-04-26,DEN,LGB,WN,29.0,22.69582155191565
2025-04-10,BUF,ATL,DL,3.0,2.1560834880055157
2025-04-11,DFW,DTW,AA,15.0,4.848516644752282
2025-04-01,MIA,CLT,AA,4.0,8.345609951193275
2025-04-25,EWR,PBI,UA,-16.0,-3.031922546107392
2025-04-07,PSP,DEN,UA,-1.0,-5.863478177562261
2025-04-09,SEA,PHX,AS,13.0,22.7647760228105
2025-04-25,SFO,SNA,OO,-9.0,-19.199857704850928
2025-04-26,LAX,ORD,AA,-29.0,-17.048374655230752
2025-04-06,ATW,AZA,G4,-33.0,-25.196352775384547
2025-04-28,DCA,JFK,YX,-23.0,-24.150422033317838
2025-04-04,DFW,LIT,OH,10.0,5.432044384400558
2025-04-22,ECP,BNA,WN,-12.0,-3.9208325828877726
2025-04-20,DFW,ELP,AA,161.0,162.2455711089621
2025-04-30,SHV,ATL,OO,-4.0,-5.155726966968327
2025-04-21,DTW,MDW,WN,-5.0,-5.270294896185698
2025-04-04,LAS,BLI,G4,-1.0,-12.478145816595188
2025-04-10,GNV,ATL,DL,-19.0,-8.251807638665866
2025-04-26,SEA,ANC,AS,-8.0,-11.77051392432567
2025-04-15,ATL,ORF,DL,-12.0,-13.083890106841032
2025-04-20,SAT,DEN,UA,6.0,1.481631706650954
2025-04-28,MDW,SAN,WN,-6.0,-8.886041680745016
2025-04-30,ATL,PHL,OH,-19.0,-9.200303400717278
2025-04-17,GEG,SEA,OO,-11.0,-15.907539744671762
2025-04-20,SFO,SNA,OO,-15.0,-17.817674962438915
2025-04-19,ATL,MCO,WN,-14.0,-13.245464757894492
2025-04-29,IAH,BNA,UA,6.0,15.816743280982847
2025-04-13,LGB,ELP,WN,-11.0,-6.677613148181919
2025-04-27,PBI,PHL,AA,13.0,24.551902572875022
2025-04-25,ORD,IAH,AA,-18.0,-13.54677219205987
2025-04-23,TYS,CLT,OH,-15.0,-14.95630422600155
2025-04-06,FLL,EWR,UA,-28.0,-7.4916839121827525
2025-04-07,BOS,FLL,B6,-3.0,-13.552213887236828
2025-04-22,ATL,SFO,DL,-8.0,-6.003870579445678
2025-04-20,SLC,ORD,UA,-18.0,-18.445273371097656
2025-04-29,RDU,MDW,WN,-19.0,-16.744474200013144
2025-04-02,EWR,BOS,UA,-4.0,3.035055849294418
2025-04-02,ORD,IND,YX,65.0,67.26918285903025
2025-04-28,SBA,LAS,WN,-9.0,-8.167475955899874
2025-04-19,CLT,MCO,NK,-26.0,-19.403753498966303
2025-04-23,CLT,STL,AA,-22.0,-14.947277595320564
2025-04-15,STL,BWI,WN,-1.0,7.0575523340058055
2025-04-08,FLL,PIT,NK,10.0,26.55356479616995
2025-04-29,OKC,LAS,WN,-13.0,-6.093794575803328
2025-04-09,MIA,TYS,AA,16.0,18.028318265910084
2025-04-01,DEN,IAH,UA,18.0,22.584800614599853
2025-04-25,HNL,LIH,HA,6.0,1.2114796952721996
2025-04-21,ORD,EAU,OO,-13.0,-16.92632515313211
2025-04-14,PHX,SEA,OO,45.0,46.75061202955572
2025-04-16,PVD,MCO,WN,-9.0,-4.454590354293728
2025-04-10,EWR,BUF,UA,-30.0,-22.302936121379016
2025-04-16,PIT,RDU,YX,-25.0,-18.592710854023032
2025-04-02,LAS,SFO,UA,-11.0,-10.424025108395677
2025-04-13,LGA,MCI,WN,15.0,13.764953788394648
2025-04-21,DFW,IND,F9,-24.0,-12.7652225612519
2025-04-11,GRB,DTW,OO,2.0,-8.631836742619157
2025-04-27,BNA,JAX,WN,-1.0,1.3444904273868907
2025-04-07,ESC,DTW,OO,886.0,882.3867020483681
2025-04-26,IAD,SAN,UA,62.0,69.19333341211879
2025-04-29,SMF,LAX,OO,-16.0,-8.403705104919993
2025-04-22,YUM,PHX,OO,12.0,1.9295598907424356
2025-04-01,ORD,MCO,NK,-18.0,-11.133151699980417
2025-04-09,MCO,CLT,AA,-17.0,-8.360719623548468
2025-04-16,ORD,SFO,UA,-8.0,-4.972440656800266
2025-04-04,DAL,MCI,WN,4.0,9.633217621270967
2025-04-01,SMF,LAX,OO,-31.0,-18.312097463758693
2025-04-13,SLC,RDM,OO,-19.0,-11.648083545660402
2025-04-28,DFW,SNA,AA,-15.0,-13.233396473337336
2025-04-09,MDW,LAS,WN,0.0,-12.858181740717875
2025-04-04,ORD,RSW,UA,17.0,11.415445934501365
2025-04-30,CVG,ATL,DL,-8.0,-1.265247799194115
2025-04-16,BNA,DFW,AA,-25.0,-16.765232342096578
2025-04-13,SFO,FAT,OO,-8.0,-1.8204152707326777
2025-04-14,PHX,CLE,AA,-33.0,-18.57217925009723
2025-04-14,DAL,LIT,WN,-6.0,-3.6663964578277763
2025-04-05,SUX,DEN,OO,5.0,5.547282719679769
2025-04-09,ITO,HNL,WN,-11.0,-10.96885940759745
2025-04-30,TPA,PIT,WN,-13.0,-10.186092527179055
2025-04-06,FAR,MSP,OO,-19.0,-25.27137696414144
2025-04-06,RSW,BWI,WN,5.0,15.443381833938124
2025-04-05,EVV,ATL,OO,-13.0,-13.018514519798057
2025-04-07,DCA,ORD,UA,13.0,-11.503910300495317
2025-04-27,PDX,MIA,AA,-10.0,-14.029660705018166
2025-04-06,GEG,SEA,OO,-20.0,-11.170253126511454
2025-04-14,LAS,LAX,WN,21.0,19.685446758317788
2025-04-28,PBI,CLT,AA,-4.0,-10.90075717733065
2025-04-26,LAS,DAL,WN,-9.0,-19.653398657229175
2025-04-26,FAR,MSP,OO,-18.0,-18.760913942706797
2025-04-06,DCA,RSW,MQ,-3.0,-3.887146066710491
2025-04-15,MCO,BWI,WN,-24.0,-17.760507908350327
2025-04-14,PHX,FSD,MQ,-11.0,13.30974916111951
2025-04-22,HRL,DFW,OO,-24.0,-19.77433740587353
2025-04-25,CLT,DTW,AA,2.0,-1.1891635251047727
2025-04-23,DCA,MCI,WN,-2.0,-12.065579298991377
2025-04-13,JFK,PDX,DL,-9.0,-4.2418854935146
2025-04-08,DEN,ELP,WN,-14.0,-10.755546263697394
2025-04-11,DFW,CLT,AA,4.0,14.561118554378671
2025-04-01,MIA,CLT,AA,-10.0,-3.6041776475939606
2025-04-05,DEN,GEG,WN,47.0,44.867899261628814
2025-04-02,HNL,ITO,WN,-18.0,-17.196232750935973
2025-04-29,ORD,FSD,MQ,-9.0,-2.7717807399125576
2025-04-05,SLC,BZN,DL,-10.0,-15.812035766067332
2025-04-10,ORD,LAS,AA,-18.0,1.186948834237449
2025-04-27,ORD,LAS,WN,-13.0,-20.096540150665344
2025-04-06,ATL,BOS,DL,31.0,24.633048024846047
2025-04-04,DCA,SEA,AS,-23.0,-16.615201210522542
2025-04-13,ORD,LGA,DL,-8.0,-8.017442598562564
2025-04-29,MSP,ORD,DL,-1.0,5.501681620859748
2025-04-29,CAE,CLT,OH,4.0,2.4756912695897775
2025-04-04,ATL,JFK,B6,10.0,33.30151499164777
2025-04-11,SNA,DFW,AA,-15.0,-18.949081060282552
2025-04-21,SFB,FNT,G4,-25.0,-20.488135539530056
2025-04-10,SGU,SLC,OO,-17.0,-16.512164313023234
2025-04-16,DFW,PNS,AA,-17.0,-17.268796670224294
2025-04-03,MDW,TPA,WN,-9.0,-2.4529609565303048
2025-04-29,HNL,DTW,DL,3.0,-17.651764041934207
2025-04-21,DEN,CPR,OO,-13.0,-13.183019011488142
2025-04-23,LGA,BOS,YX,-4.0,-15.383790844251006
2025-04-08,CLT,RDU,AA,-11.0,-9.761869949361209
2025-04-01,PHX,CLT,AA,-25.0,-20.165670081739886
2025-04-18,PBI,ORD,UA,-3.0,-5.743594663101506
2025-04-01,ATL,MEM,DL,-2.0,2.7501152247380887
2025-04-21,LGA,CLT,YX,-18.0,-16.613466953685247
2025-04-21,SYR,IAD,YX,-4.0,-8.05773407650863
2025-04-11,SLC,SJC,WN,-15.0,-15.028093186301458
2025-04-11,BOS,CLE,YX,-23.0,-20.101432677624828
2025-04-28,STS,BUR,OO,-4.0,-2.8446189180934134
2025-04-04,SRQ,CLT,AA,89.0,82.75316858511866
2025-04-29,MIA,LGA,AA,1.0,-10.827276086229205
2025-04-28,STT,ATL,DL,-17.0,-11.172637734115739
2025-04-29,IAD,DFW,UA,-5.0,7.789118348261843
2025-04-14,BOS,JFK,B6,9.0,9.009770976742455
2025-04-28,DRO,DEN,OO,-35.0,-24.59201939869353
2025-04-21,ATL,MCO,WN,12.0,20.192435467786282
2025-04-20,BOS,ATL,DL,61.0,52.44405516451317
2025-04-18,DFW,SJT,OO,-16.0,-1.8769497769867964
2025-04-26,PHL,DEN,AA,21.0,11.388704602082232
2025-04-17,ORD,TVC,MQ,56.0,50.06667292778586
2025-04-26,BUF,TPA,F9,-39.0,-20.791871904209017
2025-04-21,TUS,DEN,WN,-17.0,-10.462433251381517
2025-04-23,SAT,CLT,AA,8.0,-3.2223360621458674
2025-04-14,SEA,LAX,OO,-15.0,-18.976943943160226
2025-04-19,STL,ORD,MQ,-17.0,-12.068237531912931
2025-04-25,BOS,LGA,YX,-17.0,-16.040962019726695
2025-04-26,STL,SAT,WN,-15.0,-6.375514514012355
2025-04-12,ORD,CVG,YX,64.0,76.30216208438472
2025-04-15,EWR,MIA,UA,-12.0,-8.60704154667317
2025-04-04,ORD,LAN,MQ,22.0,20.089359311234187
2025-04-18,ATL,PHL,DL,42.0,29.59163507281415
2025-04-23,LAS,SAN,F9,-28.0,-23.76473054074331
2025-04-11,PHL,SJU,F9,20.0,-15.132536409898737
2025-04-04,LAS,SHV,G4,-3.0,-9.1732104992199
2025-04-21,SAN,LAS,F9,-5.0,-5.6824113404897805
2025-04-18,ATL,IAD,UA,80.0,87.32361489971845
2025-04-08,COS,ORD,OO,-26.0,-13.906901362552421
2025-04-13,ATW,DEN,OO,-9.0,-19.474798180733423
2025-04-18,STL,ORD,MQ,-14.0,-10.270570939862264
2025-04-04,SLC,DEN,F9,42.0,41.85433943478377
2025-04-09,DFW,ONT,AA,0.0,7.127800625739457
2025-04-03,MCO,SFO,F9,42.0,35.66845303845891
2025-04-13,IAH,LAS,NK,-21.0,-19.378990891350327
2025-04-18,CMH,LGA,YX,6.0,-9.32175512906078
2025-04-17,PHX,MRY,OO,-28.0,-16.7032865239483
2025-04-16,SEA,SMF,AS,-16.0,-11.594781367210057
2025-04-22,SBN,CLT,OH,-12.0,-17.469446114954554
2025-04-27,DTW,RSW,DL,-13.0,-10.667015574549147
2025-04-23,EWR,CMH,YX,-9.0,-1.8243023681659452
2025-04-05,ATL,TUS,DL,-5.0,-16.925081034275575
2025-04-29,SPS,DFW,OO,-15.0,-8.182312804105347
2025-04-06,MCI,SEA,DL,-31.0,-14.427359368897946
2025-04-28,ABE,CLT,OH,-13.0,-18.498746231321313
2025-04-08,HOU,MDW,WN,-18.0,-15.818238265932695
2025-04-05,LAS,PDX,WN,0.0,2.9305043265769184
2025-04-04,MDW,PHX,WN,-10.0,-13.093018875290397
2025-04-02,ORF,BWI,WN,-14.0,-12.844716828771126
2025-04-20,MSY,HOU,WN,29.0,26.16671934671058
2025-04-07,SAN,SMF,WN,14.0,9.554495171328638
2025-04-05,BHM,CLT,OH,-5.0,-17.64479735639128
2025-04-25,CAE,DCA,OH,12.0,-6.7160625409428505
2025-04-09,SMF,DFW,AA,-21.0,-13.91156231089937
2025-04-26,PIT,LGA,YX,-16.0,-16.4096789771023
2025-04-14,SJC,HNL,WN,-27.0,-5.251114806328207
2025-04-29,LGA,DEN,WN,-11.0,-16.5413311453764
2025-04-14,HOU,BWI,WN,-7.0,-11.457679932873575
2025-04-01,LAX,PHX,OO,-17.0,-5.590689090165068
2025-04-13,MIA,LGA,DL,20.0,11.040944045747667
2025-04-24,MIA,ATL,F9,-21.0,-13.341070993059056
2025-04-14,STL,MSP,WN,-6.0,-8.460733631475543
2025-04-05,SLC,LGB,WN,11.0,21.619444329277083
2025-04-25,SLC,MCI,DL,0.0,-8.083974637681589
2025-04-17,DCA,MHT,OH,23.0,7.459924552379745
2025-04-29,SAV,CLT,OH,241.0,250.1248772300436
2025-04-27,ATL,CVG,DL,-15.0,-12.237212318516331
2025-04-14,MDW,JAX,WN,-11.0,-13.714159578366605
2025-04-07,PHL,PBI,F9,9.0,-0.5515725194382153
2025-04-28,CLT,CHS,AA,-3.0,3.01382410232604
2025-04-22,LEX,CLT,OH,23.0,5.817579675721839
2025-04-13,DEN,ORD,AA,992.0,976.315854652021
2025-04-01,ONT,SMF,WN,-10.0,-16.45624705278904
2025-04-13,PHX,OMA,OO,-11.0,-2.7202866974287563
2025-04-20,PBI,BDL,B6,-10.0,-4.898531578661075
2025-04-09,BNA,FLL,WN,-5.0,-7.291346160900469
2025-04-08,PHX,ORD,AA,-1.0,4.703676636801767
2025-04-03,TPA,MCI,WN,56.0,48.18951594297691
2025-04-14,MCO,RDU,YX,-24.0,-20.9104082196057
2025-04-08,ORD,SYR,UA,-5.0,1.5295612164774761
2025-04-17,LGA,ORD,UA,-27.0,-29.7079484219498
2025-04-14,CLE,BNA,WN,-22.0,-20.74999339802076
2025-04-17,BOS,BNA,WN,20.0,5.780797410884592
2025-04-02,DEN,HDN,UA,-14.0,-7.959194493636149
2025-04-01,AUS,MAF,OO,-28.0,-18.049054090485313
2025-04-17,DEN,FAT,UA,-25.0,-14.0098871229801
2025-04-21,SJC,DEN,WN,-9.0,-12.946021874636077
2025-04-10,LAX,AUS,WN,-4.0,-5.663279306127361
2025-04-21,ATW,DEN,OO,-5.0,-19.948610832101124
2025-04-21,MAF,DFW,MQ,-15.0,-15.320435770815166
2025-04-14,PIT,ORD,UA,-12.0,-6.883583125318461
2025-04-15,ORD,LGA,UA,32.0,31.226958238184057
2025-04-14,DFW,MHK,MQ,33.0,36.36641822948519
2025-04-23,SAN,DFW,AA,-14.0,-8.037775601845272
2025-04-14,FSD,FLL,G4,-31.0,-17.637142269759163
2025-04-03,PHX,DEN,UA,-6.0,-11.902180050102103
2025-04-17,LGA,MCO,AA,-15.0,-14.261766998412696
2025-04-13,MCO,BWI,NK,23.0,3.830768429924726
2025-04-08,IND,MCO,NK,-7.0,-15.257245076701306
2025-04-17,ORD,TUL,YX,-2.0,-7.925802822897573
2025-04-09,PIT,BWI,WN,1.0,0.17960485045921626
2025-04-16,RSW,ORD,AA,17.0,17.987245568289516
2025-04-07,DFW,PHX,F9,-27.0,0.6050434230315869
2025-04-02,FLL,LAX,B6,-2.0,-10.166030264304544
2025-04-26,BWI,GSP,WN,-4.0,-7.8197844734463935
2025-04-19,PIA,ORD,OO,-27.0,-19.006135617789752
2025-04-17,TUS,ATL,DL,-24.0,-15.999070727744783
2025-04-04,BWI,ATL,WN,-1.0,4.009445206468073
2025-04-30,TPA,JFK,B6,2.0,-9.271740393595467
2025-04-25,SFO,SAN,OO,38.0,32.49574213092892
2025-04-24,EGE,DEN,OO,39.0,47.56090602517188
2025-04-12,MCO,EWR,UA,-11.0,-9.46667841166754
2025-04-05,RSW,BWI,WN,-18.0,-2.0289356053612817
2025-04-29,DEN,DTW,DL,232.0,234.4376969306849
2025-04-18,PHX,AUS,WN,-25.0,-22.198018743991717
2025-04-04,LAX,SFO,UA,-1.0,0.5304424397774605
2025-04-25,DEN,CHS,UA,-10.0,-15.455359800352987
2025-04-27,ATL,BNA,DL,-3.0,-5.890614344654324
2025-04-26,DFW,JFK,AA,119.0,67.43897083943328
2025-04-11,IAH,ORD,AA,4.0,-9.104538685629834
2025-04-04,FSD,MSP,OO,-35.0,-27.41919054232173
2025-04-23,OGG,PDX,HA,68.0,65.12232896151613
2025-04-13,BNA,OMA,WN,1.0,-6.079369822459235
2025-04-26,TPA,PHL,NK,-3.0,-1.2524244117187742
2025-04-25,ORD,TUS,AA,-10.0,-10.239676564854753
2025-04-14,HOU,MAF,WN,-12.0,-7.988168050861438
2025-04-04,MSY,MIA,AA,-4.0,-9.172068104315002
2025-04-30,STL,MIA,WN,6.0,4.731545885775796
2025-04-28,IAD,DFW,UA,-18.0,-7.150453632205473
2025-04-20,CLT,LAX,AA,20.0,19.812296959743737
2025-04-09,MDW,LAS,F9,-13.0,-11.176008013313226
2025-04-30,SJU,RDU,B6,-24.0,-20.86317747550035
2025-04-08,CLT,ECP,AA,-4.0,-15.734763678682363
2025-04-05,ORD,DCA,AA,3.0,-1.3180949807493354
2025-04-27,MSP,ORD,MQ,-20.0,-12.15462520806155
2025-04-28,IAD,ORD,UA,-22.0,-6.923423988687098
2025-04-23,IND,LAS,WN,-7.0,-3.325583355015336
2025-04-03,COS,DFW,OO,10.0,1.6747259982552904
2025-04-04,MDW,LGB,WN,-13.0,-9.923466566722178
2025-04-11,SFO,HNL,HA,-10.0,-0.46890356576092707
2025-04-13,LGA,DEN,UA,11.0,-3.696252841249045
2025-04-22,ONT,SFO,OO,-23.0,-6.388552633198374
2025-04-30,SEA,PDX,OO,-7.0,-12.425366499257745
2025-04-16,LAS,DFW,F9,-27.0,-15.39083774660164
2025-04-19,CLT,MSN,AA,-6.0,-8.179663562418234
2025-04-18,MIA,DCA,AA,11.0,-8.241637886323723
2025-04-11,MSN,ORD,YX,4.0,15.851327753843458
2025-04-17,LGA,PBI,B6,-9.0,-5.262678346107297
2025-04-30,LAX,DEN,UA,3.0,1.3719359669681754
2025-04-20,TVC,FLL,G4,-51.0,-43.27688606452754
2025-04-10,TUL,ORD,YX,-20.0,-18.513328106404316
2025-04-11,CLE,ORD,YX,-7.0,-10.523750546299706
2025-04-18,PGD,LEX,G4,4.0,-4.075778956696251
2025-04-26,EWR,IAH,UA,-36.0,-20.44602128139897
2025-04-12,LAX,JFK,DL,-15.0,-16.45975224090385
2025-04-24,DCA,TUL,OH,-16.0,-8.212409231490945
2025-04-04,LAS,ORD,WN,25.0,38.00568204714842
2025-04-24,CLT,SBN,OH,-11.0,-0.16079147036670527
2025-04-02,JFK,CMH,YX,-22.0,-19.72682526352568
2025-04-25,MCO,BWI,WN,21.0,17.006334146479777
2025-04-05,XNA,CLT,AA,47.0,45.68812651894728
2025-04-28,BWI,ATL,F9,-21.0,-11.217129626459304
2025-04-30,MYR,CLT,OH,-16.0,-16.17402176540166
2025-04-01,DFW,SLC,DL,-6.0,-8.757839658514769
2025-04-29,LAS,IND,WN,-21.0,-14.499646812693747
2025-04-11,RDU,STL,WN,-14.0,-13.141599353427559
2025-04-06,SEA,TUS,AS,-3.0,-4.905561930846016
2025-04-03,MSP,BOI,DL,36.0,36.35123450774772
2025-04-05,HNL,LIH,HA,5.0,3.0041237464216035
2025-04-05,IAH,PDX,UA,47.0,66.87010417438803
2025-04-01,LGA,GSO,YX,5.0,7.481806428445843
2025-04-27,ATL,DFW,AA,-27.0,-16.632876532761685
2025-04-06,STL,DTW,DL,-24.0,-18.48619846723809
2025-04-05,ORD,CMH,UA,-15.0,-11.550144948787946
2025-04-07,LAS,JFK,B6,-11.0,-9.148941050095232
2025-04-05,IAD,FLL,UA,141.0,137.08516651031738
2025-04-30,SMF,SAN,OO,-1.0,0.41684726424202445
2025-04-24,CLT,GRR,AA,-9.0,-5.201312806913865
2025-04-05,SEA,PHX,DL,-8.0,-8.459142759163012
2025-04-10,FLL,SFO,UA,-30.0,-15.025699211438514
2025-04-05,DSM,ORD,YX,-20.0,-15.639800348663048
2025-04-11,BWI,ALB,WN,-11.0,-2.3986632667234886
2025-04-12,DTW,OMA,OO,38.0,44.46565272238803
2025-04-16,LAS,SJC,WN,-16.0,-9.978592080227854
2025-04-22,IAD,SEA,DL,8.0,-21.523789405644415
2025-04-27,HNL,LIH,WN,-8.0,-4.982281214001016
2025-04-10,BNA,BWI,WN,-6.0,-11.196193507391214
2025-04-04,SEA,KTN,AS,-17.0,-17.534067415157143
2025-04-28,LAX,SEA,DL,-12.0,-16.346011948607742
2025-04-17,MCO,SMF,AS,-33.0,-18.9507811030737
2025-04-06,LAS,STL,WN,-2.0,-5.558950583197065
2025-04-03,JFK,LAX,DL,15.0,7.521680220107232
2025-04-03,LAS,MOT,G4,111.0,112.03626451444487
2025-04-30,ATL,BNA,DL,-7.0,-9.75957109669365
2025-04-07,ORD,LGA,YX,20.0,26.421165044786463
2025-04-12,DTW,PHL,AA,3.0,-15.042792456845127
2025-04-22,MCI,MDW,WN,-3.0,-2.482113481549307
2025-04-12,SLC,PHX,OO,-8.0,-14.052996987351065
2025-04-23,PHL,SFO,UA,-11.0,-10.510864741399347
2025-04-02,ATL,PHL,DL,-13.0,-8.228236833422292
2025-04-09,DEN,LAS,F9,-15.0,-13.851906739017018
2025-04-29,ITO,HNL,WN,4.0,-7.7993625808179825
2025-04-24,MSY,SEA,AS,-14.0,-18.561191193055677
2025-04-22,IAH,DCA,UA,5.0,18.93364461160617
2025-04-21,ATL,BHM,DL,-3.0,-8.609254054851908
2025-04-29,BOI,DEN,UA,-23.0,-18.43448900037339
2025-04-01,MIA,BOS,B6,33.0,36.254519324863125
2025-04-01,PHX,FAR,MQ,0.0,1.6692938713772776
2025-04-07,LAS,BUR,NK,-32.0,-22.7132270121934
2025-04-06,SEA,BOS,DL,-15.0,-14.301376605950196
2025-04-06,SLC,SAT,DL,8.0,0.38926386272579894
2025-04-28,PHX,MCO,F9,1.0,-6.084610632393964
2025-04-25,SFO,KOA,UA,-5.0,-2.9439423472064714
2025-04-01,ORD,CMH,MQ,22.0,24.064562730206973
2025-04-29,TUL,CLT,OH,82.0,89.66301012953238
2025-04-23,FAT,LAX,OO,-10.0,-4.347028559260609
2025-04-25,PIT,EWR,YX,-22.0,-17.320193746496244
2025-04-17,FLL,AUS,WN,29.0,0.7185677452466361
2025-04-07,RDU,JFK,B6,-18.0,-8.64871334126071
2025-04-13,SNA,PHX,AA,2.0,1.572960406037517
2025-04-30,PHX,DTW,AA,-11.0,-11.211732393203587
2025-04-28,ORD,PHX,UA,4.0,4.334061390768362
2025-04-18,RDM,LAX,OO,-29.0,-14.35837307671644
2025-04-15,XNA,LGA,YX,-17.0,-14.089449421750345
2025-04-30,MIA,ORD,AA,-11.0,-15.13690964544223
2025-04-26,LAX,ATL,DL,29.0,27.929858786458556
2025-04-28,DCA,MCO,DL,124.0,83.17322550621518
2025-04-29,LGA,DTW,YX,28.0,15.551194662055558
2025-04-11,SEA,SJC,AS,19.0,14.877557752658078
2025-04-07,SAT,DFW,OO,90.0,98.20565714851907
2025-04-18,GEG,SFO,OO,18.0,-12.315716195907775
2025-04-05,CLT,ROC,OH,3.0,12.746483179102107
2025-04-10,DEN,SDF,UA,38.0,36.65019979436853
2025-04-07,DCA,CLE,OH,-11.0,-21.321812474499417
2025-04-24,SEA,LAS,AS,15.0,4.780933797395818
2025-04-14,RSW,MSP,DL,14.0,15.711479260726941
2025-04-27,CLT,MCO,AA,11.0,11.640060719364074
2025-04-07,AUS,DTW,DL,-20.0,-5.424142745980474
2025-04-28,ATL,CMH,DL,-4.0,-12.840822773573489
2025-04-17,LEX,DFW,MQ,0.0,-5.974837818199022
2025-04-26,BUR,SFO,OO,-23.0,-15.793826436521687
2025-04-06,OAK,ABQ,WN,-15.0,-14.128868410285172
2025-04-21,MCI,PHX,WN,3.0,-3.569135239431601
2025-04-05,CVG,MCO,WN,83.0,75.1849223647755
2025-04-02,ELP,HOU,WN,25.0,24.95232518802274
2025-04-29,ATL,SHV,OO,-12.0,-14.421776534759921
2025-04-12,LGA,MIA,DL,-9.0,-13.521322315356336
2025-04-20,LGA,DFW,DL,-6.0,-20.52118498509476
2025-04-27,COS,DAL,WN,34.0,37.79604707964628
2025-04-13,LAS,SJC,WN,13.0,17.37827161736613
2025-04-24,PHX,RNO,WN,-1.0,1.3027212958881575
2025-04-10,MCO,DCA,DL,73.0,60.70936904270974
2025-04-14,PVD,PGD,G4,-15.0,-7.728443447994657
2025-04-18,BNA,CLT,AA,-18.0,-16.534032754287924
2025-04-24,LAS,BLI,G4,-37.0,-24.099397328834684
2025-04-21,AUS,HOU,WN,16.0,-5.581778701194546
2025-04-06,SEA,CMH,AS,-7.0,-14.221883253766737
2025-04-05,ATL,IND,DL,4.0,-8.286220349071897
2025-04-25,JAX,ATL,DL,-6.0,-5.520175191594806
2025-04-26,HOU,BNA,WN,-15.0,-7.449433640143626
2025-04-05,AUS,MCO,WN,25.0,17.95960280510835
2025-04-28,ORD,JAX,MQ,-6.0,1.4226646357400021
2025-04-25,BOS,SEA,B6,-25.0,-21.494118089812886
2025-04-30,MIA,CHS,AA,-10.0,-16.96893020458268
2025-04-07,PHL,CVG,OH,47.0,32.062857955716154
2025-04-15,MCO,LGA,DL,45.0,50.56903552039253
2025-04-11,ATL,LGA,WN,-6.0,3.33841820177483
2025-04-20,DEN,PDX,UA,-3.0,-6.116128864605383
2025-04-24,BNA,ORD,OO,-4.0,-4.641794894232678
2025-04-05,IND,FLL,NK,2.0,2.076707774372075
2025-04-08,MDW,RDU,WN,-15.0,-11.860377507981397
2025-04-10,LGA,GSO,YX,-8.0,-16.120930830547426
2025-04-11,BUF,BWI,WN,1.0,-8.085557060833455
2025-04-06,SLC,DFW,F9,-4.0,-11.447859276371986
2025-04-03,MIA,MCO,YX,7.0,17.1894370233252
2025-04-14,CHS,LGA,NK,-21.0,-16.5010193437829
2025-04-15,DCA,IND,MQ,10.0,0.33163434576312145
2025-04-12,MIA,MSP,DL,17.0,3.6998379582000425
2025-04-14,PHX,ONT,WN,11.0,5.299673197866526
2025-04-22,DEN,SFO,WN,9.0,4.065322811610455
2025-04-03,LAS,LAX,UA,-19.0,-12.618879463038677
2025-04-14,LGA,ATL,DL,-4.0,-10.623051539595362
2025-04-17,MCO,ORD,UA,8.0,-10.305456903999477
2025-04-10,SAN,DCA,AS,22.0,3.0794284302302675
2025-04-20,ATL,RDU,DL,-17.0,-9.178903223186744
2025-04-24,HOU,LAS,WN,138.0,132.04956648905463
2025-04-17,LGA,TPA,DL,-6.0,7.432338420161627
2025-04-16,ATL,STL,DL,-12.0,-13.90881128823326
2025-04-22,LGA,CVG,YX,-10.0,-14.644169383237209
2025-04-02,MDW,ELP,WN,152.0,121.94360936424374
2025-04-08,AUS,IAD,UA,-17.0,-8.649986650580693
2025-04-23,TUL,MDW,WN,-15.0,-13.773715512866499
2025-04-12,BWI,BOS,NK,-5.0,-1.261492449915897
2025-04-01,DEN,ORD,UA,1.0,-0.9228091551803317
2025-04-23,TPA,CLT,AA,-3.0,1.4795137978322752
2025-04-26,DFW,JFK,DL,20.0,-12.020318451834484
2025-04-14,FAR,DFW,MQ,-30.0,-30.6062910096843
2025-04-07,DFW,ATL,DL,161.0,155.4260481755595
2025-04-05,RSW,ATL,DL,-22.0,-12.76404780509581
2025-04-06,STL,SAT,WN,-9.0,-10.436236076126654
2025-04-18,LAX,FAT,OO,5.0,2.137725057510936
2025-04-06,DFW,FAR,MQ,-22.0,-9.426117929661123
2025-04-17,SEA,PDX,OO,-5.0,5.0824833310171265
2025-04-27,PVU,SAN,G4,-11.0,-11.46979281382881
2025-04-06,PHX,ORD,UA,-6.0,-16.6011439195988
2025-04-05,DFW,FLG,OO,209.0,217.2544689433928
2025-04-18,LAX,DFW,AA,0.0,1.4290602305443576
2025-04-13,BNA,ATL,DL,-11.0,-10.5755997639791
2025-04-25,SAT,DEN,UA,32.0,35.10201041220141
2025-04-05,DFW,RAP,MQ,67.0,89.56814042344936
2025-04-15,LGA,MIA,AA,15.0,-6.932584845037981
2025-04-27,ASE,DEN,OO,120.0,125.070308726057
2025-04-02,AUS,ORD,UA,145.0,100.03252627780893
2025-04-09,PHX,MIA,AA,-5.0,-5.955423318175582
2025-04-11,MDW,SAV,WN,9.0,-4.838326942775053
2025-04-25,DCA,BOS,YX,8.0,0.5382716650351274
2025-04-06,PHX,IAH,F9,-8.0,-21.569286000315874
2025-04-26,SEA,KTN,AS,3.0,-1.226893973563918
2025-04-05,BNA,SEA,AS,-30.0,-20.061397425184385
2025-04-10,CHS,MDW,WN,-19.0,-14.154054642810223
2025-04-28,DFW,VPS,OH,-23.0,-23.63094808901409
2025-04-29,SEA,SMF,OO,-15.0,-7.468005517162469
2025-04-28,PSC,LAS,G4,-15.0,-26.448813370169965
2025-04-14,DEN,MCI,WN,-14.0,-2.4642892537489463
2025-04-24,PNS,ATL,DL,-4.0,-7.010185813733461
2025-04-15,SAN,SLC,DL,-18.0,-19.012614463893783
2025-04-01,LAS,DCA,WN,-6.0,-0.11863500473426924
2025-04-07,ORF,MCO,NK,9.0,-3.709041306321435
2025-04-24,DSM,IAH,UA,-5.0,-8.368050390063505
2025-04-18,AUS,ATL,DL,-23.0,-12.526892966140522
2025-04-05,SEA,IND,AS,32.0,19.062761002282468
2025-04-10,PNS,ORD,UA,6.0,-0.15135718792542008
2025-04-27,ATL,MIA,DL,-16.0,-10.065643927292918
2025-04-28,STL,ATL,WN,-15.0,-16.85833303927849
2025-04-16,PHL,LGA,YX,-1.0,-1.8953876310610482
2025-04-22,ORD,SEA,DL,-10.0,-16.965651347514836
2025-04-24,DCA,IND,YX,-8.0,-18.61420153763605
2025-04-25,MIA,LAX,AA,34.0,40.48735707224333
2025-04-04,BOS,IND,YX,-15.0,-15.946183872188236
2025-04-29,MSY,ATL,WN,-13.0,-14.747449554397324
2025-04-07,MIA,TPA,MQ,-2.0,-7.914607661873067
2025-04-25,RSW,JFK,B6,5.0,2.502709480090725
2025-04-04,DCA,MCO,B6,-30.0,-22.422132823399885
2025-04-01,LAS,RDU,WN,-15.0,-4.142897510175839
2025-04-05,HOU,CMH,WN,27.0,26.616445264326007
2025-04-03,PNS,BNA,WN,62.0,65.44858098361638
2025-04-03,DTW,PIT,DL,-15.0,-19.9769394608036
2025-04-25,SYR,DCA,OH,0.0,-3.245376935603673
2025-04-23,DCA,SDF,OH,223.0,230.18297833956694
2025-04-14,PHX,AUS,AA,-6.0,0.5959825490728665
2025-04-18,LAS,CLT,AA,-22.0,-9.16156925002241
2025-04-22,IAH,MCO,UA,-21.0,-12.744743355021363
2025-04-17,SGF,CLT,MQ,-27.0,-16.23510640551932
2025-04-20,ATL,ORD,DL,-11.0,-7.352585736824981
2025-04-06,LAX,JFK,B6,-17.0,-19.781548976552045
2025-04-25,BWI,ATL,DL,34.0,34.01719483252804
2025-04-28,LAX,DTW,DL,32.0,32.748550414763294
2025-04-28,MSP,DCA,OH,-15.0,-23.489284442567328
2025-04-12,MIA,LGA,DL,-17.0,-10.36725294494197
2025-04-10,BNA,DAL,WN,167.0,169.45529072344888
2025-04-21,COS,PHX,WN,-8.0,-4.233626187712929
2025-04-04,DEN,COS,OO,25.0,21.21833613487137
2025-04-07,IAD,DTW,OO,1.0,-14.98632326248223
2025-04-12,PVD,DCA,YX,-24.0,-18.59548400522982
2025-04-29,RDD,SFO,OO,-29.0,-22.257862102452805
2025-04-21,JFK,LAX,AA,-17.0,-25.726370090144712
2025-04-18,PVD,ORD,YX,-14.0,-17.478343981077522
2025-04-06,SLC,ORD,UA,6.0,-2.9352013851452643
2025-04-01,LAS,SFO,AS,12.0,-2.735334802872311
2025-04-19,MFE,DFW,MQ,-20.0,-12.287114588468196
2025-04-29,MCO,SJU,B6,-7.0,-8.519597673101508
2025-04-05,CVG,SRQ,G4,8.0,-25.631546729801855
2025-04-03,ORD,IAH,F9,21.0,7.026161677436946
2025-04-03,PHX,RNO,AA,-7.0,-4.216835307207813
2025-04-05,DEN,DAL,WN,-9.0,-12.572639639678464
2025-04-17,MIA,MSY,AA,-14.0,-15.50211479161608
2025-04-06,FLL,BNA,NK,-14.0,-9.285887709290147
2025-04-20,LAS,TUS,WN,-12.0,-0.21275945341443858
2025-04-27,SEA,CLT,AA,1.0,-4.255651040850124
2025-04-30,LAX,SFO,WN,-24.0,-11.298493114373493
2025-04-25,DEN,FAR,UA,4.0,11.370042789498903
2025-04-05,PDX,ANC,AS,10.0,38.009048489362605
2025-04-13,SLC,ATL,DL,-10.0,-6.182656571263848
2025-04-13,PHX,MSY,AA,-7.0,-9.0498501510018
2025-04-03,EWR,TPA,UA,-28.0,-13.290560319008925
2025-04-05,ATL,DCA,DL,83.0,61.7426570159653
2025-04-28,DEN,SGU,OO,0.0,0.9659323752340931
2025-04-30,DCA,JFK,B6,-7.0,-13.884512556704774
2025-04-01,CLT,SAN,AA,18.0,-10.969818225373306
2025-04-10,SDF,ATL,DL,-18.0,-19.140545715624256
2025-04-14,DCA,BNA,OH,27.0,3.406695953526715
2025-04-02,CLT,SDF,OH,3.0,-0.7274123147875216
2025-04-05,DFW,IND,AA,119.0,128.14025644016849
2025-04-13,SEA,OKC,AS,-17.0,-3.610307644123802
2025-04-17,MIA,ATL,AA,22.0,15.494310987038684
2025-04-20,ECP,ORD,UA,4.0,8.885271626563712
2025-04-13,STL,LGA,WN,-22.0,-15.361404101834733
2025-04-08,CLT,ILM,AA,-12.0,-12.51380474107787
2025-04-05,PDX,SEA,OO,-9.0,-10.161117088658008
2025-04-18,SAN,DTW,DL,-4.0,9.664866028180544
2025-04-13,MCO,AUS,NK,-12.0,0.8589833926892014
2025-04-16,MCO,SAT,WN,-9.0,-16.42232822075689
2025-04-17,ORD,STL,MQ,24.0,9.969816847418123
2025-04-22,ELP,DFW,AA,76.0,82.37584363408897
2025-04-26,LAX,TUL,OO,-2.0,-9.312864235952805
2025-04-09,LGA,MIA,AA,32.0,34.42193043988818
2025-04-04,CHS,DCA,AA,11.0,11.488975994137274
2025-04-16,SDF,DTW,OO,-17.0,-14.610290090474894
2025-04-14,SLC,BUR,DL,-5.0,-15.982441212708718
2025-04-10,PNS,CLT,OH,31.0,-7.518009792041788
2025-04-27,TLH,MIA,MQ,9.0,-0.8946531875996673
2025-04-05,LAS,ORD,NK,-13.0,-15.489085559374804
2025-04-14,MSP,PHL,OH,132.0,125.55507741598007
2025-04-04,LGA,PIT,YX,21.0,-1.4647270107744959
2025-04-27,EWR,PBI,UA,-4.0,10.034241762676482
2025-04-30,ATL,OMA,DL,-21.0,-13.72966839284706
2025-04-26,SNA,LAS,NK,-5.0,-4.239799949128374
2025-04-09,SFO,TUS,OO,-4.0,-7.848813027680096
2025-04-18,MCO,EWR,UA,156.0,158.1510640127474
2025-04-19,ATL,BNA,DL,-10.0,-13.022141627276543
2025-04-01,PHX,BOI,OO,2.0,-2.3343456305295707
2025-04-17,ATL,RDU,DL,-11.0,-6.358723823944951
2025-04-03,LGA,EYW,YX,-40.0,-12.612048331553584
2025-04-28,LAX,SLC,OO,-3.0,-11.942010440967444
2025-04-23,BWI,CLT,AA,-19.0,-12.560914345285386
2025-04-28,LAS,DEN,WN,-13.0,-8.314550802212757
2025-04-01,ORD,DEN,WN,9.0,-7.822079134458786
2025-04-11,BOS,SAN,DL,11.0,1.8031868115843244
2025-04-16,PHX,DCA,AA,-23.0,-12.97293277205527
2025-04-28,DTW,MIA,DL,2.0,12.85108116176213
2025-04-13,SRQ,EWR,UA,2.0,-3.7507065683125607
2025-04-21,ORD,MSP,DL,-22.0,-15.069970442337528
2025-04-20,DCA,MDW,WN,-16.0,-20.552544982703694
2025-04-29,BDL,MIA,AA,-32.0,-20.824327430538215
2025-04-14,ORD,PHL,AA,-16.0,-14.481012857277157
2025-04-28,OAK,DAL,WN,6.0,3.181135568643792
2025-04-01,CLT,SJU,AA,-19.0,-19.985039930938477
2025-04-15,PHX,LAX,WN,2.0,-4.031505298166044
2025-04-03,DCA,ORD,AA,0.0,-0.23350460725369526
2025-04-05,MCO,ATL,WN,22.0,30.240211427724176
2025-04-26,DFW,LAS,F9,-11.0,-19.284099393874346
2025-04-21,MCO,SDF,NK,-19.0,-14.074337719969073
2025-04-04,BNA,TPA,WN,-5.0,-2.30430840241954
2025-04-09,TUS,ORD,OO,1.0,-13.285868500982453
2025-04-20,MSY,LAS,WN,3.0,2.2754344354413045
2025-04-16,SEA,DEN,UA,-15.0,-14.96393348509045
2025-04-08,MSN,PHX,AA,-23.0,-22.567441046902672
2025-04-18,SEA,EWR,AS,144.0,136.06242046386714
2025-04-09,MAF,IAH,OO,0.0,1.957749364966034
2025-04-24,IAH,DEN,UA,37.0,12.672569336393732
2025-04-11,LGA,OKC,OO,-17.0,-21.803156231090846
2025-04-11,EWR,DTW,DL,28.0,25.072947114110782
2025-04-09,IAH,LGA,DL,-16.0,-13.893357494778666
2025-04-23,DTW,TVC,DL,-17.0,-18.345671641482912
2025-04-30,SFO,DEN,WN,13.0,3.8520631562042915
2025-04-04,DFW,SBN,OO,49.0,56.946905956143894
2025-04-23,MSY,TPA,WN,12.0,15.407729681200303
2025-04-23,ATW,SFB,G4,-19.0,-20.28778367957849
2025-04-12,DFW,ONT,AA,-25.0,-18.67279250454859
2025-04-29,DFW,JFK,AA,54.0,47.555164023164764
2025-04-25,MDW,MIA,WN,2.0,-7.693639898880768
2025-04-27,SLC,JAC,DL,-9.0,-12.507428837666076
2025-04-01,OMA,IAH,UA,-24.0,-20.53030369128495
2025-04-02,SFO,LAX,UA,-11.0,-1.7518726308261527
2025-04-07,PBI,PHL,F9,5.0,-2.574907656445472
2025-04-05,MCO,IND,F9,8.0,21.935396850215735
2025-04-10,LAX,SMF,WN,31.0,31.394282822750526
2025-04-25,CMH,RSW,WN,-12.0,-14.047659565286907
2025-04-09,DEN,GTF,OO,3.0,-19.70833901548095
2025-04-30,SLC,LAX,OO,-11.0,-3.6608625483634576
2025-04-13,LAS,SBP,OO,24.0,17.48672038785661
2025-04-06,MEM,DEN,UA,94.0,97.8692245303076
2025-04-29,ATL,DCA,WN,-13.0,-11.481677477658923
2025-04-22,BHM,DEN,WN,-16.0,-17.153849613192264
2025-04-01,PHX,AUS,WN,-20.0,-13.667583776414961
2025-04-16,MIA,STT,AA,4.0,-6.8863518964867865
2025-04-06,TYR,DFW,OO,-18.0,-7.94821551828743
2025-04-08,MIA,DCA,DL,-12.0,5.3936606772711535
2025-04-27,SFO,SEA,AS,9.0,-4.3904162372969076
2025-04-03,MCO,LGA,B6,-6.0,-4.031689197508442
2025-04-07,ATL,EWR,UA,60.0,51.913148469245115
2025-04-30,HOU,BNA,WN,2.0,5.959590643548117
2025-04-15,CLT,SAN,AA,3.0,-17.115407169020642
2025-04-17,YAK,CDV,AS,-9.0,-18.284546770735965
2025-04-04,RNO,LAS,WN,134.0,124.46930121609654
2025-04-20,DCA,MSY,WN,17.0,5.208201385977472
2025-04-24,DCA,BOS,AA,58.0,38.5086060230165
2025-04-17,CMH,PHL,YX,10.0,2.6346350517375283
2025-04-13,FSD,DFW,MQ,-29.0,-21.02263687975836
2025-04-20,DFW,CAE,AA,55.0,5.126697679056884
2025-04-21,IAH,ORD,UA,18.0,42.46353704014253
2025-04-04,LAX,PDX,OO,16.0,-1.2296418187009248
2025-04-17,MCO,ATL,NK,6.0,13.658612486596725
2025-04-29,GNV,MIA,MQ,-21.0,-15.094341751520474
2025-04-17,HOU,STL,WN,39.0,40.76895636465935
2025-04-24,CAK,CLT,OH,-23.0,-28.397237960390463
2025-04-03,JAN,ATL,DL,14.0,17.269404898939882
2025-04-05,STL,RSW,WN,63.0,48.43600754263718
2025-04-11,DCA,TLH,OH,4.0,11.711073263686114
2025-04-29,CMH,MCO,WN,7.0,2.8997316977306973
2025-04-06,MIA,JFK,AA,-25.0,-17.36770772070783
2025-04-17,IAD,SFO,UA,2.0,-24.176644534267524
2025-04-05,ORD,PHX,WN,20.0,8.936343162802133
2025-04-11,AUS,LAX,UA,-20.0,-10.08405581370427
2025-04-30,MCO,DTW,NK,-17.0,-12.516933445902197
2025-04-28,PHX,ABQ,OO,-9.0,5.774458821645112
2025-04-22,IAD,DEN,UA,-27.0,-22.84637926057495
2025-04-01,PHL,DTW,DL,-19.0,-12.18297994098338
2025-04-11,SAT,DAL,WN,-17.0,-9.863661649665085
2025-04-19,STL,TPA,WN,2.0,-3.812046889196253
2025-04-10,ORD,FLL,UA,-17.0,-17.559707463967555
2025-04-05,TPA,ISP,F9,19.0,29.893812647123834
2025-04-16,LGA,MYR,NK,116.0,108.57483997520947
2025-04-06,MSP,GRB,OO,20.0,16.83769949350352
2025-04-22,MCO,SYR,B6,-10.0,0.16645979283692292
2025-04-15,LGA,DCA,YX,-3.0,-8.24442276384417
2025-04-14,LGA,MIA,AA,-5.0,-0.3152574018426648
2025-04-08,PRC,LAX,OO,-9.0,-10.05233262258773
2025-04-16,PHX,RNO,MQ,-10.0,-10.092360572191833
2025-04-11,AUS,RNO,WN,-11.0,-9.427824396309061
2025-04-11,MSP,BDL,DL,4.0,-7.687961247240924
2025-04-27,BUF,MCO,WN,-17.0,-17.565591745835874
2025-04-04,DCA,CLT,AA,-12.0,-14.524299996077431
2025-04-26,PDX,LAS,AS,-6.0,-8.485989843963887
2025-04-02,PSC,LAX,OO,9.0,-16.105749276461417
2025-04-21,AVL,ATL,DL,-6.0,2.8095701047674586
2025-04-24,ELP,ATL,DL,1.0,0.3583077157394463
2025-04-28,BNA,ORD,F9,13.0,13.3356889111637
2025-04-02,DEN,GCC,OO,-14.0,-9.663069661526093
2025-04-16,PBI,HPN,B6,-20.0,-16.186395929995488
2025-04-07,ORD,DFW,NK,-45.0,-16.93933043851258
2025-04-13,GTF,SLC,OO,-34.0,-22.549122068795572
2025-04-18,PDX,ORD,UA,-23.0,-16.66041027735348
2025-04-19,CLT,AGS,OH,-16.0,-5.6645154459465825
2025-04-18,COU,DFW,OO,-10.0,-21.43407804174209
2025-04-03,DEN,ORF,UA,256.0,228.9547645545658
2025-04-17,MIA,GSO,MQ,-21.0,-21.401527871301504
2025-04-08,AUS,DEN,UA,-6.0,-6.019017393334357
2025-04-06,SAN,SFO,UA,12.0,-0.7889510983645796
2025-04-15,IAD,SAT,UA,13.0,19.306079869055214
2025-04-14,FSD,ORD,OO,-27.0,-20.17094021540201
2025-04-23,ORD,IAH,UA,64.0,76.8732939380298
2025-04-20,BNA,SFO,UA,-2.0,-8.109610537750195
2025-04-08,PHL,ATL,OH,-8.0,-9.647401108340663
2025-04-28,SAN,DCA,AS,-20.0,-1.9369128147977346
2025-04-25,SFO,SEA,AS,8.0,5.974264895027824
2025-04-22,CLT,AUS,AA,-15.0,-9.158352478780126
2025-04-25,ORD,EAU,OO,4.0,5.210282000368038
2025-04-19,EWR,DTW,DL,13.0,4.677233846591842
2025-04-06,DRO,DEN,OO,13.0,9.471120473634173
2025-04-29,SFO,LAX,UA,-26.0,-12.573270691034605
2025-04-27,TPA,DFW,AA,-21.0,-10.271021655503143
2025-04-07,RDU,CLT,AA,24.0,31.149574390215232
2025-04-09,DIK,DEN,OO,-14.0,-12.918499771886943
2025-04-14,LAS,MCI,WN,-5.0,-0.24867766759792875
2025-04-02,DFW,EYW,AA,187.0,170.30286704712628
2025-04-30,LGA,DEN,UA,-4.0,-10.006359752019753
2025-04-11,SAT,ELP,WN,-11.0,-5.168259776955127
2025-04-01,PWM,EWR,UA,-17.0,-24.42705679945486
2025-04-24,BOS,RSW,B6,-22.0,-15.870109770243445
2025-04-14,PHX,DEN,UA,-17.0,-13.735979504046597
2025-04-19,IAH,CLE,UA,-25.0,-13.785909121139959
2025-04-23,IAH,CLT,AA,54.0,24.839689864236938
2025-04-03,MCO,PIT,WN,8.0,7.823162280109187
2025-04-07,MSP,LGA,DL,-33.0,-20.869295452546808
2025-04-07,SAN,SFO,WN,-5.0,5.132113388890142
2025-04-15,CMH,EWR,YX,-21.0,-16.873088771847428
2025-04-11,ELP,PHX,MQ,10.0,-1.7409573848290725
2025-04-25,CVG,FLL,DL,-14.0,-20.65605283087406
2025-04-24,LAX,MCO,DL,-3.0,-10.009327965917121
2025-04-12,LAX,HNL,HA,-11.0,-13.172791540747031
2025-04-15,ECP,DFW,AA,-29.0,-15.146277038428611
2025-04-22,BNA,TUL,WN,-18.0,-15.532792388277826
2025-04-11,BNA,DCA,WN,36.0,36.67585065172949
2025-04-21,DEN,LAS,WN,5.0,-4.98236103097776
2025-04-09,AUS,JFK,DL,-29.0,-25.071502185832152
2025-04-08,KOA,SFO,UA,-2.0,-14.703504579354039
2025-04-25,MKE,BWI,WN,-6.0,-13.218254576034475
2025-04-21,ATL,SAV,DL,-7.0,-9.980944863219587
2025-04-10,TPA,BNA,WN,-5.0,-4.802764083051169
2025-04-02,BTV,DCA,OH,-26.0,-21.733905368674026
2025-04-11,IAH,OKC,OO,-21.0,-21.018279286610618
2025-04-07,IND,IAD,YX,-19.0,-20.066183627615285
2025-04-23,TPA,SEA,DL,-12.0,-8.274664854984035
2025-04-15,LGA,CMH,YX,-30.0,-23.525679878312108
2025-04-03,MDW,MIA,WN,120.0,120.62464462545654
2025-04-11,LAS,SJC,WN,72.0,73.02759371500215
2025-04-18,ATL,AUS,DL,-18.0,-15.502568127542137
2025-04-21,DFW,CLT,AA,13.0,-12.911805455861543
2025-04-12,SFO,BOS,UA,-23.0,-8.153679740194535
2025-04-23,LGA,DCA,YX,-17.0,-24.767514888573817
2025-04-09,MCO,JFK,B6,-21.0,-14.304945914362037
2025-04-19,MSP,ORD,AA,-22.0,-17.39100315954894
2025-04-21,ORF,DEN,UA,-10.0,-19.133209149821447
2025-04-09,CHS,EWR,UA,-7.0,-9.992850394309178
2025-04-10,SMF,LAX,OO,-6.0,-0.5426868553966937
2025-04-26,DCA,CHS,OH,-30.0,-13.38529663870165
2025-04-04,ATL,SDF,DL,-22.0,-15.18385302888138
2025-04-03,ATL,GSP,DL,7.0,3.954170970949101
2025-04-18,SEA,TUS,AS,5.0,9.297866708671146
2025-04-17,DTW,LAS,NK,22.0,-16.199687200430084
2025-04-16,MCO,BOS,B6,-20.0,-12.285464844899685
2025-04-20,DFW,GSO,MQ,-16.0,-19.338353404817788
2025-04-06,ELP,DFW,AA,-7.0,-16.136176435358546
2025-04-08,BNA,CMH,WN,-9.0,-7.368366129588345
2025-04-12,OAK,SNA,WN,-16.0,-13.663915865143537
2025-04-29,MCO,IAD,UA,-10.0,-14.39743454977193
2025-04-21,LIH,PHX,AA,-12.0,-24.95366682844468
2025-04-06,PHX,OMA,WN,36.0,8.239398688721572
2025-04-30,ATL,MCO,DL,6.0,-2.1938975736522135
2025-04-14,PBI,ATL,DL,-14.0,-13.855229137688717
2025-04-10,AUS,MSY,WN,222.0,212.80131618832067
2025-04-12,SLC,SJC,DL,110.0,106.5305715788977
2025-04-19,IAH,MCO,F9,32.0,-3.024566351455462
2025-04-26,EUG,SEA,AS,7.0,1.49880445149407
2025-04-09,MKE,DTW,OO,-18.0,-11.418948623939094
2025-04-22,ORD,DTW,UA,-18.0,-8.668934187128336
2025-04-09,BNA,AUS,WN,-16.0,-9.202823398917602
2025-04-09,PIA,DEN,OO,6.0,-5.248574940463461
2025-04-08,PIT,EWR,YX,-4.0,2.850560507510112
2025-04-19,STL,BNA,WN,-23.0,-13.95621205008127
2025-04-25,BIL,SLC,OO,-12.0,-8.957423281235311
2025-04-09,JAX,DFW,AA,-29.0,-15.119395694689956
2025-04-06,ATL,PHL,OH,-10.0,2.561979932938799
2025-04-23,SJC,PHX,WN,5.0,2.860045480196757
2025-04-14,CMH,ATL,DL,-3.0,-10.548195674774203
2025-04-21,FLL,EWR,UA,-15.0,-17.239956267575995
2025-04-30,SJU,FLL,B6,-21.0,-10.012392176392904
2025-04-10,MCI,AUS,WN,216.0,224.43197946306955
2025-04-07,EWR,MCO,UA,-2.0,-10.459787354310725
2025-04-18,DFW,ATL,AA,-28.0,-14.004976133977436
2025-04-17,SJU,MCO,B6,-24.0,-25.630793612419822
2025-04-15,BOI,PDX,OO,-2.0,-5.453752797315811
2025-04-24,IAH,PHX,UA,-8.0,-0.792971422730492
2025-04-01,FLL,MCO,WN,3.0,6.5489354253473895
2025-04-08,SJU,MCO,WN,108.0,124.19742728058716
2025-04-28,TUS,LAX,OO,-10.0,0.8955663371101368
2025-04-08,STL,SFO,UA,-4.0,-6.935721103304495
2025-04-30,DEN,RDU,UA,-19.0,-15.715137899627248
2025-04-12,PNS,FLL,NK,-10.0,-6.368488260747936
2025-04-30,PHX,MDW,WN,6.0,10.11685339342734
2025-04-28,BOS,PHL,AA,-5.0,5.338188289490829
2025-04-12,CLT,SAV,OH,6.0,10.240886568576906
2025-04-01,PDX,LAX,AS,3.0,20.94259392048542
2025-04-04,DEN,LAS,WN,188.0,197.03822922245027
2025-04-25,IND,JAX,G4,-9.0,-11.006652914368832
2025-04-13,MIA,MDW,WN,1.0,4.165011195371651
2025-04-07,PHL,LAX,AA,47.0,57.743554276413725
2025-04-18,DFW,HOU,MQ,0.0,-9.624998162224568
2025-04-06,SBA,DEN,UA,4.0,-5.865815090155808
2025-04-24,ORF,CLT,AA,29.0,38.36465762053689
2025-04-23,SLC,EUG,OO,-11.0,-3.502099333378915
2025-04-19,STT,MCO,NK,33.0,22.059722317172973
2025-04-04,ORD,SBN,OO,-23.0,-15.647362792168934
2025-04-26,ORD,MSP,UA,4.0,-1.7296330882486828
2025-04-15,ATL,CLE,DL,2.0,-9.398480070820748
2025-04-20,DFW,RSW,AA,118.0,91.05486885813832
2025-04-16,LAS,DFW,AA,6.0,19.8496320998832
2025-04-22,PHX,ATL,WN,-13.0,-9.820427731310167
2025-04-30,CHS,IAD,YX,-5.0,-3.0741411747533824
2025-04-09,LAS,DEN,WN,74.0,77.09800082366866
2025-04-30,MCI,HOU,WN,0.0,-6.017176185037645
2025-04-13,DCA,ROC,OH,114.0,108.93860306404989
2025-04-14,ORD,MCI,MQ,-11.0,-13.754576053497086
2025-04-10,DEN,BHM,WN,35.0,33.47481020284965
2025-04-20,DTW,MDW,WN,12.0,17.04932325700425
2025-04-12,LAX,MIA,AA,38.0,-12.083449361214281
2025-04-30,TPA,ISP,F9,-23.0,-19.574354427653326
2025-04-21,MSY,DEN,UA,36.0,34.169991644720305
2025-04-26,ORD,EWR,UA,346.0,366.8255812389132
2025-04-30,PDX,GEG,OO,7.0,-1.1612878954567076
2025-04-18,DEN,PSC,OO,116.0,111.11282970419873
2025-04-20,LGA,MEM,YX,-17.0,-20.507939401810923
2025-04-01,MIA,PHL,F9,18.0,11.908801108021212
2025-04-21,ORD,SFO,UA,3.0,-16.396076442581936
2025-04-16,DEN,MSP,UA,-12.0,-12.660391443474737
2025-04-06,SAT,PHX,WN,-7.0,5.684847227147941
2025-04-15,SAT,DEN,WN,-10.0,-8.620891044348056
2025-04-21,JFK,MCO,DL,-20.0,-5.534899575762772
2025-04-01,CLE,BNA,WN,10.0,12.868017777338913
2025-04-03,LGA,DFW,DL,69.0,-5.906109490510177
2025-04-12,PSP,PHX,AA,0.0,-1.331603049603105
2025-04-06,SLC,PIH,OO,6.0,1.4976938872197083
2025-04-12,PAE,PHX,AS,-11.0,-16.097899830868634
2025-04-12,ORD,DFW,AA,-35.0,-11.287463716433994
2025-04-18,TPA,AUS,WN,-3.0,5.187726063684533
2025-04-03,CLT,SAN,AA,10.0,-5.341248264472863
2025-04-12,ONT,PDX,OO,-17.0,-14.1567808711807
2025-04-24,BZN,DEN,WN,-10.0,-4.006117683607766
2025-04-15,IAH,LAS,UA,-23.0,-20.151137613028933
2025-04-05,BWI,CLT,AA,-7.0,-4.173945925940091
2025-04-21,DFW,XNA,MQ,-22.0,-14.77864431279178
2025-04-11,BNA,DCA,WN,-16.0,-12.159128485109349
2025-04-03,HNL,KOA,HA,-5.0,-8.06315253092184
2025-04-30,IAH,SAT,UA,27.0,33.957249799907814
2025-04-14,ALB,MDW,WN,-3.0,-17.978966805581294
2025-04-09,OAK,SAN,WN,5.0,6.210396665748206
2025-04-27,SFB,AVL,G4,3.0,-5.551263694385629
2025-04-10,DEN,TUS,UA,-21.0,-16.313771957931888
2025-04-07,DFW,LBB,MQ,10.0,11.513507158508407
2025-04-02,SLC,LAS,DL,8.0,12.512825164495595
2025-04-06,LAX,BOS,AA,-9.0,-9.215267958134326
2025-04-09,ABQ,DAL,WN,-4.0,-9.050116411870288
2025-04-23,SLC,OMA,OO,-11.0,-16.239060454795982
2025-04-19,PHX,DEN,WN,-7.0,-14.55495903165691
2025-04-23,SFB,FNT,G4,-10.0,-12.237632885224155
2025-04-13,MIA,BNA,AA,17.0,11.400565008621118
2025-04-28,DFW,ORD,UA,-17.0,-18.999476962584534
2025-04-02,PHX,BOI,OO,-2.0,-7.224836641073688
2025-04-08,SLC,JAC,DL,-13.0,-16.13143257438189
2025-04-21,RSW,DEN,UA,-24.0,-16.288333837775617
2025-04-04,DFW,PNS,MQ,28.0,21.97937712529601
2025-04-13,MRY,PHX,OO,-8.0,-14.014522737732413
2025-04-14,BNA,PHX,WN,12.0,0.3163509338362749
2025-04-18,PHL,FLL,AA,76.0,83.95253133928554
2025-04-28,CLT,PDX,AA,-28.0,-18.600221967543145
2025-04-10,ATL,DAL,WN,55.0,57.89134524185434
2025-04-22,IAD,SDF,YX,3.0,8.791418504012366
2025-04-14,ATL,SYR,DL,-4.0,-7.275231005160162
2025-04-18,DEN,TPA,UA,103.0,112.62769734129952
2025-04-29,MIA,BOS,AA,9.0,-6.085980229426358
2025-04-10,LIH,SAN,AS,296.0,289.13387574824975
2025-04-12,LAS,HOU,WN,101.0,99.22528809157677
2025-04-21,CLT,BNA,OH,-15.0,-13.144277091645499
2025-04-17,JFK,MIA,DL,20.0,51.879290293706525
2025-04-30,BUR,LAS,WN,-17.0,-11.931788891844509
2025-04-09,MCO,DTW,DL,4.0,-6.308363474098648
2025-04-22,MEM,DFW,AA,8.0,7.966240191649684
2025-04-22,PHX,TUS,MQ,-1.0,-3.0187094207405103
2025-04-15,PHX,OAK,WN,-15.0,-14.264368176963089
2025-04-11,SFO,SAT,OO,11.0,19.92606009137588
2025-04-08,LAX,MCO,UA,-9.0,-17.074175362924276
2025-04-16,CLE,STL,WN,-14.0,-11.210844865613325
2025-04-15,DFW,ECP,AA,-11.0,-14.761987240658826
2025-04-27,ORD,DCA,UA,-30.0,-15.453448251824906
2025-04-24,DTW,IAD,OO,-5.0,-10.541558518271012
2025-04-17,DFW,MCI,OO,-6.0,3.154988125395663
2025-04-26,IND,ECP,WN,-3.0,-15.818284482030084
2025-04-06,PHL,MCO,AA,-8.0,-13.865645964242024
2025-04-28,AUS,ABQ,WN,-12.0,-10.661025638689555
2025-04-28,MCO,LAX,DL,-35.0,-11.106837786705423
2025-04-01,SLC,SEA,F9,98.0,103.11977633648553
2025-04-21,MHK,ORD,MQ,4.0,-15.796478420453418
2025-04-18,XNA,DEN,OO,144.0,124.53270682351672
2025-04-14,ICT,ORD,OO,41.0,17.18405954159485
2025-04-07,MCO,HOU,WN,19.0,29.38253149383766
2025-04-14,DRO,PHX,OO,2.0,-13.783935732089933
2025-04-03,JFK,RDU,B6,-38.0,-17.42004079171384
2025-04-09,LAS,PDX,NK,-21.0,-16.656421268501497
2025-04-06,LAS,DEN,F9,-14.0,-13.580901255896023
2025-04-18,ORD,DEN,UA,22.0,13.762477481330805
2025-04-03,IAD,CVG,YX,-8.0,-17.176786053893544
2025-04-15,DCA,IND,YX,5.0,-11.365499116082955
2025-04-02,ATL,ECP,DL,-16.0,-18.425229040731338
2025-04-22,FWA,CLT,OH,-22.0,-20.622358426959174
2025-04-05,MYR,CLT,AA,-19.0,-13.46609556591277
2025-04-21,ATL,JAX,DL,-3.0,-5.0811985310090755
2025-04-03,FLL,LGA,B6,-20.0,-22.10818643716999
2025-04-02,ATL,SLC,DL,15.0,2.764754092686637
2025-04-06,BOS,LAS,B6,-24.0,-8.187400770598142
2025-04-18,LAX,SAN,OO,-14.0,-13.339951761442357
2025-04-28,AUS,IAD,UA,5.0,3.550839629432423
2025-04-07,IAH,MSY,UA,-2.0,-2.6374757043689154
2025-04-08,RSW,MSP,DL,6.0,6.154204911363795
2025-04-23,IAH,SFO,UA,-4.0,3.6744337327260723
2025-04-28,MSY,DAL,WN,-10.0,-12.40146920780418
2025-04-25,EYW,MIA,MQ,-16.0,-14.21321784814733
2025-04-17,PHX,MDW,F9,6.0,16.14129146133459
2025-04-26,IAH,BNA,UA,-11.0,-2.102933324068024
2025-04-10,RDU,BNA,WN,-5.0,-14.793780417863772
2025-04-01,DEN,LBF,OO,0.0,-4.608090044621827
2025-04-11,DAL,PHX,WN,-18.0,-12.367950898835403
2025-04-12,HNL,KOA,HA,-2.0,1.971987063721199
2025-04-22,DEN,PDX,UA,17.0,20.821585647924703
2025-04-19,BHM,PHX,WN,-19.0,-11.925006219308536
2025-04-22,STT,MCO,NK,9.0,31.94672107015169
2025-04-21,LGA,SRQ,AA,4.0,-3.5146667803338048
2025-04-30,JFK,MCO,B6,19.0,34.06749829462075
2025-04-24,SLC,SAT,DL,-5.0,-6.826090819237262
2025-04-19,PHL,PHX,AA,20.0,2.7956340025149977
2025-04-17,STL,ATL,WN,-8.0,-1.1125472860685583
2025-04-28,DCA,CMH,YX,-15.0,-16.954427905812494
2025-04-01,ITO,HNL,HA,-5.0,-3.478474277866388
2025-04-28,MCI,AUS,WN,0.0,-3.57268447892676
2025-04-18,LAS,MSY,NK,-20.0,-11.652461481620861
2025-04-18,AUS,LAS,WN,13.0,-6.0659347294803645
2025-04-27,DEN,LGA,UA,89.0,93.77541909978032
2025-04-14,SAN,OAK,WN,3.0,-15.338875889898926
2025-04-11,BNA,LGA,WN,24.0,31.786877542037995
2025-04-09,SAT,PHX,WN,-11.0,-8.428045645870071
2025-04-10,BUF,LGA,YX,-19.0,-19.63111923373563
2025-04-03,ATL,SDF,DL,36.0,0.14958887363132511
2025-04-09,PHX,CLT,AA,-20.0,-13.397502641829448
2025-04-21,SFO,SAT,OO,-8.0,4.696030679866485
2025-04-26,SJU,MDW,WN,-5.0,6.57095945102057
2025-04-30,EWR,MYR,NK,218.0,219.35395334257103
2025-04-04,HOU,OAK,WN,8.0,13.900274573650044
2025-04-11,PDX,DEN,UA,-19.0,-8.282244274458614
2025-04-29,ANC,BET,AS,-8.0,-9.52494412650164
2025-04-03,PDX,LAS,AS,-10.0,-5.508822418428652
2025-04-19,BUR,DFW,AA,-7.0,-10.01410485085135
2025-04-14,BUR,LAS,NK,-16.0,-30.28459345497506
2025-04-12,SEA,TUS,DL,-5.0,-7.801851582606545
2025-04-23,DEN,SNA,F9,-1.0,-8.997632931782663
2025-04-21,LAS,SAN,WN,0.0,5.927022925390174
2025-04-29,MIA,LAX,AA,13.0,-12.793962604897281
2025-04-03,SJU,DEN,UA,-12.0,-20.17111274242726
2025-04-26,EWR,MIA,AA,-6.0,7.550745570875517
2025-04-07,ORD,IAH,AA,-21.0,-12.781798027370659
2025-04-18,JFK,PBI,B6,-22.0,-18.6104103918452
2025-04-19,CLE,LGA,YX,-16.0,-2.997751288575044
2025-04-10,EWR,PIT,YX,-17.0,-5.532620591954281
2025-04-21,MCO,ALB,B6,-12.0,-3.9287814568550132
2025-04-25,CMH,DTW,YX,-6.0,-2.4613916089865615
2025-04-28,BUF,DEN,WN,9.0,-3.848472686900136
2025-04-16,SAN,HNL,AS,-39.0,3.032252320745835
2025-04-14,ORD,SAV,YX,-10.0,4.249364073294052
2025-04-07,BOS,MIA,B6,-3.0,-17.7099284650956
2025-04-06,ORD,RNO,UA,-7.0,2.9177220037617477
2025-04-26,ATL,DEN,DL,-14.0,-12.463072776089597
2025-04-19,MIA,JFK,AA,-14.0,-15.067606074801414
2025-04-16,MDW,SLC,WN,-12.0,-16.458298932457414
2025-04-06,LIT,DEN,OO,7.0,15.938152624435768
2025-04-08,SNA,DFW,AA,-3.0,-5.250661614663539
2025-04-02,ASE,DFW,OO,-9.0,-21.484863337062816
2025-04-19,IAD,BNA,YX,202.0,212.01566272922784
2025-04-11,ATL,DTW,DL,-1.0,0.33586087801723075
2025-04-18,IND,DTW,YX,-9.0,-10.271166540123753
2025-04-27,JLN,ORD,OO,-26.0,-14.184123896264165
2025-04-15,CLT,AUS,AA,-16.0,-9.221438649951263
2025-04-13,DFW,MSP,AA,-18.0,-18.91294692300098
2025-04-23,SFO,BOS,UA,-35.0,-20.800630229801698
2025-04-08,ATL,SYR,DL,-5.0,-10.914534063943258
2025-04-21,MCO,MSY,WN,40.0,44.97644507775591
2025-04-06,DEN,MCO,WN,23.0,-0.07260804771992913
2025-04-01,SFO,SBA,OO,-17.0,-16.891102208096306
2025-04-21,DTW,ATL,DL,-19.0,-10.297459218824205
2025-04-13,ATL,MSP,DL,55.0,57.93464408002905
2025-04-26,PHX,XNA,MQ,-3.0,-15.062865438102659
2025-04-10,CLE,CLT,AA,1.0,2.1730704901814324
2025-04-23,TPA,DCA,AA,47.0,5.30067599294058
2025-04-01,DFW,SJC,NK,-12.0,-12.736104025795544
2025-04-24,DEN,DTW,UA,220.0,215.70865797321002
2025-04-10,ATL,MCO,WN,-5.0,5.075246460370964
2025-04-07,OGG,HNL,HA,-8.0,-5.978923796670612
2025-04-11,HNL,OGG,WN,1.0,-3.268096199291181
2025-04-04,EWR,SFO,UA,-2.0,3.007696685841264
2025-04-30,HOU,DAL,WN,-18.0,-11.962534239785732
2025-04-09,CVG,MCO,F9,-22.0,-16.48315423451914
2025-04-20,DEN,OGG,UA,-8.0,-21.57187170619984
2025-04-03,BOI,SEA,OO,-5.0,-18.829646624612586
2025-04-30,PHL,IAH,OH,6.0,-8.993923797869133
2025-04-28,JFK,MCO,B6,23.0,11.609703904662513
2025-04-25,MCO,SDF,WN,-18.0,-13.642304903026126
2025-04-21,PDX,IDA,G4,-19.0,-15.35400217115302
2025-04-09,MDW,BUR,WN,9.0,-10.099609571297583
2025-04-18,DEN,BIS,OO,24.0,34.82208437940518
2025-04-27,PHL,DTW,DL,-15.0,-18.75082367497164
2025-04-06,HNL,SFO,UA,-20.0,-30.864320548576174
2025-04-24,DFW,LAX,AA,37.0,19.969972628357844
2025-04-29,SAN,SMF,WN,6.0,4.026365635448444
2025-04-17,GRR,PGD,G4,6.0,16.196093013416387
2025-04-08,ATL,HSV,DL,33.0,36.155237967349066
2025-04-29,LIH,HNL,WN,-13.0,-8.520476153900129
2025-04-29,SMF,KOA,WN,-28.0,-19.106229853917245
2025-04-16,ATL,EWR,F9,4.0,-8.25639088022694
2025-04-19,ORD,LGA,UA,-23.0,-20.831219181357298
2025-04-03,HNL,OGG,HA,3.0,-3.6519461960661683
2025-04-29,HOU,DAL,WN,31.0,31.028646976896695
2025-04-04,ORD,CMH,YX,162.0,170.92057758425736
2025-04-13,DAL,FLL,WN,-15.0,-14.75191253577189
2025-04-14,DFW,MAF,MQ,9.0,-3.301844563533649
2025-04-29,FSD,ATL,DL,-3.0,-17.309154785295743
2025-04-07,RDU,LGA,YX,-12.0,-3.2948277914983564
2025-04-28,SEA,DFW,AS,47.0,-0.8320093294913438
2025-04-22,ORD,MSN,YX,-22.0,-12.949918577797426
2025-04-13,MIA,ATL,DL,5.0,6.034168253740817
2025-04-17,TVC,ORD,MQ,11.0,-1.700895489675224
2025-04-07,DFW,PHX,AA,-3.0,2.776656725761242
2025-04-16,BOS,ATL,DL,-23.0,-13.05181694629983
2025-04-28,CLT,ORD,UA,5.0,-7.041066746473785
2025-04-13,SNA,SFO,UA,-14.0,-11.223059880476203
2025-04-21,ORD,LAX,AA,-9.0,-16.82397444747561
2025-04-22,BOS,LAX,B6,4.0,7.0753980606634945
2025-04-15,GEG,LAX,OO,-11.0,-15.886385414672802
2025-04-14,DCA,AVL,YX,-28.0,-11.024817411955812
2025-04-13,LAX,PDX,AS,-16.0,-9.312859656701143
2025-04-28,RDU,LAS,DL,-3.0,-7.621455979969735
2025-04-01,LAX,SAN,OO,-15.0,-6.071301064909241
2025-04-27,DEN,OKC,WN,-12.0,-10.178948222297155
2025-04-21,CLT,DFW,AA,7.0,-6.300747529269575
2025-04-01,ORD,CVG,UA,-16.0,-10.55055042491228
2025-04-30,ATL,LGA,F9,-21.0,-13.089803714591
2025-04-27,IAH,ORD,UA,-1.0,-2.044035074089326
2025-04-12,LGA,FLL,B6,-20.0,-21.51989408947889
2025-04-25,DEN,STL,WN,33.0,51.20990556558477
2025-04-18,JFK,SFO,B6,-14.0,1.97650757556088
2025-04-20,LGA,MIA,AA,-23.0,-23.66436475042416
2025-04-22,BWI,BUF,WN,10.0,8.588636237823605
2025-04-22,DEN,CMH,WN,-7.0,-4.802067072117941
2025-04-19,PSP,DFW,AA,21.0,27.79016966892692
2025-04-17,PHX,MDW,WN,-7.0,-0.4180264744212616
2025-04-01,PHX,JFK,AA,-21.0,-8.476043065467323
2025-04-13,AUS,MDW,WN,-3.0,-8.320952588752093
2025-04-27,PHL,RDU,AA,22.0,31.619971367108903
2025-04-11,LIH,HNL,HA,1.0,-5.28973911556681
2025-04-14,SFO,HNL,HA,-20.0,-1.6654052897528882
2025-04-29,PHX,DAL,WN,-12.0,-15.102073306796981
2025-04-06,MFE,DFW,AA,0.0,17.006679949926998
2025-04-29,CLT,MCO,AA,0.0,-11.761721901057058
2025-04-14,ORD,LGA,NK,-6.0,-5.634130400442531
2025-04-07,LAS,PHX,WN,-16.0,-15.967462956567388
2025-04-06,ATL,SMF,DL,-9.0,-8.904777835631934
2025-04-28,LAX,DTW,DL,-3.0,-1.3289957072167837
2025-04-04,MKE,MSP,DL,-18.0,-19.300470088104003
2025-04-29,SMF,LAS,WN,-8.0,-8.798436061583597
2025-04-30,DTW,ATL,F9,-18.0,-9.443209745988488
2025-04-08,LAS,OAK,WN,-12.0,-16.052983896307055
2025-04-10,DAL,MSY,WN,-13.0,-10.209336183618943
2025-04-21,HGR,SFB,G4,44.0,36.98063909557784
2025-04-19,DAL,LBB,WN,16.0,4.700921217691563
2025-04-13,AUS,SLC,WN,1.0,-16.482474522311648
2025-04-01,DAL,ABQ,WN,-13.0,-7.7072043353540405
2025-04-02,BOS,SDF,YX,10.0,-20.470889596252714
2025-04-18,MCI,BNA,WN,-6.0,-1.883411932746796
2025-04-15,FLL,RDU,B6,13.0,20.499212637987604
2025-04-05,SAN,SLC,WN,-13.0,-15.276694392393814
2025-04-30,CHS,EWR,UA,125.0,123.72639167486355
2025-04-17,BUR,PHX,OO,-4.0,-8.775285458828595
2025-04-09,AMA,DFW,MQ,24.0,26.352149603819306
2025-04-10,LAX,LAS,F9,40.0,52.95549507740848
2025-04-11,SGF,PGD,G4,14.0,40.926090436800344
2025-04-23,EWR,MKE,YX,-29.0,-19.34939850898341
2025-04-19,FLL,MDW,WN,-18.0,-14.829451305523953
2025-04-30,BWI,CMH,WN,0.0,6.094594445829207
2025-04-21,LAS,BWI,NK,-23.0,-9.213325100486035
2025-04-23,PSC,PHX,OO,-8.0,-15.222426745726231
2025-04-17,ONT,SMF,WN,-15.0,-15.878469107804726
2025-04-06,LGA,DEN,WN,-20.0,-19.87614012414347
2025-04-12,DEN,DFW,F9,-18.0,-11.593179875878405
2025-04-06,LGA,CLT,AA,25.0,17.469202484741782
2025-04-18,PDX,DTW,DL,12.0,2.138750267056218
2025-04-17,SEA,SJC,OO,-18.0,-7.410234140206235
2025-04-18,ORD,FSD,OO,-9.0,-2.8552644105101557
2025-04-15,HNL,DEN,UA,-2.0,-17.13378038900082
2025-04-22,ELP,AUS,WN,-11.0,-7.5047224755514765
2025-04-09,SFO,JFK,AA,-26.0,-19.846189039409648
2025-04-04,SLC,PHL,DL,-5.0,-13.754297720849213
2025-04-16,ATL,BNA,DL,-17.0,-16.836931189351308
2025-04-30,DEN,SLC,WN,5.0,3.193220683986545
2025-04-08,SEA,OGG,AS,34.0,36.774012235403106
2025-04-04,KOA,HNL,HA,7.0,6.020585956395093
2025-04-18,SFO,LAX,UA,160.0,171.53262227670868
2025-04-14,LAX,XNA,OO,-14.0,-22.294563969567
2025-04-03,IAH,MIA,NK,-17.0,-10.455236127263259
2025-04-17,SJU,IAH,NK,-3.0,-19.59479209462691
2025-04-04,PHL,ILM,OH,-13.0,-15.1672750599636
2025-04-07,LAS,SAN,WN,-6.0,-1.923077762803878
2025-04-03,STL,DEN,UA,96.0,90.1952371315686
2025-04-12,MDW,BOS,WN,-9.0,-13.220366400272525
2025-04-04,SRQ,ATL,DL,-19.0,-11.141446403258776
2025-04-24,HNL,LAS,WN,-9.0,-12.54469582875403
2025-04-11,MDW,ECP,WN,-9.0,-5.203531579567263
2025-04-14,CLE,DFW,AA,49.0,29.149974235753046
2025-04-28,CLT,ONT,AA,-25.0,-8.424369001665875
2025-04-28,BRO,DFW,OO,-20.0,-20.07036471680555
2025-04-14,GSP,FLL,G4,-17.0,-11.542562024279526
2025-04-03,EWR,SFO,UA,-21.0,-16.562789994350787
2025-04-30,HNL,OAK,HA,12.0,-8.608416099128995
2025-04-14,SAN,PHX,AA,-16.0,-15.17789278396377
2025-04-26,MSP,LAS,WN,36.0,25.385207150744712
2025-04-04,DSM,DFW,AA,18.0,-4.18538946678046
2025-04-26,IAH,SEA,AS,-12.0,-18.282253855932026
2025-04-23,ATL,RSW,DL,-11.0,-10.157085451459903
2025-04-10,ORD,ORF,YX,9.0,5.123451109431607
2025-04-22,ORD,CLE,UA,-6.0,2.545067495355357
2025-04-19,KOA,ORD,UA,20.0,9.559926205777984
2025-04-11,ICT,ORD,UA,-4.0,-8.874616728875974
2025-04-17,PBI,BOS,B6,1.0,-8.931451513253789
2025-04-02,BOS,PIT,YX,-10.0,-17.39304692130313
2025-04-13,LAS,CLE,F9,-20.0,-5.753024100438555
2025-04-22,DEN,ORD,UA,14.0,24.265689218886994
2025-04-01,TUS,DEN,WN,16.0,-2.3062830230994322
2025-04-14,RDU,ATL,DL,-17.0,-1.1777770845496
2025-04-26,DFW,MIA,AA,-5.0,-6.323377714420825
2025-04-30,CLT,CVG,AA,48.0,44.45509959532098
2025-04-09,DCA,ROC,OH,-11.0,-19.89575561335905
2025-04-20,MIA,JFK,B6,-22.0,-19.46067798863354
2025-04-27,LAX,DEN,F9,-23.0,-13.496088214711339
2025-04-03,STL,BOS,MQ,59.0,70.57301636113081
2025-04-30,FLL,DEN,UA,-7.0,-15.446223605244043
2025-04-07,RIW,DEN,OO,-30.0,-21.784787079564637
2025-04-24,STL,LGA,WN,16.0,14.481927671242936
2025-04-27,ONT,HNL,HA,-22.0,-7.0834005760784375
2025-04-14,DEN,AUS,WN,-11.0,-11.31486622003315
2025-04-10,JFK,BOS,YX,-5.0,-4.159659801418419
2025-04-20,MSY,DEN,WN,34.0,-10.910453951243404
2025-04-19,SJU,ATL,NK,-39.0,-12.593279198518726
2025-04-28,MSP,ATL,DL,56.0,59.066246744512085
2025-04-28,ORD,DCA,UA,-6.0,-7.08483423494657
2025-04-14,RSW,BOS,B6,-26.0,-28.180185914260164
2025-04-14,ORD,TUL,YX,-16.0,-20.227346302867648
2025-04-23,HHH,ATL,YX,-10.0,-11.819537694215366
2025-04-07,SFO,SBP,OO,5.0,11.105179058126355
2025-04-18,DTW,PIT,OO,2.0,-1.7898775079270521
2025-04-11,LIH,HNL,WN,-17.0,-12.229365689739758
2025-04-07,SAN,SFO,WN,-10.0,0.6689691178684001
2025-04-23,BOS,BWI,WN,58.0,68.06487243974703
2025-04-21,LAS,MDW,WN,49.0,48.62300544401482
2025-04-23,LGA,BOS,YX,-26.0,-19.43542061796429
2025-04-09,CLT,LGA,NK,28.0,27.57561864980667
2025-04-25,CLT,DTW,AA,-10.0,-13.05415728168639
2025-04-27,JFK,RIC,YX,36.0,49.434485907009524
2025-04-14,CLT,GSP,OH,-4.0,-0.9511330430768226
2025-04-12,SFO,FAT,OO,-16.0,-12.75009894972921
2025-04-27,CLT,PBI,AA,-5.0,-6.213392269978664
2025-04-07,DTW,ORD,UA,16.0,-14.467700276803676
2025-04-05,VPS,CLT,AA,-3.0,-5.451515593852161
2025-04-03,ATL,PNS,DL,1.0,-7.916667213136629
2025-04-06,MSP,EWR,YX,-20.0,-15.927515944311445
2025-04-30,PHL,BHM,OH,-15.0,-11.865963779345122
2025-04-06,MIA,BWI,WN,16.0,19.80465894259023
2025-04-22,LAS,MCI,WN,8.0,6.87704983054828
2025-04-10,DEN,TYS,G4,-4.0,-5.847910413900021
2025-04-11,SNA,SEA,DL,-21.0,-11.526591444568247
2025-04-02,IAH,FLL,UA,-3.0,3.2334497917860823
2025-04-03,EWR,LAX,UA,18.0,-8.657764272392921
2025-04-27,JAX,LGA,YX,-9.0,-10.406958479582567
2025-04-08,IAH,MCO,UA,-29.0,-11.834050829399722
2025-04-06,EWR,IAH,UA,4.0,-14.577521679130875
2025-04-06,SNA,SFO,F9,-21.0,-18.9126073619367
2025-04-06,BOS,EWR,UA,-16.0,-18.291587341982655
2025-04-13,JFK,SEA,AS,-7.0,-19.678482134703966
2025-04-24,LAS,AVL,G4,-17.0,-18.062620871428116
2025-04-02,BNA,MCI,WN,108.0,53.87346178437162
2025-04-26,ACY,MCO,NK,-22.0,-23.12914509000428
2025-04-01,CLT,MEM,AA,-9.0,-2.8175129371065637
2025-04-27,LAX,MCO,AA,47.0,45.38245333456863
2025-04-28,IND,DFW,AA,-20.0,-14.659538326941739
2025-04-14,DCA,SEA,AS,13.0,9.01174897299618
2025-04-26,DEN,CID,UA,11.0,16.850506429200962
2025-04-20,SMF,SAN,WN,-12.0,-9.398421299437556
2025-04-11,BNA,LAS,WN,12.0,23.433909628486056
2025-04-22,MIA,BOS,AA,0.0,-10.250871553303302
2025-04-15,SFO,IAD,AS,25.0,-18.688893000014218
2025-04-18,BOS,RSW,DL,-24.0,-17.005960111534737
2025-04-10,PHX,IAH,MQ,-5.0,-3.9558919012506024
2025-04-09,MFE,DFW,MQ,-16.0,-16.04610264649749
2025-04-20,DFW,CRP,MQ,-11.0,-10.351600722143285
2025-04-11,LAS,BUR,WN,-4.0,2.3010451434399664
2025-04-19,SAN,SJC,WN,-8.0,-7.662640625273937
2025-04-21,OGG,SFO,UA,-28.0,-17.422567540396674
2025-04-15,ORF,MDW,WN,-13.0,-15.877156561427547
2025-04-08,PIT,BOS,B6,11.0,24.388247793909795
2025-04-13,JFK,BOS,YX,23.0,29.114905446637444
2025-04-21,TPA,CMH,WN,-2.0,2.7882822207953937
2025-04-24,ATL,SAN,DL,-3.0,-16.261950268892207
2025-04-22,SJC,SEA,OO,4.0,7.113515818110412
2025-04-25,MCI,LAS,WN,-6.0,-14.835909664960418
2025-04-18,ATL,GSO,DL,11.0,10.13769188428522
2025-04-29,SLC,PDX,DL,-17.0,-11.549531634099072
2025-04-10,BUF,BWI,WN,1.0,-16.028398120074357
2025-04-23,TPA,PHL,AA,5.0,8.65990499340596
2025-04-08,ATL,PIT,DL,49.0,45.20845376500084
2025-04-26,EWR,ORD,UA,13.0,15.14436572262228
2025-04-04,STL,LAS,WN,59.0,72.65975474698939
2025-04-05,STL,ECP,WN,-6.0,-13.207811389356639
2025-04-06,JFK,PHX,AA,14.0,11.516303430183111
2025-04-15,ORD,DCA,UA,-5.0,-17.077721873555067
2025-04-02,DEN,PDX,WN,-22.0,-14.621699916060862
2025-04-25,DTW,ATL,DL,-5.0,-10.47527006750456
2025-04-08,IAH,EWR,UA,-28.0,-11.965786118274714
2025-04-07,LGA,STL,WN,-15.0,-23.419347089938
2025-04-13,GEG,DFW,AA,-13.0,-18.445775595816713
2025-04-11,DTW,BNA,WN,-8.0,-7.765710798857857
2025-04-12,LAS,ONT,WN,-5.0,-0.41326840845207613
2025-04-27,SLC,SUN,OO,17.0,-14.130425852214714
2025-04-27,BZN,PDX,OO,-7.0,-7.648732230516012
2025-04-11,SEA,GEG,AS,14.0,16.214978636974173
2025-04-02,CLT,LIT,OH,1.0,5.439330618138292
2025-04-17,PBI,EWR,B6,167.0,150.13056114640034
2025-04-23,OGG,HNL,HA,5.0,0.38083188121593103
2025-04-14,FLL,CLT,NK,-19.0,-16.063979756683285
2025-04-11,SAN,MSP,DL,-11.0,-13.105604872731792
2025-04-07,IAH,DSM,UA,17.0,18.608109542417846
2025-04-13,ATL,MCI,DL,35.0,38.92248192338493
2025-04-29,JFK,JAX,DL,-31.0,-20.678768920776587
2025-04-22,DTW,MKE,DL,-12.0,-14.689883482000042
2025-04-12,TUL,DFW,OH,-23.0,-14.256831669711232
2025-04-11,LGA,CLT,AA,-13.0,-17.439312314272705
2025-04-20,TVC,ORD,MQ,44.0,12.929597547110175
2025-04-18,DFW,SGF,MQ,13.0,-6.229893511566466
2025-04-20,ALB,DTW,OO,-13.0,-15.374493755984599
2025-04-30,TPA,CLT,AA,24.0,27.812141431921663
2025-04-22,RSW,EWR,UA,-11.0,-9.398086696887065
2025-04-02,LAX,BOS,B6,-37.0,-26.04055704801776
2025-04-18,ORD,TPA,AA,-21.0,-21.28091540735629
2025-04-05,MSP,BZN,DL,-22.0,-19.853557991786026
2025-04-18,LAX,ATL,DL,-31.0,-24.60954507584652
2025-04-05,PDX,BUR,AS,-33.0,-16.426707209083002
2025-04-02,SEA,LAS,DL,-6.0,0.6615889501772241
2025-04-16,MIA,MSY,NK,-16.0,-11.542540214473163
2025-04-15,MDW,HOU,WN,-17.0,-13.180811454140432
2025-04-13,SMF,SEA,OO,-7.0,-10.980592835508816
2025-04-13,RIC,LGA,YX,-5.0,-16.242996359779625
2025-04-12,BUF,DCA,OH,-14.0,-12.397522433988154
2025-04-09,SMF,LAX,OO,-28.0,-17.58474179152979
2025-04-29,MSP,IAH,DL,6.0,-11.051370769386327
2025-04-17,IAH,LGA,NK,-17.0,-18.47017407802163
2025-04-21,DEN,MIA,AA,-18.0,-16.547837754331642
2025-04-16,SJC,ONT,WN,-12.0,-17.950150251285223
2025-04-10,DEN,LGA,UA,-6.0,-5.65634678217917
2025-04-30,PIT,MCO,WN,-5.0,-2.5179319524563875
2025-04-19,LAX,SJC,OO,-16.0,-20.478525516111276
2025-04-12,ORD,RSW,UA,-39.0,-20.987448745724194
2025-04-01,LEX,ORD,OO,-6.0,-8.520864000301321
2025-04-22,FLL,PHL,AA,-6.0,11.343409290575414
2025-04-15,IAH,PHX,F9,-16.0,-8.052527099954034
2025-04-21,PVU,AZA,G4,-3.0,-12.062856102039408
2025-04-06,MSP,AGS,DL,22.0,-17.424619821127585
2025-04-22,BET,ANC,AS,6.0,3.1010318052031143
2025-04-13,SNA,SEA,DL,64.0,62.007621414504875
2025-04-16,ORD,EWR,MQ,-18.0,-18.335010069367957
2025-04-10,DCA,ATL,DL,-4.0,-4.655616703804448
2025-04-02,BWI,TPA,WN,14.0,1.2941671471830958
2025-04-28,ATL,LAS,DL,-5.0,-9.290241497543628
2025-04-04,ORD,MSN,MQ,-5.0,-6.028706507828327
2025-04-29,DFW,CLT,AA,10.0,-16.747964905790617
2025-04-19,MCO,SAT,F9,-29.0,-8.152687650391488
2025-04-06,CLE,CLT,AA,-14.0,-17.304331648284517
2025-04-19,DTW,ORD,DL,40.0,24.53893432297035
2025-04-23,LAS,ONT,WN,4.0,5.644161501533555
2025-04-24,DEN,BOI,UA,51.0,49.09586196930544
2025-04-02,DEN,ATL,UA,15.0,-16.545287129509862
2025-04-03,MDW,RDU,WN,6.0,1.2072178731577168
2025-04-24,BWI,TPA,F9,-10.0,-4.589083727168507
2025-04-10,PHL,TPA,F9,27.0,9.915600003905531
2025-04-26,SNA,SFO,AS,26.0,28.759131779417757
2025-04-11,SEA,DFW,AA,-21.0,-14.902443164558612
2025-04-28,IAH,PHX,UA,-13.0,-5.316378337539927
2025-04-14,MSP,MCO,DL,-22.0,-17.137719690467165
2025-04-09,DEN,SLC,UA,37.0,37.019697482449914
2025-04-26,MIA,CLT,NK,3.0,-1.3684051649665747
2025-04-06,DEN,MCO,UA,4.0,-7.353928329437993
2025-04-22,GEG,SEA,AS,16.0,3.693520353456826
2025-04-23,DTW,EWR,DL,2.0,-2.5654600826772773
2025-04-06,CAE,ATL,DL,-8.0,2.036947808807549
2025-04-14,BNA,MIA,AA,-1.0,-10.896750596697409
2025-04-08,DTW,BNA,DL,-9.0,-8.572187165026788
2025-04-23,BDL,DTW,DL,4.0,9.751646076020965
2025-04-18,DCA,MSY,WN,-13.0,-11.53306742143564
2025-04-17,LAX,EWR,UA,37.0,28.370153761213217
2025-04-23,SAN,MRY,OO,90.0,90.60152533797375
2025-04-02,ONT,ATL,DL,-15.0,-11.117552620582874
2025-04-26,LAX,CLT,AA,3.0,-2.357757374503257
2025-04-16,MCI,PHX,WN,9.0,-0.9825217754408708
2025-04-19,DEN,PVD,WN,-5.0,8.696791752585654
2025-04-21,GEG,SLC,OO,-18.0,-14.624256209133502
2025-04-17,SFO,BOS,DL,-23.0,-24.920008166128913
2025-04-24,BWI,BOS,WN,2.0,8.42140122423477
2025-04-26,SNA,SLC,DL,96.0,93.13102654300775
2025-04-07,PHX,DEN,F9,-18.0,-23.520593577761986
2025-04-22,LGB,HOU,WN,-11.0,-10.221847602240949
2025-04-03,ANC,BET,AS,10.0,5.235104904021959
2025-04-03,DFW,DEN,AA,-12.0,-10.255952049665554
2025-04-26,SFO,PDX,OO,-16.0,-8.705077836602989
2025-04-18,LAS,ORD,AA,-34.0,-14.29828948983969
2025-04-18,HOU,SAV,WN,-17.0,-17.3829238978947
2025-04-11,CMH,DFW,AA,22.0,48.52609169576379
2025-04-02,MSP,DCA,OH,62.0,42.67797538790665
2025-04-07,JFK,SFO,AA,-17.0,-18.30810339756227
2025-04-24,DEN,SHV,OO,24.0,8.267293119865517
2025-04-23,BOS,LAX,AA,-15.0,-21.817954089334762
2025-04-17,GRB,ORD,MQ,-4.0,-6.167449062170938
2025-04-26,SJC,SLC,WN,-17.0,-14.714932366870357
2025-04-10,PHL,IAH,UA,-8.0,-18.28653210396611
2025-04-18,SDF,SRQ,G4,-9.0,-4.968350619822118
2025-04-09,AUS,BNA,WN,-8.0,-8.893121442367974
2025-04-04,SFO,ORD,UA,-18.0,-19.40897176770152
2025-04-28,GGG,DFW,OO,-17.0,-13.277283371822232
2025-04-04,DAY,ATL,DL,-36.0,-25.928926760147966
2025-04-01,SEA,MCO,AS,6.0,-8.73482266880796
2025-04-28,ITO,HNL,HA,1.0,-0.6571283015726426
2025-04-15,MCI,TPA,WN,-10.0,-7.6403845449118535
2025-04-25,DFW,BHM,OO,36.0,32.184503862265835
2025-04-25,SEA,DEN,UA,-1.0,-17.650452955899276
2025-04-10,SAN,SEA,AS,41.0,53.073757150810785
2025-04-14,DEN,ATL,WN,12.0,20.250465191153133
2025-04-12,LAX,MRY,OO,-10.0,0.9514978068698614
2025-04-09,PWM,PHL,AA,-24.0,-8.599526364158704
2025-04-19,DTW,DFW,DL,52.0,10.401167413794749
2025-04-25,DEN,BOI,WN,-6.0,-7.307707513314705
2025-04-22,LAS,BZN,WN,-12.0,-14.913377359244322
2025-04-07,CVG,BWI,WN,-21.0,-12.074027456124028
2025-04-11,DFW,SAT,MQ,-1.0,-7.692757250748073
2025-04-12,SAN,DEN,UA,-19.0,-15.112078628682848
2025-04-07,IAH,ATL,DL,-7.0,-15.87671416048088
2025-04-28,OMA,MSP,OO,31.0,34.84729274098392
2025-04-29,BUF,DCA,OH,67.0,73.96823140057006
2025-04-05,BPT,DFW,OO,147.0,105.42501191742059
2025-04-14,ORD,BOI,OO,-16.0,0.15338225262759053
2025-04-07,MSP,BJI,OO,-17.0,-16.289120081633087
2025-04-04,SFO,MCO,AS,12.0,3.8057626005481335
2025-04-10,IAD,IAH,UA,41.0,34.77730002853829
2025-04-05,PHX,IAD,WN,1.0,-11.234662690580564
2025-04-09,ATL,ROA,DL,-1.0,1.8395823422646398
2025-04-12,DFW,SAT,AA,22.0,18.702403985038185
2025-04-07,ORD,IAH,UA,1.0,20.325133734769633
2025-04-17,SAV,ATL,DL,-12.0,-7.4235078168037525
2025-04-02,LGA,DTW,YX,29.0,14.744101540636343
2025-04-11,DTW,BDL,OO,66.0,63.09742092281949
2025-04-20,STL,RSW,WN,0.0,0.5166916690618901
2025-04-05,EWR,SEA,AS,15.0,20.884714552805498
2025-04-08,DFW,FSD,MQ,-8.0,-3.7832095636533936
2025-04-30,CLT,PHL,AA,-11.0,1.6048185012813647
2025-04-12,ORF,ATL,DL,541.0,554.1482149477754
2025-04-23,FLL,LAX,B6,-32.0,-23.98770088723297
2025-04-24,JFK,FLL,B6,-12.0,-7.828273954807594
2025-04-23,IAH,LGA,DL,60.0,60.186603314313246
2025-04-19,BOS,MDW,WN,-1.0,-16.84884171387833
2025-04-22,JAX,ORD,OO,-12.0,0.6094982183585103
2025-04-11,SHV,IAH,OO,-22.0,-15.369687775367822
2025-04-22,ATL,STL,DL,-16.0,-12.845231481540736
2025-04-18,JFK,LAX,DL,6.0,-14.381368849822895
2025-04-09,MCI,TPA,WN,-7.0,-6.738634737245409
2025-04-26,ATL,GNV,DL,-16.0,-11.668221659440484
2025-04-22,ATL,HSV,DL,-7.0,-17.397314723659022
2025-04-15,FLL,BWI,WN,199.0,210.05690837608165
2025-04-13,MCI,BNA,WN,-2.0,2.3153848037627736
2025-04-09,SNA,DFW,AA,-20.0,-20.669268116602534
2025-04-07,DSM,FLL,G4,-7.0,-17.591491408424147
2025-04-01,MCO,ATL,DL,122.0,131.93804511237795
2025-04-29,DTW,IAH,DL,-3.0,-13.856855237936006
2025-04-02,IND,BWI,WN,-8.0,-1.5784318672858788
2025-04-23,ISP,BWI,WN,-16.0,-17.722501453804654
2025-04-30,MCO,EWR,UA,175.0,189.01362034192252
2025-04-10,BWI,DFW,AA,20.0,22.179706713472836
2025-04-22,ATL,FLL,DL,-6.0,-3.678011783896574
2025-04-09,MDW,MCI,WN,-12.0,-12.510125390327627
2025-04-25,DTW,ORD,UA,18.0,6.907548186584563
2025-04-11,LAS,PSC,G4,-15.0,-4.029920939218524
2025-04-25,FAR,ORD,OO,83.0,89.42549387787167
2025-04-21,MCO,CLE,F9,-9.0,2.536221471813808
2025-04-10,SAN,PHX,AA,52.0,53.46273816202805
2025-04-10,BHM,ATL,DL,-16.0,-3.6485066396827897
2025-04-16,HNL,LIH,HA,-2.0,-3.793703837033668
2025-04-24,PHL,DFW,F9,13.0,11.664890178935337
2025-04-20,ABQ,DAL,WN,-18.0,-15.841374502708021
2025-04-29,SFO,MSP,OO,7.0,-5.272801337689135
2025-04-12,FLL,AVL,G4,-19.0,-14.998267972656894
2025-04-05,ORD,BOS,AA,119.0,127.10736349512459
2025-04-11,LAX,LAS,AA,4.0,3.1786896008285916
2025-04-17,MSY,MSP,DL,-13.0,-22.202155969340723
2025-04-14,PVD,MCO,WN,-12.0,-11.507887111239974
2025-04-28,IND,LGA,YX,-2.0,-14.9741430518173
2025-04-28,LAS,GRR,G4,-13.0,5.7271865592975635
2025-04-14,FLL,BNA,NK,-22.0,-11.537500318243538
2025-04-13,ORD,PBI,UA,-2.0,11.338254511123132
2025-04-22,MSP,MDW,OO,-17.0,-14.947840831140155
2025-04-25,EWR,STL,UA,-24.0,-17.372642104809362
2025-04-17,MCO,HPN,B6,3.0,-1.5947082388276925
2025-04-16,RDU,JFK,YX,15.0,20.8846724730693
2025-04-05,IAH,LAX,UA,77.0,87.92403907762667
2025-04-10,LAS,ATL,NK,-19.0,-10.980153684034526
2025-04-04,ORD,MCO,UA,35.0,14.389536360655445
2025-04-21,DCA,RDU,MQ,-22.0,-1.122923742810329
2025-04-15,BWI,BDL,WN,21.0,20.623515895806328
2025-04-22,ICT,PHX,WN,-17.0,-12.256308570294607
2025-04-17,PBG,FLL,G4,-19.0,-7.524419424933864
2025-04-26,LAS,SEA,WN,-21.0,-13.657357198586524
2025-04-27,MIA,LGA,DL,11.0,18.841481028434366
2025-04-17,ATL,HOU,WN,7.0,13.985382724570147
2025-04-25,PHL,PHX,AA,-19.0,-18.84860216633998
2025-04-26,IND,RSW,WN,-16.0,-14.833740741218225
2025-04-11,MKE,MSP,DL,-13.0,-18.982684491220475
2025-04-18,IAD,MSP,OO,10.0,-18.118228800366566
2025-04-20,MKE,ORD,OO,4.0,-7.170569830709493
2025-04-13,LAS,HOU,WN,-7.0,-14.01971521980813
2025-04-05,LCH,IAH,OO,35.0,45.47249714468533
2025-04-03,PGD,MDT,G4,21.0,23.58059675016041
2025-04-08,BNA,PHL,F9,145.0,163.57839967367505
2025-04-13,TPA,CLT,AA,-16.0,-15.29503193282627
2025-04-23,DAL,HOU,WN,3.0,10.104939811131585
2025-04-03,ATL,SYR,DL,-10.0,-8.797558302242624
2025-04-15,DCA,GRR,OH,107.0,104.70286506903679
2025-04-29,JFK,CLT,AA,-26.0,-23.9805068021488
2025-04-07,BNA,MSY,NK,-5.0,-19.218720197106162
2025-04-08,SJC,PDX,WN,-10.0,-11.51836948598934
2025-04-28,DEN,TYS,UA,-10.0,-6.748756721261724
2025-04-28,FLL,DTW,DL,33.0,20.776766237926985
2025-04-24,SLC,TUS,OO,-22.0,-20.039044551025246
2025-04-26,ATL,BOS,B6,48.0,50.083591579655945
2025-04-29,ORD,DCA,UA,8.0,13.319994316079802
2025-04-21,TYS,FLL,G4,12.0,-6.169775604659861
2025-04-13,MIA,RIC,AA,1.0,-8.78915998215811
2025-04-16,MDW,AUS,WN,-6.0,-18.8593597463017
2025-04-28,BOS,SEA,AS,10.0,-17.00761219397714
2025-04-12,FLL,BDL,B6,66.0,65.51605500847057
2025-04-24,SHV,DEN,OO,63.0,37.77587432255721
2025-04-24,EYW,CLT,AA,1.0,-1.1632550892260065
2025-04-28,CMH,PHX,WN,-6.0,-12.815545897964931
2025-04-28,AUS,EWR,UA,391.0,395.53142636488366
2025-04-14,SFO,TUS,OO,-21.0,-24.680847481563315
2025-04-10,IAD,RSW,UA,11.0,4.79562628680452
2025-04-03,TPA,RDU,DL,-7.0,-14.303075009261427
2025-04-29,ATL,ORF,DL,-3.0,-5.932479421914259
2025-04-17,ABQ,PHX,OO,24.0,21.84981765310071
2025-04-15,FLL,ATL,DL,-9.0,-13.72202014409137
2025-04-09,FLL,DEN,UA,-20.0,-15.065335789950389
2025-04-04,SFO,PHL,AA,5.0,-1.3309838228918256
2025-04-27,ATL,SMF,DL,-20.0,-16.412943293620096
2025-04-07,BUR,SEA,AS,7.0,-4.033365765127266
2025-04-15,BQN,EWR,UA,-20.0,-16.198697591521537
2025-04-04,LIT,CLT,MQ,-13.0,-6.859010252157022
2025-04-19,ORD,STL,MQ,11.0,11.195023334830786
2025-04-27,ATL,PIT,DL,-8.0,-12.706068767026956
2025-04-18,IAD,MCO,UA,7.0,19.254571019271644
2025-04-02,DFW,ICT,OH,-12.0,-11.565455985407503
2025-04-15,MCI,BUR,WN,8.0,-5.882962171349293
2025-04-17,STS,LAX,OO,-15.0,-3.520933252009927
2025-04-08,PHX,SBP,MQ,-17.0,-11.629777020256476
2025-04-29,CMH,DFW,AA,-24.0,-19.544546730817153
2025-04-16,HPN,DCA,OH,-1.0,0.2753953385226593
2025-04-29,DFW,AEX,OO,75.0,72.7140154121102
2025-04-02,DFW,OMA,AA,34.0,16.06554619091055
2025-04-03,ABQ,PHX,AA,6.0,7.592544740109286
2025-04-30,MCO,BOS,DL,19.0,17.189944954403625
2025-04-06,BHM,DFW,OO,4.0,-7.344901159779276
2025-04-14,ORD,SEA,AS,-27.0,-25.35810885865123
2025-04-14,JAX,DFW,AA,-21.0,-11.196484988959014
2025-04-08,RNO,LAX,OO,-19.0,-10.650531207207955
2025-04-15,DFW,TUS,AA,0.0,3.4863871231858323
2025-04-04,PSP,BLI,G4,3.0,-11.924189551313855
2025-04-22,DCA,EWR,YX,101.0,97.84937017591923
2025-04-16,CLT,LIT,OH,3.0,8.571343648731279
2025-04-28,FLL,LGA,B6,27.0,19.038169954388508
2025-04-22,DFW,LIT,MQ,-24.0,-9.673153616026962
2025-04-27,LGA,MCO,AA,-9.0,-7.719866517831029
2025-04-08,LIT,DEN,OO,1.0,-1.5378207200554446
2025-04-24,IAD,CHS,YX,32.0,39.66683717987747
2025-04-02,SCC,ANC,AS,1.0,-17.57069192180348
2025-04-30,CLT,EWR,UA,-20.0,-17.737120645002136
2025-04-06,SEA,SAN,AS,14.0,4.334429835800464
2025-04-04,LAS,MEM,WN,98.0,72.36608635987497
2025-04-20,FAT,PHX,OO,-7.0,-10.080370703747873
2025-04-04,OAK,PSP,WN,-12.0,-5.8380152818327975
2025-04-19,SJU,TPA,F9,-20.0,-15.26994622449785
2025-04-06,FLL,HOU,WN,4.0,-0.04180400154054009
2025-04-30,CMH,ORD,OO,21.0,18.801742425508408
2025-04-18,ORD,HSV,MQ,-16.0,-13.986977852850227
2025-04-15,SLC,SAN,DL,-18.0,-16.85585337637098
2025-04-05,PDX,SFO,UA,-12.0,-13.058094305349478
2025-04-29,AVL,MIA,MQ,-26.0,-11.0235494090022
2025-04-07,RDU,DCA,OH,214.0,235.85670178999234
2025-04-09,CVG,ORD,MQ,5.0,-18.575738205690904
2025-04-26,PDX,DEN,WN,-6.0,-7.059267680591333
2025-04-22,DEN,ABQ,WN,-8.0,-8.433224109781243
2025-04-01,DSM,DEN,UA,4.0,-0.2802687236320587
2025-04-27,BWI,ATL,WN,-9.0,-5.606230202317494
2025-04-11,DCA,MIA,AA,45.0,10.853465563393538
2025-04-25,LGA,STL,WN,-6.0,-7.394916827990929
2025-04-16,EWR,DFW,UA,-19.0,-12.625865232635462
2025-04-11,HSV,DCA,OH,-2.0,-13.838185856726497
2025-04-22,PHX,SMF,AA,-2.0,0.5337148759140975
2025-04-18,BNA,PNS,WN,-18.0,-16.204662242156008
2025-04-05,DEN,LBF,OO,146.0,138.1347886597321
2025-04-29,FNT,SFB,G4,9.0,4.725000317407484
2025-04-18,MDW,DAL,WN,-9.0,-9.799156471111193
2025-04-14,LAS,DTW,DL,16.0,25.94236595259849
2025-04-02,BOS,BNA,NK,-14.0,-29.62953886245186
2025-04-14,LAS,BUR,WN,-5.0,6.158333869889169
2025-04-23,PHL,MSY,OH,128.0,126.67233440514283
2025-04-01,MCO,DEN,WN,-15.0,-3.8356910891508296
2025-04-01,KOA,HNL,HA,-2.0,-2.0419872598042668
2025-04-22,CLT,TPA,AA,-17.0,-13.333025945263689
2025-04-07,BNA,ORD,MQ,-29.0,-13.613969795853933
2025-04-27,EWR,DEN,UA,-26.0,-33.48246454194564
2025-04-11,CHS,BWI,WN,11.0,-1.9774179977823358
2025-04-29,DAL,AUS,WN,-10.0,-5.983864334576696
2025-04-26,PHL,SFO,AA,-7.0,-7.4197688868645315
2025-04-22,MCO,PIT,WN,-21.0,-14.257839815173412
2025-04-29,HOU,BNA,WN,-13.0,-11.109596621570894
2025-04-10,MCO,JFK,B6,-29.0,-15.540685182262742
2025-04-10,ELP,DFW,AA,-7.0,-13.032015113336964
2025-04-11,SLC,OGG,DL,-21.0,-23.050363029027196
2025-04-13,CLT,MDT,AA,34.0,0.11908147759812238
2025-04-25,ATL,MDT,DL,171.0,175.0697978169816
2025-04-25,CHS,JFK,B6,-22.0,-16.505373184099383
2025-04-07,DEN,SLC,DL,-15.0,-17.587107548506072
2025-04-21,DFW,TPA,AA,-8.0,-12.783631590200528
2025-04-12,LIH,HNL,HA,-3.0,-5.136619819988503
2025-04-14,TUL,DEN,OO,-20.0,-19.212652358749242
2025-04-16,LAS,LGB,WN,-18.0,-13.83479156631504
2025-04-28,SEA,MCI,AS,34.0,-14.353638464606597
2025-04-15,PHX,FAT,AA,-14.0,1.3322570650235406
2025-04-02,MSP,CMH,DL,125.0,20.9485772606346
2025-04-17,TPA,BUF,WN,-2.0,-4.8059007656746004
2025-04-06,HNL,SAN,WN,-2.0,-15.34465473444573
2025-04-03,STL,MDW,WN,23.0,20.963350420126385
2025-04-15,CLE,ATL,DL,-35.0,-12.998804803890245
2025-04-15,ORD,CVG,OO,-12.0,-15.63586586147229
2025-04-05,STL,MSP,WN,-11.0,-4.741459129171046
2025-04-25,COS,DEN,OO,157.0,158.11210477173833
2025-04-22,PHX,ATL,DL,20.0,8.268590479656124
2025-04-20,RNO,DEN,WN,-26.0,-19.01342473381583
2025-04-28,LAX,ASE,OO,-12.0,-20.071549546154188
2025-04-23,LAX,AUS,WN,16.0,28.32297854925804
2025-04-08,FLL,JFK,B6,-32.0,-15.134173665550321
2025-04-16,CLE,CLT,AA,-19.0,-16.073390121419138
2025-04-05,ATL,BNA,DL,141.0,96.94633838671277
2025-04-08,PDX,HNL,HA,8.0,0.22682936349899663
2025-04-10,ORD,CMH,YX,-26.0,-21.55476112466698
2025-04-24,SEA,DEN,AS,17.0,7.465211740571041
2025-04-18,LAX,ELP,OO,-3.0,-10.210015407083603
2025-04-07,ALB,ORD,YX,20.0,-16.75205851327504
2025-04-22,ORD,SEA,UA,-7.0,-17.18579917600357
2025-04-04,PHX,PVU,OO,-4.0,-3.1263292637459816
2025-04-17,DLH,ORD,OO,18.0,10.176311339675392
2025-04-14,SNA,PHX,WN,-15.0,-12.776118454575883
2025-04-05,FLL,ORD,NK,-6.0,3.614198156936927
2025-04-10,CVG,ORD,UA,13.0,-3.94936426810656
2025-04-21,BUR,SMF,WN,-11.0,-8.317272122134165
2025-04-20,ONT,PHX,WN,7.0,11.371493042038196
2025-04-23,CHS,ATL,DL,-5.0,-5.073450172668284
2025-04-22,LAX,PHX,WN,-20.0,-11.009910107898584
2025-04-17,ATL,EWR,UA,143.0,140.28950751690232
2025-04-29,FLL,MCI,WN,-8.0,-7.823038119696994
2025-04-14,ORD,JFK,OO,-14.0,-14.955417111629068
2025-04-22,SLC,DAL,WN,-10.0,-4.304628350610432
2025-04-14,EUG,PHX,AA,-13.0,-13.89541409149318
2025-04-26,GSP,EWR,YX,184.0,142.01747429655583
2025-04-25,SJC,LAS,WN,7.0,12.89042611565559
2025-04-11,ATW,ORD,OO,-14.0,-14.095005349149229
2025-04-23,ORD,EYW,MQ,-8.0,-11.059291767650482
2025-04-07,MCI,ORD,MQ,-1.0,-7.956777421946935
2025-04-04,BNA,SRQ,WN,20.0,21.602092061580194
2025-04-01,AUS,SAN,OO,10.0,-8.626447891601327
2025-04-30,LGA,BNA,WN,-8.0,-4.689794865537426
2025-04-21,MCO,ATL,F9,-9.0,-10.421270297674766
2025-04-17,PDX,LAS,AS,-11.0,-3.9891769113705315
2025-04-05,RSW,BOS,B6,2.0,4.4943694940420436
2025-04-14,GEG,SLC,OO,-24.0,-21.32323445600869
2025-04-27,MDW,MSY,WN,-8.0,-7.137151824379895
2025-04-17,MCI,ORD,MQ,2.0,6.09743214207681
2025-04-25,LAS,BUR,NK,0.0,-5.859657745542043
2025-04-20,LAX,SEA,AS,-8.0,-6.493356301275433
2025-04-02,LAX,IAD,UA,-17.0,-21.450565889747217
2025-04-03,PHX,YUM,OO,0.0,-20.87777297489292
2025-04-12,SAV,BOS,B6,28.0,36.51092747144818
2025-04-18,DFW,PIT,AA,22.0,24.394351078259746
2025-04-08,PHX,MCO,AA,1.0,-8.289158850325602
2025-04-28,CLT,EWR,NK,-14.0,-21.3460760073952
2025-04-15,HRL,AUS,WN,-10.0,-10.726402291944908
2025-04-17,BOS,ATL,NK,-7.0,5.049104224001031
2025-04-22,DCA,MIA,AA,-8.0,-10.343694907048558
2025-04-12,MDW,PHL,WN,-12.0,-11.99815869406725
2025-04-13,SJU,CLT,AA,-32.0,-19.64360638345138
2025-04-22,SFO,ATL,UA,-2.0,2.9241859243987545
2025-04-13,LGA,PBI,DL,-6.0,12.24464022277824
2025-04-07,DFW,ELP,AA,47.0,55.25081880929071
2025-04-10,ABQ,DAL,WN,-9.0,-10.94500197572648
2025-04-14,DEN,DAL,WN,1.0,-2.287043631005588
2025-04-17,LGA,BOS,YX,19.0,13.456681480795272
2025-04-08,IAH,BWI,NK,0.0,-21.346065628411004
2025-04-15,RDM,DEN,UA,-17.0,-10.457539688016883
2025-04-04,MDW,GRR,WN,-14.0,-16.277752766846678
2025-04-24,ORD,PHX,WN,8.0,10.409717111593507
2025-04-12,TUS,PHX,OO,-14.0,-15.550513854528973
2025-04-02,JFK,SJU,B6,-28.0,-8.644362561344915
2025-04-02,LAS,MKE,NK,-26.0,-14.189379591582078
2025-04-17,DEN,PHX,AA,264.0,251.889356859206
2025-04-05,ATL,MDW,DL,-25.0,-19.19961901996239
2025-04-18,FNT,SFB,G4,19.0,31.10438215080145
2025-04-18,BOS,CHS,B6,-18.0,-12.362545152500953
2025-04-18,SMF,LAX,WN,-3.0,-3.9611150296397
2025-04-23,JFK,TPA,F9,-27.0,-23.023965843022303
2025-04-17,DEN,SFO,WN,15.0,17.78986375999154
2025-04-15,DAL,DEN,WN,-16.0,-13.837848829571904
2025-04-13,DEN,PSP,OO,0.0,-10.07793524450497
2025-04-30,SEA,GEG,AS,-11.0,-11.771315817842893
2025-04-15,EWR,LAS,UA,-9.0,-1.3178748955795196
2025-04-01,SAT,PHX,AA,4.0,-9.986222085022337
2025-04-22,PNS,BNA,WN,-8.0,-0.78286215645831
2025-04-23,BUR,LAS,NK,-18.0,-15.577382692101082
2025-04-28,PHX,CLE,F9,-4.0,7.055031014612129
2025-04-07,DAL,DEN,WN,-15.0,-9.246047683319718
2025-04-04,DTW,MCI,DL,0.0,-15.596279563582375
2025-04-29,DFW,LGA,NK,51.0,39.4649615671574
2025-04-18,PHL,PHX,AA,7.0,-11.938360704392366
2025-04-28,SEA,SNA,AS,8.0,7.807404311017956
2025-04-03,LAS,LGB,WN,11.0,17.59805768552033
2025-04-24,CMH,MCO,WN,22.0,19.925445837935754
2025-04-25,AMA,DFW,MQ,-14.0,-19.128868358566926
2025-04-16,SLC,PHX,F9,-3.0,-12.535834778176884
2025-04-10,ORF,CLT,AA,5.0,-6.190768313804938
2025-04-13,ONT,DFW,F9,56.0,76.19111876806699
2025-04-12,JFK,BOS,B6,90.0,86.13975540170955
2025-04-07,DEN,PDX,WN,10.0,1.0926894249053456
2025-04-14,LAX,PDX,F9,-38.0,-17.321816538599784
2025-04-05,SEA,DTW,DL,-16.0,-17.70001373929101
2025-04-03,TPA,AUS,WN,-7.0,12.14062904189676
2025-04-14,IAH,MSY,UA,-16.0,-6.183547564033006
2025-04-07,CLT,PIT,AA,1.0,7.897116587828663
2025-04-02,MIA,JAX,AA,-12.0,-10.897737118661546
2025-04-29,AUS,BOS,DL,-3.0,-9.327876017011548
2025-04-11,BWI,IND,WN,25.0,31.84091286029812
2025-04-19,DTW,LEX,YX,-9.0,-10.79432510549417
2025-04-02,SFO,BFL,OO,-28.0,-27.428027182991677
2025-04-19,DEN,IND,UA,-8.0,-4.251361699520487
2025-04-14,BNA,PHX,WN,-8.0,-20.9907050624511
2025-04-27,ATL,SJU,DL,2.0,-6.390334801659684
2025-04-14,SFO,STL,WN,-15.0,-13.475198717724648
2025-04-04,DFW,STL,AA,5.0,10.979920020411534
2025-04-10,ALB,DEN,WN,-15.0,-17.517605538171622
2025-04-28,ATL,BOS,NK,-3.0,-5.793241933505687
2025-04-23,MCO,DFW,AA,-13.0,-13.299344879890342
2025-04-16,OGG,HNL,HA,15.0,13.45743538207728
2025-04-21,MLB,CLT,OH,4.0,-3.4342008330289406
2025-04-09,STL,AUS,WN,0.0,-7.912423305642248
2025-04-06,ATL,DFW,AA,77.0,28.40227795508962
2025-04-14,AUS,BNA,OO,-19.0,-15.247657189843807
2025-04-06,STL,IAH,OO,22.0,1.8891887526752633
2025-04-16,BOS,LGA,YX,25.0,28.905249510017192
2025-04-12,TPA,DEN,UA,-27.0,-19.356755185143747
2025-04-29,GJT,DEN,OO,18.0,12.485975724074512
2025-04-27,RDU,BOS,B6,-31.0,-16.514621059434873
2025-04-30,DTW,DCA,DL,42.0,27.93408766311927
2025-04-18,BOS,DEN,UA,141.0,119.18698251526862
2025-04-19,SFO,ORD,UA,-11.0,1.9664067181757234
2025-04-05,BNA,LGA,YX,-26.0,-18.074066235561432
2025-04-20,IAH,SLC,DL,-15.0,-11.250953628483298
2025-04-18,CLT,RIC,AA,-8.0,-6.0361928499684865
2025-04-29,DCA,LAN,OH,7.0,1.9732825067437147
2025-04-10,HOU,JAN,WN,-4.0,0.13196753691903762
2025-04-08,ORD,BTV,UA,206.0,210.17206403932371
2025-04-07,AUS,LAX,AA,-3.0,-0.6399451760228505
2025-04-14,HNL,OGG,HA,14.0,12.327155918921413
2025-04-17,MKE,PHL,OH,-15.0,-16.821043036405808
2025-04-18,RSW,MKE,WN,8.0,3.0456405988502815
2025-04-07,LAX,MIA,AA,29.0,31.780800750213363
2025-04-07,SFO,DFW,AA,-14.0,-13.988400576812793
2025-04-02,PHL,LAX,AA,2.0,-19.608640024717925
2025-04-18,FLL,BOS,NK,10.0,7.728856893076943
2025-04-24,BNA,IAD,UA,2.0,-6.96995084755453
2025-04-03,LAX,EWR,AS,7.0,23.432092884160056
2025-04-26,PHX,MCI,WN,6.0,4.7431653406273995
2025-04-02,ATL,CRW,OO,-18.0,-12.745074980435017
2025-04-17,ATL,FLL,DL,-22.0,-10.378183654298581
2025-04-08,GSO,LGA,YX,63.0,72.15340494753477
2025-04-28,ORD,CVG,MQ,-14.0,-8.083055524967317
2025-04-17,MCI,DFW,AA,10.0,0.21239614862296818
2025-04-12,SNA,LAS,WN,-14.0,-10.478177739726224
2025-04-05,SBA,SLC,DL,-11.0,-19.06495283453541
2025-04-07,SAV,JFK,B6,-28.0,-15.872813276989497
2025-04-07,EWR,SAV,G4,-11.0,-26.240682306825647
2025-04-03,ATL,ECP,DL,48.0,48.926519851390445
2025-04-13,SMF,BOI,WN,-13.0,-14.437010594083855
2025-04-13,BTV,DCA,AA,-18.0,-4.926251762729082
2025-04-01,RDU,LGA,YX,13.0,23.259620659495397
2025-04-01,LGA,RSW,DL,-8.0,-5.736155398678353
2025-04-27,BOS,MDW,WN,-11.0,-10.08829481527475
2025-04-28,IAH,BNA,NK,-3.0,-9.518370952501995
2025-04-14,LAX,LAS,NK,-5.0,-2.5507292063350615
2025-04-24,MIA,BNA,AA,-7.0,-10.464986670214287
2025-04-28,SEA,KOA,AS,-1.0,-3.384596948240034
2025-04-13,RIC,EWR,YX,19.0,-11.342211211806834
2025-04-20,EWR,CLT,NK,-2.0,-8.424819137381123
2025-04-20,ATL,DEN,DL,-18.0,-15.78365007104211
2025-04-05,PHX,DFW,NK,175.0,158.32614977810738
2025-04-25,MSP,CLT,DL,-13.0,-14.678912792026203
2025-04-14,JFK,CLE,YX,-12.0,-22.709329768032475
2025-04-04,PDX,SFO,UA,0.0,-13.652313824443535
2025-04-13,PHX,PSP,AA,-3.0,-11.009033681432157
2025-04-06,DFW,PDX,AA,0.0,6.6139485857740885
2025-04-28,ORD,ABQ,YX,-15.0,-15.098794728455047
2025-04-02,IAD,STT,UA,-32.0,-23.731385603726682
2025-04-04,SNA,OAK,NK,-8.0,-16.567454859816287
2025-04-27,IAD,ATL,UA,-8.0,-13.260844461559806
2025-04-20,BOS,IAH,UA,20.0,0.8666907598753726
2025-04-14,ATL,MCO,DL,-12.0,-12.652907509242166
2025-04-18,BWI,DEN,UA,15.0,0.29251248113848494
2025-04-12,LGA,MSP,DL,-23.0,-26.91149174946443
2025-04-27,LGA,PIT,YX,-15.0,-13.684208302042574
2025-04-07,ORD,FNT,OO,0.0,0.423422407391814
2025-04-10,PHX,FLG,OO,-4.0,-6.716565338789124
2025-04-26,PDX,DEN,F9,-6.0,-12.682300314790481
2025-04-18,JFK,RDU,YX,-14.0,-8.212995388797056
2025-04-10,LGA,BOS,B6,15.0,25.628125350104774
2025-04-12,PIT,MYR,NK,-11.0,-15.630609119706442
2025-04-07,ORD,JAX,OO,-4.0,-9.795576700881131
2025-04-01,DEN,SAV,UA,17.0,25.518296004740712
2025-04-09,BWI,ATL,DL,13.0,12.684725823255462
2025-04-08,CVG,DCA,OH,-14.0,-13.502492835399956
2025-04-10,ATL,RSW,DL,-15.0,-7.48339574427731
2025-04-06,ORD,SBN,OO,73.0,74.7176713933791
2025-04-22,BWI,BOS,YX,-11.0,-13.698156882173794
2025-04-04,BUR,PHX,WN,-11.0,-13.369640234805658
2025-04-24,MYR,DTW,NK,-25.0,-24.3496660434309
2025-04-02,CLT,OMA,AA,51.0,2.5130279195606806
2025-04-04,LAX,SEA,NK,8.0,6.333879270860063
2025-04-20,ORD,PHX,AA,-8.0,-5.022458941460279
2025-04-19,SEA,PDX,DL,53.0,58.71572480649724
2025-04-17,DSM,DFW,AA,-6.0,2.420748479128261
2025-04-21,BOS,MKE,YX,-9.0,-19.577110016577357
2025-04-29,PHX,LAS,AA,-8.0,-7.162544690458681
2025-04-12,BTV,DTW,OO,-26.0,-20.3102403506878
2025-04-20,ECP,DEN,WN,-29.0,-9.34694641196634
2025-04-17,CRW,CLT,OH,-19.0,-12.657170289748521
2025-04-30,CAE,DFW,AA,-27.0,-10.571756381171525
2025-04-20,LAX,DEN,F9,3.0,3.9668675071046535
2025-04-09,AUS,SMF,WN,-13.0,-5.628625852297372
2025-04-04,DAL,RSW,WN,156.0,139.53712467663843
2025-04-11,SAT,PHX,AA,-9.0,-2.3864140861903635
2025-04-03,BOS,TPA,F9,-2.0,-24.067845599659393
2025-04-30,DFW,MCO,F9,130.0,111.54863553807496
2025-04-30,SLC,GEG,OO,-9.0,-13.800987422407765
2025-04-23,PHL,TPA,NK,-30.0,-26.877608432611375
2025-04-24,DCA,TPA,AA,150.0,147.54174226622519
2025-04-26,BOS,PHL,AA,68.0,39.5762480537541
2025-04-05,ATL,CLT,OH,23.0,34.92265286246586
2025-04-28,ONT,HOU,WN,79.0,68.10193901825357
2025-04-17,SMF,PHX,AA,29.0,14.363625937114893
2025-04-19,CHO,LGA,YX,-18.0,-9.434210776528811
2025-04-19,SLC,MSO,OO,-17.0,-21.011509495612966
2025-04-04,DFW,PHX,AA,11.0,17.079932377163807
2025-04-06,PDX,TUS,OO,-18.0,-12.661579230933565
2025-04-26,CLE,MCO,WN,-7.0,-9.141124892717414
2025-04-22,BOS,IND,YX,0.0,2.1902323303896747
2025-04-28,MCO,LAS,F9,-17.0,-13.681102149250414
2025-04-26,LGB,STL,WN,-15.0,-5.020435572337162
2025-04-06,ATL,IAD,DL,103.0,106.21339137708915
2025-04-08,BNA,RSW,WN,13.0,8.05553942452259
2025-04-04,HOU,DEN,WN,-23.0,-16.13726064761009
2025-04-10,RIC,BNA,WN,-3.0,-5.18842672947202
2025-04-23,DFW,TUS,AA,289.0,291.738541839814
2025-04-06,MSP,EWR,YX,-33.0,-15.526319920987557
2025-04-18,LAX,HNL,HA,-22.0,-8.560961604591862
2025-04-21,ITO,HNL,WN,6.0,8.281387533161007
2025-04-28,CMH,ORD,UA,1.0,5.72436238535389
2025-04-05,PHX,SAN,AA,47.0,29.54305168409947
2025-04-20,OAK,SAN,WN,-18.0,-12.784046952547595
2025-04-14,MCI,DEN,WN,-12.0,-8.369477583583375
2025-04-13,BHM,MIA,AA,-14.0,-16.35591529967863
2025-04-14,IAH,ORD,UA,-25.0,-17.113837899100247
2025-04-22,LGA,TYS,YX,-9.0,-19.223201029689587
2025-04-20,ATL,GSO,DL,3.0,-11.476395921173435
2025-04-30,BWI,DEN,WN,-12.0,-17.471009377771377
2025-04-03,ATL,ABY,OO,-4.0,1.761537751506724
2025-04-13,ORD,EWR,UA,-12.0,-12.046491719396563
2025-04-11,MKE,EWR,YX,-22.0,-22.70985762695154
2025-04-18,DAL,HOU,WN,38.0,37.58748754886075
2025-04-15,SJT,DFW,OO,-10.0,-9.308281468099821
2025-04-26,TPA,PHX,AA,-13.0,3.6358488866483163
2025-04-20,DTW,ALB,OO,-20.0,-18.953393556141688
2025-04-11,SJU,BWI,WN,1.0,-0.3418590568791089
2025-04-17,PHX,SLC,OO,3.0,8.502271168588685
2025-04-02,DFW,PHX,F9,52.0,40.3127693685153
2025-04-11,SLC,HNL,DL,-17.0,-7.372095226376912
2025-04-27,SAT,DAL,WN,2.0,-15.89346909230414
2025-04-17,ORD,IAD,UA,-1.0,-3.6931587572450617
2025-04-28,DEN,HDN,WN,-3.0,-7.949513252446941
2025-04-07,LAX,MCO,AA,129.0,128.70616166524118
2025-04-08,MIA,MSY,AA,969.0,971.5450986908304
2025-04-10,SJC,BOI,OO,-18.0,-11.112841733798376
2025-04-24,JFK,ORF,YX,105.0,103.08714900140404
2025-04-18,SAV,JFK,B6,-3.0,-5.830579795834316
2025-04-27,MDW,DAL,WN,7.0,10.078842938687243
2025-04-24,OAK,LGB,WN,-2.0,-2.166792470192293
2025-04-17,DFW,ILM,MQ,-15.0,-12.196078499530714
2025-04-19,ATL,EWR,YX,-15.0,-1.6671272960512056
2025-04-20,DFW,LFT,OO,17.0,5.885797528718573
2025-04-14,PHL,PWM,AA,-7.0,-9.417923191368331
2025-04-10,DCA,BOS,B6,-9.0,-4.008674572612341
2025-04-14,BIL,DEN,OO,-8.0,-5.331663821260307
2025-04-15,DAL,MCI,WN,-2.0,-0.2909998779462484
2025-04-08,DFW,TUS,AA,-31.0,-21.034045195624252
2025-04-04,SDF,DCA,YX,32.0,18.264047688200183
2025-04-12,LAX,OKC,OO,-10.0,-19.681672335465223
2025-04-24,CRP,DFW,MQ,64.0,63.78551787142991
2025-04-23,MCO,STL,WN,-12.0,-8.85741838606371
2025-04-23,SLC,MIA,DL,-17.0,-20.583240785095526
2025-04-16,LGA,DFW,AA,-10.0,-17.197982805048436
2025-04-15,ATL,FWA,OO,-16.0,-13.426567724330017
2025-04-01,OMA,LGA,OO,-19.0,-9.182657953227446
2025-04-16,BTR,DFW,MQ,-25.0,-13.141716507313653
2025-04-18,MCI,MIA,AA,-9.0,-7.219364577235307
2025-04-12,BDL,DFW,AA,120.0,152.3336721258517
2025-04-29,BUR,BNA,WN,-14.0,-12.892449195715642
2025-04-28,DCA,MSN,YX,-22.0,-15.852964131834916
2025-04-06,SGF,DFW,MQ,9.0,15.046520158041808
2025-04-10,TPA,SAT,WN,0.0,1.1273895269211467
2025-04-25,ORD,IAD,UA,13.0,14.043638838293212
2025-04-24,ATL,LAS,F9,39.0,47.69309612278893
2025-04-07,PHX,DAL,WN,38.0,33.228587731022415
2025-04-23,DEN,FLL,UA,2.0,-14.069733978377855
2025-04-18,AUS,DTW,DL,-3.0,3.580454116857334
2025-04-22,BOS,IAH,UA,12.0,-4.532594664529274
2025-04-24,DFW,GPT,MQ,7.0,4.563693855573675
2025-04-04,LAX,ATL,DL,2.0,-12.971953619907616
2025-04-15,RSW,BOS,B6,-36.0,-16.86638206565191
2025-04-17,PSP,LAS,WN,26.0,32.66535897296103
2025-04-14,ORD,SJU,UA,-24.0,-13.356785055516127
2025-04-24,ATL,MLB,DL,47.0,50.880024255723306
2025-04-13,HPN,MIA,MQ,-27.0,-11.49149703296004
2025-04-10,ORD,SGF,OO,-26.0,-13.231591788950023
2025-04-04,BDL,BNA,WN,-8.0,-8.141799264571624
2025-04-07,DCA,DAL,WN,6.0,-4.475432165954164
2025-04-27,BOS,ORD,UA,12.0,3.2983767350864195
2025-04-19,SEA,GEG,AS,23.0,6.099980405374501
2025-04-21,LAX,PSP,OO,-17.0,-18.736189447674178
2025-04-12,STL,MIA,WN,-13.0,-13.836003105155118
2025-04-10,MIA,IAH,NK,11.0,17.60253613876599
2025-04-03,RNO,BUR,WN,-15.0,-7.068538483982865
2025-04-03,IAH,SHV,OO,-1.0,-3.4920364694068375
2025-04-15,HPN,MIA,MQ,-10.0,-5.800268582672526
2025-04-20,MIA,HOU,WN,-6.0,2.7473359723958115
2025-04-04,PGD,CVG,G4,-4.0,-1.7705350281669192
2025-04-01,TPA,BOS,F9,46.0,56.39796502514662
2025-04-20,CLT,GSP,OH,7.0,5.550316766187766
2025-04-02,STL,ATL,DL,-20.0,-18.59589570002314
2025-04-11,LAS,AUS,WN,0.0,-6.694446426055855
2025-04-09,LAS,LAX,NK,9.0,21.157795378543767
2025-04-29,LAX,DEN,UA,-3.0,-12.544735776325787
2025-04-12,STT,ATL,DL,-21.0,-18.559871195777806
2025-04-11,EWR,MKE,YX,-11.0,1.8282117618186762
2025-04-17,BOS,SLC,DL,3.0,-10.140519961686195
2025-04-03,SFO,RNO,OO,-20.0,-16.512541789763393
2025-04-22,DFW,XNA,MQ,-21.0,-21.410113713025105
2025-04-30,MOT,MSP,OO,-9.0,-13.639274317445064
2025-04-21,IAH,PHL,UA,113.0,124.96986439038656
2025-04-21,PBI,ISP,WN,-3.0,-6.2586341189793195
2025-04-16,PHL,SJU,AA,-22.0,-9.787305293654661
2025-04-09,MSY,DTW,DL,-4.0,-17.622006153829517
2025-04-08,PSP,SJC,WN,-14.0,-5.951629631635569
2025-04-25,LAS,SMF,OO,-24.0,-17.51981206535621
2025-04-28,BWI,ATL,DL,-5.0,-8.650163496663485
2025-04-04,IAH,BHM,OO,-8.0,-1.6610567024167606
2025-04-22,MCO,DCA,AA,-33.0,-19.659254503701124
2025-04-14,LAS,ATL,NK,-22.0,-18.891420684359595
2025-04-24,HPN,ORD,MQ,-11.0,-21.38684569561313
2025-04-27,XNA,PHX,MQ,5.0,-11.919558816710033
2025-04-04,FLL,MCO,WN,-10.0,-6.114911640167062
2025-04-30,SLC,SAT,DL,51.0,45.65078596711404
2025-04-08,ORD,TUL,YX,-18.0,-14.858028341593212
2025-04-19,LAX,EWR,UA,-18.0,-18.314720733154616
2025-04-08,DAL,COS,WN,11.0,11.123419260496831
2025-04-15,DEN,DTW,DL,-3.0,-12.050269533505226
2025-04-06,EWR,IND,YX,12.0,-8.609997728593521
2025-04-17,DEN,ABQ,WN,2.0,-0.44691013910887634
2025-04-29,BHM,ATL,DL,1.0,-1.1446878757782404
2025-04-20,MCO,EWR,UA,388.0,366.5702665595842
2025-04-29,RIC,ORD,MQ,-12.0,-2.039989312223372
2025-04-16,STL,ATL,DL,-22.0,-15.735127784960355
2025-04-22,PVD,BNA,WN,-11.0,-11.924247459025793
2025-04-02,EWR,MIA,UA,-20.0,-7.5989924494915595
2025-04-21,BIL,SLC,OO,-16.0,-22.197795670570006
2025-04-24,CLT,LGA,NK,44.0,40.17787824389697
2025-04-13,LAX,TUS,OO,211.0,209.50346349403253
2025-04-27,SAN,FAT,OO,-15.0,-15.658480093696106
2025-04-07,MCO,ATL,DL,-3.0,-8.052166590744491
2025-04-10,PHX,CMH,WN,-1.0,-10.730571830637416
2025-04-17,DAL,DEN,WN,0.0,0.5011778519065384
2025-04-23,BOS,ATL,DL,-9.0,-18.883864617915577
2025-04-17,OKC,DEN,OO,21.0,21.001491358776654
2025-04-29,DAL,SAT,WN,-17.0,-12.881531199766833
2025-04-15,ORD,MDT,MQ,58.0,40.57896918962488
2025-04-25,LAX,DTW,NK,-26.0,-13.035558563127815
2025-04-29,LGA,MDW,WN,-8.0,-9.704399621377508
2025-04-21,RDU,AUS,WN,36.0,15.471795875134372
2025-04-02,STT,CLT,AA,-54.0,-25.056493695835567
2025-04-24,IAH,RSW,UA,-31.0,-15.944717615332511
2025-04-14,BNA,MCO,WN,-11.0,-9.800476202631964
2025-04-25,DEN,ATL,WN,158.0,157.89247551597785
2025-04-21,LAS,ELP,F9,-19.0,-13.691554552204078
2025-04-18,DEN,SAT,WN,82.0,73.58550400845596
2025-04-21,DEN,JFK,DL,20.0,40.426314708316234
2025-04-27,DEN,AUS,WN,6.0,3.333821344010003
2025-04-19,DAL,SMF,WN,17.0,23.655691798874138
2025-04-10,MSP,SAN,DL,-20.0,-16.777204026910567
2025-04-14,TPA,BWI,WN,0.0,-0.992481120115742
2025-04-03,DEN,ABQ,WN,45.0,42.86665503931409
2025-04-18,CLT,DAB,OH,-15.0,-7.016550352808515
2025-04-10,MCO,MHT,WN,-12.0,-6.091989820135716
2025-04-28,DFW,DAY,MQ,-13.0,-8.562425966538335
2025-04-07,LAX,DFW,AA,-8.0,-11.628334599701681
2025-04-27,ABQ,ATL,DL,-5.0,-7.952868342697013
2025-04-06,BOS,EWR,UA,4.0,3.431115272951468
2025-04-25,SJU,MIA,AA,-5.0,-0.4091176477279248
2025-04-29,FLL,LAX,DL,-26.0,-9.359833832748077
2025-04-07,FWA,PGD,G4,-12.0,-32.25668018166486
2025-04-03,ATL,ORD,DL,17.0,21.9089329391389
2025-04-15,BWI,PIT,WN,-14.0,-11.330895414130062
2025-04-15,DEN,RAP,OO,-2.0,-15.257133513296957
2025-04-20,OMA,STL,WN,70.0,66.48106767395048
2025-04-16,PVD,BWI,WN,-3.0,-10.187376989472
2025-04-22,DCA,MSY,AA,6.0,-8.408882650458096
2025-04-23,CLE,SLC,DL,-9.0,-10.345598888966746
2025-04-30,CLT,ILM,AA,-5.0,-12.065746506411436
2025-04-16,MCO,MSY,NK,-3.0,-14.622622300766668
2025-04-01,MDW,ATL,WN,-24.0,-16.674616335987487
2025-04-16,SNA,SEA,OO,-2.0,-10.65301839786892
2025-04-28,LGA,CHS,DL,-18.0,-10.96291744444359
2025-04-01,RSW,MDW,WN,-9.0,-3.6560465757041474
2025-04-25,SFO,PSP,OO,16.0,13.080031629856038
2025-04-14,DEN,LIT,OO,-4.0,2.548608365949084
2025-04-24,SNA,SMF,WN,-11.0,-17.232865283269547
2025-04-20,DCA,STL,WN,127.0,101.94335063110913
2025-04-06,MSY,DAL,WN,-22.0,-14.07607578598471
2025-04-07,SLC,MIA,AA,-18.0,-16.08553167858526
2025-04-28,TYR,DFW,OO,-17.0,-12.919492329766602
2025-04-19,ONT,PHX,AA,40.0,33.28365880093379
2025-04-22,ICT,DEN,OO,-2.0,-2.141836152269316
2025-04-17,ORD,GRB,OO,-5.0,-7.886684620395506
2025-04-04,DEN,MSY,F9,-1.0,-12.711075642841223
2025-04-18,IAH,ATL,DL,-19.0,-20.54325497071853
2025-04-05,IAD,ATL,UA,-3.0,-5.602955805338173
2025-04-01,DFW,SLC,DL,-10.0,-4.183438856023027
2025-04-13,ATL,RDU,DL,1.0,6.605595335293893
2025-04-25,SNA,BOI,G4,8.0,6.924838308448109
2025-04-18,ORD,MLI,OO,-10.0,-17.732868829555063
2025-04-05,TUS,DEN,WN,1.0,2.976272741334195
2025-04-08,HNL,LAS,WN,-16.0,-15.073957181145527
2025-04-11,STL,EWR,YX,-15.0,-16.661751670859587
2025-04-07,TUL,DEN,OO,-1.0,-5.496910268115334
2025-04-19,DFW,TYR,OO,2.0,-0.003994099183760369
2025-04-29,LAX,BOS,B6,-36.0,-16.553163303011615
2025-04-24,PSP,PHX,MQ,0.0,-17.293840028909695
2025-04-27,ORD,MIA,AA,-17.0,-7.641656894164882
2025-04-13,MIA,EYW,MQ,12.0,6.932319781465871
2025-04-24,DCA,MCI,OH,-28.0,-22.82092429536514
2025-04-27,SLC,SBA,DL,-2.0,-3.8223206548973323
2025-04-24,SLC,LAS,F9,-2.0,1.106419990031867
2025-04-19,FAR,DEN,OO,-10.0,-14.593235456285374
2025-04-16,ECP,BNA,WN,-3.0,-6.962672337767248
2025-04-29,DFW,SYR,AA,61.0,63.16745661826683
2025-04-18,DEN,ATL,F9,42.0,46.64840127701549
2025-04-29,SEA,ANC,AS,34.0,1.1769436802165263
2025-04-23,LAX,DFW,AA,-4.0,-12.151616088234032
2025-04-22,MCO,ROC,NK,-13.0,-10.523688612149957
2025-04-19,DCA,PNS,OH,-29.0,-21.236126060913115
2025-04-22,BOS,JAX,B6,2.0,0.7461400265192548
2025-04-14,MDW,SLC,WN,-9.0,-17.044043407865786
2025-04-05,LAX,ABQ,OO,-18.0,-13.278597649474428
2025-04-16,RDU,ORD,UA,-4.0,-14.802113980245121
2025-04-25,OMA,PHX,WN,-14.0,-11.92425484963577
2025-04-04,SDF,ATL,DL,48.0,28.31030710057284
2025-04-23,EYW,ATL,DL,5.0,-2.4976689021127516
2025-04-19,MCO,LGA,DL,-12.0,-12.302306235391605
2025-04-06,MIA,CHS,AA,60.0,53.15146719039455
2025-04-13,SFO,BNA,UA,-10.0,7.510849739879468
2025-04-17,MSY,DFW,AA,-20.0,-10.943271667599653
2025-04-26,DEN,OAK,WN,6.0,5.169083791755173
2025-04-30,CLT,LAX,AA,-1.0,-3.4858936879688134
2025-04-22,MCO,SDF,WN,5.0,12.36393465642903
2025-04-18,SMF,PDX,OO,-8.0,-9.820939797892118
2025-04-01,TTN,PBI,F9,-22.0,-3.6920360712599916
2025-04-05,MSP,DTW,DL,-18.0,-15.687848958156597
2025-04-26,TPA,AUS,WN,-25.0,-12.44898488119609
2025-04-19,DEN,SEA,F9,9.0,-20.604747655889167
2025-04-17,LAS,SEA,NK,3.0,-12.785302725704028
2025-04-21,SRQ,SBN,G4,-17.0,-17.17307824939178
2025-04-13,SAN,IAH,UA,-14.0,-12.063287527818982
2025-04-19,ATL,ABY,OO,-16.0,-11.534664647932804
2025-04-08,DTW,ALB,OO,-10.0,-14.928015737918464
2025-04-21,SFO,SAN,UA,-29.0,-19.64346517765145
2025-04-12,PHX,IAH,UA,-18.0,-14.469741493213512
2025-04-01,JAX,ORD,UA,-9.0,-15.023697189504723
2025-04-15,CLE,TPA,F9,-13.0,-13.42944533052314
2025-04-25,PSC,SLC,DL,-8.0,-18.240014842234892
2025-04-01,LAS,ORD,AA,-28.0,-7.932578814007101
2025-04-01,BNA,MDW,WN,-11.0,-9.914644781647265
2025-04-20,MSP,IND,DL,-16.0,-21.575295863435173
2025-04-04,ORD,IND,YX,135.0,142.43235405928564
2025-04-23,DFW,FAT,AA,6.0,10.469542011114516
2025-04-30,FLL,DEN,WN,-21.0,-14.851367380754517
2025-04-30,CHS,STL,WN,-21.0,-9.929654295432057
2025-04-08,PHX,DEN,UA,-3.0,-4.015338487220006
2025-04-11,CVG,MIA,MQ,26.0,5.097376458515132
2025-04-22,MCI,ATL,DL,-14.0,-16.709206297848137
2025-04-28,ATL,DAL,DL,-17.0,-18.230527282455824
2025-04-03,ATL,CLE,WN,-20.0,-10.292868335091326
2025-04-14,SFO,LAX,UA,-21.0,-15.537918222176316
2025-04-13,MCO,FLL,WN,4.0,-9.240569176145684
2025-04-29,DEN,LAS,UA,-20.0,-8.29826955368593
2025-04-06,ATL,LAX,NK,-3.0,-10.076564774189995
2025-04-29,GSO,LGA,YX,7.0,-15.165021786291177
2025-04-24,SDF,SFB,G4,39.0,46.45913488851838
2025-04-10,IAH,DFW,AA,-18.0,-13.466020440253505
2025-04-16,MCO,MIA,AA,2.0,3.2245383104590637
2025-04-14,PHL,TPA,F9,-26.0,-12.90259864287178
2025-04-25,STL,ORD,AA,-22.0,-8.791792969825195
2025-04-27,DAL,AUS,WN,-21.0,-11.00289212725226
2025-04-02,DEN,OMA,UA,-20.0,-17.587724994541176
2025-04-26,PHX,RNO,WN,-2.0,5.872752524965801
2025-04-07,ORF,BNA,WN,10.0,4.222078696578815
2025-04-13,SFO,SNA,OO,-21.0,-16.40622184064521
2025-04-06,AMA,LAS,WN,-2.0,1.7315351842682944
2025-04-27,DFW,SJU,NK,55.0,57.27811972535431
2025-04-12,DCA,PVD,WN,-11.0,-14.085318813509744
2025-04-09,MSY,PHL,AA,6.0,16.12027772331831
2025-04-05,STL,DFW,AA,184.0,124.63378575230558
2025-04-18,PHX,DFW,AA,-5.0,-1.4652525735801047
2025-04-17,SDF,ORD,MQ,12.0,-3.4680033954815777
2025-04-21,ATL,IAD,DL,-12.0,-14.049898838360058
2025-04-21,PDX,SFO,UA,-15.0,-8.75195688902353
2025-04-28,DFW,IAH,UA,-14.0,-14.696244274562925
2025-04-13,BWI,RSW,WN,-19.0,-7.3305374198431
2025-04-02,DEN,RDU,WN,62.0,18.600800684916848
2025-04-08,MDW,DAL,WN,-18.0,-13.834177964624661
2025-04-30,SJC,PHX,WN,-4.0,-1.706831446476281
2025-04-24,BOS,DFW,AA,90.0,101.94282948149561
2025-04-26,ORD,PIT,UA,-21.0,-14.967323731624724
2025-04-23,LAS,SAN,OO,49.0,58.195294885183586
2025-04-16,SBP,DEN,UA,-7.0,-3.0279350115929766
2025-04-06,FLL,PIT,NK,-16.0,3.0805427974230355
2025-04-28,MIA,MDW,WN,-9.0,-16.033032238664322
2025-04-29,ISP,PBI,F9,-48.0,-20.824769694556583
2025-04-04,LAS,MFE,G4,-21.0,-23.228194877871864
2025-04-25,DAL,MCO,WN,39.0,36.11635174976925
2025-04-06,SAT,MIA,MQ,5.0,9.670675153907919
2025-04-30,SGF,IAH,OO,3.0,-14.988582149044262
2025-04-20,CLT,PVD,AA,-6.0,-9.075161980290725
2025-04-16,GRB,ORD,OO,-10.0,-20.170409729137297
2025-04-15,JAC,SLC,DL,-12.0,-10.719639586708244
2025-04-22,HNL,LIH,HA,0.0,-4.673857164314072
2025-04-23,PHL,ATL,OH,-12.0,-20.234845676021745
2025-04-26,SEA,ANC,AS,13.0,5.0710103816110355
2025-04-05,DEN,MCO,WN,22.0,4.090542359480148
2025-04-19,LAX,ATL,F9,157.0,150.98571503822603
2025-04-16,IAH,DEN,UA,-9.0,-15.752259795258077
2025-04-07,BIL,DEN,OO,-17.0,-9.391823628855352
2025-04-17,DEN,XNA,OO,-6.0,-0.12055808127594148
2025-04-25,MEM,MIA,AA,-4.0,-10.918556622004672
2025-04-20,MYR,BDL,NK,-23.0,-21.474183221981203
2025-04-01,PIA,ORD,OO,30.0,-15.104684976823648
2025-04-15,IAD,DFW,UA,138.0,156.294880376724
2025-04-15,DFW,MEM,AA,-1.0,-2.831182800803468
2025-04-16,ORD,PIA,OO,0.0,-13.531086597520826
2025-04-18,BOS,BUF,B6,11.0,9.796166829647934
2025-04-14,PHX,BNA,WN,-31.0,-17.00039505132429
2025-04-04,SFO,BUR,OO,-18.0,-9.809443156115204
2025-04-29,DCA,DFW,AA,-22.0,-18.215151357630774
2025-04-11,PVD,ORD,YX,4.0,-5.6463303803238
2025-04-18,BUR,SJC,WN,16.0,19.277291351400166
2025-04-03,PIT,MCO,NK,-21.0,-19.962935788829395
2025-04-13,MIA,TPA,MQ,-13.0,-13.727551673913005
2025-04-18,MSP,ATL,DL,-19.0,-12.394083650610678
2025-04-08,IAD,TPA,UA,9.0,-5.219595227423838
2025-04-01,DTW,MYR,NK,-10.0,-11.318349317452842
2025-04-27,SFO,FLL,B6,-6.0,-9.055339851680642
2025-04-27,ORD,DSM,OO,-5.0,-2.514335617931346
2025-04-22,DTW,AZO,OO,21.0,25.28150910441444
2025-04-02,DFW,SDF,AA,-11.0,-9.097800410184195
2025-04-17,BWI,IND,WN,-8.0,-9.903905462769188
2025-04-12,PSP,SEA,OO,-17.0,-10.967561823800217
2025-04-03,ATL,DTW,NK,-18.0,-15.402207831854575
2025-04-25,DAL,ATL,WN,14.0,10.934701231813643
2025-04-22,IAH,MIA,UA,-38.0,-10.943600075105689
2025-04-02,ORD,CVG,MQ,44.0,16.678691274328315
2025-04-14,PBI,PVD,B6,-15.0,-20.173224239851614
2025-04-08,KTN,SEA,AS,-19.0,-31.90274654446109
2025-04-24,AUS,JFK,DL,4.0,0.26829899361674414
2025-04-30,SFO,PSP,OO,108.0,106.97357116494209
2025-04-18,SAT,DAL,WN,7.0,11.547691357959913
2025-04-13,DCA,ICT,OH,28.0,21.817518511069068
2025-04-26,MCO,ACY,NK,-11.0,-18.747778445979762
2025-04-28,PHL,MIA,AA,1.0,-16.603143408795265
2025-04-28,MCI,MSP,DL,9.0,-13.384475816164947
2025-04-27,PHL,MCO,AA,-7.0,-16.663667153946868
2025-04-29,SEA,LAS,AS,10.0,11.685455882680614
2025-04-24,ORD,FAR,MQ,-10.0,-1.590214042536049
2025-04-03,IAH,DEN,UA,-24.0,-14.611131616918136
2025-04-03,DEN,SNA,WN,174.0,182.08132688715892
2025-04-25,PWM,CLT,OH,41.0,12.825303577786794
2025-04-23,JFK,AUS,DL,-34.0,-11.245478758392235
2025-04-29,ATL,DCA,DL,2.0,-6.30223439336125
2025-04-15,JFK,SLC,B6,-7.0,-0.8850400014872939
2025-04-16,TPA,LGA,DL,71.0,66.75221404649403
2025-04-15,MOT,MSP,OO,4.0,-1.4508422675930603
2025-04-28,ORD,BNA,OO,-11.0,-5.7872104222826515
2025-04-05,ELP,LAX,OO,-22.0,-18.803184460967245
2025-04-12,DTW,LAS,DL,-6.0,-11.643657320585312
2025-04-09,BNA,LGA,OO,-13.0,-9.930895123145607
2025-04-14,PHX,SNA,AA,-2.0,-3.7164805689743687
2025-04-30,LGA,DFW,DL,189.0,172.44683785089327
2025-04-28,CLT,LAX,AA,-3.0,-1.9943052683508187
2025-04-27,SFO,LAS,AS,-13.0,-9.683197537397175
2025-04-20,BNA,TPA,WN,-8.0,-5.300120205012298
2025-04-18,PHX,COS,WN,13.0,25.021524156866356
2025-04-22,GJT,DEN,OO,40.0,38.02679268511708
2025-04-15,STL,DCA,OH,-20.0,-19.099779115729774
2025-04-20,ATL,PSP,DL,-8.0,-7.342156951991072
2025-04-29,AUS,DTW,DL,-15.0,-10.246819683844596
2025-04-04,DTW,PHX,AA,104.0,90.87724272755733
2025-04-08,BUF,MDW,WN,-6.0,-12.391471565797339
2025-04-23,JAX,DCA,AA,-25.0,-11.10980212482433
2025-04-05,SEA,SAN,DL,-22.0,-4.059903124597366
2025-04-24,MCO,ORD,UA,-18.0,-12.165487885938344
2025-04-16,LGA,ORD,UA,107.0,80.74403846664703
2025-04-08,CHO,ORD,OO,34.0,-18.695475494557463
2025-04-16,ATL,SMF,DL,-9.0,-10.89819884348434
2025-04-18,GUM,HNL,UA,-10.0,-23.975666674702445
2025-04-19,STS,LAX,OO,40.0,58.751765670131206
2025-04-03,HNL,KOA,HA,0.0,-4.88285544191803
2025-04-20,ORD,RSW,AA,-4.0,-11.394447015952135
2025-04-07,CLT,VPS,AA,30.0,12.567429480482476
2025-04-29,IAH,ORD,AA,-15.0,-18.38138406007303
2025-04-19,ATL,BWI,DL,-5.0,-6.659497247982834
2025-04-16,AUS,MSY,WN,5.0,4.797566524676567
2025-04-15,MSN,LGA,YX,-17.0,-16.375960124153753
2025-04-19,DTW,DCA,DL,-9.0,-3.304738480475292
2025-04-08,LAX,SJC,OO,0.0,1.6469516526309356
2025-04-30,STL,LAS,WN,-15.0,-13.223183024727483
2025-04-17,DTW,DEN,WN,50.0,36.73560261024102
2025-04-14,SBP,PHX,MQ,-2.0,-6.884778448632561
2025-04-23,AUS,CLT,AA,41.0,17.30797799012965
2025-04-01,ORD,AUS,UA,49.0,55.18149567844004
2025-04-30,HSV,DEN,OO,-40.0,-16.836402950267715
2025-04-22,ICT,DFW,OH,-1.0,-12.491775962996947
2025-04-26,PHX,PDX,WN,-9.0,-0.857453131235479
2025-04-01,RAP,ORD,YX,-11.0,-18.502210211692997
2025-04-16,IAD,PIT,YX,-1.0,-7.2505386780618934
2025-04-10,PHL,LAS,AA,-4.0,-12.84036302552824
2025-04-11,GJT,DEN,UA,-18.0,-11.659024603866147
2025-04-29,TUS,PHX,OO,-14.0,-15.042088705547435
2025-04-10,MIA,BOS,NK,11.0,-14.578234456582067
2025-04-09,DCA,DFW,AA,-18.0,-9.119060439336678
2025-04-18,DEN,LNK,OO,129.0,130.80316973107514
2025-04-21,DEN,XWA,OO,-13.0,-6.279682619449188
2025-04-04,DAL,DCA,WN,52.0,37.52255619206891
2025-04-05,SLC,DFW,DL,43.0,22.719919281926046
2025-04-26,CLT,TYS,OH,-8.0,-10.177181332557543
2025-04-28,ATL,TPA,DL,-10.0,-5.9062164786824205
2025-04-16,KOA,HNL,HA,-8.0,-4.059973835484648
2025-04-28,CHS,DCA,YX,-12.0,-10.31770122556421
2025-04-15,DAL,MSY,WN,-19.0,-13.295957757438433
2025-04-05,MCO,PHL,AA,-8.0,-15.411398242647849
2025-04-26,JAX,DFW,AA,-22.0,-8.028998614984378
2025-04-17,EUG,SEA,OO,19.0,-9.145122301597317
2025-04-17,CHA,ATL,OO,-20.0,-12.788932590036062
2025-04-25,ATL,STL,DL,18.0,21.849452615300034
2025-04-04,MEM,MCO,WN,-5.0,-4.997717102495633
2025-04-25,SJU,MIA,AA,-22.0,-7.238270384171338
2025-04-22,JFK,MIA,AA,-10.0,-19.337709741587183
2025-04-19,MHK,ORD,MQ,0.0,6.77165529199527
2025-04-06,SGF,DEN,OO,-19.0,-15.364740339217548
2025-04-02,ORD,MKE,OO,32.0,34.89285691079081
2025-04-13,CAK,PGD,G4,-14.0,-5.521846760250208
2025-04-19,SEA,EWR,UA,-12.0,-17.40895478900807
2025-04-18,HOU,MDW,WN,-17.0,-18.912781373895474
2025-04-10,BNA,CLT,AA,-20.0,-15.57638147988991
2025-04-17,JFK,MIA,DL,-22.0,-12.283336197461097
2025-04-24,RDU,ATL,DL,-7.0,-7.9698369955565145
2025-04-28,DFW,IAH,OO,-14.0,-12.324068276133069
2025-04-30,LAS,CLE,F9,-24.0,-15.378154687465912
2025-04-15,VPS,ATL,DL,-18.0,-13.359858032337442
2025-04-04,PGD,ABE,G4,-7.0,-5.542558645303348
2025-04-05,DFW,BHM,AA,13.0,-13.708279485329143
2025-04-18,CLT,CMH,AA,3.0,0.9244836933041967
2025-04-28,ORD,IND,OO,-16.0,-9.523242199305322
2025-04-09,CLT,CVG,OH,-16.0,-8.176093410786827
2025-04-26,TPA,LAS,WN,-12.0,-1.1682030996516515
2025-04-28,DFW,MHK,MQ,-15.0,-12.338271880668387
2025-04-13,ATL,PHX,WN,-15.0,-11.8434710073616
2025-04-13,MCO,SAN,WN,-19.0,-5.960693731067451
2025-04-25,PSP,DEN,UA,-13.0,-15.027109650174609
2025-04-21,MEM,DCA,OH,19.0,21.927237773692557
2025-04-20,DAL,SAT,WN,-16.0,-11.467149273746784
2025-04-14,AUS,ORD,AA,-15.0,-11.984309381293677
2025-04-03,SLC,TWF,OO,-9.0,-12.077698314272055
2025-04-05,COS,DEN,OO,-20.0,-15.16810651141655
2025-04-03,KOA,HNL,HA,72.0,64.87444446955084
2025-04-27,ORD,PHL,AA,-3.0,-7.5388845973076215
2025-04-28,SRQ,LGA,DL,-10.0,-2.876593065432843
2025-04-27,SJC,SAN,WN,-1.0,6.029150068082664
2025-04-23,PHX,AUS,WN,68.0,72.77227453759488
2025-04-24,DCA,PHL,YX,-25.0,-15.426228493141544
2025-04-30,DFW,SPS,OO,-2.0,2.404198129252484
2025-04-08,OAK,DEN,WN,-17.0,-14.234343105213561
2025-04-02,DEN,ATL,DL,9.0,-7.1728199776972374
2025-04-04,PBI,PIT,G4,6.0,17.593205017827533
2025-04-02,CMH,LGA,YX,4.0,-12.30072459664709
2025-04-25,ATL,PBI,DL,1.0,0.14157411881779502
2025-04-03,LAX,DEN,UA,28.0,18.68708813764433
2025-04-02,SLC,IAH,UA,-4.0,-12.965817501570871
2025-04-07,ORD,FWA,OO,11.0,10.873540841105994
2025-04-28,SFO,RNO,OO,-21.0,-17.047787629009445
2025-04-21,ORD,IAD,UA,-14.0,-6.247767606224819
2025-04-19,RDU,BOS,B6,1.0,2.705439052648442
2025-04-17,JFK,BOS,B6,-13.0,-14.885978003264448
2025-04-25,MDW,PHX,WN,-5.0,-5.828866441419363
2025-04-23,LAX,EWR,AS,-17.0,-13.555799733335473
2025-04-01,ORD,DTW,DL,-16.0,-18.589251091398477
2025-04-20,HPN,DTW,OO,-13.0,-14.486123907422552
2025-04-08,DFW,STL,AA,-2.0,-8.198300091783373
2025-04-17,AUS,JFK,DL,-27.0,-17.108971544483055
2025-04-21,JFK,DCA,YX,85.0,77.60344400581954
2025-04-10,DEN,SMF,UA,-15.0,-9.077240936373931
2025-04-08,BOS,PBI,B6,2.0,-22.036465398260265
2025-04-04,EWR,LAS,UA,-14.0,-22.51548107168751
2025-04-05,LAS,MKE,WN,-16.0,-15.062825585409705
2025-04-06,SJC,HNL,WN,-27.0,-15.028182645023044
2025-04-27,DEN,IAD,UA,-13.0,-11.489262053060216
2025-04-29,OGG,HNL,HA,-8.0,-10.605674053862991
2025-04-27,AUS,MSP,DL,-15.0,-20.546623955840538
2025-04-25,IAD,BTV,YX,-11.0,-5.854600244273438
2025-04-10,ATL,SAV,DL,32.0,39.031233983732655
2025-04-19,BOS,JFK,B6,1.0,-11.60983995518978
2025-04-23,CLT,SFO,AA,-2.0,-3.413290815689363
2025-04-28,MIA,ATL,AA,37.0,23.825481970415012
2025-04-02,EWR,ORF,UA,-15.0,-6.035538673784584
2025-04-18,MCO,DFW,F9,-23.0,-8.009800513863192
2025-04-15,PDX,BOI,OO,26.0,23.729502001603933
2025-04-02,MYR,LGA,NK,-6.0,-5.025359307421734
2025-04-08,AVL,DCA,YX,-15.0,-15.810678291282407
2025-04-24,PHX,MCO,AA,6.0,15.475358869537443
2025-04-29,MCO,IAH,UA,-27.0,-16.14007591479868
2025-04-27,IAH,EWR,UA,22.0,26.408366062678546
2025-04-14,BOS,RIC,B6,-27.0,-20.776195454583426
2025-04-07,RDU,DFW,AA,-2.0,-6.861202822377182
2025-04-10,DEN,CMH,UA,-5.0,-3.8561947805612
2025-04-16,AMA,DAL,WN,-14.0,-13.572897884031782
2025-04-07,PHX,LAX,WN,-14.0,-8.572684151425662
2025-04-25,JFK,PHX,B6,-25.0,-14.626911534666952
2025-04-02,SEA,PHX,OO,-29.0,-19.191154526763896
2025-04-03,BNA,MCO,WN,291.0,294.68331676692657
2025-04-06,PHL,PHX,AA,-18.0,-0.049522301156316395
2025-04-17,TPA,MIA,AA,9.0,4.665983243817301
2025-04-28,ORD,IND,YX,39.0,43.66631630809812
2025-04-08,IAH,ATL,NK,-13.0,-12.21790814815838
2025-04-18,MCO,HPN,B6,0.0,-8.41540204745531
2025-04-11,BTV,PHL,OH,499.0,489.7605039165417
2025-04-28,CLT,RSW,AA,-4.0,-3.1221953798465556
2025-04-24,MCO,ALB,B6,26.0,24.19684136210062
2025-04-03,SEA,SFO,UA,-30.0,-15.347077224413862
2025-04-16,ATL,BNA,DL,-6.0,-8.609946160011173
2025-04-19,OGG,SMF,WN,-4.0,-19.009553213971092
2025-04-08,SEA,KTN,AS,41.0,39.438707089995376
2025-04-19,SFO,ATL,F9,98.0,89.85369131220187
2025-04-26,DFW,PHX,F9,-34.0,-21.166031675079346
2025-04-13,SLC,MEM,DL,-24.0,-23.18273978042022
2025-04-11,GEG,SEA,OO,-17.0,-19.67554385853046
2025-04-29,PIT,DAL,WN,-15.0,-13.72154353484871
2025-04-08,DFW,SNA,AA,9.0,11.019179165937455
2025-04-29,MFE,AUS,OO,11.0,17.130436785862837
2025-04-20,JFK,BOS,B6,-9.0,-7.662178022328874
2025-04-30,LGA,SRQ,AA,-14.0,-20.405361261587363
2025-04-01,DEN,SLC,DL,48.0,46.3420418819584
2025-04-14,AUS,DTW,DL,-15.0,-7.647355026290779
2025-04-02,MSY,SEA,AS,-3.0,-14.082017245407169
2025-04-22,MCI,DEN,WN,-1.0,-4.100998103009289
2025-04-12,ORD,RDU,AA,-20.0,-17.70883373450917
2025-04-20,ORD,IND,YX,-23.0,-9.264325972256316
2025-04-17,CVG,BWI,WN,3.0,-10.374472796016393
2025-04-27,PHX,LAS,WN,-10.0,-12.96808077240502
2025-04-24,ATL,MCO,DL,16.0,15.046002746010403
2025-04-28,IND,ORD,MQ,-18.0,-17.08828826825775
2025-04-02,CLT,PBI,AA,28.0,32.540085253532695
2025-04-08,MCO,EWR,B6,-18.0,-8.123323721367601
2025-04-27,DTW,ORD,YX,-8.0,-8.583311468147716
2025-04-13,JAX,FNT,G4,3.0,-16.888999928193442
2025-04-14,SDF,BOS,YX,64.0,72.01174243095906
2025-04-17,SAN,SMF,OO,1.0,4.710889868127806
2025-04-01,PIT,DTW,OO,-6.0,-9.324705651820983
2025-04-30,DTW,LAS,DL,-23.0,-25.503527613187764
2025-04-21,ORD,MSN,YX,-12.0,0.25196788082186394
2025-04-18,TPA,SEA,AS,-12.0,10.214428946863823
2025-04-27,BWI,BOS,WN,12.0,3.647657091283167
2025-04-07,RNO,SLC,DL,-11.0,-4.5263965003899305
2025-04-18,SAN,ORD,AA,-19.0,-7.771686015629358
2025-04-02,OGG,ORD,UA,-23.0,-16.815580155244042
2025-04-30,LAS,OKC,WN,-16.0,-14.569395020153003
2025-04-25,BUF,LGA,YX,25.0,28.10486226899934
2025-04-13,SAN,SEA,AS,-16.0,-8.549622646478406
2025-04-05,IND,LAS,NK,-29.0,-16.6197951800888
2025-04-26,DFW,EUG,AA,-21.0,-12.616173745381673
2025-04-30,DFW,MIA,AA,-8.0,-8.429431049050429
2025-04-23,DFW,PDX,AA,83.0,86.42555531130813
2025-04-07,HPN,PBI,B6,-15.0,-13.239324286064601
2025-04-22,CMH,BOS,YX,-25.0,-13.341901208370288
2025-04-14,DEN,AUS,WN,-27.0,-14.54205369226348
2025-04-03,PHX,TUL,WN,0.0,-3.946557817118155
2025-04-27,MIA,PHX,AA,0.0,3.870479229913741
2025-04-03,SUX,DEN,OO,103.0,96.76488866412163
2025-04-25,BNA,ATL,WN,14.0,13.199741867572587
2025-04-27,STL,BUR,WN,26.0,9.058352034555856
2025-04-05,IAD,SYR,YX,-2.0,-7.652976561059717
2025-04-23,FAR,ORD,MQ,-8.0,-14.956931525690074
2025-04-28,SUN,DEN,OO,-2.0,-9.178460836608165
2025-04-10,PHX,IAH,F9,-6.0,-12.660324744945864
2025-04-15,SJU,IAH,NK,11.0,-1.8151976345805059
2025-04-13,GSP,CLT,MQ,-14.0,-8.628785103055161
2025-04-09,MIA,CVG,MQ,-14.0,-14.24695625709505
2025-04-08,SLC,ATL,DL,6.0,-8.193886774722415
2025-04-11,JFK,STT,DL,-9.0,-20.222568429332135
2025-04-18,LAX,DFW,AA,-11.0,-10.619670052327322
2025-04-25,RSW,DEN,UA,-11.0,-10.01176102605239
2025-04-22,JAN,DFW,OO,-4.0,-11.086866622773542
2025-04-15,DEN,MSP,UA,-13.0,-24.421328448230174
2025-04-24,DEN,SEA,WN,-24.0,-11.23686572268117
2025-04-13,ORD,JAX,MQ,-34.0,-17.73527160390307
2025-04-14,MYR,EWR,NK,-6.0,-22.248672242647288
2025-04-19,STT,PHL,AA,-13.0,-14.505284509512656
2025-04-04,IAH,MIA,AA,14.0,5.338851645775335
2025-04-05,MIA,LAX,AA,14.0,23.501961305294376
2025-04-25,DEN,AVL,OO,-3.0,0.30151319907048
2025-04-01,ATL,AUS,F9,-13.0,-8.045249033832466
2025-04-28,JFK,BOS,YX,-16.0,-12.346048133598067
2025-04-30,CLT,MCO,AA,-6.0,-16.27497309062645
2025-04-11,DFW,DTW,AA,-2.0,-14.646842680261557
2025-04-22,MCO,PHX,AA,-12.0,-16.507655092554177
2025-04-10,HOU,MSY,WN,28.0,31.460929041745864
2025-04-15,RAP,DEN,OO,-15.0,-9.579621591985443
2025-04-28,DEN,CYS,OO,-3.0,-4.116102302913825
2025-04-10,BDL,DCA,AA,-15.0,-13.244676629044243
2025-04-17,ORD,CVG,OO,2.0,-2.5757764778107823
2025-04-26,IAH,LAX,UA,-24.0,-17.973016623028556
2025-04-24,ATL,HSV,DL,1.0,-6.677018215009227
2025-04-09,MCO,ATL,DL,-7.0,-6.3489773496233735
2025-04-07,SEA,GEG,OO,-6.0,-3.6097391114569035
2025-04-08,RDU,DFW,AA,-11.0,-10.431426969232938
2025-04-16,BOS,ORD,DL,-7.0,-15.991417536244349
2025-04-16,DEN,MSP,DL,-3.0,9.231997452264455
2025-04-03,ORD,DEN,WN,112.0,97.51187249210966
2025-04-15,CMH,ORD,YX,-28.0,-16.809272638376424
2025-04-28,DCA,LGA,YX,98.0,95.05912159248024
2025-04-21,LGA,PWM,YX,-27.0,-20.90076427158813
2025-04-04,FLL,DCA,AA,-19.0,-11.515251487690897
2025-04-06,HOU,DFW,OO,40.0,45.964053182496656
2025-04-01,MIA,JFK,AA,34.0,34.356124474911375
2025-04-30,LGA,HOU,WN,-9.0,-1.3035181343524567
2025-04-19,ATW,ORD,OO,5.0,-3.976214848359687
2025-04-04,JAX,HOU,WN,8.0,31.88272540258513
2025-04-12,JFK,CLE,YX,-11.0,-17.528148270746033
2025-04-15,MCI,BOS,YX,-2.0,-11.185361335618836
2025-04-27,STL,DAL,WN,-16.0,-7.632292067628427
2025-04-01,CLT,LGA,AA,-7.0,-3.37776407092667
2025-04-08,ATL,MIA,AA,5.0,-4.226560160917003
2025-04-30,BNA,PHX,WN,3.0,-11.9434119350014
2025-04-23,SMF,LGB,WN,-15.0,-13.202049613794351
2025-04-19,LIT,CLT,OH,-20.0,-6.786266068248111
2025-04-04,BWI,COS,WN,21.0,-5.7509817322893415
2025-04-07,TPA,DEN,WN,8.0,19.266272430830398
2025-04-27,CVG,ORD,OO,9.0,-6.166173153632176
2025-04-13,LAS,BOS,B6,-30.0,-3.3106096934779092
2025-04-05,EWR,DEN,UA,-18.0,-26.07469418139096
2025-04-08,DEN,JAC,OO,-6.0,-17.142247669532384
2025-04-14,FLL,BOS,B6,-5.0,-5.489594262385705
2025-04-22,BWI,DEN,WN,12.0,10.98022753416295
2025-04-19,TYS,ATL,DL,-2.0,0.8562036068462913
2025-04-22,BOS,ATL,DL,-10.0,-13.76708752377619
2025-04-30,ORD,PWM,UA,47.0,52.889881060802715
2025-04-13,RNO,DEN,UA,-20.0,-16.809790490763515
2025-04-01,DTW,MCO,NK,-8.0,-19.363826803046273
2025-04-05,CLT,MSP,DL,69.0,70.2246998276421
2025-04-11,DFW,TYS,AA,16.0,12.20432441144013
2025-04-29,ATL,PHX,DL,-3.0,-13.772929146666222
2025-04-18,PHL,CLT,AA,28.0,26.526007354605657
2025-04-22,ORD,GRR,YX,-23.0,-18.2484920227769
2025-04-23,DTW,LAX,DL,-7.0,-17.310548743111276
2025-04-23,JFK,AUS,DL,-14.0,-16.00431008987696
2025-04-23,IAH,MIA,MQ,232.0,233.4013981962755
2025-04-10,DAL,FLL,WN,-13.0,-8.540665151500786
2025-04-09,SAN,PHX,WN,0.0,5.805209924609304
2025-04-08,LGA,ORD,UA,30.0,27.09799426850326
2025-04-14,MIA,SJU,AA,-18.0,-11.315023382630468
2025-04-23,CLT,RIC,AA,-3.0,-15.691226463480277
2025-04-23,TYS,PGD,G4,-12.0,-4.417607283565488
2025-04-27,DFW,HOU,OO,-4.0,-10.577646422540447
2025-04-23,MIA,JFK,AA,-17.0,-11.20677310768535
2025-04-21,MLI,AZA,G4,-9.0,-24.812963461607513
2025-04-05,ATL,BUR,DL,44.0,35.876553024980666
2025-04-13,DAL,MCI,WN,-5.0,-6.155955864541388
2025-04-24,PBI,JFK,B6,-12.0,-9.634795986521985
2025-04-07,JFK,MSY,DL,37.0,-3.028872628538595
2025-04-03,SFO,RNO,OO,-11.0,-7.771184049506468
2025-04-29,MIA,MCO,AA,-13.0,-14.176199466538293
2025-04-18,DSM,PHX,MQ,24.0,-0.6793252329644641
2025-04-22,BOS,JFK,B6,-9.0,-6.23473677019879
2025-04-21,PIE,RIC,G4,-3.0,-9.70429265228499
2025-04-20,MSP,BWI,DL,-25.0,-19.88417059761753
2025-04-15,DEN,PSC,UA,9.0,-4.220043555430879
2025-04-28,DCA,SJU,B6,-19.0,-15.379585269741696
2025-04-05,SAT,ORD,AA,-6.0,-7.100583715749597
2025-04-05,CHS,PHL,OH,-9.0,-14.960291424467634
2025-04-30,EUG,SLC,OO,-24.0,-25.224947826889384
2025-04-26,PHX,DSM,MQ,-2.0,4.417651344390286
2025-04-30,BNA,LAS,WN,-13.0,-18.79210039154102
2025-04-01,ATL,MKE,WN,-1.0,-2.596206942111186
2025-04-06,BUF,SRQ,WN,2.0,-9.800243805962573
2025-04-22,DAL,PHX,WN,-17.0,-19.57635878665679
2025-04-27,DFW,AUS,AA,-11.0,-9.875157121813603
2025-04-11,RNO,SAN,OO,44.0,25.7745658603702
2025-04-27,VPS,HOU,WN,-5.0,-8.327863165056197
2025-04-04,SEA,BNA,AS,51.0,-16.038861300473194
2025-04-07,JNU,ANC,AS,-13.0,-15.208138101678344
2025-04-19,RNO,LAX,OO,-3.0,-7.459476085777492
2025-04-04,SAN,SFO,WN,-11.0,-6.0074563242607795
2025-04-17,LAS,SFO,OO,41.0,53.5493900800243
2025-04-05,DEN,MCO,F9,31.0,-11.712990923689834
2025-04-14,STL,PHL,AA,-12.0,-9.800677711595881
2025-04-24,MKE,LAS,NK,-12.0,-12.019491275747107
2025-04-29,ORD,MSN,OO,-25.0,-20.290065681084208
2025-04-22,IND,LGA,YX,-15.0,-17.530781382263193
2025-04-01,DAY,DEN,OO,-23.0,-17.700383857153884
2025-04-26,ATL,BOS,NK,-1.0,-12.107258110800881
2025-04-06,JFK,FLL,B6,-15.0,-9.205969244975744
2025-04-28,MSY,AUS,WN,9.0,5.6783507513564135
2025-04-08,MSP,RSW,DL,-9.0,-9.681920385079096
2025-04-21,TYS,DCA,OH,-21.0,-13.54111712276094
2025-04-01,LAX,DEN,F9,-24.0,-16.329565695238262
2025-04-30,BOI,SFO,UA,-36.0,-16.304758775865906
2025-04-02,DEN,ATL,DL,11.0,-15.87418846125199
2025-04-02,EWR,ILM,YX,-21.0,-14.768015992714616
2025-04-11,SAN,SLC,DL,47.0,46.39566305954766
2025-04-04,PHX,DEN,UA,-1.0,-11.999956322196521
2025-04-15,PIT,ATL,DL,-12.0,-14.598623369385727
2025-04-03,DFW,BTR,OO,41.0,37.19340916270793
2025-04-20,IND,PHX,AA,-23.0,-19.409215430148855
2025-04-28,CMH,ORD,MQ,299.0,310.7936413471898
2025-04-06,LNK,ORD,OO,11.0,14.393604532647517
2025-04-05,LIH,HNL,WN,-13.0,-10.012381860571715
2025-04-18,GNV,MIA,MQ,-17.0,-10.897567464808539
2025-04-12,ORD,ALB,YX,-13.0,-20.562377274804717
2025-04-27,ATL,SAV,DL,-23.0,-16.23637850970222
2025-04-13,LCH,DFW,OO,-23.0,-17.247124656127145
2025-04-19,DEN,TUL,OO,-5.0,-10.145898990792345
2025-04-06,DEN,ONT,F9,-7.0,13.269084073641464
2025-04-15,EYW,ORD,MQ,11.0,19.399790934379787
2025-04-04,ATL,IND,DL,-5.0,-5.6329441879053785
2025-04-19,FLL,CLE,F9,-41.0,-15.783658504013065
2025-04-22,MCO,TTN,F9,196.0,196.44427280096014
2025-04-26,ROC,ORD,YX,8.0,11.690558735594728
2025-04-09,SLC,PHX,WN,-2.0,-6.326433537150599
2025-04-01,SEA,OGG,HA,9.0,-4.252755855497266
2025-04-05,PGD,PIT,G4,-11.0,-0.08366780008959385
2025-04-16,AUS,DEN,F9,-18.0,-17.770900590216762
2025-04-12,KOA,LAX,AA,3.0,-13.098503148377667
2025-04-10,ATL,DTW,NK,8.0,12.655727796377796
2025-04-28,DCA,STL,WN,-12.0,-8.756417263658827
2025-04-08,DFW,SAT,OO,1.0,7.43695185067034
2025-04-27,SEA,IAD,AS,-15.0,-15.39973685600004
2025-04-01,SAN,OAK,WN,45.0,47.54098325869457
2025-04-01,SGF,DFW,MQ,-9.0,-12.262482555962713
2025-04-27,BUR,LAS,NK,-3.0,-10.056381705944007
2025-04-29,CLT,SDF,OH,20.0,8.600623340557998
2025-04-05,BUF,TPA,WN,-21.0,-20.49111693707087
2025-04-10,MSP,PHL,DL,-15.0,-16.163065194185453
2025-04-09,IAH,DFW,UA,-19.0,-10.58074565677181
2025-04-16,CVG,DCA,YX,-17.0,-16.00759866991678
2025-04-12,TPA,BWI,WN,-15.0,-18.034491812694895
2025-04-17,AUS,ABQ,WN,-7.0,-11.544322439708889
2025-04-18,IAD,MCO,F9,-1.0,-2.0520118542602948
2025-04-02,LAS,RNO,WN,-1.0,9.987033648834467
2025-04-19,PHL,SFO,AA,-23.0,-16.604596076535323
2025-04-09,ORD,MKE,OO,1.0,3.3983301561840147
2025-04-25,AUS,MDW,WN,-19.0,-13.59316316536568
2025-04-26,AUS,MIA,AA,-18.0,-13.460843605395958
2025-04-01,ATL,GSP,WN,-15.0,-12.389497382483622
2025-04-11,SBA,DEN,OO,12.0,21.41824890587292
2025-04-18,SNA,SJC,WN,37.0,37.08416539389205
2025-04-03,MRY,PHX,MQ,-10.0,-10.621479553792781
2025-04-14,LAS,SLC,DL,-17.0,-13.908363347507422
2025-04-08,MCO,DCA,B6,-12.0,6.57668186046747
2025-04-18,AVL,PHX,G4,-14.0,-9.105878895337751
2025-04-06,MEI,IAH,OO,-3.0,-3.3430325444627407
2025-04-28,IAH,TPA,F9,-5.0,-12.889611025081415
2025-04-26,LAS,CMH,WN,-16.0,-12.591623161565536
2025-04-29,CMH,TPA,WN,-13.0,-8.332847240269949
2025-04-29,PBI,CLT,AA,-7.0,-4.4463446930734065
2025-04-18,JFK,MCO,DL,-5.0,19.159807363997828
2025-04-30,BOS,LGA,YX,-8.0,-10.547120245172412
2025-04-21,SEA,PSC,AS,16.0,14.288470529243659
2025-04-12,DFW,PSP,AA,1.0,-9.590540394125846
2025-04-03,DCA,CLE,OH,-7.0,-14.962668803386649
2025-04-29,DTW,ORD,YX,-27.0,-14.367601083811486
2025-04-25,DFW,SJC,NK,16.0,18.11160494163138
2025-04-13,JAX,MDT,G4,18.0,23.771477893363333
2025-04-08,PBI,BWI,WN,39.0,49.00300666960796
2025-04-24,LAX,PHX,OO,-20.0,-13.352569947138445
2025-04-17,DCA,MCO,AA,-12.0,-9.116964891906514
2025-04-25,SLC,DAL,WN,-15.0,-14.486285662816904
2025-04-12,PHL,BOS,F9,-6.0,-0.5306586245646221
2025-04-26,JFK,FLL,DL,-12.0,-17.14008058856246
2025-04-09,JFK,SAV,YX,-13.0,3.4078119614806255
2025-04-29,IND,AUS,WN,-15.0,-15.593160337339075
2025-04-10,HOU,PVU,G4,-8.0,-14.17584115931751
2025-04-04,LAS,DTW,WN,26.0,33.00281671054192
2025-04-06,DEN,SFO,UA,-31.0,-13.140391137236918
2025-04-09,DEN,AUS,F9,1.0,9.893080993095499
2025-04-11,LAS,SMF,WN,8.0,13.344936824830835
2025-04-29,FLL,RIC,NK,-13.0,-11.02896270620175
2025-04-08,CLT,ORD,AA,-3.0,-8.13932378393515
2025-04-22,STL,AUS,WN,-16.0,-8.944429053418938
2025-04-03,FLL,JFK,B6,-26.0,-21.267634194505355
2025-04-07,PHX,SLC,WN,-14.0,-14.304697190504235
2025-04-01,ONT,SMF,WN,-15.0,-16.805902740997865
2025-04-17,SLC,PDX,DL,6.0,13.37585388305531
2025-04-20,CLT,RDU,AA,6.0,4.965511713895992
2025-04-12,ORD,PIA,OO,-13.0,-20.185569499979856
2025-04-29,SLC,SAN,DL,-18.0,-10.05094659720128
2025-04-19,BOS,TPA,B6,-38.0,-22.557654851823493
2025-04-13,PHL,PBI,F9,-9.0,14.392542014580341
2025-04-17,MCO,ATL,DL,11.0,9.714290119360522
2025-04-25,ATL,DCA,DL,-10.0,-9.32549399188899
2025-04-15,SEA,ORD,UA,-7.0,-11.605772080653509
2025-04-10,CLT,IND,AA,7.0,-11.779135432705612
2025-04-13,ATL,SEA,DL,-12.0,-18.85430782065003
2025-04-11,SEA,PDX,AS,-6.0,-9.049303575258572
2025-04-15,CLT,ATL,DL,-21.0,-11.090792489889303
2025-04-08,DCA,CLE,OH,6.0,-1.4893399837885166
2025-04-09,PHX,ELP,MQ,-5.0,-2.529765734261442
2025-04-19,GRR,DTW,OO,0.0,-13.16263110067609
2025-04-13,RSW,ISP,F9,9.0,0.07316853170408244
2025-04-04,SLC,BZN,OO,25.0,16.62028071289371
2025-04-18,BWI,MKE,WN,12.0,-1.1386877372163902
2025-04-20,PHL,SJU,F9,21.0,-4.139677067189265
2025-04-10,HOU,MCI,WN,9.0,3.5099516640699218
2025-04-09,DEN,DVL,OO,-13.0,-16.124025940857887
2025-04-25,DCA,SAV,OH,-23.0,-10.353218576179334
2025-04-18,ABQ,DAL,WN,-6.0,-6.03961071589489
2025-04-16,RDU,SEA,AS,7.0,-8.905717468453282
2025-04-18,OAK,SLC,WN,-5.0,-13.609342453355904
2025-04-20,CLT,ORF,AA,8.0,3.9103435176378207
2025-04-19,SEA,LIH,DL,-10.0,-4.266154006544117
2025-04-05,DEN,PSP,WN,-6.0,10.620667647196601
2025-04-09,STS,BUR,OO,-2.0,-8.954885719534627
2025-04-17,ACY,RSW,NK,-35.0,-28.492640959742978
2025-04-30,MCO,OKC,WN,15.0,13.90937669361266
2025-04-18,PDX,PHX,WN,-7.0,-3.1770273919144287
2025-04-15,RSW,ORD,AA,-17.0,-6.8447099614247335
2025-04-13,DCA,EYW,YX,-7.0,-6.339289037222645
2025-04-21,ORF,SFB,G4,68.0,69.89767273473421
2025-04-23,PHX,LAX,WN,-2.0,-2.5379150355836853
2025-04-11,EWR,CLE,UA,-18.0,-13.353175656871294
2025-04-15,CMH,SFO,UA,-6.0,-14.652900031239675
2025-04-01,DAL,PHX,WN,0.0,-9.737234575619393
2025-04-19,LAX,DAL,WN,-6.0,-12.508086235029168
2025-04-07,ATL,PDX,AS,38.0,36.06367797415504
2025-04-12,MIA,TPA,MQ,1.0,1.87007804678107
2025-04-28,ATL,RIC,DL,-14.0,-14.184208311730053
2025-04-08,SEA,MSO,AS,-1.0,3.025384077902678
2025-04-28,MAF,DFW,MQ,-2.0,-9.527601551333923
2025-04-25,BOS,SYR,B6,-25.0,-25.840254752440863
2025-04-08,PHX,DEN,AA,0.0,-0.3666602035889319
2025-04-24,DEN,LAX,WN,42.0,40.8103210996258
2025-04-13,MIA,MEM,AA,97.0,96.67633559726332
2025-04-23,DFW,MCI,AA,186.0,174.76645982034285
2025-04-10,MIA,BOS,AA,-9.0,-4.52533161028404
2025-04-05,ATL,DFW,AA,196.0,132.75928222746415
2025-04-04,DFW,MCI,AA,30.0,31.55584237262216
2025-04-09,SEA,DEN,AS,-24.0,-18.955656900151514
2025-04-01,ATL,MEM,DL,1.0,-6.82262185299891
2025-04-16,MCO,PHL,AA,89.0,95.12896394207385
2025-04-23,JAX,IAD,UA,-13.0,-11.692671465172992
2025-04-19,PIA,ORD,OO,-28.0,-17.274036589266107
2025-04-03,MIA,BNA,MQ,23.0,-2.4433941368616825
2025-04-25,PVD,BWI,WN,6.0,-0.37509353992016514
2025-04-04,LAX,AUS,WN,5.0,-3.8749866061616522
2025-04-19,ORD,CLT,AA,-22.0,-13.142993553184265
2025-04-14,DEN,BOS,UA,-41.0,-13.666239556152846
2025-04-11,MCO,LGA,DL,-23.0,-15.635415100129393
2025-04-12,SJU,JFK,B6,-12.0,12.024681576980585
2025-04-20,DFW,COS,AA,33.0,30.073717793799148
2025-04-11,PHX,BFL,OO,-7.0,-2.1939776240005457
2025-04-01,ONT,DEN,WN,17.0,21.997220468176646
2025-04-24,CLT,IAH,AA,8.0,15.671840683109508
2025-04-03,ORD,PHX,WN,35.0,24.5439764604371
2025-04-26,MIA,DCA,AA,8.0,10.664306198432843
2025-04-11,MCO,PNS,NK,-9.0,-9.565717571490232
2025-04-26,PHX,DRO,OO,-19.0,-17.057840630101804
2025-04-23,BWI,AUS,WN,-3.0,1.4308516894449372
2025-04-22,MKE,TPA,WN,-9.0,-15.835448959435386
2025-04-15,CMH,LGA,YX,-26.0,-22.089520097315443
2025-04-08,ATL,JFK,DL,-26.0,-2.4122632514644353
2025-04-23,MDW,DEN,WN,-18.0,-14.092504244931263
2025-04-14,MCO,PSE,B6,-21.0,-14.8741776400058
2025-04-18,DAL,ABQ,WN,1.0,-0.9851413446448936
2025-04-18,ONT,PHX,AA,-18.0,-17.416393814530284
2025-04-16,SEA,SLC,DL,3.0,8.227983249799964
2025-04-10,BLI,PSP,G4,-6.0,-17.335952022404978
2025-04-26,DFW,SAT,OO,-15.0,-12.843131639586016
2025-04-03,PHL,ATL,DL,19.0,10.596702716399909
2025-04-28,SEA,TUS,AS,20.0,20.23723309957034
2025-04-02,ATL,MKE,DL,-2.0,-1.5082048396605643
2025-04-19,ATL,DAB,DL,-11.0,-12.185975969465634
2025-04-02,SMF,SEA,OO,-20.0,-18.351518637442354
2025-04-03,MSY,DAL,WN,-11.0,-3.6193524411374725
2025-04-22,DTW,BOS,DL,10.0,4.276307021112775
2025-04-17,ORD,SJC,UA,-21.0,-7.6831662277593935
2025-04-12,ORD,GSP,MQ,-24.0,-14.479607429468548
2025-04-03,ATL,AUS,DL,73.0,78.17259783520257
2025-04-02,OAK,BUR,WN,-16.0,-11.145445811192793
2025-04-14,PIT,BWI,WN,-16.0,-10.71958601027043
2025-04-23,PHX,TPA,AA,-4.0,1.350319061877471
2025-04-16,SJU,BOS,B6,61.0,25.898295180929082
2025-04-20,TPA,MIA,AA,4.0,4.339728725202685
2025-04-10,ATL,ORF,DL,84.0,73.14680987668555
2025-04-18,FNT,ORD,OO,1.0,-5.031217469601815
2025-04-07,ATL,MCO,F9,64.0,69.92004592529136
2025-04-14,LGA,MCO,DL,-26.0,-19.76043687874351
2025-04-04,IAH,STL,OO,-16.0,-15.385229885706952
2025-04-27,MSY,DFW,AA,2.0,0.6312369284396917
2025-04-22,HRL,HOU,WN,6.0,14.942567260686364
2025-04-17,EWR,PIT,YX,-1.0,5.282203311003867
2025-04-12,DEN,SAN,UA,-9.0,-9.742833595383669
2025-04-22,SMF,LGB,WN,-5.0,-6.8050699343447665
2025-04-03,ORD,CAK,OO,-14.0,-4.51566986314098
2025-04-20,STL,SRQ,WN,-6.0,-6.909504445579252
2025-04-25,DTW,OMA,OO,-6.0,-0.7786687948913276
2025-04-03,DFW,IAH,AA,15.0,9.932488587241123
2025-04-21,BWI,CLE,WN,4.0,5.734647459474892
2025-04-03,IAH,LAS,UA,-14.0,-15.84159113295345
2025-04-30,PDX,DFW,AS,66.0,-1.8340448167690768
2025-04-10,TPA,DCA,AA,38.0,36.60125120251587
2025-04-15,PBI,LGA,DL,-18.0,-16.1641104398703
2025-04-30,ORD,JFK,AA,-29.0,-16.186418644620915
2025-04-13,AUS,PIT,WN,-12.0,-16.69625115473581
2025-04-17,TPA,FLL,NK,-12.0,-16.400627954706664
2025-04-11,CMH,ORD,MQ,-9.0,-9.215406680197361
2025-04-19,DFW,PHX,AA,37.0,13.627461472934767
2025-04-09,SLC,BOS,DL,-30.0,-15.930901524786993
2025-04-09,IAH,EWR,UA,12.0,-0.9033600153715513
2025-04-07,LAX,FAT,OO,-7.0,-7.90630473397268
2025-04-23,JFK,LAX,AA,-32.0,-15.913069287361132
2025-04-22,ORD,DCA,UA,-5.0,-12.887760221899956
2025-04-21,IND,LGA,YX,-11.0,-16.14085955462634
2025-04-11,MYR,CLT,OH,10.0,17.194859423474448
2025-04-04,SFO,PHX,F9,-5.0,8.545865673523153
2025-04-28,CLT,DEN,WN,93.0,90.56993503905468
2025-04-25,MSP,PDX,DL,-10.0,-11.113466609424538
2025-04-12,IAH,LGA,UA,-24.0,-22.468479148412065
2025-04-09,TPA,IAD,UA,-12.0,-6.257357233241107
2025-04-28,ICT,ORD,UA,-2.0,-1.3824831838180378
2025-04-17,MCI,BOS,YX,-8.0,-13.785741772937424
2025-04-23,LAS,BNA,WN,19.0,17.21757159942324
2025-04-25,SEA,ONT,AS,27.0,19.695105241407127
2025-04-20,ORD,LAX,AA,-13.0,-17.209468158532076
2025-04-04,BOI,SEA,OO,-13.0,-8.19571762598283
2025-04-22,TPA,MSY,WN,-7.0,-3.604636535446769
2025-04-23,FLL,ORD,AA,-35.0,-15.897244282468048
2025-04-25,MDW,SJC,WN,27.0,19.98786670190119
2025-04-18,KTN,SEA,AS,-24.0,-24.497006524313363
2025-04-02,MDW,LGA,WN,35.0,14.979655881199797
2025-04-29,TPA,HOU,WN,-21.0,-13.691248237417497
2025-04-27,DEN,SAN,WN,0.0,-4.687095959209271
2025-04-30,IAH,ABQ,OO,20.0,20.497339057162804
2025-04-24,JAX,JFK,B6,-1.0,7.331936051038587
2025-04-18,PHX,BNA,WN,-22.0,-11.154074690690067
2025-04-27,MYR,LCK,G4,-5.0,-13.438859990191233
2025-04-10,LAS,LAX,NK,-17.0,-7.09290009224727
2025-04-07,BUR,ABQ,WN,-4.0,-4.413427983078796
2025-04-19,DFW,FWA,MQ,1.0,-16.3229092594286
2025-04-11,SJC,BUR,WN,-17.0,-14.36822343233397
2025-04-13,DEN,AUS,UA,-14.0,-11.83444122336451
2025-04-03,PHL,ATL,OH,887.0,891.5588477805783
2025-04-01,ABQ,PHX,AA,-2.0,-3.425467527081752
2025-04-27,ORD,PWM,OO,-3.0,-3.4998413821021366
2025-04-21,SFO,DFW,F9,-21.0,-16.637534256023056
2025-04-08,GRR,MDW,WN,-12.0,-14.97383863511687
2025-04-10,DTW,SDF,OO,-2.0,-6.758326245439193
2025-04-08,MGM,ATL,OO,-7.0,-9.914746856293556
2025-04-04,ATL,PHL,DL,7.0,6.161223530697352
2025-04-30,JFK,SFO,DL,-24.0,-15.558369430950357
2025-04-22,LAS,PDX,AS,-21.0,-18.723593085084126
2025-04-04,CLT,CHS,AA,8.0,6.980988073883518
2025-04-22,ORD,SMF,AA,-7.0,-19.10896397520091
2025-04-23,DEN,HOU,WN,45.0,43.136352736557875
2025-04-19,SEA,SMF,AS,12.0,11.63706278338825
2025-04-28,SEA,CLT,AA,-9.0,-14.058113710764044
2025-04-27,SGU,SLC,OO,-10.0,-12.706507663588802
2025-04-03,BOS,FLL,B6,-8.0,-3.5693337086755594
2025-04-01,HRL,AUS,OO,-17.0,-18.277888015655144
2025-04-04,EWR,PIT,YX,20.0,19.182522891058404
2025-04-11,MIA,MCO,AA,63.0,55.06366945526763
2025-04-19,SLC,SFO,OO,-20.0,-11.738816325228505
2025-04-17,DEN,MSP,UA,-1.0,8.275352083033981
2025-04-05,BWI,PWM,WN,7.0,11.135919078587516
2025-04-12,MCO,SAT,WN,-6.0,2.636069034132289
2025-04-02,SLC,LAX,DL,-22.0,-11.715013940961537
2025-04-29,DEN,LNK,OO,4.0,5.186551262002313
2025-04-14,PHX,AUS,WN,12.0,13.91344635922053
2025-04-05,LAX,SAN,OO,-9.0,-1.5226868048178916
2025-04-07,BNA,DAL,WN,-8.0,-5.54380350251553
2025-04-02,MSP,SJC,DL,-4.0,-1.551299958188653
2025-04-23,ONT,OAK,WN,-1.0,-0.09947464803727968
2025-04-04,MSP,SEA,AS,1.0,7.590406149392823
2025-04-27,DEN,ONT,WN,0.0,-2.1771921236404346
2025-04-12,DEN,SFO,UA,-12.0,-16.39536594356566
2025-04-14,IAH,LAS,NK,-21.0,-18.381296636305386
2025-04-19,ORD,JLN,OO,-29.0,-26.26407365621832
2025-04-16,DFW,CVG,OO,5.0,-6.36966966609568
2025-04-02,MLB,CLT,OH,-18.0,-20.290688661835272
2025-04-15,ATL,BNA,DL,-7.0,-8.186219040735981
2025-04-29,DEN,GSO,OO,1.0,-0.0048821556025027135
2025-04-04,LAX,MDW,WN,-13.0,-7.710002698291806
2025-04-23,PBI,LGA,DL,8.0,10.259293061839216
2025-04-07,DEN,RIW,OO,-8.0,-9.16104250423648
2025-04-11,BWI,MYR,WN,18.0,14.822569475904913
2025-04-09,MCI,DAL,WN,-12.0,-6.135106134617548
2025-04-24,SLC,BIL,OO,6.0,5.663238192908648
2025-04-16,HNL,ORD,UA,-22.0,-21.461375222902156
2025-04-01,AVL,ATL,DL,-27.0,-14.498802162539981
2025-04-27,SLC,MCI,DL,10.0,-1.3818552542396256
2025-04-29,XNA,LAX,OO,-16.0,-18.632173132586875
2025-04-17,DCA,ATL,DL,72.0,67.37156913906469
2025-04-06,SGF,ORD,OO,-6.0,-1.3640072232123543
2025-04-09,EWR,DFW,UA,10.0,15.466310565048934
2025-04-21,LAS,MCI,WN,-1.0,-1.0876766874440253
2025-04-05,PDX,SJC,WN,-4.0,1.4521486925922704
2025-04-15,DCA,OMA,WN,1.0,-5.666151588352207
2025-04-13,PHX,BFL,OO,-15.0,-9.986394806530779
2025-04-22,DEN,LAX,WN,-8.0,-13.216215433292092
2025-04-07,FAT,DEN,OO,-19.0,-13.317760436618443
2025-04-26,JAX,DFW,AA,-6.0,-7.416106723698293
2025-04-27,BUR,SFO,OO,13.0,26.264059911636814
2025-04-01,LGA,SDF,YX,-14.0,-16.331252578857075
2025-04-21,DFW,GCK,MQ,-3.0,-5.250330328216819
2025-04-08,DCA,CRW,OH,-5.0,-22.257534490839582
2025-04-26,OAK,PDX,WN,0.0,0.70131163975352
2025-04-07,OAK,LAX,WN,-24.0,-12.582326747655195
2025-04-10,IND,IAH,UA,-11.0,-0.9027605795939841
2025-04-19,IAH,PHL,AA,-10.0,-11.961213185492731
2025-04-07,BUR,SEA,AS,-9.0,-10.342818630483475
2025-04-15,LGA,ILM,YX,12.0,-6.975087715555727
2025-04-09,SMF,OGG,HA,-1.0,-5.508038198215436
2025-04-16,RAP,DEN,OO,-20.0,-11.626844018447002
2025-04-17,LAX,JFK,B6,-26.0,-17.924466163212205
2025-04-09,ORD,EWR,MQ,-10.0,-10.800096109847175
2025-04-26,RDU,ORD,YX,-9.0,-8.436430551232474
2025-04-11,ANC,SEA,AS,3.0,-1.3198183542461202
2025-04-02,CMH,ATL,DL,-5.0,-8.798031174632252
2025-04-03,SMF,SAN,WN,-15.0,-9.460770602433957
2025-04-19,GSP,LGA,YX,-6.0,-2.7862481082654504
2025-04-07,MCO,SEA,AS,28.0,50.28365368335498
2025-04-14,DEN,PSP,OO,-20.0,-14.996247789836882
2025-04-10,MSP,ABR,OO,-20.0,-17.557833880464834
2025-04-30,ATL,IAH,DL,13.0,3.2396122164801353
2025-04-27,SNA,IAH,UA,-4.0,0.8691236832314946
2025-04-10,LEX,FLL,G4,-5.0,5.152772763463092
2025-04-10,CLT,RDU,AA,-16.0,-20.708825740724265
2025-04-21,TUS,LAX,OO,-20.0,-12.125666998897437
2025-04-06,IND,ATL,DL,12.0,-8.379121315054935
2025-04-17,LGA,MDW,WN,8.0,3.0693337136746077
2025-04-20,PIE,ROA,G4,23.0,23.971678653569136
2025-04-29,MCO,EWR,UA,98.0,97.68209675667845
2025-04-18,SLC,PDX,DL,-12.0,-6.65139130284847
2025-04-27,HDN,DEN,OO,-9.0,10.422743897449937
2025-04-27,DEN,ICT,UA,-7.0,-6.890446026636436
2025-04-16,LGA,DEN,UA,-15.0,-25.220163819625725
2025-04-19,IAH,STL,OO,-19.0,-10.452439004943182
2025-04-30,SAN,DEN,WN,-13.0,-14.12057001335532
2025-04-26,SJU,TPA,B6,-16.0,-8.404261488948224
2025-04-16,SFO,DEN,WN,5.0,-0.12725088814511576
2025-04-12,DFW,DEN,UA,-11.0,-14.361621354095007
2025-04-17,PHX,OAK,WN,59.0,56.69244169665934
2025-04-11,BUR,LAS,NK,-6.0,-12.972445132752274
2025-04-07,MIA,ORF,AA,63.0,57.427342997204825
2025-04-10,MCI,CLT,AA,-2.0,-5.054279565470056
2025-04-28,IAH,MFE,OO,-8.0,-7.899759615266479
2025-04-18,CLT,ALB,AA,3.0,-13.503630433251924
2025-04-28,LAS,SAN,OO,2.0,-1.07451278104591
2025-04-05,PIE,SBN,G4,-22.0,-22.316872309087444
2025-04-04,SEA,ORD,UA,-6.0,-18.3586179649365
2025-04-12,DEN,MIA,WN,6.0,6.548663076498277
2025-04-23,SAT,SAN,WN,-10.0,-9.656712820559449
2025-04-10,DCA,JAN,OH,691.0,689.4282828046148
2025-04-29,ANC,DFW,AA,72.0,46.64088189078956
2025-04-28,DEN,JLN,OO,4.0,5.907126038471244
2025-04-26,BNA,FLL,WN,-16.0,-13.789243660522665
2025-04-19,ORD,PHX,UA,20.0,2.2844404326220644
2025-04-15,AUS,STL,WN,-17.0,-17.182171711518038
2025-04-28,MKE,ORD,OO,3.0,-1.055273086649386
2025-04-05,PHL,LAS,AA,-20.0,-19.080526602867653
2025-04-10,DEN,BUF,WN,35.0,33.38465579102326
2025-04-25,CLT,BOS,AA,-5.0,-12.23055308266975
2025-04-01,BOS,RIC,B6,72.0,71.64995857286505
2025-04-26,DTW,PHX,DL,-3.0,-16.515112327785758
2025-04-07,DFW,MFE,OO,6.0,1.975808132568405
2025-04-20,LAS,SDF,WN,-10.0,-14.796846722486936
2025-04-28,DTW,LAS,DL,12.0,6.14030968834555
2025-04-18,CLT,DEN,UA,333.0,323.37403386943413
2025-04-09,DAL,BNA,WN,-16.0,-12.207429458361304
2025-04-08,AUS,MFE,OO,-19.0,-13.276313812270349
2025-04-22,MDW,DTW,WN,-20.0,-15.881460520518832
2025-04-19,RDU,CLT,AA,-22.0,-11.539180943472381
2025-04-04,DEN,CPR,OO,47.0,46.934218738896774
2025-04-16,SMF,PHX,AA,-13.0,-14.44655969987209
2025-04-17,EYW,CLT,AA,-9.0,2.0860517747723204
2025-04-26,SFO,SAN,UA,-27.0,-17.693851136123673
2025-04-17,DTW,BDL,DL,1.0,-4.890134801912319
2025-04-01,DCA,CMH,OH,12.0,16.16168393623123
2025-04-17,CLE,BOS,YX,-23.0,-13.142057007536213
2025-04-08,BIS,DEN,OO,-23.0,-24.477635537876193
2025-04-15,DFW,MEM,AA,-9.0,-6.169888246139962
2025-04-25,ASE,DEN,OO,-10.0,-9.2890137675596
2025-04-15,JFK,LAS,AA,-7.0,-17.717651438962427
2025-04-19,JFK,AUS,DL,-42.0,-29.626046729310474
2025-04-25,MCO,ORD,UA,-15.0,-9.767903764043528
2025-04-29,IAH,LAS,UA,-35.0,-22.53488424058824
2025-04-13,LAS,RNO,NK,-25.0,-13.05211692326304
2025-04-04,DSM,ATL,DL,-11.0,-11.932112955741175
2025-04-05,SLC,LAX,WN,-21.0,-10.708556733064981
2025-04-27,LFT,DFW,OO,12.0,11.772884871380263
2025-04-05,DEN,HNL,UA,11.0,-1.630755024855982
2025-04-09,GRR,SRQ,G4,-56.0,-39.323647581294466
2025-04-10,MSP,MSN,DL,-5.0,-7.60465614374116
2025-04-27,SJU,FLL,WN,-6.0,2.4578143843394584
2025-04-15,BHM,TPA,WN,-20.0,-14.492636719691873
2025-04-30,ORD,OMA,UA,56.0,60.833666506763514
2025-04-06,BNA,LAS,WN,6.0,10.597694476788648
2025-04-24,PIT,JFK,YX,3.0,4.898980293801836
2025-04-11,DTW,STL,DL,-11.0,-3.531011080320507
2025-04-03,CMH,ATL,DL,105.0,102.55401077154602
2025-04-20,SFO,LAX,DL,1.0,3.9926654705071987
2025-04-22,STL,IAH,UA,-18.0,-10.559487404515618
2025-04-26,BNA,SJU,WN,11.0,-4.107738597033958
2025-04-30,BUR,PHX,OO,-26.0,-24.041183413001267
2025-04-18,ONT,SEA,AS,-3.0,-7.576913897379587
2025-04-03,SLC,ATL,DL,-5.0,-12.881817792191484
2025-04-01,SMF,DEN,WN,-8.0,-2.1971532222436654
2025-04-30,BNA,DEN,UA,23.0,38.668496716553655
2025-04-04,DFW,SGU,OO,73.0,84.85077678277148
2025-04-18,FLL,BOS,B6,6.0,3.5596070180105643
2025-04-28,AVL,CLT,OH,11.0,3.1220279556563604
2025-04-24,BNA,BOS,DL,84.0,81.85117440463856
2025-04-21,DEN,ORD,UA,-9.0,-4.771560606563337
2025-04-27,TPA,EWR,UA,171.0,158.58961603852092
2025-04-05,BWI,SAV,WN,-10.0,-11.16278517339638
2025-04-18,EWR,EYW,UA,209.0,232.71979692586936
2025-04-30,DCA,ATL,YX,-21.0,-13.765782284302553
2025-04-24,SFB,EVV,G4,-10.0,-13.40339672316124
2025-04-04,FLL,IAH,UA,1.0,6.887938471037632
2025-04-19,DFW,ATL,DL,8.0,13.358629284730203
2025-04-08,DEN,RIW,OO,-17.0,-17.54767920586077
2025-04-16,SAN,LAX,OO,4.0,2.9560688978798826
2025-04-10,DEN,STL,WN,-10.0,-2.313812156191009
2025-04-04,OAK,PHX,WN,58.0,56.20687027438379
2025-04-17,JAX,ATL,DL,-14.0,-5.954511038656841
2025-04-14,HOU,MAF,WN,-1.0,2.717441368551673
2025-04-12,ATL,CHS,DL,9.0,-12.363242221043542
2025-04-17,ITO,HNL,HA,7.0,0.1841679416776003
2025-04-15,PHL,ORF,OH,4.0,-7.2692077314146335
2025-04-15,BNA,STL,WN,-14.0,-13.452229480737643
2025-04-22,IAD,SAN,UA,-25.0,-10.097412469346537
2025-04-25,CLT,GPT,OH,7.0,9.011535091527918
2025-04-14,ORD,SGF,OO,-2.0,-0.5277739328874436
2025-04-03,CVG,CLT,AA,27.0,22.965104998861488
2025-04-01,DEN,MKE,UA,7.0,-11.294762192170833
2025-04-27,CLT,MYR,AA,7.0,0.10007908309379054
2025-04-17,SEA,CMH,AS,37.0,28.87050469589354
2025-04-22,PHX,PHL,AA,-9.0,-4.926845676216956
2025-04-22,EWR,CLT,AA,-35.0,-19.192934589150706
2025-04-23,ORF,CLT,OH,-13.0,-12.825676094865365
2025-04-20,BOI,LAX,OO,-7.0,-11.677809026127598
2025-04-11,ORD,SEA,AS,-22.0,-23.789985389385635
2025-04-25,AUS,LAS,WN,175.0,165.68850306253265
2025-04-21,MCO,ATL,WN,18.0,21.17384776485676
2025-04-23,DEN,FAT,OO,5.0,11.889422903385633
2025-04-09,LAS,OMA,WN,-24.0,-19.407424426887545
2025-04-07,CLT,MDW,WN,-6.0,-7.460116409415667
2025-04-10,SFO,LAS,UA,-3.0,3.104798487007015
2025-04-15,PVD,MCO,WN,39.0,26.340473814224627
2025-04-14,TYS,PGD,G4,-32.0,-13.005768126112557
2025-04-23,DAL,ORD,WN,60.0,65.36766105232898
2025-04-27,DFW,AUS,AA,-17.0,-8.41089750524719
2025-04-12,ANC,FAI,AS,-21.0,-23.11007776724447
2025-04-11,DEN,LAX,F9,-28.0,-19.419976984717593
2025-04-04,FLL,JFK,B6,-25.0,-16.81713306065116
2025-04-06,MSP,GRB,OO,-21.0,-23.06877883421028
2025-04-01,ATL,JFK,B6,6.0,9.71861946604281
2025-04-01,MIA,DCA,AA,1.0,9.729622929645302
2025-04-14,CLT,MIA,AA,2.0,2.150415985272243
2025-04-29,DEN,SLC,WN,-3.0,-1.6750300267236584
2025-04-18,DTW,EWR,YX,-35.0,-25.396924145787754
2025-04-15,LAX,EWR,AS,-9.0,-5.486948628594703
2025-04-19,JFK,LAS,DL,-13.0,-11.992013882443569
2025-04-23,FCA,DEN,UA,-1.0,-12.391374979920542
2025-04-07,MDW,AUS,WN,-6.0,-1.5274993034047473
2025-04-01,SFO,PHX,F9,-7.0,-1.8525582167588803
2025-04-19,LAS,SEA,AS,0.0,-17.489707303088096
2025-04-19,STL,LAS,F9,-44.0,-18.548971939122197
2025-04-27,PDX,SMF,AS,-18.0,-10.432885206784036
2025-04-06,MSP,HRL,DL,-6.0,-20.306004440982
2025-04-23,ABQ,PHX,OO,-14.0,-6.919965327116852
2025-04-09,MCI,DEN,UA,79.0,76.04117824512355
2025-04-12,SJC,PHX,OO,-3.0,-14.691035785012843
2025-04-08,SLC,DTW,DL,-12.0,-17.14534767207757
2025-04-27,PIA,PIE,G4,9.0,6.756270365885105
2025-04-01,SAN,DFW,AA,3.0,2.023411126141698
2025-04-07,ORD,LAX,AA,16.0,27.05440857266239
2025-04-24,DTW,SMF,DL,6.0,-8.06023038544243
2025-04-08,CLT,CMH,AA,8.0,-15.475519348411098
2025-04-21,TUS,PHX,MQ,-7.0,-9.254797230992997
2025-04-14,MCO,PVD,B6,-8.0,-5.468674214261595
2025-04-01,DFW,PBI,AA,34.0,40.83062313924495
2025-04-02,LAS,MSP,DL,-18.0,-19.165803529482133
2025-04-28,PHL,LEX,OH,-21.0,-23.753306756006396
2025-04-03,PBI,ATL,DL,-7.0,7.930561232750318
2025-04-16,AUS,SEA,AS,27.0,30.606407642202797
2025-04-18,MLI,ORD,OO,31.0,12.12085707931267
2025-04-23,TLH,ATL,DL,-16.0,-11.818806211214124
2025-04-03,ATL,LGA,WN,3.0,1.4229528587946656
2025-04-28,PHL,ATL,DL,21.0,23.14064134143728
2025-04-16,SAN,SMF,WN,-10.0,-13.842208381889641
2025-04-02,MKE,DFW,AA,50.0,1.9103253656660732
2025-04-16,ORD,SBN,OO,-19.0,-17.35341005737761
2025-04-11,CLT,PHL,AA,117.0,109.53577841271186
2025-04-21,IAD,CVG,YX,-17.0,-22.52728165013459
2025-04-27,PHX,MAF,OO,-9.0,-6.178056151750095
2025-04-30,BNA,ORD,YX,-3.0,-7.399238008370494
2025-04-07,FLL,EWR,NK,-28.0,-15.223101733905686
2025-04-25,DEN,LAX,WN,70.0,66.66007535843906
2025-04-17,LBB,DAL,WN,-19.0,-21.809366092725387
2025-04-11,MCO,ATL,DL,117.0,116.07849067924815
2025-04-24,SEA,PHX,DL,-19.0,-20.0197695658996
2025-04-07,LGA,BNA,YX,33.0,18.03562991404742
2025-04-29,SLC,SNA,DL,-19.0,-8.422320348502097
2025-04-11,DFW,CLE,AA,-10.0,-8.199666629819259
2025-04-30,GEG,SLC,OO,-7.0,-6.818482125966346
2025-04-16,RDU,SLC,DL,-7.0,-22.182200164825886
2025-04-28,ATL,MCI,DL,7.0,-0.5126203835208578
2025-04-30,PHX,RDU,AA,29.0,-0.4457637747872081
2025-04-24,ORD,PHX,UA,-16.0,-7.026063549927489
2025-04-11,IAH,SAT,UA,9.0,8.823827157378123
2025-04-10,DEN,TUL,WN,-9.0,-10.061146062860711
2025-04-17,DEN,LBB,OO,138.0,141.9607948492001
2025-04-27,HNL,ITO,HA,-7.0,-2.791619066524113
2025-04-19,ORD,MCO,UA,-9.0,-11.708763436443729
2025-04-24,LAX,SMF,OO,-13.0,-9.9113648096229
2025-04-01,CHA,ORD,OO,1.0,-4.0139561371982
2025-04-05,STL,ORD,OO,-23.0,-14.209335571196924
2025-04-09,HRL,DFW,MQ,-8.0,-15.632364611087535
2025-04-21,SMF,LAX,OO,-7.0,-3.2134110011467776
2025-04-14,DFW,JFK,DL,-11.0,-9.365169147046144
2025-04-17,MSY,CLT,AA,-9.0,-11.471152218230046
2025-04-08,MCO,EWR,NK,-25.0,-11.138995788674755
2025-04-20,BDL,DFW,AA,-27.0,-21.615779549162784
2025-04-03,DCA,SAV,OH,-11.0,-8.590948779443082
2025-04-07,AUS,MSY,OO,-16.0,-5.559319767139073
2025-04-05,JFK,JAX,B6,43.0,55.24421825678903
2025-04-27,ORD,VPS,MQ,-18.0,-9.447189290286893
2025-04-11,BOS,SAT,DL,-29.0,-21.53590351370398
2025-04-19,DEN,TPA,WN,14.0,10.251213395038768
2025-04-08,DFW,LAX,DL,-4.0,-5.716502679971708
2025-04-12,DEN,RSW,UA,8.0,6.665667814053803
2025-04-09,TPA,EWR,UA,-35.0,-23.346474946821502
2025-04-24,DAL,IND,WN,41.0,37.0935356014392
2025-04-05,CLT,PHL,AA,-7.0,-0.7979402643742661
2025-04-12,BWI,SJU,F9,169.0,153.67312691644662
2025-04-25,MCI,DAL,WN,4.0,-13.485472500994685
2025-04-15,TPA,PHX,AA,143.0,147.9632032116506
2025-04-23,DEN,SLC,OO,-22.0,-12.478776512689212
2025-04-20,ABQ,ATL,DL,-15.0,-14.81822933825259
2025-04-14,TPA,ORD,AA,-39.0,-15.838121696278836
2025-04-03,DFW,OKC,AA,26.0,9.245449405538222
2025-04-15,SJU,EWR,UA,7.0,6.153620416900285
2025-04-30,LGA,ORD,YX,-8.0,-16.263616607302012
2025-04-08,DTW,DEN,DL,48.0,41.69253295850249
2025-04-02,MIA,ORF,MQ,-13.0,-7.961503992551169
2025-04-11,TPA,PHL,AA,-26.0,-17.061170696141666
2025-04-28,MSP,GEG,DL,31.0,29.106104491879854
2025-04-28,DTW,ORD,DL,38.0,41.69988753559124
2025-04-07,BRO,DFW,MQ,-19.0,-15.873443599108647
2025-04-09,ATL,CVG,DL,35.0,30.281997745364578
2025-04-11,PIT,SFB,G4,-13.0,-15.263402906814175
2025-04-13,MIA,LGA,DL,-8.0,-19.186386799734965
2025-04-21,AUS,OKC,WN,19.0,23.795340598335006
2025-04-29,PIT,ORD,YX,-30.0,-14.747938992519614
2025-04-27,SAN,LAS,OO,-17.0,-19.167981205841993
2025-04-20,LAS,AUS,WN,-9.0,-11.078068050635345
2025-04-06,SAN,OAK,WN,2.0,-1.4241816061938124
2025-04-19,DTW,CLT,DL,8.0,9.759084657549607
2025-04-14,IND,SLC,DL,2.0,-14.847992723163774
2025-04-06,BOS,PBI,DL,-27.0,-25.159483636634917
2025-04-21,DFW,LGA,AA,-12.0,-10.678240307633438
2025-04-28,DCA,PDX,AS,98.0,108.15744392870593
2025-04-09,AVL,PHX,G4,-35.0,-18.417448001130353
2025-04-12,JFK,PBI,B6,-7.0,-0.20768113588917814
2025-04-11,ROA,ATL,DL,-23.0,-22.11883109308194
2025-04-24,SAV,DCA,OH,-9.0,-17.584813069477413
2025-04-04,CHA,ATL,DL,-13.0,-13.646525637773728
2025-04-10,ONT,SLC,OO,-19.0,-17.92014610834086
2025-04-13,LBE,MCO,NK,-37.0,-22.828226187545447
2025-04-07,CLT,CLE,AA,137.0,139.60857686578333
2025-04-21,MSY,BWI,WN,33.0,33.489471346505
2025-04-20,ATL,GSO,DL,23.0,23.996658058762428
2025-04-09,ORF,LGA,YX,1.0,4.0475463528438365
2025-04-24,STL,ATL,WN,16.0,13.362875334146356
2025-04-05,MCO,BHM,WN,94.0,100.17650993036315
2025-04-28,HOU,MSY,WN,-16.0,-16.915111278746636
2025-04-30,SEA,GEG,AS,-10.0,-13.205513967021655
2025-04-21,LGA,MSP,DL,-5.0,-25.305505875820838
2025-04-29,LAS,IAH,UA,-3.0,-12.332618408550971
2025-04-18,MCO,SYR,F9,-14.0,-11.908839015868242
2025-04-26,FAT,PHX,OO,279.0,268.3285066317269
2025-04-03,MRY,SFO,OO,-12.0,-1.833821020729733
2025-04-21,ORD,SMF,UA,17.0,6.220513487523837
2025-04-05,FAR,DEN,OO,-4.0,-22.773728829708677
2025-04-20,ATL,LGA,DL,-21.0,-15.981079195095823
2025-04-20,LAS,MKE,WN,27.0,38.34727938385467
2025-04-04,DEN,MCI,WN,67.0,54.83000259001025
2025-04-16,SBA,LAX,OO,-4.0,-8.029551679940733
2025-04-20,LAS,FAT,G4,11.0,15.094062712546704
2025-04-08,LEX,DFW,MQ,-34.0,-19.140855734155036
2025-04-04,DTW,CLT,DL,-9.0,-14.98272082023771
2025-04-21,DCA,GSO,OH,-14.0,0.6593922469233586
2025-04-28,ATL,CLT,OH,-12.0,-15.182444004475556
2025-04-30,TUL,LAS,WN,17.0,-5.0092097647444636
2025-04-25,STX,SJU,B6,-24.0,-7.540245150842523
2025-04-07,DFW,LFT,MQ,2.0,-1.5597714358502444
2025-04-17,SAN,OAK,WN,-14.0,-11.722045655373222
2025-04-06,PHL,BNA,WN,115.0,89.46884432527946
2025-04-27,DEN,SAF,OO,-7.0,-6.892352918726488
2025-04-11,PIT,DEN,WN,-21.0,-10.803407721924586
2025-04-05,PHX,DCA,AA,38.0,35.606302551052124
2025-04-12,JFK,MCO,B6,-12.0,-17.209709734869115
2025-04-26,DSM,DFW,AA,8.0,-6.919077872850663
2025-04-23,SEA,LAX,AS,-5.0,-12.42864624068153
2025-04-07,DEN,ORD,AA,-1.0,4.17090054475738
2025-04-24,DFW,MSP,AA,-10.0,-6.595071894322572
2025-04-04,GRR,MCO,F9,560.0,547.6297641461282
2025-04-20,BOS,MIA,AA,-17.0,-2.1468831690190147
2025-04-27,DAL,SJC,WN,-4.0,-3.3825027856930507
2025-04-27,CLT,TPA,AA,4.0,-3.9294546518330655
2025-04-24,RDM,PHX,MQ,22.0,3.928288647862786
2025-04-27,PHL,LAS,AA,-10.0,-4.703528627487824
2025-04-26,PHL,RDU,F9,-15.0,-15.957281469123028
2025-04-26,PHL,MSY,OH,13.0,9.381762010503824
2025-04-10,RAP,LAS,G4,-26.0,-34.42507542470285
2025-04-15,PHX,IAH,F9,-27.0,-14.229337736434015
2025-04-28,LAS,DTW,DL,-21.0,-13.521544308285911
2025-04-11,RSW,IND,WN,-17.0,-12.654108792532277
2025-04-08,ONT,SEA,OO,-10.0,-17.753828351941145
2025-04-30,JFK,LAS,DL,-29.0,-25.163912890102033
2025-04-06,DEN,MAF,OO,24.0,27.202167412656294
2025-04-18,PHX,MCI,WN,74.0,78.81035161270015
2025-04-17,GSP,EWR,YX,99.0,83.53510462615981
2025-04-20,MIA,MCO,AA,6.0,6.4814791591274314
2025-04-02,HNL,KOA,HA,-8.0,-10.059606354396868
2025-04-25,SBN,CLT,OH,-6.0,-7.095297856492509
2025-04-01,SJU,BOS,B6,7.0,21.722911101448577
2025-04-25,ORD,MKE,OO,7.0,11.001575236056475
2025-04-07,CHS,BWI,WN,0.0,-11.953293305424193
2025-04-30,MSO,SLC,OO,-24.0,-17.820610496904592
2025-04-16,SFO,PHX,F9,25.0,21.874295077077427
2025-04-04,BOS,SJU,B6,0.0,0.9269101076865596
2025-04-25,TPA,ACY,NK,-3.0,-1.4116943503598876
2025-04-22,PHX,DEN,WN,-12.0,-7.6068119805291925
2025-04-28,FLL,CLT,AA,-9.0,-10.386113507894178
2025-04-16,LAX,LIH,HA,-19.0,-6.794641049389941
2025-04-23,ORD,LGA,AA,-13.0,-15.024765391554457
2025-04-08,HNL,LIH,HA,10.0,13.621435505247787
2025-04-03,FLL,ATL,DL,19.0,16.36812176104455
2025-04-13,EUG,PHX,AA,15.0,-9.866001524954099
2025-04-27,MIA,ORD,AA,-4.0,-16.056361250166205
2025-04-05,DFW,STL,MQ,91.0,86.70022692679109
2025-04-09,DFW,EWR,AA,-12.0,-16.688484862619795
2025-04-18,CLT,CVG,AA,-13.0,-12.299104854025387
2025-04-23,MDW,DCA,WN,-16.0,-13.32205461387749
2025-04-10,BUR,ABQ,WN,12.0,12.088341493180277
2025-04-28,VPS,DFW,OH,-17.0,-15.510720079458768
2025-04-27,DTW,SDF,OO,-18.0,-14.203415989176975
2025-04-14,LAX,CLT,AA,-23.0,-10.020144238508301
2025-04-24,ONT,SFO,UA,-17.0,-12.826456280894767
2025-04-18,BUR,SJC,WN,0.0,0.4223145693204975
2025-04-16,ORD,EWR,MQ,6.0,5.789280126849004
2025-04-24,CMH,MSP,OO,-11.0,-8.84710992775559
2025-04-08,IAH,MSY,UA,-20.0,-17.5017055327721
2025-04-13,PIH,SLC,OO,-19.0,-23.71558514820403
2025-04-02,LAS,SNA,WN,15.0,16.56796465872616
2025-04-20,DEN,SEA,WN,-9.0,-13.75730216241898
2025-04-23,ORD,CLE,UA,-22.0,-12.198173006808702
2025-04-12,SAN,PHX,WN,-20.0,-10.546490918468312
2025-04-08,PHL,DFW,AA,-17.0,-10.153198914950833
2025-04-02,TYS,CLT,OH,-2.0,-11.917595291643817
2025-04-22,PHL,JAX,AA,-29.0,-13.2795251308014
2025-04-20,DEN,SJC,UA,-12.0,-11.303963178410136
2025-04-15,CLE,SEA,AS,20.0,16.013841117648347
2025-04-16,LAN,DCA,OH,-22.0,-9.83931068147481
2025-04-04,OAK,LAX,WN,4.0,6.552615375056211
2025-04-08,LAS,SMF,F9,-17.0,-9.962080021780967
2025-04-03,IAD,HNL,UA,3.0,-25.37669813511168
2025-04-11,PSP,PHX,AA,-17.0,-13.65190763715637
2025-04-02,FWA,CLT,OH,-2.0,-6.593623673255401
2025-04-09,JFK,MCO,B6,20.0,-6.952862001882227
2025-04-16,DFW,EWR,AA,27.0,-13.189512933552532
2025-04-12,ANC,FAI,AS,-5.0,-12.510090212510164
2025-04-19,MSP,LGA,DL,-23.0,-7.696846847780547
2025-04-21,ATL,FAT,DL,-5.0,-19.336194651613248
2025-04-29,SAN,MIA,AA,-10.0,-9.046368808309158
2025-04-25,PHX,EUG,AA,15.0,21.051477080286457
2025-04-21,DEN,MEM,WN,24.0,25.70611319380391
2025-04-09,PDX,LAX,AS,84.0,83.82533781871552
2025-04-23,LAX,SLC,WN,-29.0,-18.149108208667304
2025-04-04,SLC,BOS,DL,5.0,5.859298273613465
2025-04-21,HDN,DEN,OO,29.0,61.86189171248725
2025-04-28,LAS,FAT,WN,-4.0,-2.0034626934601247
2025-04-03,SLC,PDX,DL,0.0,7.459847082678451
2025-04-15,AUS,MSY,OO,-19.0,-3.6218026390711664
2025-04-21,FLL,JFK,B6,-23.0,-15.0517330821393
2025-04-10,RDU,BNA,WN,6.0,-0.1851348875129908
2025-04-28,IND,MCO,WN,-15.0,-11.977733575197554
2025-04-20,PHL,CLT,AA,2.0,7.313798154789265
2025-04-09,CHS,IAD,UA,-14.0,-10.837764556210569
2025-04-26,MCO,LAX,AA,-16.0,-6.76730365116914
2025-04-10,JFK,RSW,B6,7.0,7.186205504316327
2025-04-13,ELP,LAS,WN,-10.0,-11.857213014678553
2025-04-15,BWI,MHT,WN,-20.0,-17.832132115136645
2025-04-26,JFK,SFO,AS,68.0,74.9202623936676
2025-04-11,SEA,SNA,AS,2.0,-12.458837600721658
2025-04-02,DCA,PHL,OH,-10.0,-10.129772639833018
2025-04-27,BDL,PBI,B6,-36.0,-28.681036004915505
2025-04-27,FLL,LGA,B6,35.0,30.40032077783207
2025-04-17,PHX,BWI,WN,-22.0,-12.320020094846125
2025-04-25,DEN,TPA,F9,55.0,60.72264380078157
2025-04-13,LAS,LAX,NK,30.0,42.53172342308629
2025-04-20,FLL,BOS,DL,43.0,47.964329073009026
2025-04-05,AUS,MFE,OO,-3.0,-8.116769445329068
2025-04-07,CID,DCA,OH,-2.0,-0.6815149903145041
2025-04-29,AUS,PHX,WN,-20.0,-18.648507730841715
2025-04-20,SAN,SMF,WN,-5.0,-6.7398325033247115
2025-04-01,DEN,BUR,WN,6.0,-7.143568833882364
2025-04-08,DTW,FWA,OO,-6.0,-10.656446855716837
2025-04-21,BOI,SJC,WN,174.0,175.61592415811626
2025-04-22,IAH,DFW,UA,-17.0,-10.208301043656018
2025-04-24,PVD,MCO,WN,6.0,4.306044411659456
2025-04-28,DEN,BWI,WN,-7.0,1.1373191995502419
2025-04-17,DTW,MSN,OO,-4.0,-3.4842562611926944
2025-04-27,GJT,SLC,OO,-12.0,-10.803596803002073
2025-04-30,OMA,CLT,OH,34.0,42.03323821149271
2025-04-11,SLC,MSP,DL,-6.0,-4.811456469995324
2025-04-21,TPA,IAD,F9,76.0,84.88757115069103
2025-04-10,SNA,LAS,NK,-4.0,0.31480291511400704
2025-04-14,PHX,LAX,F9,-18.0,-13.925809237429732
2025-04-15,DFW,IAH,AA,-21.0,-9.702638781046286
2025-04-14,PHX,SFO,UA,-23.0,-12.5414549942303
2025-04-30,SNA,SFO,OO,1.0,-17.214033622558063
2025-04-01,CVG,IAH,UA,-4.0,-1.6237039549214876
2025-04-25,HOU,JAN,WN,24.0,21.896479219088356
2025-04-13,PHX,LGB,WN,0.0,-4.509219319539616
2025-04-30,AUS,STL,WN,-6.0,-15.66210567621512
2025-04-10,PHX,DAL,WN,8.0,6.43422650038681
2025-04-04,MCO,BNA,NK,0.0,10.997640607400722
2025-04-25,DFW,HSV,MQ,78.0,75.61489870183561
2025-04-12,IAD,CLE,UA,-2.0,-5.239032600614486
2025-04-05,ANC,CDV,AS,14.0,-5.412979945650104
2025-04-22,EWR,MSY,UA,-22.0,-18.605777969108125
2025-04-06,HOU,DAL,WN,22.0,26.37442497884025
2025-04-25,BHM,ATL,DL,-22.0,-7.465989939677417
2025-04-04,BWI,DAL,WN,53.0,8.251660580008219
2025-04-25,ATL,EWR,UA,1.0,3.209331840427712
2025-04-06,DEN,ICT,OO,-8.0,-7.901459383473682
2025-04-14,LAX,IAH,UA,12.0,-10.635305995137124
2025-04-08,TYS,LGA,YX,-3.0,-18.246006606344075
2025-04-04,OAK,GEG,WN,-1.0,-5.8955035100190365
2025-04-04,MCO,MIA,AA,-3.0,-9.531565536221784
2025-04-22,DFW,CID,AA,51.0,49.8557674497202
2025-04-15,DEN,LAX,F9,14.0,11.492392692069176
2025-04-21,DCA,DTW,OH,25.0,22.394295072098334
2025-04-18,RDU,CLT,AA,-13.0,0.2724400731952743
2025-04-30,IAD,BTV,YX,-5.0,-7.188604559475742
2025-04-23,ONT,PHX,WN,-7.0,-7.909953257279016
2025-04-24,PHL,MCO,AA,-10.0,-12.044170984034459
2025-04-24,MSP,SLC,DL,-14.0,-18.382593543697432
2025-04-02,DFW,TPA,AA,35.0,17.59462957407467
2025-04-15,DFW,GRK,MQ,19.0,-2.516115116814171
2025-04-19,AUS,MIA,AA,-13.0,-16.389440018302135
2025-04-10,SAT,PHX,WN,-15.0,-12.975131430191496
2025-04-16,OGG,SEA,DL,15.0,1.2203970399548982
2025-04-02,BWI,MCO,WN,5.0,-9.354835763423763
2025-04-08,MSY,HOU,WN,-15.0,-13.899600341383113
2025-04-11,ORD,SDF,MQ,-18.0,-3.0832700906708173
2025-04-09,ORD,MIA,AA,-3.0,-16.183204231038154
2025-04-05,PVD,FLL,B6,-16.0,-9.793867234057851
2025-04-10,CHS,CLT,OH,-5.0,-6.571264250295442
2025-04-30,ORD,OMA,UA,-25.0,-20.172889323595165
2025-04-12,SFO,LAX,DL,-14.0,-13.889857629260177
2025-04-17,LAS,SMF,WN,5.0,5.128540236299477
2025-04-14,FSD,MSP,OO,76.0,75.85962596479513
2025-04-02,TUL,DEN,WN,62.0,59.763900259113036
2025-04-27,ORD,OMA,UA,74.0,66.7783816220986
2025-04-27,SRQ,BWI,WN,-2.0,-1.2971602682954728
2025-04-22,PVD,MCO,WN,-6.0,-9.412945880272572
2025-04-18,SEA,TUS,DL,-21.0,-20.122156170159812
2025-04-09,KOA,HNL,WN,-8.0,-13.898042128163784
2025-04-13,MEM,IAH,OO,-22.0,-10.102753043805029
2025-04-29,DEN,SEA,UA,-11.0,-15.590285022724842
2025-04-01,BOS,SLC,DL,4.0,-14.582793153253917
2025-04-28,ORD,PIT,MQ,-18.0,-17.257492593008187
2025-04-21,LAX,PHX,MQ,-11.0,-10.012954426134678
2025-04-11,AUS,LAX,WN,-4.0,4.802677375883205
2025-04-14,ORD,JST,OO,-39.0,-22.642283698363098
2025-04-28,DEN,LAX,UA,-18.0,-8.880030486708693
2025-04-29,PHX,DEN,UA,65.0,45.58729160244415
2025-04-20,PHL,DTW,NK,114.0,118.93374475834142
2025-04-20,DTW,DCA,OH,-22.0,-14.412507659245232
2025-04-07,DCA,ALB,OH,29.0,27.071447030175705
2025-04-16,DEN,PIT,WN,-2.0,-5.952329933946778
2025-04-24,LAS,DEN,UA,22.0,21.90301221014156
2025-04-04,DEN,HOU,WN,82.0,68.06063333214274
2025-04-23,MSP,DEN,WN,1.0,-7.5687572712220685
2025-04-09,SAN,SFO,UA,4.0,11.228746113006865
2025-04-28,BOS,BNA,YX,-39.0,-20.554172239689194
2025-04-11,AUS,HRL,WN,-14.0,-9.761532133672494
2025-04-20,SAN,LAS,F9,74.0,75.55037112993497
2025-04-12,MIA,LGA,AA,-18.0,-9.179660612127035
2025-04-22,JFK,ATL,DL,-34.0,-23.287862331471683
2025-04-16,BUR,DEN,WN,-20.0,-10.045587985099829
2025-04-25,BUR,LAS,NK,12.0,11.805805755892852
2025-04-10,ATW,MSP,OO,-9.0,-13.607387016868458
2025-04-24,SEA,HNL,HA,9.0,11.006384252560743
2025-04-28,DEN,BZN,UA,-6.0,-7.040495843101695
2025-04-12,CMH,CLT,AA,-7.0,2.5686977842782017
2025-04-22,PHL,ORD,AA,-2.0,10.429677018391251
2025-04-29,CLE,DFW,AA,-8.0,-6.306612841638593
2025-04-07,MRY,PHX,OO,-5.0,-5.922478436754597
2025-04-21,SEA,AUS,AS,-12.0,5.102691724728427
2025-04-16,TUL,ORD,YX,-28.0,-18.89521995651928
2025-04-01,EWR,MCO,UA,24.0,23.242665595454653
2025-04-16,SFO,SAN,UA,-7.0,-3.0277758788185665
2025-04-30,LAX,JFK,AA,-25.0,-21.528445080873368
2025-04-15,SLC,XNA,OO,-8.0,-16.563854058462752
2025-04-16,SEA,ORD,AS,-18.0,-7.242953981147146
2025-04-28,TXK,DFW,OO,-10.0,-10.884089748320704
2025-04-15,SEA,BNA,AS,-6.0,-7.2499006769022944
2025-04-08,DEN,COS,OO,-11.0,-6.378599928420266
2025-04-19,PHX,ATL,WN,1.0,4.594833920966998
2025-04-21,BOI,PHX,OO,39.0,36.10534713887713
2025-04-03,DFW,LGA,DL,-14.0,-23.349276081274642
2025-04-22,CLT,SHV,OH,44.0,36.20659744733699
2025-04-04,MRY,PHX,MQ,-1.0,-0.9881226922031789
2025-04-21,ABQ,HOU,WN,40.0,-0.11036122692362138
2025-04-08,SFO,SAN,UA,-20.0,-7.148617589202031
2025-04-22,MCO,DFW,AA,-22.0,-19.71614451232166
2025-04-10,LIH,HNL,HA,-7.0,-11.31587238132824
2025-04-04,CVG,ATL,F9,292.0,271.00353570269436
2025-04-08,ORD,ATW,MQ,-5.0,6.53951066564472
2025-04-09,ABQ,DAL,WN,-20.0,-11.54444569765899
2025-04-12,MCO,BDL,B6,-14.0,-3.718039680570616
2025-04-18,FLL,TYS,G4,-12.0,-6.207395375917184
2025-04-22,DCA,LAX,AA,-22.0,-13.158359699725786
2025-04-24,ATL,DTW,DL,-17.0,-12.936618374773396
2025-04-23,HOU,SJC,WN,58.0,33.43161484876825
2025-04-06,IAH,SAT,UA,27.0,35.42669373372718
2025-04-12,DCA,CLE,OH,-12.0,-13.32388527360666
2025-04-07,DTW,ATL,NK,82.0,70.42157698959653
2025-04-29,SBA,SLC,DL,-3.0,-11.666388953265987
2025-04-03,DFW,SFO,AA,12.0,20.33093219514824
2025-04-17,CMH,ATL,DL,4.0,0.5444166752111723
2025-04-10,CLE,ORD,UA,22.0,28.571362417457195
2025-04-07,DTW,IAD,OO,13.0,1.6970734881767537
2025-04-21,RNO,DEN,UA,-19.0,-11.100679051070948
2025-04-05,IAH,OMA,UA,4.0,29.96687809092541
2025-04-29,FAI,SEA,AS,10.0,-3.9182262616711583
2025-04-03,STL,OMA,WN,-14.0,-8.573013617587847
2025-04-11,ORD,LGA,UA,0.0,-3.3064249236689776
2025-04-06,MSY,CLT,AA,-9.0,-11.594524813521442
2025-04-28,SDF,DEN,WN,30.0,20.691721549234657
2025-04-19,DFW,ATL,DL,-18.0,-16.67745337664767
2025-04-18,BWI,BNA,WN,-10.0,-8.55389222152627
2025-04-21,BWI,DEN,UA,8.0,-0.6366487899917317
2025-04-21,DCA,DAY,OH,-1.0,-9.214786349892972
2025-04-17,ATL,DCA,YX,24.0,20.539564765354022
2025-04-08,IAH,LGA,DL,25.0,-0.9611346234875224
2025-04-16,DFW,CMH,AA,-13.0,-15.311982850862346
2025-04-08,EWR,PBI,UA,15.0,5.397780760143201
2025-04-19,DLH,MSP,OO,-9.0,-21.39642135993457
2025-04-23,DCA,FLL,B6,47.0,55.948273066504086
2025-04-14,STL,DEN,WN,3.0,-12.998961124344401
2025-04-01,MEM,BWI,WN,-9.0,-10.22998813598565
2025-04-20,BNA,TPA,MQ,-13.0,-15.115602529082846
2025-04-04,PHX,LAX,AA,65.0,67.45477260194795
2025-04-01,SLC,JFK,B6,34.0,25.285317767839928
2025-04-08,SEA,ATL,DL,-32.0,-13.86735109070025
2025-04-16,SEA,PHX,OO,-11.0,-15.522394515089722
2025-04-11,DEN,PDX,WN,75.0,69.17084661235502
2025-04-08,ICT,ORD,UA,-3.0,-14.849190973173595
2025-04-27,IAH,BNA,UA,-3.0,2.4317080727327873
2025-04-13,ATL,JFK,DL,-23.0,-16.46087471693894
2025-04-29,MIA,BOS,AA,-15.0,-5.9626167773576455
2025-04-12,MIA,PHX,AA,35.0,43.31314749009638
2025-04-04,ATL,SAT,DL,-10.0,-13.909687403689336
2025-04-05,RSW,MSP,NK,1.0,-7.230988454592696
2025-04-04,CLT,BNA,MQ,-15.0,-3.5128887391000454
2025-04-11,BDL,DTW,OO,54.0,55.790679267142636
2025-04-03,IND,TPA,NK,12.0,12.951107186767059
2025-04-28,DEN,GJT,OO,-6.0,1.1297751474097524
2025-04-30,EWR,TPA,UA,-8.0,-11.691445154445244
2025-04-27,DCA,CLT,OH,-17.0,-13.505932149506823
2025-04-16,SMF,DFW,AA,1.0,2.627545717263324
2025-04-20,ORD,MSP,DL,-26.0,-16.080889546198076
2025-04-15,HOU,DAL,WN,-21.0,-12.400486295066226
2025-04-11,MSP,SFO,OO,-10.0,-17.27447224466645
2025-04-13,BDL,MCO,B6,-37.0,-15.237495488176489
2025-04-19,TPA,ATL,WN,-6.0,-2.962152542478991
2025-04-27,ATL,STL,DL,-3.0,-5.830655119434164
2025-04-22,TUL,PHX,WN,-9.0,-14.980698803915516
2025-04-06,PIT,AUS,WN,-7.0,-9.620804383465028
2025-04-18,SHV,DFW,OH,-10.0,-11.923715077747058
2025-04-25,LGA,DEN,WN,29.0,21.56290925985745
2025-04-13,AUS,MSY,WN,-16.0,-11.237332477608987
2025-04-21,STL,SRQ,WN,16.0,12.786968998488746
2025-04-30,BUF,ORD,YX,-9.0,-16.32534119442375
2025-04-01,PGD,MDW,G4,-3.0,-0.46606250814348904
2025-04-19,DFW,OKC,AA,84.0,42.67856665665229
2025-04-21,DAL,DEN,WN,-12.0,-12.010184600607424
2025-04-03,ATL,SBN,OO,116.0,108.3330245786882
2025-04-05,SFO,JFK,B6,-36.0,-26.045576705535204
2025-04-03,ELP,LAX,OO,-5.0,-5.888159170276447
2025-04-16,DAL,LBB,WN,-11.0,-6.183002604772577
2025-04-20,CLE,LAX,UA,-14.0,-21.500585861831205
2025-04-24,LAX,MDW,WN,43.0,38.71386337324455
2025-04-06,SJC,DEN,OO,-8.0,-12.585766151363472
2025-04-06,BWI,DAL,WN,11.0,-0.8004064443456347
2025-04-18,MEM,ATL,DL,-1.0,5.458176932583509
2025-04-12,OGG,SEA,DL,-23.0,-22.65246360216217
2025-04-23,PHX,MRY,OO,-3.0,-6.930795013052563
2025-04-08,TYS,DEN,UA,-14.0,-17.342766909842666
2025-04-14,ATL,HOU,DL,-19.0,-15.374033074212594
2025-04-11,PHX,MSP,WN,2.0,-4.085285177658447
2025-04-30,PIT,ATL,DL,-18.0,-9.310615337623945
2025-04-22,LGA,MIA,AA,-10.0,-5.260986987563955
2025-04-21,LAS,BOS,DL,-33.0,-12.106170630796822
2025-04-03,BOS,PHL,YX,15.0,5.0736435033111835
2025-04-21,HNL,OGG,HA,-10.0,-10.910850072892785
2025-04-29,RSW,DTW,DL,-5.0,-10.990764804678918
2025-04-11,LGA,DFW,AA,-26.0,-8.989173649777165
2025-04-01,PDX,ONT,OO,4.0,14.13691327789699
2025-04-26,PHL,ATL,F9,-34.0,-17.82616129354713
2025-04-05,MCO,SJU,B6,3.0,-5.094149154838643
2025-04-21,JFK,DEN,B6,-7.0,-9.653268430352293
2025-04-07,ORD,IND,YX,-19.0,-7.748481601449315
2025-04-17,FLL,JFK,B6,-2.0,-9.634292459339807
2025-04-23,MSP,LGA,DL,-8.0,-7.436612383787677
2025-04-19,LGA,OMA,YX,58.0,40.419242262996384
2025-04-27,OKC,DFW,AA,-8.0,-5.177878855522671
2025-04-27,SAN,AUS,WN,-9.0,-8.06115415105134
2025-04-01,MOB,IAH,OO,-16.0,-20.56049785910723
2025-04-02,SEA,MSP,AS,13.0,-7.926980707178398
2025-04-25,ONT,SEA,F9,-24.0,-19.548081343898723
2025-04-24,LAS,SFO,UA,41.0,41.27977789297824
2025-04-13,DEN,LAX,UA,-3.0,-10.586552684060237
2025-04-01,BWI,MCO,WN,25.0,29.521025670365624
2025-04-19,SFO,LAX,WN,-21.0,-16.362791679063733
2025-04-06,MSP,DEN,WN,-1.0,-1.7588990191183242
2025-04-21,EWR,PHX,UA,86.0,89.42114762864071
2025-04-18,EWR,FLL,NK,-28.0,-21.04266931789065
2025-04-13,LAS,RNO,F9,-16.0,-6.743212283874515
2025-04-15,SEA,PHX,AS,-22.0,-23.55266283965909
2025-04-01,LGA,RSW,DL,8.0,8.707286476701718
2025-04-18,LAS,JFK,DL,-34.0,-15.579547335347605
2025-04-27,ORD,LGA,AA,14.0,7.14303366113246
2025-04-10,DTW,LGA,NK,-5.0,-2.799926328725661
2025-04-17,SAN,SLC,DL,-12.0,-11.475895693374781
2025-04-28,DEN,BOI,WN,87.0,89.82705499111944
2025-04-06,SFO,ACV,OO,-1.0,1.6077567614032535
2025-04-11,PDX,BOS,AS,-6.0,1.584807744786188
2025-04-24,DAL,LAS,WN,74.0,44.788420793467665
2025-04-10,HNL,LIH,HA,22.0,15.597322427820737
2025-04-14,PHL,CLE,OH,-8.0,-23.252098896939295
2025-04-09,RIW,DEN,OO,-5.0,-0.25702633550458476
2025-04-05,ORD,LAS,UA,5.0,-8.388402376602418
2025-04-12,GSP,DFW,MQ,-17.0,-7.164979263564772
2025-04-09,EWR,BOS,UA,-25.0,-13.617550702640152
2025-04-19,MIA,BWI,NK,-3.0,-20.79054927234398
2025-04-19,LAS,CLT,AA,-11.0,-13.541492286365113
2025-04-08,HSV,DFW,OH,-32.0,-7.810871138932873
2025-04-21,DEN,LGB,WN,-2.0,-3.1170365807878433
2025-04-06,IND,TPA,WN,-1.0,-10.868527854527912
2025-04-09,JFK,DCA,YX,5.0,-25.211576207284395
2025-04-16,RAP,DEN,OO,155.0,162.26390802639307
2025-04-11,MDW,BUF,WN,15.0,13.44661644289886
2025-04-06,MDW,LGA,WN,-11.0,-2.134464581142331
2025-04-19,GSO,CLT,OH,-22.0,-10.894452822610845
2025-04-22,GJT,DEN,OO,-24.0,-21.624566600972457
2025-04-23,RNO,DEN,UA,9.0,10.127799525931252
2025-04-26,EWR,SJU,UA,84.0,83.49020858329732
2025-04-29,LGA,STL,YX,81.0,57.424099929644086
2025-04-27,BNA,PHL,WN,-8.0,-4.828749872390453
2025-04-17,SFO,PHX,UA,-17.0,-12.999618508242364
2025-04-16,SAV,ORD,UA,-2.0,-8.49295168361829
2025-04-02,MCO,HOU,WN,-34.0,-14.185155661370981
2025-04-03,OMA,PHX,WN,8.0,-9.0058748839999
2025-04-17,DCA,ATL,DL,-26.0,-19.093907489050235
2025-04-29,CLE,PHL,YX,-2.0,-5.9761706232655065
2025-04-19,SFB,PBG,G4,-29.0,-27.058905665993464
2025-04-10,ANC,DEN,UA,11.0,14.78889659073694
2025-04-14,GSO,ATL,DL,-27.0,-24.00652499512419
2025-04-19,BOS,PBI,B6,-18.0,11.212562120780376
2025-04-15,ORD,CLE,MQ,-17.0,-15.702546847290172
2025-04-08,TPA,TTN,F9,-35.0,-16.874682514598696
2025-04-20,HRL,HOU,WN,-12.0,-9.918114571812705
2025-04-16,LGA,BNA,YX,26.0,19.35975411916606
2025-04-08,PHL,ATL,DL,-15.0,-16.392213184556027
2025-04-23,IAH,MAF,OO,5.0,5.262314348104416
2025-04-06,MAF,AUS,OO,-22.0,-13.613365857654223
2025-04-11,HNL,LAS,HA,12.0,-12.725981366008849
2025-04-14,SLC,DFW,AA,0.0,-8.43379224523934
2025-04-25,SDF,LGA,YX,132.0,129.74162481518348
2025-04-25,BOS,PHL,B6,-27.0,-17.626599711104433
2025-04-01,HNL,PHX,HA,-10.0,-8.906099521886306
2025-04-08,STT,CLT,AA,-34.0,-26.281373146800007
2025-04-26,CVG,LGA,YX,-4.0,-13.068142809390608
2025-04-09,ATL,ROC,DL,-19.0,-18.465048697253923
2025-04-13,SDF,LGA,YX,13.0,-7.067250668277779
2025-04-18,BOS,PIT,B6,-10.0,-7.8407758707116315
2025-04-25,ATL,BHM,DL,13.0,15.798486087315094
2025-04-12,DFW,SJC,AA,-20.0,-18.328636247687292
2025-04-21,LGA,LIT,YX,-14.0,-17.639612891698206
2025-04-05,LBB,DFW,AA,148.0,136.68198324087814
2025-04-11,IAD,MSP,OO,-7.0,-16.869911173078762
2025-04-16,DEN,BFL,OO,5.0,-4.290260175129944
2025-04-10,LAS,TPA,NK,-7.0,-19.814170322575787
2025-04-07,JFK,ROC,B6,-5.0,-1.7488182435752346
2025-04-17,BOS,BWI,NK,16.0,22.70283063471875
2025-04-25,ABE,PGD,G4,-31.0,-18.59663253824707
2025-04-26,BWI,BNA,WN,-2.0,-5.403808427615539
2025-04-04,CHA,DFW,MQ,198.0,110.31897473594105
2025-04-26,SLC,FCA,OO,-25.0,-11.15488953102961
2025-04-21,DFW,DEN,OO,-11.0,-14.060130635443539
2025-04-25,IND,ORD,MQ,-4.0,-11.035522509352788
2025-04-04,MCO,MIA,AA,168.0,172.3190419593886
2025-04-12,ONT,LAS,WN,-12.0,-11.79005640817011
2025-04-26,SJC,SLC,DL,-20.0,-17.743779695824323
2025-04-10,ORD,MKE,OO,68.0,74.62433557715141
2025-04-09,SFO,SBA,OO,-3.0,-12.508351714288203
2025-04-30,BWI,SLC,WN,-21.0,-16.527198441465817
2025-04-08,LGA,ORD,AA,58.0,41.09639292147187
2025-04-16,CLT,MCO,AA,8.0,3.9387082801741107
2025-04-19,ATL,MGM,OO,-6.0,-5.8229078880711675
2025-04-22,PHL,SJU,AA,-22.0,-3.4962541464995844
2025-04-29,AUS,MCI,WN,-16.0,-18.487257137547093
2025-04-07,LAS,PHL,AA,-11.0,-23.872777718304263
2025-04-13,SMF,DEN,WN,8.0,4.337078006425431
2025-04-18,ATL,PHL,DL,11.0,4.312509024432823
2025-04-08,SFO,DEN,WN,-21.0,-20.11685295354435
2025-04-13,CLT,IAH,AA,-12.0,2.3796127204813926
2025-04-29,CLT,ORF,AA,83.0,75.89582489345764
2025-04-25,DEN,BOS,UA,9.0,7.27024785220148
2025-04-06,TUS,DFW,AA,-12.0,-12.466923176234737
2025-04-26,ORD,PIT,YX,-6.0,-15.477045896213951
2025-04-28,SNA,PDX,AS,-1.0,-8.912560122918032
2025-04-23,LWS,SLC,OO,-6.0,-12.601427701171389
2025-04-22,MEM,DFW,AA,-2.0,-8.683138457652381
2025-04-22,BWI,CHS,WN,-2.0,-3.019671344398562
2025-04-18,DEN,OMA,UA,31.0,30.056520121167686
2025-04-28,ORD,DTW,DL,42.0,39.91095043855113
2025-04-20,ITO,HNL,WN,-12.0,-11.099043891080967
2025-04-21,SJU,MCO,B6,-20.0,-14.37380491805856
2025-04-15,ATW,MSP,OO,-18.0,-13.000921171198033
2025-04-02,BWI,LAX,WN,25.0,-6.599227110134258
2025-04-13,LAS,LAX,NK,-9.0,-7.008753790736511
2025-04-04,MDW,MCI,WN,119.0,109.58250733530988
2025-04-06,EWR,AUS,UA,15.0,-18.13624458448038
2025-04-04,LAS,IAH,UA,165.0,164.16862458762773
2025-04-06,HNL,LIH,HA,-6.0,-5.728713618596329
2025-04-16,TUL,ATL,DL,-23.0,-18.817611042122117
2025-04-25,CLT,RSW,AA,-14.0,-16.13948852851226
2025-04-20,COS,LAS,WN,-3.0,-11.33700077385743
2025-04-21,IAD,LAS,UA,-1.0,-16.06866210498045
2025-04-20,PHX,LAS,AA,-5.0,-7.494819363554056
2025-04-10,ATL,CVG,DL,21.0,-7.706560976695513
2025-04-06,SFO,IAH,UA,-5.0,-14.415436428774093
2025-04-06,BNA,LAX,DL,-28.0,-16.89983131303999
2025-04-16,SDF,ATL,DL,-28.0,-12.730260589045656
2025-04-10,SMF,ONT,WN,-7.0,-6.25060009771067
2025-04-28,FLL,DCA,B6,-8.0,-9.916961424289015
2025-04-04,BOS,MYR,NK,-18.0,-24.6456141517547
2025-04-22,BOS,PHX,AA,1.0,-7.908120825666362
2025-04-08,ORD,CLT,AA,-19.0,-16.330432466396278
2025-04-05,TPA,IAD,UA,-18.0,-16.76378726705681
2025-04-30,ELP,DEN,WN,-25.0,-22.64936536944131
2025-04-10,PHX,DAL,WN,-4.0,-6.620808343797794
2025-04-28,MCW,ORD,OO,-13.0,-15.435771792984074
2025-04-02,SFO,IAH,UA,-18.0,-6.178981822143788
2025-04-09,FWA,ORD,OO,1.0,-5.801380472495346
2025-04-14,EWR,BNA,UA,-13.0,-16.562138089286563
2025-04-14,IAH,LAX,DL,-21.0,-15.345300197138911
2025-04-05,PHL,MCO,AA,-2.0,-8.663859314758334
2025-04-13,HOU,DEN,WN,-18.0,-14.802476333109457
2025-04-03,DFW,TPA,AA,18.0,31.819125897477576
2025-04-27,IAH,AUS,UA,-9.0,1.124253668322968
2025-04-06,DFW,ORD,AA,-7.0,-3.7550325767691213
2025-04-24,LGB,STL,WN,-17.0,-8.730752982514481
2025-04-05,ATL,EWR,UA,-6.0,7.4083223971336425
2025-04-15,MCO,ALB,B6,-35.0,-13.987289583770487
2025-04-17,LAS,SFO,AS,1.0,3.176720868940757
2025-04-27,DCA,ORD,UA,-17.0,-23.470656788065213
2025-04-14,TPA,ATL,DL,-2.0,-1.7174284241991762
2025-04-21,DFW,GGG,OO,-13.0,-9.993547278768563
2025-04-04,ORF,ATL,DL,-3.0,2.4563408163991722
2025-04-30,ORD,LAN,MQ,0.0,11.154179200172676
2025-04-25,SAN,SJC,WN,-5.0,-3.489731083230291
2025-04-30,MIA,SAV,AA,-22.0,-18.415556676845675
2025-04-10,CLT,ROC,OH,-15.0,-2.8065181861851975
2025-04-27,SJC,PHX,WN,-9.0,-16.33343725327395
2025-04-25,LAX,TUS,OO,-3.0,-10.720212881319405
2025-04-16,ORD,CMH,MQ,-6.0,3.7846073984229953
2025-04-25,ATL,AUS,DL,0.0,-3.63161766733859
2025-04-19,ATW,CLT,MQ,-15.0,-23.154365454260223
2025-04-27,SLC,GEG,DL,1.0,-1.7006959867829003
2025-04-07,SMF,TUS,OO,-2.0,-5.473875578201511
2025-04-19,LAX,BOI,OO,-23.0,-12.302538403014164
2025-04-13,ORF,ORD,UA,-1.0,-2.949010698649495
2025-04-25,IAH,MCO,NK,61.0,70.34346080330948
2025-04-17,GSP,DCA,OH,-15.0,-19.233139623234898
2025-04-28,DEN,DSM,WN,1.0,10.522842259638445
2025-04-11,LGA,CLT,NK,-2.0,-13.468003214227085
2025-04-21,IAD,RDU,UA,-4.0,-1.985761515460978
2025-04-26,STT,PHL,AA,-18.0,-13.642955788386626
2025-04-10,OGG,SEA,AS,12.0,8.133028035320184
2025-04-30,BNA,JAX,WN,3.0,-1.6242307060714936
2025-04-20,HRL,DAL,WN,-27.0,-5.06626545584837
2025-04-22,EWR,ATL,DL,-24.0,-18.181804461646074
2025-04-06,ATL,MDW,DL,128.0,133.45559020832056
2025-04-13,SLC,PIH,OO,0.0,-2.952701249719693
2025-04-17,OMA,CLT,AA,-18.0,-7.918038981734762
2025-04-03,ORD,TPA,UA,-19.0,-11.370013157811798
2025-04-20,OKC,LAX,OO,246.0,242.70666704524555
2025-04-14,DTW,SEA,DL,-8.0,-15.880715615289976
2025-04-04,LAS,IND,NK,22.0,15.244208509447398
2025-04-06,MIA,BDL,MQ,56.0,67.2666409985662
2025-04-13,JFK,IAD,OO,-21.0,-10.753808342415194
2025-04-11,AUS,ABQ,WN,173.0,173.2113184124272
2025-04-28,DFW,LGA,DL,-20.0,-25.814950774682934
2025-04-24,SNA,LAS,WN,-12.0,-18.571491714596775
2025-04-24,CLT,DTW,DL,48.0,54.33256774370063
2025-04-23,RSW,ATL,DL,6.0,16.63188805650044
2025-04-16,MIA,CMH,MQ,55.0,29.023752702475022
2025-04-20,JAN,DCA,OH,191.0,195.42257756315868
2025-04-27,LGA,CAE,YX,47.0,34.95123596428042
2025-04-19,DEN,ECP,UA,-12.0,-15.024848804229986
2025-04-13,MSY,JFK,DL,132.0,133.33946074485746
2025-04-29,RNO,DFW,AA,-4.0,-18.35261491620784
2025-04-29,DFW,TUS,AA,-9.0,-11.732695279154065
2025-04-17,DAL,HRL,WN,-13.0,-13.474867692488118
2025-04-26,HNL,LIH,HA,0.0,-2.8673488917701384
2025-04-25,LGA,MIA,AA,-8.0,-19.199402262460175
2025-04-19,SLC,ATL,DL,0.0,2.1058482026967114
2025-04-09,DFW,CLT,AA,1.0,-12.678509358604614
2025-04-01,LAX,JFK,AA,-43.0,-17.773030150572215
2025-04-24,SDF,DFW,AA,-29.0,-15.060975055186471
2025-04-23,SMF,ATL,DL,5.0,-3.066117859400446
2025-04-17,PHL,ORD,AA,-22.0,-14.313717019266615
2025-04-27,DFW,JFK,AA,-17.0,-10.3526719819584
2025-04-04,DCA,RSW,AA,-1.0,-12.501817135542257
2025-04-26,HOU,FLL,WN,-9.0,-11.66641549173658
2025-04-22,BOS,EWR,UA,-1.0,-6.8529798504558705
2025-04-24,MSY,ATL,DL,-8.0,-8.233388658684824
2025-04-13,IAD,LAS,UA,102.0,110.03489507731481
2025-04-25,STT,MIA,AA,-23.0,-6.419973801490434
2025-04-28,HNL,LAX,AA,-6.0,-15.941434142677387
2025-04-14,PHX,PHL,AA,-18.0,-11.141183898810294
2025-04-29,PHL,LAX,AA,-17.0,-11.693565445763973
2025-04-24,DEN,DRO,UA,162.0,162.35986463571302
2025-04-09,LGA,BNA,YX,-2.0,-12.792543832512724
2025-04-03,ATL,BWI,WN,-9.0,-9.214798556546759
2025-04-03,RDU,MSP,DL,-2.0,-24.113859273249233
2025-04-16,CLT,SBN,OH,-2.0,0.6909312717368028
2025-04-24,DTW,ATL,DL,-9.0,-7.369068972490082
2025-04-21,SLC,LAX,WN,-7.0,-12.474095277182503
2025-04-22,IAH,FLL,NK,-28.0,-14.01976352709498
2025-04-02,LAS,OKC,WN,-11.0,-15.661891019913842
2025-04-20,SFO,JFK,AA,4.0,9.268182985606348
2025-04-05,DTW,RSW,DL,21.0,6.976221555382711
2025-04-01,IAH,LAS,UA,-7.0,-11.41993355067282
2025-04-07,ABE,MLB,G4,-5.0,-18.01698509482334
2025-04-25,IAH,SFO,UA,183.0,205.15788784418635
2025-04-16,BHM,DEN,WN,-3.0,-19.889300845175967
2025-04-28,LGA,MEM,YX,-25.0,-10.97107095782545
2025-04-20,PBI,DCA,AA,-25.0,-13.931561694307305
2025-04-27,HNL,LAX,AA,-12.0,-19.140340107574787
2025-04-04,SLC,EUG,OO,-27.0,-18.572022937625693
2025-04-16,CHS,IAD,YX,-23.0,-14.217619315592792
2025-04-22,ABY,ATL,OO,-14.0,-9.143683501922176
2025-04-08,DFW,HOU,MQ,-15.0,-10.595564778453792
2025-04-15,IAD,CHS,YX,26.0,9.248476272883023
2025-04-28,LAS,SNA,WN,-20.0,-19.683925383792776
2025-04-21,LGB,LAS,WN,-9.0,-4.3827520593033675
2025-04-08,LAS,GRR,WN,-12.0,-5.388141761346642
2025-04-20,DTW,MCO,DL,19.0,-12.227700819191732
2025-04-16,PHX,MRY,OO,-6.0,-12.281238087969157
2025-04-24,MCO,DCA,B6,-4.0,-2.3553845320872746
2025-04-15,FLL,PNS,NK,-21.0,-19.78198461421853
2025-04-06,BNA,LGA,OO,-35.0,-15.194114960507648
2025-04-17,DCA,FLL,AA,-11.0,-7.02530465877437
2025-04-22,PHX,SLC,WN,-18.0,-14.161591421520384
2025-04-16,PHX,CID,OO,-25.0,-4.464368696622268
2025-04-08,LAS,ATL,DL,-11.0,-22.85638796767833
2025-04-26,LAS,ELP,WN,-14.0,-7.949914747378941
2025-04-05,BOS,BNA,NK,-8.0,-22.063980042947584
2025-04-09,EWR,MYR,YX,-10.0,-10.946870682961407
2025-04-12,EWR,MIA,UA,-2.0,-2.074601500159
2025-04-20,LRD,DFW,MQ,25.0,-1.805044242287524
2025-04-28,STL,PHX,WN,7.0,-5.018341207703619
2025-04-08,ORD,DTW,UA,6.0,3.7910317904785744
2025-04-13,SLC,DEN,UA,24.0,22.968348447216545
2025-04-02,PHX,CLT,AA,-6.0,-17.66515928732786
2025-04-05,DFW,TUL,MQ,-16.0,-6.880072156314583
2025-04-02,FAT,LAS,WN,-4.0,-4.628526795204719
2025-04-21,CLE,PHX,AA,63.0,59.24004644660439
2025-04-28,LAX,ABQ,OO,-10.0,-15.37262050567994
2025-04-27,DEN,MCI,WN,-17.0,-15.775870681493295
2025-04-29,ATL,HOU,WN,-19.0,-15.819004006182201
2025-04-20,ORD,SAN,UA,-13.0,-17.62923843563523
2025-04-05,SDF,SFB,G4,20.0,19.958460152346465
2025-04-22,PHX,SGU,OO,-17.0,-18.189299610761896
2025-04-19,HNL,KOA,HA,2.0,-3.5054059969362896
2025-04-09,RIC,ATL,DL,-25.0,-21.13933959875926
2025-04-27,DEN,PIT,WN,43.0,38.78809824558479
2025-04-13,MCO,IND,WN,-2.0,-9.03699589627818
2025-04-11,LAS,AUS,WN,26.0,19.44274289052887
2025-04-20,SLC,MCO,DL,-9.0,-13.819187709332827
2025-04-24,LAS,DEN,F9,31.0,28.790082583760224
2025-04-21,DFW,ORD,UA,8.0,-3.666720360310025
2025-04-02,SEA,MCO,AS,3.0,-7.7773319390670785
2025-04-06,CLE,BOS,B6,-20.0,-9.500137721697861
2025-04-07,FLL,CLE,UA,4.0,17.113202753483034
2025-04-21,TPA,ATL,DL,-27.0,-12.046936909457816
2025-04-23,ATL,RDU,DL,-18.0,-15.239701400945787
2025-04-20,ATL,DCA,YX,0.0,-4.392581199708125
2025-04-18,PNS,MIA,MQ,13.0,8.838777752273849
2025-04-13,OKC,HOU,WN,14.0,19.023566367797788
2025-04-05,SLC,PHX,OO,-5.0,-16.613768391435087
2025-04-03,JFK,PHX,AA,-2.0,-22.707841203678047
2025-04-09,OGG,LAX,DL,-3.0,-14.774131471113158
2025-04-03,HNL,OAK,HA,17.0,18.63689570852868
2025-04-08,PHX,ICT,OO,-9.0,-10.486039903119417
2025-04-18,GEG,SLC,OO,-9.0,-11.173276132230562
2025-04-15,DEN,BNA,UA,-8.0,-8.662210495139146
2025-04-16,MSY,TPA,WN,-9.0,-3.4940120294593875
2025-04-13,AZA,PSC,G4,-15.0,-12.83685709564324
2025-04-12,ATL,CMH,DL,2.0,-8.81860999990178
2025-04-28,SLC,SGU,OO,13.0,4.16926891870949
2025-04-18,MEM,ATL,DL,-14.0,-17.04037325436738
2025-04-13,PHX,AUS,AA,145.0,147.0076971717992
2025-04-30,SJU,TPA,F9,48.0,71.08278064543953
2025-04-08,HOU,DEN,WN,-13.0,-14.874657559499163
2025-04-28,DFW,TYR,OO,-10.0,-11.696493045141438
2025-04-10,DTW,GRB,OO,-7.0,2.642504189468591
2025-04-18,CLT,CVG,OH,22.0,32.51434374313239
2025-04-04,MIA,BWI,WN,-15.0,2.034129350586154
2025-04-30,BWI,ABQ,WN,-6.0,-8.939581221494155
2025-04-12,PHX,RNO,AA,-13.0,-14.122946098113388
2025-04-17,SAN,PHX,WN,10.0,8.664620343026474
2025-04-27,BUF,MCO,B6,-28.0,-20.02618105696584
2025-04-26,ATL,DCA,WN,-1.0,-4.705932913493411
2025-04-16,BUF,BWI,WN,-2.0,-6.384418972231362
2025-04-23,AUS,IND,WN,32.0,32.704386807043946
2025-04-03,STL,ORD,YX,-20.0,-13.246464957119741
2025-04-12,MGM,ATL,OO,-24.0,-16.88385135364435
2025-04-30,PHX,DEN,WN,-12.0,-9.675212779583058
2025-04-06,DFW,AMA,MQ,-14.0,-9.490446580877745
2025-04-09,PHL,MEM,OH,39.0,33.16870741404574
2025-04-27,ORD,CVG,MQ,-17.0,-5.990335714455691
2025-04-30,LAX,BOS,B6,-28.0,-12.557996717782679
2025-04-09,LGA,PIT,YX,-28.0,-18.066324030234476
2025-04-09,ORD,TUS,OO,-23.0,-6.605680202460995
2025-04-20,PHX,DTW,DL,15.0,-11.14909609751804
2025-04-21,ATL,BNA,DL,-12.0,-6.806403379261534
2025-04-04,FLL,DFW,NK,-45.0,-20.04359430014774
2025-04-26,FLL,ORD,NK,-5.0,-14.471916049107413
2025-04-24,SAN,DEN,F9,22.0,32.8074556457906
2025-04-09,BWI,MDW,WN,-14.0,-11.420219004699213
2025-04-11,CVG,VPS,G4,-17.0,-18.503681765268194
2025-04-01,DEN,SJC,OO,9.0,4.1414332318583185
2025-04-03,SAN,DEN,UA,5.0,-2.4372427724471244
2025-04-30,GEG,SLC,DL,-10.0,-9.705409797676717
2025-04-24,FSD,ORD,OO,-11.0,-9.01036635107861
2025-04-02,LGA,CHS,YX,26.0,25.846857272705563
2025-04-26,FLL,SJU,WN,11.0,-7.9530643743335006
2025-04-22,SMF,LAX,OO,3.0,2.363163576288569
2025-04-17,CLT,ORD,UA,1.0,-12.341065283188485
2025-04-15,IND,BOS,YX,-7.0,-10.411130152065233
2025-04-29,LGA,BNA,WN,-15.0,-6.1869864629289335
2025-04-03,LAS,SEA,WN,37.0,40.48418231427266
2025-04-06,SGF,IAH,OO,130.0,129.822502668715
2025-04-09,SJC,SAN,OO,37.0,22.946527918269997
2025-04-17,DEN,SLC,F9,-12.0,-13.71345915868887
2025-04-01,MSP,DTW,DL,16.0,8.552904199391644
2025-04-13,PHX,CLE,F9,-11.0,-9.190431313317166
2025-04-04,BIS,MSP,OO,-16.0,-16.897811573228317
2025-04-20,SAV,BWI,WN,-7.0,-2.9218127995616037
2025-04-01,DFW,CLT,AA,182.0,186.9939856581505
2025-04-24,ORD,LAN,MQ,-7.0,4.480885644276345
2025-04-13,LGA,PIT,YX,-11.0,-12.448595709127439
2025-04-06,SAN,BOS,DL,-3.0,-7.2727865504344145
2025-04-02,OGG,DFW,AA,-11.0,-20.546174859615363
2025-04-04,MCO,EWR,UA,-14.0,-25.496569449018757
2025-04-13,BQN,MCO,F9,78.0,78.72728226692712
2025-04-22,DFW,DTW,NK,-5.0,-4.697190334680879
2025-04-07,ANC,JNU,AS,-19.0,-23.423552644138294
2025-04-01,BUR,MDW,WN,-33.0,-12.425277757057763
2025-04-06,MSN,DFW,AA,-2.0,-13.732982159167403
2025-04-02,SFO,FAT,OO,17.0,16.4676541108554
2025-04-17,BTV,DCA,AA,-11.0,1.0659569854995432
2025-04-10,MCO,MSY,NK,-3.0,-10.66980187801748
2025-04-13,MKE,LGA,YX,-24.0,-20.013394096159963
2025-04-28,MYR,ATL,DL,-8.0,-12.991582529260416
2025-04-09,ABQ,DFW,AA,15.0,-12.772716665047174
2025-04-02,ORD,SFO,AS,208.0,223.05493658662598
2025-04-04,BNA,CLT,MQ,6.0,8.161269248211209
2025-04-24,GEG,SLC,DL,-22.0,-18.589596359838094
2025-04-22,LAS,BUR,WN,-22.0,-11.669931238009212
2025-04-18,HNL,OGG,HA,-6.0,-7.382225939137223
2025-04-01,DFW,ATL,AA,5.0,-1.9243773573377796
2025-04-10,BOI,SEA,OO,-22.0,-13.740442624240977
2025-04-05,MIA,DCA,AA,47.0,56.49142830000243
2025-04-24,MCO,FLL,WN,2.0,5.685532667042217
2025-04-27,SFO,JFK,DL,-24.0,-18.91879897300135
2025-04-19,MYR,BNA,WN,-15.0,-14.67064068979822
2025-04-06,DTW,MCO,DL,37.0,19.306269987321123
2025-04-24,JFK,RDU,YX,-16.0,-12.97878044072803
2025-04-19,DFW,DCA,AA,-23.0,-13.176875045679367
2025-04-03,KTN,SIT,AS,-3.0,-6.200873906647933
2025-04-13,SAN,IAH,UA,22.0,27.97325321342666
2025-04-24,AMA,DFW,AA,54.0,-1.046299955436151
2025-04-18,EWR,ATL,DL,-12.0,-9.835229991060707
2025-04-28,SYR,ATL,DL,-28.0,-20.981704127801912
2025-04-07,SLC,MSO,DL,-9.0,-10.137806414198351
2025-04-19,LIH,HNL,WN,-16.0,-16.09507806402111
2025-04-27,BOS,LGA,YX,30.0,32.9480941295388
2025-04-02,SDF,ATL,DL,-24.0,-18.237117842321922
2025-04-20,JAN,CLT,OH,-14.0,-16.54014407756168
2025-04-22,SFO,SEA,UA,-32.0,-17.48502225476069
2025-04-13,PHX,SFO,F9,-19.0,-15.363865756403321
2025-04-24,ORD,IAH,UA,-3.0,3.112359172885105
2025-04-04,SAN,ORD,AA,0.0,-6.084483192359222
2025-04-09,DFW,MCO,F9,-46.0,-22.09717374907848
2025-04-29,ORD,OKC,MQ,17.0,2.6545533715720673
2025-04-29,LAX,MCO,UA,-18.0,-18.04036273819922
2025-04-04,SEA,LAX,AS,-3.0,7.187463827400984
2025-04-25,SFO,SNA,OO,-11.0,-14.774406883968524
2025-04-11,ATL,DAL,DL,-8.0,-3.640479982113657
2025-04-06,MIA,DCA,AA,-21.0,-12.063796764083751
2025-04-18,BNA,BOS,WN,6.0,2.9955057663996962
2025-04-16,ORD,IND,YX,-17.0,-12.622683992971854
2025-04-13,TPA,LGA,DL,17.0,7.895780540884273
2025-04-15,DEN,SLC,WN,2.0,-12.459250850242768
2025-04-02,LAX,DEN,WN,73.0,80.32657944926271
2025-04-25,SFO,SNA,F9,81.0,78.95926891105043
2025-04-21,ORD,CMH,YX,-14.0,-7.779113242461307
2025-04-25,SJU,MCO,F9,-27.0,-12.57103040242697
2025-04-11,LGA,CLT,YX,5.0,-9.287842229778986
2025-04-13,ORD,ATL,UA,-8.0,0.6324654067512085
2025-04-12,FLL,LGA,B6,-25.0,-18.277524969843007
2025-04-30,MIA,DCA,AA,25.0,26.351700626178708
2025-04-16,DFW,MCI,MQ,0.0,-12.111919933750901
2025-04-24,PHX,MEM,WN,5.0,11.874935278799748
2025-04-09,PDX,SEA,AS,-9.0,-6.694198708021744
2025-04-18,MCO,ATL,DL,-11.0,-3.95082722849488
2025-04-08,MIA,SLC,AA,20.0,24.19800946637884
2025-04-27,BNA,ORF,WN,-17.0,-9.510557670978542
2025-04-17,DEN,SFO,UA,1.0,-4.791886497070415
2025-04-16,BOS,ORD,MQ,-34.0,-17.429895712975167
2025-04-09,TUS,PDX,OO,-6.0,-10.694780206880765
2025-04-29,OAK,PHX,WN,-10.0,-7.544173140443027
2025-04-13,DEN,IAH,UA,-14.0,-6.762113408484204
2025-04-27,CLT,FLL,NK,-13.0,-9.554064172207713
2025-04-05,MCO,ORD,UA,260.0,270.23980538928095
2025-04-12,ATL,DFW,DL,-20.0,-8.945965844538218
2025-04-22,LAS,BNA,WN,-28.0,-21.338209250381936
2025-04-07,FLL,SFO,B6,-30.0,-10.302399781384144
2025-04-30,BNA,MDW,WN,-7.0,-1.0559247343165836
2025-04-26,DAL,BWI,WN,-19.0,-15.573731357754593
2025-04-22,CID,DEN,UA,-16.0,-17.949947282654144
2025-04-03,LAX,ORD,NK,-15.0,-20.088265550033253
2025-04-12,ONT,SEA,OO,-22.0,-20.603677037950444
2025-04-04,MCI,LAX,NK,-29.0,-8.748823674311064
2025-04-13,ATW,ORD,OO,-13.0,-10.848645561063055
2025-04-10,ATL,BWI,DL,-7.0,-11.643864299200999
2025-04-07,SNA,LAS,WN,-9.0,-13.28891019286809
2025-04-21,MSP,OMA,OO,4.0,6.958216985816093
2025-04-22,DCA,BOS,AA,-8.0,-10.434018010101562
2025-04-08,MDW,DFW,F9,-46.0,-24.83604512514394
2025-04-25,MCO,ATL,WN,-7.0,-4.649707818133269
2025-04-22,LAX,PSP,OO,-14.0,-10.368293673764787
2025-04-11,JFK,ATL,DL,0.0,-7.266983419827145
2025-04-12,DSM,ORD,YX,-6.0,-4.496322207823631
2025-04-28,SFO,DEN,UA,-6.0,-3.005595885770635
2025-04-06,MIA,BOS,DL,98.0,117.79415625467604
2025-04-02,ONT,PHX,WN,72.0,63.10310232550765
2025-04-20,RSW,PHL,AA,-3.0,-8.762686863201258
2025-04-14,LAX,SEA,DL,-33.0,-21.055333173308235
2025-04-04,MCO,STT,NK,6.0,-3.08670622478172
2025-04-05,BUF,LGA,YX,-20.0,-19.056576520135103
2025-04-24,SEA,KOA,AS,-8.0,-0.2560848434197709
2025-04-04,DEN,MSP,DL,-21.0,-2.3869973518378194
2025-04-22,CLT,ORD,AA,-13.0,-6.043738229465941
2025-04-07,LAX,OGG,HA,-19.0,-8.886470973460188
2025-04-01,ORD,DFW,AA,39.0,50.71221697944888
2025-04-19,JFK,SJU,DL,-42.0,-20.661321429012954
2025-04-05,SFO,ATL,DL,5.0,-17.526158583460585
2025-04-19,GEG,LAS,WN,-14.0,-12.11003150602859
2025-04-25,MDW,LGA,WN,7.0,11.850225318227183
2025-04-20,SRQ,CVG,G4,-25.0,-20.70047841387852
2025-04-01,DFW,BNA,MQ,24.0,29.268606052102676
2025-04-02,BOS,BWI,WN,19.0,28.006054508911767
2025-04-12,SAN,LAS,WN,-24.0,-18.56640852648873
2025-04-11,DTW,BWI,DL,-13.0,-20.858650143168106
2025-04-20,PIE,IAG,G4,-24.0,-17.83577361044513
2025-04-04,LIT,ATL,DL,-26.0,-16.75934175829348
2025-04-26,MCO,LAS,WN,-29.0,-13.556105280926115
2025-04-06,PHX,CID,OO,1.0,-1.6630319129909825
2025-04-06,DFW,PNS,AA,31.0,13.131731037755554
2025-04-28,SEA,LAS,WN,-4.0,-3.5941347240134505
2025-04-05,LAS,SLC,DL,-6.0,-11.925817514118773
2025-04-21,LGA,SDF,YX,-18.0,-13.185937702128008
2025-04-03,IAH,ABQ,UA,-13.0,-4.188506994356141
2025-04-04,BDL,MCO,F9,-18.0,4.3633548920894185
2025-04-29,ORD,LGA,UA,-10.0,-14.49139106848359
2025-04-16,SEA,GEG,OO,-29.0,-18.95696387696249
2025-04-28,DCA,BOS,B6,-15.0,-16.84111986222692
2025-04-22,BWI,SDF,WN,-13.0,-13.339323337817572
2025-04-11,SJC,SNA,WN,-6.0,1.9008428229392202
2025-04-19,SLC,MCI,DL,-12.0,-27.802723894962178
2025-04-07,ADQ,ANC,AS,31.0,23.59154841789374
2025-04-16,DFW,SMF,AA,-17.0,-19.219715917900835
2025-04-20,LAX,PHL,AA,17.0,-13.1661621575836
2025-04-11,ORD,FLL,UA,-14.0,-6.411693271146506
2025-04-13,CLT,RDU,AA,-11.0,-10.902669973389994
2025-04-08,PHX,PSP,OO,-3.0,-11.491005353979215
2025-04-12,MSP,LGA,DL,-21.0,-19.74817599886248
2025-04-24,ORD,EWR,UA,-34.0,-25.112531519121568
2025-04-28,SFO,IAH,UA,-9.0,-2.097582148543209
2025-04-21,DTW,AUS,DL,2.0,-18.694540715191856
2025-04-09,BDL,ATL,DL,8.0,5.110610752214056
2025-04-03,PHL,JAX,AA,-14.0,-16.388760722386273
2025-04-30,BOS,DCA,YX,9.0,17.126561381583635
2025-04-09,MIA,ORD,AA,87.0,94.52324795449539
2025-04-17,FLL,MCO,WN,-23.0,-12.756229011032683
2025-04-16,LAX,ORD,UA,-8.0,17.308151754758455
2025-04-07,MIA,LGA,AA,54.0,55.79990896984168
2025-04-08,MIA,EWR,UA,80.0,51.14364641918898
2025-04-13,SHV,DFW,OH,32.0,40.46703026386648
2025-04-26,IAH,LAX,UA,5.0,8.70855601365362
2025-04-22,EWR,CHS,UA,-30.0,-20.652098097533354
2025-04-05,RNO,SJC,WN,23.0,28.257243323798114
2025-04-16,MDW,DTW,OO,-23.0,-20.79712808328024
2025-04-25,CLT,MHT,OH,75.0,78.14673503187402
2025-04-09,ORD,MDT,OO,-20.0,-9.609713864528878
2025-04-06,ATL,MIA,DL,3.0,0.6959930654679543
2025-04-21,ATL,RSW,DL,-5.0,-5.596601945296985
2025-04-20,BOS,MCO,B6,-24.0,-10.160449595954923
2025-04-15,LAS,LAX,WN,-19.0,-9.976237408500245
2025-04-04,SJC,SEA,OO,-7.0,-8.838801570782056
2025-04-17,FLL,BWI,WN,20.0,18.1395953380442
2025-04-25,IAD,BOS,UA,87.0,83.2041239222944
2025-04-01,DEN,MSO,UA,-8.0,-9.793182992658604
2025-04-20,LAX,ATL,AA,-24.0,-14.730987080612081
2025-04-04,MSY,DEN,WN,5.0,-17.264887467041014
2025-04-20,SRQ,LCK,G4,-12.0,-11.387390050402391
2025-04-02,ORD,IAH,UA,107.0,97.37584346807955
2025-04-20,CMH,JFK,YX,-30.0,-17.738552449161908
2025-04-04,MIA,ATL,DL,74.0,73.94256245261423
2025-04-03,SFO,LAX,DL,-23.0,-14.672107931685709
2025-04-15,ECP,ATL,DL,-19.0,-14.50388287499273
2025-04-01,PHX,JFK,B6,-41.0,-9.300280256594181
2025-04-03,JAX,PIT,G4,-1.0,-9.273063154587135
2025-04-18,BNA,LAX,WN,-17.0,-17.93230715867406
2025-04-28,JFK,IND,YX,-21.0,-22.31289059651266
2025-04-29,BNA,JAX,WN,-5.0,-5.799614785552
2025-04-13,LGA,ATL,WN,-21.0,-6.664647770931349
2025-04-07,DCA,LGA,YX,-21.0,-12.015096257295895
2025-04-25,DEN,XNA,OO,57.0,63.79750092959294
2025-04-22,LGA,GSO,YX,-9.0,-16.704702060139056
2025-04-03,SLC,GEG,DL,23.0,15.953802539804185
2025-04-12,ONT,ATL,DL,-1.0,-19.846166105722787
2025-04-19,RNO,SAN,WN,-20.0,-16.493402620543463
2025-04-30,HNL,KOA,HA,-1.0,-3.0466508361317217
2025-04-10,SJU,TPA,WN,1.0,4.596654347954596
2025-04-18,DCA,DAY,OH,-22.0,-19.095330991385172
2025-04-07,IMT,DTW,OO,118.0,114.80099135111641
2025-04-11,BOS,MCO,DL,-10.0,-23.085417485698294
2025-04-15,PHX,CLE,F9,-6.0,-16.89715935678004
2025-04-24,FAI,ANC,AS,202.0,196.42994377825113
2025-04-15,SAT,IAH,UA,-3.0,-16.42632819431904
2025-04-03,LAS,OGG,WN,-27.0,-7.227105779151259
2025-04-05,IDA,DEN,OO,-3.0,-20.588221034519123
2025-04-18,CLE,MCO,UA,-22.0,-13.47587118182292
2025-04-11,HOU,PHX,WN,1.0,5.322285354225797
2025-04-07,SEA,LAS,AS,-27.0,-21.949085243635402
2025-04-20,SAT,LAX,DL,-20.0,-12.656835529435021
2025-04-17,GEG,SLC,OO,-15.0,-12.432490358917597
2025-04-03,EWR,AUS,UA,1.0,2.9487965058169823
2025-04-23,JST,ORD,OO,-21.0,-25.974636666179695
2025-04-13,LAX,ATL,F9,57.0,71.38994279652209
2025-04-01,IAD,MSY,UA,-10.0,-12.388884593915002
2025-04-02,DFW,ATL,DL,199.0,194.11953103141516
2025-04-27,ORD,IAH,UA,4.0,-6.905043359307209
2025-04-10,DCA,MSY,WN,16.0,5.540799091072618
2025-04-03,LAS,SEA,DL,62.0,62.54623376825554
2025-04-08,CVG,DCA,OH,6.0,1.8582750028125457
2025-04-06,SEA,LAX,DL,-12.0,-14.52376482570947
2025-04-02,LAX,RNO,OO,-18.0,-19.18419919941703
2025-04-03,ATL,SYR,DL,56.0,55.65844131477026
2025-04-15,ATL,BDL,DL,-20.0,-10.461340584413048
2025-04-28,LAS,LAX,WN,8.0,12.360647151780688
2025-04-23,RAP,DFW,MQ,32.0,27.889754623372045
2025-04-28,CMI,ORD,MQ,-1.0,-8.1960129652919
2025-04-15,DRO,DEN,OO,-26.0,-22.19091813304771
2025-04-15,CLT,MSY,AA,-10.0,-16.880433848650252
2025-04-23,AUS,ATL,DL,3.0,-5.555181767086857
2025-04-11,LAS,PHL,AA,6.0,-14.717647905613486
2025-04-23,CLT,PBI,AA,17.0,-1.3227186059758411
2025-04-04,ATL,BOS,DL,-8.0,-5.022009796205719
2025-04-04,HOU,DAL,WN,6.0,2.0523173926922746
2025-04-03,HOU,ATL,WN,35.0,32.437077281221356
2025-04-16,DEN,BOS,B6,57.0,58.70386667347659
2025-04-03,JFK,BUF,B6,19.0,38.969250654372715
2025-04-23,FLL,BOS,B6,26.0,27.911119466331584
2025-04-06,SEA,GEG,OO,-14.0,-11.84859897804759
2025-04-03,ATL,BHM,DL,-7.0,-4.078999864756938
2025-04-13,GSP,ORD,OO,5.0,-9.11807455910754
2025-04-12,ATL,JAX,DL,-14.0,-10.17469384320559
2025-04-05,DEN,HOU,WN,8.0,-11.90666416735759
2025-04-14,FLL,PHL,NK,-3.0,-10.033708602809844
2025-04-07,SEA,GEG,OO,-17.0,-9.998325374512298
2025-04-09,CHA,DFW,OH,-32.0,-20.78013947316496
2025-04-28,ATL,DEN,UA,-7.0,-5.159420346277072
2025-04-07,BOS,PBI,DL,36.0,24.10207537333954
2025-04-25,SEA,ANC,AS,33.0,33.29117551824089
2025-04-24,PHX,PSP,OO,7.0,5.367435561487056
2025-04-02,MCO,ALB,B6,-14.0,-8.24596261129331
2025-04-04,BWI,CLE,WN,-11.0,-12.350141461453276
2025-04-21,ASE,ORD,OO,-17.0,-21.526477177479148
2025-04-28,ORD,CVG,YX,-19.0,-9.794361594577003
2025-04-23,BIS,PIE,G4,6.0,0.9741912730980884
2025-04-03,TPA,BDL,B6,-28.0,-18.129653546539313
2025-04-08,LAX,PDX,F9,-20.0,-11.596003029299368
2025-04-10,DFW,MCO,AA,6.0,8.11331256385004
2025-04-20,TPA,FLL,NK,-14.0,-11.819101684142574
2025-04-08,ICT,DEN,OO,-1.0,-4.555207303622055
2025-04-14,LAS,SAT,WN,2.0,3.6717426200616226
2025-04-18,SGF,IAH,OO,-10.0,-16.074326110478857
2025-04-02,SRQ,CVG,G4,19.0,9.92845972272956
2025-04-01,LAS,MEM,WN,-16.0,-6.73283028809316
2025-04-28,ORD,CMH,MQ,-5.0,-0.7372366892926685
2025-04-19,BGR,DCA,OH,-29.0,-27.570263563357585
2025-04-24,ATL,ORD,DL,-22.0,-11.095347086261363
2025-04-14,BOS,IAH,UA,-24.0,-11.374839863791586
2025-04-21,MSP,ORD,YX,-28.0,-10.171895971364233
2025-04-29,BWI,SJU,NK,5.0,-14.915807269643604
2025-04-06,PSP,DFW,AA,18.0,22.266692773114787
2025-04-14,DCA,MCO,B6,2.0,-0.6275617359416987
2025-04-05,KTN,JNU,AS,-24.0,-26.36572061452952
2025-04-01,PHL,TYS,OH,-4.0,-3.4859536158250712
2025-04-17,ORD,RIC,MQ,-5.0,2.854460560346423
2025-04-09,DCA,BUF,MQ,-17.0,-16.114447677365618
2025-04-14,DFW,ONT,AA,27.0,1.6866682751418356
2025-04-14,IAH,DEN,UA,-26.0,-14.471723401330856
2025-04-26,MSP,JFK,OO,19.0,-3.1816368028387068
2025-04-22,DCA,GSP,OH,130.0,132.3899472618188
2025-04-07,PHL,IAH,UA,5.0,-18.04631249419143
2025-04-29,IAD,LAX,UA,19.0,7.8217072882718135
2025-04-15,CLT,ATL,DL,-6.0,-19.583386534438212
2025-04-07,ATL,CHS,DL,27.0,23.873953497853773
2025-04-16,SJC,HOU,WN,-2.0,-13.698154723152882
2025-04-13,SAT,LAX,DL,-19.0,-16.29082419143883
2025-04-23,SAT,DFW,AA,183.0,189.92739803146506
2025-04-14,GRB,ATL,DL,-22.0,-19.29176545761384
2025-04-20,RDU,TPA,WN,-13.0,-9.880521255720431
2025-04-30,CLT,PHX,AA,2.0,-3.972774571442665
2025-04-06,MSN,DEN,UA,-29.0,-22.43208593970104
2025-04-30,BWI,DTW,DL,-18.0,-13.552043039474796
2025-04-25,BUF,BOS,B6,-27.0,-16.67009429943929
2025-04-21,PHL,ORD,UA,-1.0,-6.106137712074034
2025-04-25,GRB,ORD,OO,-5.0,-12.009770095159816
2025-04-28,JFK,SLC,DL,28.0,33.95821320326951
2025-04-23,SLC,FCA,OO,-13.0,-8.161935076036462
2025-04-11,ORD,LGA,AA,21.0,16.724743346958856
2025-04-06,BNA,STL,WN,14.0,22.189344768175488
2025-04-03,SMF,DEN,UA,93.0,89.18395202494739
2025-04-10,BNA,ATL,WN,23.0,19.596721547022174
2025-04-30,DEN,DSM,WN,32.0,16.965406315909867
2025-04-08,ATL,MEM,DL,-10.0,-8.84219573702455
2025-04-04,HSV,DFW,OH,32.0,-9.062108925932968
2025-04-04,SLC,SMF,DL,4.0,7.410874098185472
2025-04-20,DFW,DEN,F9,-22.0,-9.07951226071256
2025-04-28,DFW,BHM,OH,-9.0,-17.990041601291843
2025-04-15,LGA,MEM,YX,-13.0,-16.108400795451416
2025-04-26,BUF,TPA,WN,13.0,3.9088214019150946
2025-04-22,PBI,BWI,WN,-11.0,-1.704014589668228
2025-04-06,HOU,SAN,WN,11.0,-2.6031291681943234
2025-04-08,LAX,DTW,DL,-11.0,-19.71688178586185
2025-04-04,JFK,SEA,DL,-6.0,-15.995610286086073
2025-04-01,MDW,DAL,WN,10.0,11.93776587974196
2025-04-09,SEA,LAX,DL,-13.0,-4.659703652413306
2025-04-04,MSP,DFW,AA,89.0,47.155986801199326
2025-04-02,PHL,CLT,F9,8.0,-3.7881677032287016
2025-04-08,LAX,DEN,UA,-15.0,-15.81026678911692
2025-04-20,BNA,PIT,WN,-20.0,-15.32985855819355
2025-04-13,OAK,PSP,WN,60.0,58.834999868638754
2025-04-21,MDW,MSY,WN,5.0,-16.070018466979185
2025-04-25,OMA,ORD,YX,3.0,0.43886708958372544
2025-04-14,ORF,CLT,OH,-17.0,-13.070953953228464
2025-04-20,CLE,ORD,YX,-7.0,-3.965386846522378
2025-04-17,SMF,BUR,WN,-7.0,-3.995710229774323
2025-04-16,HOU,MAF,WN,-18.0,-14.238102507626458
2025-04-20,LAX,DEN,OO,-11.0,-8.724320513488914
2025-04-11,HOU,DAL,WN,-20.0,-12.443405558615037
2025-04-15,PDX,SMF,WN,-13.0,-8.567167136332605
2025-04-19,DCA,ATL,DL,-21.0,-20.875752474093233
2025-04-16,MCI,ORD,MQ,-8.0,-5.528230287562874
2025-04-25,TUS,IAH,UA,18.0,28.84327522776463
2025-04-06,SLC,PSP,OO,-33.0,-21.578253760189007
2025-04-27,SFO,SEA,AS,21.0,7.063050895795255
2025-04-11,FLL,IAH,UA,-10.0,-6.918783729136509
2025-04-26,STL,MSP,DL,-27.0,-22.986776685531773
2025-04-04,DFW,MEM,AA,49.0,40.528991119158746
2025-04-18,DFW,AEX,OO,-6.0,-8.5215393456726
2025-04-28,PHX,AUS,AA,-7.0,5.1357849947262455
2025-04-23,DAL,SDF,WN,34.0,35.533291010075175
2025-04-19,ATL,GRR,DL,-2.0,-10.289423627502462
2025-04-02,LIH,LAX,HA,65.0,77.42414233110037
2025-04-26,SAT,DEN,UA,7.0,-0.4353820647327229
2025-04-09,DEN,TPA,WN,-19.0,-14.131995844047246
2025-04-11,PHX,EWR,UA,-11.0,-22.887077236037314
2025-04-10,ORD,DTW,YX,-15.0,-9.890407202500786
2025-04-08,DFW,SMF,AA,0.0,11.79187282868391
2025-04-19,SMF,LAX,OO,-16.0,-7.438265408766698
2025-04-27,IAD,BDL,UA,-8.0,-1.963541946149749
2025-04-08,DEN,SLC,WN,3.0,-14.394845667948612
2025-04-04,SFO,PHX,WN,3.0,-0.4739704793893553
2025-04-10,DTW,GRR,DL,1.0,-6.581393115384293
2025-04-23,JFK,MSP,DL,167.0,158.98373003646148
2025-04-01,ORD,DEC,OO,-21.0,-19.355187848680764
2025-04-26,SAV,BOS,B6,-8.0,-9.504512823595814
2025-04-07,LAX,CVG,DL,25.0,12.343060757978511
2025-04-18,DCA,HSV,OH,-17.0,-4.420994500052226
2025-04-08,BZN,ATL,DL,-21.0,-16.42645070762545
2025-04-15,IAD,LAS,UA,-6.0,-9.713361350134562
2025-04-29,ACV,SFO,OO,-11.0,-9.338856968184597
2025-04-16,CLT,SAN,AA,-2.0,-9.278494642074252
2025-04-18,PDX,LAX,DL,-31.0,-15.692323783200898
2025-04-06,RSW,ORD,NK,-12.0,-6.08639757022063
2025-04-09,HPN,ORD,MQ,-9.0,-6.97827366131747
2025-04-28,BNA,BUR,WN,-11.0,-3.1715674654152366
2025-04-07,JFK,SAN,DL,-22.0,-11.304209047457494
2025-04-20,EYW,CLT,AA,-15.0,-9.352040448892105
2025-04-12,DFW,TYR,OO,-20.0,-13.533768044904086
2025-04-18,CLT,CMH,OH,0.0,-2.5251430988706414
2025-04-23,LIH,LAS,WN,-24.0,-17.4072339864808
2025-04-23,FLL,IAD,UA,-3.0,-8.151792802435613
2025-04-08,LGA,CMH,YX,93.0,79.60295741140516
2025-04-10,MCO,RDU,F9,-20.0,-16.09778496002075
2025-04-09,ORD,CLT,AA,21.0,-11.065622705841108
2025-04-29,CWA,ORD,MQ,122.0,117.5212034874238
2025-04-18,GSO,LGA,YX,-6.0,-11.857147478372084
2025-04-16,SAN,BOI,WN,-24.0,-11.511416684113875
2025-04-09,ATL,LGA,DL,-16.0,-13.914604947151904
2025-04-14,ONT,CLT,AA,-29.0,-8.672097857041624
2025-04-06,DCA,MEM,OH,5.0,-23.404529997105108
2025-04-24,BOS,RSW,B6,-17.0,-9.1618331366202
2025-04-01,LAS,MKE,WN,-18.0,-7.684778137769349
2025-04-24,PHL,BNA,AA,0.0,-11.086199763753076
2025-04-07,DRO,DEN,OO,-15.0,-17.57173841118381
2025-04-24,LAX,ABQ,OO,15.0,14.519950220953742
2025-04-10,HPN,ORD,MQ,-16.0,-14.170927655711353
2025-04-28,SJC,LAX,WN,-13.0,-0.7827723560437976
2025-04-20,SAN,STS,OO,56.0,62.76502779098099
2025-04-13,DFW,ICT,OO,-28.0,-17.822963775242265
2025-04-30,ATL,PHL,DL,146.0,147.20968606776609
2025-04-01,BOS,DFW,AA,-25.0,-14.399047229824284
2025-04-28,SFO,DEN,WN,55.0,42.51046499960084
2025-04-10,PBI,EWR,UA,-14.0,1.0482323183062938
2025-04-22,LAS,DTW,NK,28.0,21.61750533454448
2025-04-10,CHS,BNA,WN,-11.0,-5.262502283369166
2025-04-30,ELP,LAS,WN,-7.0,-8.340378768414885
2025-04-15,OMA,DEN,WN,5.0,2.8970508460257136
2025-04-20,RNO,SAN,OO,19.0,18.594734780186066
2025-04-04,ATL,BWI,WN,-10.0,-3.527581300276843
2025-04-28,LAX,OMA,OO,-17.0,-21.181332865658103
2025-04-04,HNL,LIH,HA,6.0,4.652890034528042
2025-04-09,SAT,DTW,DL,-3.0,-10.030494424342104
2025-04-23,BWI,BDL,WN,-18.0,-16.371946618271544
2025-04-09,ORD,SRQ,UA,-22.0,-11.811366839017001
2025-04-30,DCA,FLL,B6,-21.0,-17.427154733810575
2025-04-01,MHT,DCA,OH,-32.0,-21.03880345886385
2025-04-12,IAH,RSW,UA,-11.0,1.257054668032275
2025-04-19,SNA,PDX,AS,-5.0,-11.977396694038092
2025-04-30,OAK,SLC,OO,-11.0,-17.169682389180032
2025-04-11,DEN,GJT,OO,-24.0,-15.667468679627625
2025-04-16,DTW,BDL,DL,-11.0,-15.086390227769762
2025-04-06,DFW,JFK,DL,-21.0,-7.643199199565299
2025-04-13,BWI,DEN,WN,-1.0,-3.3959393786425967
2025-04-22,HNL,ITO,HA,6.0,10.197836880405063
2025-04-12,SMF,LGB,WN,64.0,64.22837534184333
2025-04-20,HNL,ITO,HA,-1.0,-4.028573558627787
2025-04-12,ORF,EWR,UA,-7.0,-8.952309404150938
2025-04-29,BRO,DFW,MQ,8.0,-2.7446029198419684
2025-04-23,SGF,DFW,MQ,104.0,105.10035547785483
2025-04-24,DEN,CYS,OO,14.0,8.494140520809204
2025-04-06,PHL,MCO,AA,5.0,2.411932382222515
2025-04-15,DTW,ATW,OO,-19.0,-20.05865991576994
2025-04-02,STT,SJU,B6,-20.0,-17.46700099915198
2025-04-11,FLL,BWI,WN,-5.0,-15.530217505948134
2025-04-03,HPN,PBI,B6,-14.0,-18.41323077037292
2025-04-30,PHX,DEN,F9,-21.0,-22.879033583839664
2025-04-26,BUF,MCO,WN,9.0,18.490213673897482
2025-04-10,MEM,LGA,YX,-12.0,-19.54202815775097
2025-04-12,SAN,HNL,WN,-22.0,-10.955706813126096
2025-04-06,IAD,DEN,UA,-3.0,-2.5101094647204203
2025-04-08,DFW,DEN,AA,-17.0,-14.472885485649442
2025-04-16,IAD,TPA,UA,0.0,6.104018093208953
2025-04-05,IAH,DTW,UA,64.0,88.29706458276576
2025-04-13,GSP,EWR,YX,-9.0,-16.112798641216642
2025-04-14,CLT,SRQ,AA,-6.0,-4.743126577610852
2025-04-20,SAT,LAX,NK,-10.0,-13.15570596123029
2025-04-10,JAN,DFW,OO,15.0,13.287086245879618
2025-04-18,ATL,SNA,DL,50.0,-6.570351716337065
2025-04-22,DCA,ALB,OH,-11.0,-12.566348349426654
2025-04-07,SMF,PHX,MQ,-24.0,-17.360203372053682
2025-04-16,MCO,ATL,DL,-25.0,-19.65093291967777
2025-04-12,SDF,ORD,MQ,-21.0,-12.223981904770184
2025-04-04,PDX,LAS,AS,-7.0,5.206647109485287
2025-04-28,TVC,CLT,MQ,-14.0,-15.149154587519092
2025-04-17,PIE,FNT,G4,-9.0,-13.83347564326126
2025-04-17,TPA,PVD,WN,2.0,1.6823532262219922
2025-04-08,DEN,DFW,AA,-3.0,-1.686648173318627
2025-04-04,FLL,SYR,G4,12.0,-3.6973557954704006
2025-04-28,MCO,MHT,WN,10.0,-5.73833568058892
2025-04-05,LAX,PHX,OO,-17.0,-16.6475229695572
2025-04-23,DEN,TPA,WN,-1.0,-0.7870036164441085
2025-04-09,IAH,MSY,NK,-22.0,-21.992779159549478
2025-04-10,PSP,DEN,UA,-12.0,-9.572367713401892
2025-04-09,ATL,DFW,AA,-11.0,-4.346857437993075
2025-04-28,LGA,DEN,DL,-16.0,-12.163682974362047
2025-04-22,SDF,ORD,YX,8.0,22.71017414367101
2025-04-20,MSN,ORD,YX,-4.0,-14.820887766428239
2025-04-08,ABQ,ORD,AA,-10.0,-19.956606309050315
2025-04-16,DEN,SHR,OO,-24.0,-15.133768795393497
2025-04-24,PHX,PIT,AA,-2.0,2.74150044738428
2025-04-30,SEA,FAI,DL,-1.0,-13.188206829898636
2025-04-16,DFW,LRD,MQ,-26.0,-23.0668124722675
2025-04-26,BOS,LAX,DL,24.0,-6.405786483231326
2025-04-30,AVL,CLT,OH,-18.0,-15.44466952186422
2025-04-18,CLT,LIT,OH,-28.0,-11.099775905826096
2025-04-05,DEN,SEA,DL,-17.0,-5.633040242351324
2025-04-25,CLT,CID,AA,26.0,19.947934426368576
2025-04-07,LAX,JFK,B6,-16.0,-16.61162313181079
2025-04-24,SBN,ORD,OO,-35.0,-20.250362660736805
2025-04-26,GRB,ORD,OO,-9.0,-20.111740654806205
2025-04-01,SFO,PDX,UA,8.0,13.659981299927008
2025-04-20,LAX,SAN,OO,12.0,9.856052325928328
2025-04-02,SAN,LIH,AS,-28.0,-4.2934492904161115
2025-04-21,ATL,DEN,WN,2.0,-12.268766352591129
2025-04-14,MCI,LGA,WN,-24.0,-10.272144452180221
2025-04-24,SMF,LAS,WN,-10.0,-7.0250236257934695
2025-04-20,SFO,ONT,OO,-13.0,-13.71606917991177
2025-04-14,BWI,BDL,WN,-16.0,-12.953722796575562
2025-04-22,MIA,LAX,AA,-21.0,-21.323705075505416
2025-04-06,LAS,DFW,AA,49.0,40.89672091951719
2025-04-02,GEG,SEA,AS,-16.0,-16.83142300009423
2025-04-21,LAS,ONT,F9,-15.0,-16.094331419527443
2025-04-27,SAN,PHX,WN,0.0,1.103111122430425
2025-04-24,SAN,DFW,F9,108.0,96.2998252696382
2025-04-30,ABQ,IAH,UA,14.0,-4.751606018299061
2025-04-04,SLC,GEG,DL,20.0,11.546479882529304
2025-04-12,BNA,SJU,WN,11.0,2.4853111175467273
2025-04-17,LGA,SAV,YX,-33.0,-16.949360319350436
2025-04-24,PIT,DCA,YX,-14.0,-14.274661250084833
2025-04-03,LAS,BNA,WN,28.0,13.38770868968846
2025-04-27,FLL,DFW,AA,-13.0,-11.59336937122433
2025-04-14,DEN,IND,WN,39.0,46.466367284175796
2025-04-21,BWI,ORD,MQ,-35.0,-19.0546643202901
2025-04-06,ORD,PBI,AA,23.0,-2.804658938553821
2025-04-07,OAK,AUS,WN,14.0,4.218524968829252
2025-04-01,ATL,MSP,DL,-3.0,-12.134486997432173
2025-04-16,BNA,AUS,WN,-13.0,-10.303580442299463
2025-04-09,MCI,DFW,OO,38.0,47.37096912932807
2025-04-25,CLT,LEX,OH,3.0,-8.653567749106312
2025-04-18,DAL,ATL,DL,-20.0,-16.668931815385392
2025-04-06,PHX,CLT,AA,-2.0,-14.522515636400314
2025-04-18,EWR,IND,YX,13.0,25.492519402567524
2025-04-19,LAX,SEA,OO,-5.0,-17.309346000114644
2025-04-27,MCI,DEN,WN,-13.0,-8.936370750778709
2025-04-03,MDW,MEM,WN,-8.0,-10.211495059189112
2025-04-28,LAS,TUL,G4,-15.0,-7.970545979557555
2025-04-14,TPA,BWI,F9,6.0,-18.369734556083415
2025-04-28,LIH,HNL,WN,-19.0,-14.946481435361548
2025-04-06,DCA,CHS,YX,27.0,17.347819501657103
2025-04-23,ATL,FLL,DL,-22.0,-15.366919615666447
2025-04-12,BUR,HOU,WN,-6.0,-11.53223301301162
2025-04-23,SAT,DFW,MQ,-8.0,-4.6191492045561695
2025-04-06,BWI,TPA,WN,-12.0,-3.580609212966122
2025-04-10,LAX,SFO,UA,-5.0,8.013782788643956
2025-04-24,DEN,CLE,UA,-6.0,-6.009458319033143
2025-04-04,PIT,DCA,AA,-18.0,-8.58166778830489
2025-04-09,DFW,SGF,MQ,9.0,0.6610821838777046
2025-04-11,DFW,RDU,AA,-8.0,-10.348426965403345
2025-04-13,DFW,AUS,AA,77.0,85.42076813384742
2025-04-20,CLT,TPA,AA,11.0,8.384323561704745
2025-04-26,DFW,LGA,AA,11.0,-1.6965598334621026
2025-04-14,TPA,JFK,F9,2.0,-20.55698389888635
2025-04-26,JAX,MIA,MQ,-16.0,-15.978434253921417
2025-04-16,DTW,DEN,WN,-19.0,-17.757761789105786
2025-04-10,ICT,STL,WN,-14.0,-11.333296857003482
2025-04-02,DCA,PHX,AA,30.0,7.247990597490658
2025-04-10,CLT,GSP,MQ,-5.0,9.554868536722527
2025-04-27,ATL,VPS,DL,-15.0,-10.511119484008095
2025-04-18,ORD,MKE,OO,91.0,103.37869781868659
2025-04-23,ATL,MCI,DL,29.0,26.94072185599736
2025-04-20,MCO,CVG,F9,-22.0,-16.270629020146067
2025-04-11,DEN,BZN,UA,-11.0,-17.460469574380504
2025-04-17,ORD,CLE,YX,9.0,7.7123728603134225
2025-04-30,CMH,BOS,YX,-28.0,-18.090852428235358
2025-04-07,MCO,DTW,DL,20.0,23.01195050139998
2025-04-13,LEX,DEN,OO,-5.0,-24.375240312248977
2025-04-20,LAW,DFW,OO,-19.0,-20.830425975448435
2025-04-01,PHL,MCO,NK,-40.0,-24.259140080488457
2025-04-18,DFW,AMA,MQ,11.0,-9.034157807391713
2025-04-09,DFW,JAN,OO,-8.0,-12.681280679550813
2025-04-26,HNL,OGG,WN,-13.0,-16.390083209821285
2025-04-17,MSP,LAS,DL,-1.0,-6.547929178311907
2025-04-08,DEN,JLN,OO,-23.0,-21.328288107665482
2025-04-06,BOS,IAH,UA,7.0,-20.948945180849798
2025-04-02,BOS,CLT,AA,-34.0,-19.602585554877294
2025-04-11,DTW,CLT,AA,9.0,-2.6173479008123604
2025-04-04,BHM,MCO,WN,-10.0,-12.176567921366804
2025-04-12,CLT,BOS,AA,41.0,35.66423074486575
2025-04-30,MIA,STT,AA,9.0,-7.510430544543366
2025-04-11,DAL,MDW,WN,-1.0,-5.505753122330052
2025-04-19,ORD,SAN,UA,-24.0,-19.322559704541227
2025-04-14,ATL,LGA,DL,-8.0,-13.9811628158998
2025-04-25,SFO,ABQ,OO,-10.0,-15.650365227855602
2025-04-03,STL,ATL,WN,11.0,2.709132242558888
2025-04-03,SFO,SBA,OO,2.0,-11.895569445428123
2025-04-14,EYW,CLT,AA,46.0,58.4149238659471
2025-04-13,LGA,ORD,AA,23.0,5.0711980072481175
2025-04-22,TPA,CLE,F9,12.0,32.16102695227459
2025-04-02,ATL,PVD,DL,16.0,24.3390149562548
2025-04-03,SAN,SAT,WN,-2.0,2.008231725615097
2025-04-07,LAX,SLC,DL,-24.0,-20.94519619529072
2025-04-28,PHL,RSW,AA,-25.0,-11.54646685921751
2025-04-07,LAX,BOS,AA,74.0,58.883623910626405
2025-04-15,DEN,BNA,WN,-12.0,-4.0879596279868
2025-04-21,CVG,ATL,DL,-12.0,-10.979302983907331
2025-04-01,DAL,MAF,WN,-16.0,-17.998684168251906
2025-04-30,FLL,HPN,B6,3.0,10.482632208694307
2025-04-22,IAH,PHX,UA,-23.0,-24.222414531947056
2025-04-06,DFW,RIC,AA,23.0,22.359998318234144
2025-04-06,MEM,FLL,NK,24.0,-22.174981530598608
2025-04-03,LFT,DFW,OO,-21.0,-5.696808737489247
2025-04-25,DCA,DFW,AA,-4.0,-18.99768675721754
2025-04-23,PBI,HPN,B6,22.0,7.401489325089855
2025-04-25,STL,SAT,WN,-17.0,-8.709517295070505
2025-04-10,LGA,ATL,DL,-16.0,-9.055105951405704
2025-04-26,SFO,JFK,AS,2.0,-14.418780718151876
2025-04-18,PHL,LGA,YX,11.0,2.7400055235437666
2025-04-03,DTW,MDW,WN,4.0,1.7857964472388668
2025-04-23,BNA,PHL,AA,7.0,-6.8233241138667236
2025-04-29,LGA,DTW,DL,-22.0,-14.493646839754614
2025-04-05,CLT,PBI,AA,-15.0,-15.600462757258459
2025-04-24,SMF,ORD,UA,-32.0,-13.281238136342637
2025-04-18,MCO,SAN,AS,-19.0,6.479206144470329
2025-04-23,SBP,SFO,OO,41.0,39.93584905954136
2025-04-24,RDU,LGA,YX,-7.0,5.074102021627894
2025-04-27,DFW,JAX,AA,-4.0,-6.864956448196443
2025-04-09,BNA,MCO,WN,13.0,19.064597639652142
2025-04-13,CLT,ATL,OH,-8.0,-9.527232197035529
2025-04-05,TUS,PHX,OO,32.0,36.15669483565837
2025-04-02,AUS,MSY,OO,-27.0,-17.05215756377784
2025-04-06,BNA,DCA,OH,48.0,55.01599342789194
2025-04-10,RDU,TPA,F9,-3.0,-7.517117186031141
2025-04-05,GSP,ORD,OO,7.0,11.300940262149007
2025-04-28,DCA,CHS,OH,-24.0,-21.65304939339634
2025-04-01,BNA,AUS,OO,-15.0,-7.647608909713522
2025-04-14,SEA,MKE,AS,-26.0,-10.477485438126877
2025-04-13,LAX,HOU,WN,48.0,42.36639434725914
2025-04-27,PWM,LGA,YX,7.0,0.5482274465061332
2025-04-09,DEN,IAH,UA,-6.0,-7.553808207392805
2025-04-01,MDW,PHX,WN,11.0,-15.50089935956877
2025-04-24,MCI,PHX,AA,-9.0,-13.59497194917764
2025-04-13,DEN,MSP,UA,-15.0,-14.780232949132959
2025-04-21,ORD,DEN,AA,0.0,-10.980213867231992
2025-04-29,ORD,PHL,AA,-15.0,-3.2931059124212805
2025-04-22,TUL,LAX,OO,-17.0,-18.333948896723236
2025-04-20,PGD,DSM,G4,-25.0,-19.57138595385608
2025-04-16,LAX,EWR,UA,-25.0,-7.151281124873625
2025-04-04,EWR,PBI,B6,54.0,32.21328973318539
2025-04-13,ATL,SAT,NK,-25.0,-9.682799217724243
2025-04-30,SLC,DEN,WN,-9.0,-8.606374787348127
2025-04-25,DEN,PHL,AA,-15.0,-13.951068030842666
2025-04-13,LAS,SFO,UA,38.0,26.362508279867356
2025-04-20,BWI,BUF,WN,-6.0,-2.021917517288391
2025-04-30,AUS,MSY,OO,-22.0,-10.977257964959222
2025-04-02,MDW,LAS,WN,-13.0,-13.53817557770833
2025-04-22,ATL,LEX,DL,-16.0,-12.685330098139211
2025-04-23,LAS,BWI,WN,-12.0,-15.312133086891986
2025-04-12,EWR,ORD,UA,-42.0,-15.503882097186647
2025-04-17,FSM,DFW,MQ,-9.0,-5.618086102733356
2025-04-30,SEA,LAX,DL,-14.0,-19.568378023694425
2025-04-04,BNA,SAV,WN,-7.0,-3.388482267316361
2025-04-29,TUS,SLC,OO,-27.0,-19.726566996009158
2025-04-19,MCO,SJU,B6,41.0,39.10198637560787
2025-04-16,HOU,BNA,WN,-7.0,-6.443537339114915
2025-04-06,BNA,DEN,UA,4.0,13.972632506658789
2025-04-19,EWR,LAX,UA,-26.0,-26.762165707941918
2025-04-07,MSN,PHL,OH,86.0,86.47829848561253
2025-04-20,MCO,ORD,F9,15.0,-15.736661433751511
2025-04-17,SEA,PHX,OO,1.0,-12.026409570854447
2025-04-13,PNS,DFW,AA,-10.0,-2.1971422073513267
2025-04-06,PIT,LGA,YX,-19.0,-9.530967676548602
2025-04-25,BWI,FLL,NK,253.0,265.6542178128159
2025-04-19,BNA,ECP,WN,-15.0,-12.823623506554469
2025-04-29,BOI,ATL,DL,-18.0,-15.12068551172667
2025-04-29,FLL,CHS,NK,65.0,65.50901921117118
2025-04-30,ATL,ROC,DL,-14.0,-10.377747048875547
2025-04-20,TLH,DFW,MQ,32.0,19.187225208854404
2025-04-07,EWR,AUS,UA,-8.0,-23.705319406726012
2025-04-15,ITO,HNL,HA,-6.0,-4.116436496930641
2025-04-08,ATL,FLL,DL,238.0,172.7610323783561
2025-04-21,MSY,LAX,DL,-11.0,-7.18754233855304
2025-04-14,MCO,ATL,DL,-22.0,-10.247849441756333
2025-04-25,LAS,CLT,AA,-33.0,-16.637494724916777
2025-04-05,OMA,STL,WN,-12.0,-11.536317287236187
2025-04-29,DCA,BDL,AA,-20.0,-3.8522245538042377
2025-04-27,AUS,SLC,WN,-14.0,-18.260274479897333
2025-04-09,BOS,SJU,B6,18.0,10.881829225676263
2025-04-08,IAH,CVG,UA,-22.0,-15.418994468499303
2025-04-17,ATL,DCA,DL,-10.0,-5.329533349448015
2025-04-09,BTV,PHL,OH,-14.0,-19.229612478920462
2025-04-10,LGA,PHL,YX,-23.0,-7.045695894105872
2025-04-08,ORD,TUL,OO,-30.0,-16.641361089147964
2025-04-22,MSP,DEN,DL,-13.0,-12.783673369118144
2025-04-22,RDU,MCO,F9,-16.0,-16.87535697569308
2025-04-23,SMF,LGB,WN,-6.0,-2.889356960918409
2025-04-09,SEA,PHX,AS,3.0,10.455338142986268
2025-04-16,LAX,DTW,DL,8.0,17.307526623813715
2025-04-25,PVD,TPA,B6,-17.0,-10.643639905798086
2025-04-08,GRR,ORD,OO,14.0,5.773585063449481
2025-04-25,SFO,LAS,UA,0.0,-4.405291215620725
2025-04-01,SEA,LAX,DL,-18.0,-0.6833441450670179
2025-04-05,RDU,BOS,YX,-18.0,-4.335036485974065
2025-04-11,BOS,MSP,DL,0.0,9.522117719652144
2025-04-14,SMF,SFO,OO,-3.0,11.755650331359453
2025-04-25,PBI,ISP,WN,5.0,-15.528567621622948
2025-04-01,DEN,PHX,UA,1.0,-16.722137890386918
2025-04-29,ORD,BMI,MQ,-13.0,-8.524076163533918
2025-04-30,SFO,EWR,UA,32.0,38.35107483389765
2025-04-09,IAH,DEN,UA,-13.0,-8.131352273235937
2025-04-28,HPN,ATL,DL,-27.0,-24.2232478436674
2025-04-14,STL,LGA,WN,-17.0,-10.153187274634746
2025-04-28,JFK,ATL,DL,-3.0,17.83257176808155
2025-04-09,JFK,SNA,AA,-9.0,-19.446044524647714
2025-04-06,SLC,DAL,WN,-6.0,-9.9411304783156
2025-04-09,LAX,SFO,OO,-16.0,-11.146176173594924
2025-04-28,DFW,PHX,F9,-9.0,-14.54387162807279
2025-04-13,DFW,PHL,AA,0.0,-9.174016522281637
2025-04-30,MIA,ORD,AA,-29.0,-13.431183622280184
2025-04-16,LAS,RNO,WN,-16.0,-9.016939787587862
2025-04-19,HNL,OGG,HA,-1.0,-2.6734804941032166
2025-04-08,DEN,SGF,OO,-11.0,-14.377100852489455
2025-04-14,TPA,MCI,WN,-19.0,-14.265127933067419
2025-04-29,ATL,GNV,DL,0.0,-0.34159476897029606
2025-04-14,PHX,DFW,AA,-15.0,-8.00525815734128
2025-04-28,RDU,ATL,DL,-22.0,-17.582338516553584
2025-04-25,EWR,DFW,AA,23.0,31.296992371322347
2025-04-27,BOS,DEN,UA,-12.0,-9.833312104754514
2025-04-08,LGB,SMF,WN,-13.0,-11.35593687815176
2025-04-17,HPN,DCA,OH,-6.0,-14.128397676557459
2025-04-16,AUS,BUR,WN,-6.0,-4.679881512617506
2025-04-09,BNA,LGA,WN,-31.0,-16.387803213420796
2025-04-25,ELP,PHX,OO,99.0,90.9882975881954
2025-04-23,MSY,ATL,DL,199.0,204.648063634053
2025-04-16,ORD,ALB,YX,-5.0,-17.119443778981363
2025-04-02,ATL,SAT,WN,-13.0,-7.665654520919125
2025-04-30,LAS,SLC,WN,-4.0,-8.881881768619921
2025-04-13,SLC,COS,OO,-26.0,-14.461657134563644
2025-04-26,ORD,BOS,AA,-23.0,-17.248699144835953
2025-04-04,LAS,BWI,WN,-1.0,-5.401717709676426
2025-04-07,PVD,CLT,AA,-1.0,-10.607727673058449
2025-04-05,CHS,STL,WN,-19.0,-3.1698437226880998
2025-04-20,SBP,DFW,AA,56.0,65.65557318524573
2025-04-07,SRQ,LGA,DL,-11.0,1.2748229005359981
2025-04-06,MIA,TPA,AA,134.0,133.3554473995161
2025-04-25,MKE,EWR,YX,-42.0,-27.605373052644374
2025-04-05,FAR,ORD,MQ,10.0,0.9492250888892837
2025-04-23,MIA,GSO,MQ,22.0,16.145527635675784
2025-04-04,PIT,ATL,DL,-34.0,-22.95061322886252
2025-04-03,LGA,DEN,WN,86.0,65.72190064018963
2025-04-30,JFK,LAX,AA,-34.0,-26.44568576524529
2025-04-03,HDN,DEN,WN,7.0,-4.691487875109571
2025-04-02,RDU,TPA,WN,-19.0,-16.58552764962074
2025-04-13,SAT,DFW,MQ,-19.0,-15.60870304214951
2025-04-11,SBP,SAN,OO,1.0,-2.2754918384997236
2025-04-14,SFB,SYR,G4,-17.0,-10.369176622956804
2025-04-04,SAV,PHL,AA,-10.0,-9.242473948313744
2025-04-27,FLL,RDU,B6,-24.0,-17.23838523168419
2025-04-21,ILM,DFW,MQ,-16.0,-13.958664571617035
2025-04-10,PSC,SEA,OO,-17.0,-13.55484366321711
2025-04-03,JFK,SFO,AS,87.0,103.65130762682253
2025-04-05,DFW,SAN,AA,134.0,139.98383849395825
2025-04-14,EWR,FLL,B6,-23.0,-13.85137454347852
2025-04-12,MCO,GRR,F9,-9.0,-7.223546818739857
2025-04-16,MCO,BNA,WN,9.0,11.463550532542783
2025-04-23,SEA,EUG,OO,-4.0,-10.87092177144762
2025-04-03,BWI,LAS,WN,106.0,89.03192642132981
2025-04-03,ATL,GRB,DL,24.0,16.936313502176354
2025-04-23,DFW,GRI,OO,-12.0,-9.918621379363312
2025-04-14,HSV,ATL,DL,-14.0,-7.7383460904635175
2025-04-25,DEN,SFO,UA,25.0,32.852732936437306
2025-04-08,IAH,BHM,OO,-8.0,-0.8788936888384598
2025-04-13,SEA,BOI,OO,5.0,-12.525900015440051
2025-04-01,EUG,SFO,UA,21.0,31.044354322039467
2025-04-24,PHX,RNO,WN,-4.0,-7.063172421574382
2025-04-07,PHL,TPA,AA,22.0,-6.890102538277523
2025-04-22,STL,DEN,UA,-18.0,-16.57802978228568
2025-04-18,ORD,CLT,AA,-12.0,-12.465359133676017
2025-04-06,ATL,ICT,DL,12.0,-3.0936229743703834
2025-04-09,EWR,FLL,UA,73.0,79.08142379954933
2025-04-08,MLB,CLT,OH,-28.0,-19.213771621913267
2025-04-13,MCI,DAL,WN,-4.0,-2.2707863560571484
2025-04-27,PVU,AUS,G4,-13.0,-22.651593625353268
2025-04-20,LAS,FLL,NK,1.0,-9.582574419669196
2025-04-18,SAN,BWI,WN,-24.0,-5.659085290147393
2025-04-03,LAX,MCO,F9,43.0,50.406216346540795
2025-04-15,BRO,DFW,OO,-25.0,-21.863951703849153
2025-04-02,HOU,DAL,WN,168.0,100.19566152631683
2025-04-15,FAR,MSP,DL,-2.0,-3.2786686274042456
2025-04-03,SPN,GUM,UA,-22.0,-22.14641668270904
2025-04-28,TPA,DEN,UA,-25.0,-15.549255224736424
2025-04-27,BOS,STT,B6,13.0,-12.660154572651177
2025-04-05,BNA,ECP,WN,-1.0,-2.6890670216274764
2025-04-24,CLT,CVG,OH,-4.0,3.534204628214466
2025-04-20,LAX,SEA,DL,1.0,4.84787648429516
2025-04-08,MEM,ORD,MQ,-15.0,-19.68738508453672
2025-04-24,ORD,RDU,AA,-12.0,-12.228263063728136
2025-04-03,HOU,HRL,WN,147.0,147.73266589792124
2025-04-26,LAS,SAT,WN,23.0,23.906462162692733
2025-04-05,ANC,SEA,AS,23.0,-11.005701407803436
2025-04-15,EYW,AVL,G4,-17.0,-21.491720955548672
2025-04-25,IAH,DTW,DL,-7.0,-13.825511878099192
2025-04-01,DEN,TUS,OO,1.0,-13.097651993085393
2025-04-13,MHK,DFW,MQ,-31.0,-19.364543717542414
2025-04-25,LAS,BUR,WN,45.0,51.83061363321854
2025-04-20,DTW,DCA,DL,-19.0,-15.617724960301736
2025-04-14,BOS,SEA,DL,-4.0,0.017335726980039823
2025-04-26,BOS,TPA,DL,-25.0,-17.906338915963957
2025-04-23,JAX,BNA,WN,-5.0,-3.5889848432012545
2025-04-01,BUF,TPA,F9,38.0,47.27468298255464
2025-04-12,CVG,CLT,AA,-9.0,-8.722424333399246
2025-04-13,DFW,MSN,AA,23.0,33.501155587558095
2025-04-23,CHO,LGA,YX,-24.0,-17.955484325405855
2025-04-13,FLL,ORD,AA,-8.0,-8.175988344495682
2025-04-25,ONT,SEA,AS,-23.0,-11.757947067278689
2025-04-07,HSV,ATL,DL,39.0,29.504357155080378
2025-04-05,EWR,ROC,UA,-11.0,-10.32726925685426
2025-04-15,DFW,MEM,MQ,-14.0,-9.740214091483152
2025-04-15,ORD,RSW,UA,-31.0,-20.10853125429004
2025-04-18,IND,AUS,WN,-13.0,-11.624773918401118
2025-04-10,SNA,SFO,UA,-21.0,-15.411751088033505
2025-04-15,AUS,DTW,DL,-9.0,-15.591712102312137
2025-04-30,DFW,LAW,OO,94.0,48.367199776479126
2025-04-14,DCA,BTV,AA,18.0,18.16171745536526
2025-04-30,PHX,PHL,AA,-15.0,-9.211919859080748
2025-04-22,FLL,BOS,B6,-16.0,-5.314655953560674
2025-04-25,ORD,PHL,AA,-4.0,-3.1431745315070003
2025-04-27,PIT,IAD,YX,-13.0,-8.72724733081161
2025-04-21,DEN,IAH,UA,-17.0,-12.728218731050731
2025-04-28,MCO,MIA,AA,5.0,13.674814152858751
2025-04-16,LAS,MIA,AA,-25.0,-3.872029279769553
2025-04-22,TPA,CLE,F9,-7.0,-1.2884028557093679
2025-04-09,STL,HOU,WN,-3.0,3.0022190957502284
2025-04-10,MSP,CLT,DL,3.0,-3.673977048533642
2025-04-20,CMH,LGA,YX,0.0,-6.8059079238287765
2025-04-09,MDW,GRR,WN,-13.0,-10.77976710770735
2025-04-19,MSO,SLC,OO,-20.0,-20.875777927127945
2025-04-28,FAT,PHX,OO,3.0,-6.4902497486435315
2025-04-26,DFW,LIT,MQ,-4.0,-13.8624420846009
2025-04-29,SAN,AUS,OO,2.0,-12.495791518050542
2025-04-19,HOU,MCI,WN,-20.0,-16.08520004739889
2025-04-11,CMH,FLL,NK,13.0,2.2817772316007914
2025-04-30,ATL,BUF,DL,-8.0,-5.568898580863042
2025-04-12,TPA,MSP,DL,18.0,14.524806736645829
2025-04-09,ORF,IAD,UA,-23.0,-13.70444870336529
2025-04-23,LGA,ATL,DL,-8.0,-15.250172008621291
2025-04-27,LAS,PIT,WN,51.0,52.32647162488428
2025-04-03,DFW,LRD,MQ,4.0,-4.674208183083966
2025-04-04,LEX,ATL,DL,-28.0,-22.44499711873194
2025-04-18,RDM,PHX,MQ,-16.0,-15.337668116525968
2025-04-21,JFK,ATL,DL,-18.0,-16.705821587480568
2025-04-25,GGG,DFW,OO,75.0,78.66046992570779
2025-04-09,SDF,EWR,YX,34.0,-15.036344353227317
2025-04-27,JFK,LAS,B6,-2.0,-21.743417996346167
2025-04-04,CLE,LGA,YX,-11.0,-3.58422302847481
2025-04-07,ATL,MEM,DL,42.0,41.486131228710285
2025-04-17,CHS,ATL,DL,-17.0,-18.48719369587659
2025-04-12,TPA,IAD,UA,-19.0,-18.541587224642505
2025-04-12,PHX,ORD,UA,-12.0,-14.937571077725224
2025-04-18,SAN,SMF,WN,-4.0,-3.4225374318643933
2025-04-27,RSW,DFW,AA,8.0,12.361361098101467
2025-04-06,TPA,BNA,WN,70.0,64.71793214168773
2025-04-11,LAX,EUG,OO,-32.0,-17.684746469735757
2025-04-21,RSW,DCA,AA,-13.0,-4.673404146380463
2025-04-07,MOT,DEN,OO,-7.0,-9.482017056723535
2025-04-23,ATL,ONT,DL,-9.0,-13.964444883055517
2025-04-01,MCI,DFW,AA,31.0,16.693046456898145
2025-04-03,SAV,ATL,DL,-9.0,-13.02553951171737
2025-04-02,TPA,IAH,UA,4.0,4.17043307474928
2025-04-19,JAX,BWI,WN,-4.0,1.6388803257024005
2025-04-05,SDF,ORD,OO,4.0,22.77725904745687
2025-04-20,LBB,DEN,WN,-20.0,-22.912621274682316
2025-04-18,LAS,DFW,AA,-3.0,-3.0729584224387967
2025-04-28,LAS,ONT,F9,-11.0,-4.566172332911165
2025-04-01,DCA,DTW,DL,-32.0,-22.88407065419961
2025-04-29,BOS,TPA,DL,-17.0,-8.687888929447231
2025-04-10,LGA,MDW,WN,-23.0,-17.59012752030007
2025-04-26,SMF,MCI,WN,-6.0,-9.36259728470816
2025-04-02,ELP,PHX,OO,7.0,10.87865474617248
2025-04-20,BUF,MCO,WN,116.0,92.83992358332199
2025-04-13,SEA,CMH,AS,-19.0,-13.12112621038488
2025-04-06,CMH,TPA,WN,4.0,-3.627357325075492
2025-04-02,PHL,BOS,AA,-8.0,-11.786494768877692
2025-04-08,ATL,DAL,WN,-17.0,-8.09392094454159
2025-04-07,CVG,MCO,F9,-15.0,-20.20818510545606
2025-04-04,EWR,SNA,UA,-7.0,-17.758199513102944
2025-04-04,HOU,TPA,WN,0.0,-12.735575944300528
2025-04-11,SFO,DFW,AA,-2.0,-0.15652499922513385
2025-04-22,SJC,DEN,UA,-5.0,-5.545007901061979
2025-04-29,LGA,GSO,YX,-19.0,-15.928026288382846
2025-04-04,MCO,SLC,DL,-6.0,9.406862439604316
2025-04-13,ATW,CLT,MQ,-18.0,-21.804574109600008
2025-04-25,GRB,MSP,OO,-3.0,-6.927996817352536
2025-04-20,ORD,BWI,UA,8.0,9.610321855612355
2025-04-24,MIA,BOS,AA,-21.0,-18.759223816680016
2025-04-08,DAY,DCA,OH,-22.0,-17.58244679773995
2025-04-19,SEA,DEN,DL,38.0,39.46917202972853
2025-04-26,DEN,MSY,UA,-9.0,-10.850051880124195
2025-04-08,PHX,RDU,WN,55.0,58.56051111279966
2025-04-24,GJT,DEN,UA,16.0,17.08936816912
2025-04-09,ORD,IAD,UA,9.0,10.185770615578052
2025-04-05,DTW,TPA,WN,161.0,149.7826493176868
2025-04-02,ASE,ORD,OO,132.0,135.54625819509602
2025-04-05,CLT,ECP,OH,-11.0,-6.063161717711623
2025-04-26,LAX,SJC,OO,-15.0,-13.870140126070744
2025-04-10,SMF,DEN,UA,-9.0,-12.528356786585721
2025-04-18,LGA,ATL,DL,-25.0,-20.351939224334984
2025-04-11,FLL,DTW,DL,-8.0,1.0642413398066015
2025-04-26,MIA,PHL,AA,62.0,64.06484817240577
2025-04-25,LAS,CLT,AA,-5.0,-12.481517947111048
2025-04-23,LIH,HNL,HA,6.0,0.8358324406859401
2025-04-03,SFO,SAN,OO,1.0,4.887056653318327
2025-04-01,FLL,PHL,AA,-26.0,-0.22768979481365825
2025-04-16,ISP,BWI,WN,-21.0,-20.193792826008476
2025-04-25,MIA,ATL,DL,-11.0,-10.925543451910688
2025-04-06,PDX,DFW,AA,-24.0,-16.288213580356043
2025-04-21,CMH,LAX,AA,9.0,2.9295050412325505
2025-04-26,ATL,LAS,DL,-7.0,-16.355555612196092
2025-04-22,DFW,CLT,AA,1.0,-12.887331939846785
2025-04-29,JFK,LAX,B6,-44.0,-10.937103192315789
2025-04-29,DEN,OAK,WN,-22.0,-13.551947693085808
2025-04-25,LGA,BOS,B6,-2.0,11.578810633129427
2025-04-30,BOS,PHL,B6,13.0,15.270527750287078
2025-04-28,JAX,STL,WN,-20.0,-10.602715350904727
2025-04-17,TPA,AUS,WN,7.0,1.065306250351278
2025-04-03,SLC,SMF,DL,-10.0,-13.156545788718866
2025-04-08,CLT,SYR,AA,-3.0,-11.267970959036845
2025-04-21,SAT,DTW,DL,-10.0,-2.097033947719983
2025-04-30,TPA,PHL,AA,-16.0,-11.044970914016965
2025-04-05,BWI,ATL,DL,-7.0,-13.341882375898592
2025-04-04,LGA,CMH,YX,-1.0,-14.676798353820296
2025-04-28,MSY,IAH,UA,-15.0,-13.735524910558805
2025-04-02,HNL,SMF,WN,-15.0,-14.591649096392487
2025-04-04,DTW,BUF,OO,6.0,11.119362960334088
2025-04-19,DAL,AUS,WN,-19.0,-11.762731756665431
2025-04-16,BNA,SFO,UA,-9.0,-20.95297345886093
2025-04-01,MDW,MCO,WN,-24.0,-16.00478370910124
2025-04-13,FNT,BNA,G4,-28.0,-21.859572549333155
2025-04-20,ATL,RNO,DL,9.0,-8.66542639756199
2025-04-18,SRQ,ATL,DL,-1.0,4.212867975613509
2025-04-28,SEA,SAN,AS,-23.0,-10.565781488787785
2025-04-04,STL,TUL,WN,-1.0,-5.37879514408035
2025-04-17,ONT,HNL,HA,-12.0,9.996045832579405
2025-04-27,PHX,TUS,OO,-5.0,-5.439651121294638
2025-04-30,CLT,SEA,AA,-16.0,1.095193094352874
2025-04-16,CAK,SRQ,G4,-24.0,-18.450401659310174
2025-04-24,SEA,CLE,AS,3.0,1.1073603539376862
2025-04-26,DEN,AVL,OO,23.0,37.23920177878175
2025-04-04,ATL,LGA,WN,-3.0,3.882787507403799
2025-04-17,ABQ,HOU,WN,-11.0,-15.153438194646625
2025-04-16,BOS,ATL,B6,26.0,51.6941898828433
2025-04-17,LGA,FLL,DL,-2.0,-8.60456576184377
2025-04-01,SEA,ORD,AA,56.0,33.91558670531714
2025-04-20,ECP,HOU,WN,-21.0,-12.452508689288976
2025-04-17,DFW,SBP,AA,8.0,7.089648236593483
2025-04-17,LGA,ILM,YX,-6.0,-4.976128612281007
2025-04-17,FNT,SFB,G4,-15.0,-0.8443882403542098
2025-04-09,SEA,LAX,DL,-25.0,-21.58957829225523
2025-04-04,DFW,SFO,UA,-12.0,-2.88481977129301
2025-04-19,SRQ,CLT,AA,-9.0,-9.48243138948403
2025-04-10,TUL,BNA,WN,-11.0,-7.824123946692669
2025-04-17,DEN,CPR,OO,66.0,60.859464267898794
2025-04-19,DFW,TLH,MQ,12.0,10.068079256786866
2025-04-07,ATL,SAT,DL,73.0,71.60629008394244
2025-04-30,BNA,STL,WN,-1.0,-0.041572228559484614
2025-04-12,SAN,RNO,WN,-23.0,-15.861003819191694
2025-04-04,BOS,LAX,B6,70.0,14.840605393747733
2025-04-22,RDM,SEA,OO,-25.0,-13.382797427031477
2025-04-13,DAL,HOU,WN,-8.0,-1.0350118482659134
2025-04-09,ORD,PBI,F9,-15.0,-23.679438345834264
2025-04-17,PHX,ABQ,OO,-16.0,-15.265032674112739
2025-04-21,FAT,LAX,OO,-10.0,-7.511797098195844
2025-04-14,SNA,ORD,UA,-23.0,-17.031275380791705
2025-04-28,ATL,MCO,DL,-6.0,-6.436900772634274
2025-04-19,FAT,DFW,AA,-6.0,1.6633966369546815
2025-04-08,SFO,LAX,DL,-36.0,-23.949550117892315
2025-04-01,FLL,PHL,NK,-20.0,-11.810846237210512
2025-04-09,ATL,LAS,F9,-7.0,4.482198298488741
2025-04-18,GSP,LGA,YX,-8.0,-10.527728275156402
2025-04-18,BOS,PBI,DL,-16.0,-7.819573522759381
2025-04-06,DEN,MIA,WN,10.0,-8.201731355343476
2025-04-18,SEA,PHX,OO,-17.0,-11.970329571077258
2025-04-26,OAK,HOU,WN,-9.0,-12.502692680468279
2025-04-21,OMA,STL,WN,-20.0,-14.055705125182833
2025-04-23,PIT,LGA,YX,-11.0,-12.401556882343257
2025-04-22,PHX,SBA,AA,-5.0,-3.1511843889752367
2025-04-28,BWI,LAX,WN,-13.0,-16.88299121859086
2025-04-25,TPA,MKE,WN,3.0,17.927258666654
2025-04-25,MCO,JFK,B6,5.0,2.6581543705999726
2025-04-20,LAS,DFW,AA,-23.0,-15.363403940050823
2025-04-20,MCO,LGA,DL,-26.0,-17.09424497899142
2025-04-19,JAX,ATL,DL,-25.0,-12.774844737484777
2025-04-09,CVG,DCA,OH,22.0,16.511586854639113
2025-04-13,ORD,LEX,MQ,-20.0,-18.238512434406026
2025-04-02,LAS,SEA,AS,30.0,36.39839401580176
2025-04-24,MYR,CLT,OH,-17.0,-20.044580850505252
2025-04-17,DEN,DFW,UA,72.0,60.52145046167454
2025-04-12,HDN,DEN,UA,-34.0,-22.086216079161055
2025-04-11,SRQ,DCA,AA,16.0,28.31394346836441
2025-04-19,PIT,ATL,DL,-14.0,-9.734471626519285
2025-04-14,SAN,PHX,AA,56.0,56.01156275361213
2025-04-19,ORD,DTW,YX,16.0,12.137979690723908
2025-04-01,GCK,DFW,MQ,-3.0,-9.367670525421403
2025-04-04,PHX,DAL,WN,9.0,10.575888817775079
2025-04-18,OAK,SLC,WN,119.0,111.26710484575545
2025-04-12,DTW,SBN,OO,-6.0,-20.370277408175607
2025-04-16,PDX,LAS,AS,-7.0,-8.675511776751204
2025-04-24,BOS,DEN,B6,42.0,-1.5479805329372374
2025-04-24,BNA,PHX,WN,22.0,26.263446488353473
2025-04-26,CLE,LAS,F9,-6.0,-13.509896555080296
2025-04-13,CLT,MSY,AA,11.0,-16.58616042922869
2025-04-24,BWI,ATL,DL,4.0,-1.4048014792082455
2025-04-14,ATL,DTW,DL,-15.0,-8.164696166339539
2025-04-26,DFW,ILM,MQ,-18.0,-12.347653190245651
2025-04-04,SBN,SRQ,G4,-23.0,-33.451319409949924
2025-04-01,ITO,HNL,HA,-8.0,-7.207411325428794
2025-04-28,DTW,PDX,DL,3.0,3.805170806949047
2025-04-28,MSP,LGA,YX,-19.0,-25.62137427599098
2025-04-18,SAN,SFO,WN,-8.0,-4.169298487464108
2025-04-08,DFW,XNA,MQ,-5.0,-9.895885709154918
2025-04-18,DAL,SAN,WN,3.0,-4.979567207951735
2025-04-18,JFK,HNL,DL,-38.0,-15.55131958270372
2025-04-11,LAX,MCO,DL,27.0,19.03065013826982
2025-04-18,EYW,PIE,G4,-18.0,-10.249481160159867
2025-04-27,RDU,SEA,AS,3.0,-15.198085705992405
2025-04-15,ASE,DEN,OO,-35.0,-25.76540929302722
2025-04-12,SLC,GEG,DL,0.0,-5.905121633842759
2025-04-25,ELP,LAX,OO,-11.0,-8.82504022113121
2025-04-23,CLT,ECP,OH,183.0,182.80383151217455
2025-04-15,CVG,ATL,DL,6.0,5.53116827928287
2025-04-10,ORD,LAS,WN,-23.0,-14.029217138962892
2025-04-15,DTW,GRB,OO,-2.0,5.461103091022416
2025-04-05,DAL,FLL,WN,223.0,206.60023147985225
2025-04-24,MSP,SBN,OO,-12.0,-11.44994734744828
2025-04-18,ORD,MSN,YX,-26.0,-13.727286846522254
2025-04-26,FSD,ATL,DL,8.0,9.40953798486877
2025-04-13,SFO,SEA,AS,-5.0,-4.5570568149329596
2025-04-10,EWR,IAD,YX,-27.0,-14.443295527846296
2025-04-10,EWR,CLT,UA,-19.0,-22.9422290299315
2025-04-18,JFK,PHX,AA,-2.0,-7.779778681612358
2025-04-10,MSP,BWI,DL,153.0,142.21462720472337
2025-04-29,TUL,DEN,WN,21.0,-6.9289216496488955
2025-04-09,DEN,DAL,WN,-18.0,-11.841205096083645
2025-04-18,SNA,OAK,WN,17.0,14.030185975243828
2025-04-08,OGG,LIH,HA,6.0,6.650144754236236
2025-04-12,BUF,MCO,B6,-26.0,-22.99487956076998
2025-04-06,HNL,ITO,HA,1.0,2.1974222340018192
2025-04-14,MIA,ATL,DL,-20.0,-9.185729163934376
2025-04-16,DEN,GEG,WN,-8.0,-10.425040087058026
2025-04-07,LAS,LAX,UA,9.0,8.720866916504708
2025-04-16,MSP,RHI,OO,-5.0,-9.825776946378484
2025-04-14,IAD,FLL,UA,-28.0,-19.327688080486222
2025-04-07,ORD,LGA,DL,-16.0,-6.1926431666011155
2025-04-13,PHL,TPA,AA,-32.0,-11.876703752631084
2025-04-22,MCO,CLT,AA,-16.0,-10.069768285528987
2025-04-07,SAV,DAL,WN,13.0,20.339424058984953
2025-04-07,MSY,CLT,NK,-19.0,-10.335446601709812
2025-04-14,CVG,AUS,G4,-17.0,-16.68707268804608
2025-04-16,HOU,CRP,WN,-11.0,-6.498294681916434
2025-04-10,CHS,EWR,UA,-18.0,-18.131990412111715
2025-04-07,SCC,ANC,AS,-7.0,-13.94968335296424
2025-04-07,SFO,CLT,AA,7.0,-18.773437229652828
2025-04-19,DFW,MCI,AA,10.0,-3.4247593882155893
2025-04-12,SEA,BZN,AS,3.0,2.0842757641423546
2025-04-13,CLT,PWM,OH,8.0,2.1152275470173834
2025-04-26,BOS,RSW,B6,2.0,9.458953237485884
2025-04-30,DCA,DAY,OH,-9.0,-18.8768599227988
2025-04-29,LGA,ORD,UA,-17.0,-19.262660755376785
2025-04-10,ORD,ATL,UA,-31.0,-22.43535308166029
2025-04-15,BUR,OAK,WN,-20.0,-17.37364779475297
2025-04-29,HNL,OGG,HA,-9.0,-8.327093641411947
2025-04-04,FLL,ATL,DL,-17.0,-10.330497892272586
2025-04-21,BOS,MYR,NK,-11.0,-15.097736946055377
2025-04-28,MSY,MCI,WN,-7.0,-7.112729186812231
2025-04-19,MSP,MDW,WN,-17.0,-20.569852997187503
2025-04-06,MSP,MEM,DL,-13.0,-25.140269877203558
2025-04-18,LAN,DTW,OO,53.0,50.93401244622537
2025-04-18,BOI,SFO,OO,-23.0,-18.62061346532505
2025-04-12,TPA,MDW,WN,24.0,18.400316481785826
2025-04-05,EWR,DEN,UA,54.0,38.39451287767522
2025-04-24,DAL,MEM,WN,42.0,46.35929170698211
2025-04-15,DFW,IAH,OO,29.0,30.43777067116515
2025-04-26,PBI,EWR,UA,-6.0,3.6023410697059455
2025-04-16,MKE,MSP,DL,-18.0,-20.791604843446798
2025-04-28,LGA,BOS,YX,-7.0,-2.8014467682241726
2025-04-26,SEA,SMF,OO,-9.0,-4.348883136647663
2025-04-05,DRO,PHX,OO,21.0,20.294991169695685
2025-04-14,DFW,RSW,AA,-11.0,-16.344150648995353
2025-04-23,RDU,MSP,DL,-13.0,-17.89159697471944
2025-04-04,IAD,ATL,DL,26.0,25.434672667112732
2025-04-20,BWI,DAL,WN,-6.0,-11.572438909947543
2025-04-29,LBB,DEN,OO,46.0,40.666795153176295
2025-04-11,MAF,DFW,MQ,-12.0,-4.762779152159988
2025-04-30,SJU,JFK,B6,-19.0,-12.89780778649277
2025-04-25,EWR,ORD,UA,18.0,-21.939416463133448
2025-04-15,SFO,HNL,UA,-46.0,-18.496845788593653
2025-04-30,ATL,SAT,NK,-7.0,-1.593986645541909
2025-04-15,DTW,SLC,DL,-9.0,-13.340422714781852
2025-04-01,DFW,ACT,OO,-8.0,-2.791078538103296
2025-04-17,PHL,MKE,OH,55.0,43.219313301348244
2025-04-01,LAS,ORD,WN,-12.0,-1.2497287593886028
2025-04-04,BOS,PBI,DL,127.0,83.88209206650572
2025-04-11,BOS,ATL,DL,-10.0,-9.632300156215713
2025-04-04,CLT,BUF,AA,5.0,6.86284430321651
2025-04-29,DTW,SEA,DL,-15.0,-18.88098817800995
2025-04-15,IDA,SLC,OO,-20.0,-18.601174700723526
2025-04-13,MDT,SFB,G4,-3.0,4.48686538633143
2025-04-11,DEN,LAS,F9,-28.0,-19.481702001426186
2025-04-10,FLL,BNA,NK,-7.0,-15.193425587935916
2025-04-29,IAD,RDU,YX,-1.0,3.929744810241221
2025-04-16,CLT,CAE,OH,-17.0,-14.251213727169699
2025-04-14,SMF,SNA,WN,-16.0,-15.068934790599581
2025-04-09,EWR,CLT,UA,-2.0,-8.912172542649097
2025-04-21,SEA,SLC,AS,-13.0,-10.056165907747083
2025-04-25,IND,ATL,DL,-8.0,-9.956046035735284
2025-04-28,BUR,PHX,OO,1.0,-6.280410252277136
2025-04-07,ATL,MIA,DL,26.0,13.478871133234659
2025-04-23,DDC,DEN,OO,-4.0,-7.3109841178909285
2025-04-30,EUG,SFO,UA,-3.0,11.352959552667844
2025-04-02,DEN,LAS,UA,6.0,10.039546293979436
2025-04-28,DEN,BIL,OO,-23.0,-14.210182454575673
2025-04-13,BNA,ECP,WN,-23.0,-18.557603725736644
2025-04-14,SRQ,PHL,AA,145.0,156.1065495863177
2025-04-14,AUS,EWR,NK,-11.0,-4.980398246162478
2025-04-12,MSN,ORD,OO,-25.0,-18.493792485602164
2025-04-30,PHL,SAN,AA,-18.0,-18.602500432537564
2025-04-09,ORD,SNA,AA,8.0,-3.6827293543492594
2025-04-09,IAH,SAN,UA,-17.0,-2.7890590732057223
2025-04-07,HOU,IND,WN,-14.0,-9.915575904086772
2025-04-21,PDX,SEA,AS,11.0,-7.514088698337584
2025-04-04,BNA,SEA,AS,136.0,121.04791948921849
2025-04-08,ATL,VPS,DL,-18.0,-17.962066197452415
2025-04-10,ORD,GRB,OO,-6.0,-5.771420757770475
2025-04-19,MSP,BRD,OO,-12.0,-14.958909568761669
2025-04-11,SMF,DFW,AA,-18.0,-12.189002455671421
2025-04-23,EWR,LAX,UA,-6.0,3.3559798771460105
2025-04-15,BNA,SAT,WN,-10.0,-13.003334047278223
2025-04-17,MLI,ORD,OO,-1.0,-9.866941071385007
2025-04-25,DFW,CLL,OO,19.0,14.501266705551565
2025-04-03,RDU,ATL,DL,40.0,47.11522184233021
2025-04-15,LGA,TUL,YX,11.0,0.67623135388245
2025-04-29,BOS,JAX,B6,-19.0,-13.87487079723703
2025-04-23,DEN,PHX,WN,-5.0,-7.3467259446195285
2025-04-07,SEA,CVG,DL,-20.0,-22.188689137614798
2025-04-22,DEN,LAS,F9,-17.0,-15.341607533941279
2025-04-30,ATL,HOU,WN,-9.0,-6.045398723208356
2025-04-07,MSP,MKE,DL,-13.0,-14.562469961061606
2025-04-26,BNA,CLT,OH,-20.0,-10.274732703642124
2025-04-28,RDM,SEA,OO,-15.0,-15.944376612065852
2025-04-08,FCA,SLC,OO,-13.0,-16.592196513785275
2025-04-20,GRB,ORD,OO,-17.0,-25.444784858770404
2025-04-19,EWR,SFO,UA,30.0,18.410926254164636
2025-04-18,OMA,ATL,DL,11.0,10.232333963292701
2025-04-06,FSD,ORD,MQ,-7.0,-6.791579196742527
2025-04-11,GRB,MSP,OO,-23.0,-19.92717923372454
2025-04-07,RDU,ORD,AA,5.0,11.521554806449181
2025-04-17,BOS,LGA,YX,-9.0,1.557257371363133
2025-04-20,FLL,JFK,B6,-4.0,-0.8925587755267035
2025-04-25,SEA,GEG,DL,12.0,6.197776034780791
2025-04-01,ATL,ORD,UA,-14.0,-9.29108598934202
2025-04-08,DEN,PHX,UA,-17.0,-15.127203972928172
2025-04-02,AUS,MDW,WN,96.0,108.72931970316273
2025-04-13,ICT,PHX,WN,-12.0,-14.241938849921361
2025-04-02,LGA,BNA,YX,2.0,-17.540898240614386
2025-04-15,TUS,LAS,WN,-16.0,-9.990697447033854
2025-04-18,ATL,MIA,DL,-19.0,-11.719328368088785
2025-04-22,LAS,DTW,DL,-21.0,-20.452106102908754
2025-04-02,HNL,LAX,HA,22.0,19.945090031316127
2025-04-12,MIA,SFO,AA,-17.0,-11.377623776890385
2025-04-08,MGM,ATL,OO,-15.0,-11.054295288136359
2025-04-11,DEN,LAS,UA,69.0,70.76964103649965
2025-04-05,BWI,MCO,WN,1.0,-8.168512086955905
2025-04-02,LAS,ORD,UA,-15.0,-11.430284153560493
2025-04-06,PDX,ORD,AA,-3.0,-9.844978299913366
2025-04-18,ATL,BOS,DL,1.0,2.4758276214169825
2025-04-01,HNL,KOA,HA,-11.0,-9.629063745936609
2025-04-30,MDW,ATL,WN,-16.0,-14.376971726037212
2025-04-19,MDW,MCI,WN,9.0,-1.2576942277621548
2025-04-11,SBA,SFO,OO,3.0,3.804931283368802
2025-04-16,BWI,DTW,DL,-13.0,-15.700592860091263
2025-04-19,PDX,DEN,WN,-28.0,-13.822349438645865
2025-04-25,IND,EWR,YX,92.0,94.12191447122191
2025-04-16,OGG,HNL,WN,-9.0,-12.40914954052748
2025-04-10,ORD,FWA,OO,2.0,6.010929995737248
2025-04-24,BWI,RSW,NK,-16.0,-17.94503879259556
2025-04-18,CLE,LGA,OO,8.0,3.706536836093779
2025-04-07,HNL,OGG,HA,3.0,3.5317325489433546
2025-04-16,ATL,MGM,OO,-21.0,-15.825488707359721
2025-04-21,BWI,DTW,DL,-14.0,-14.04354239947223
2025-04-30,BMI,ORD,MQ,12.0,-1.041594444483259
2025-04-25,EYW,MIA,MQ,1.0,1.2659208013981011
2025-04-19,IAH,CMH,UA,-30.0,-12.184320881072168
2025-04-16,JFK,SAT,DL,-26.0,-25.650299167099128
2025-04-07,ORD,MSY,NK,-1.0,-0.27641397980111293
2025-04-22,BOS,MIA,B6,-17.0,-14.688265695144207
2025-04-10,ATL,SFO,DL,10.0,-0.5869799086408696
2025-04-15,SDF,DTW,YX,-8.0,-8.160964410890847
2025-04-22,ORD,MSP,UA,-10.0,-18.394047342569692
2025-04-10,DTW,PHL,NK,33.0,18.826039967249237
2025-04-20,LAX,SFO,OO,0.0,11.913824521549753
2025-04-19,SEA,SMF,OO,-18.0,-10.34926770420692
2025-04-21,CLT,TYS,OH,-11.0,-6.937531600417456
2025-04-19,BUR,BOI,WN,-28.0,-16.477928220674816
2025-04-09,HNL,LAS,HA,-1.0,-10.810678817212828
2025-04-10,JFK,LAX,AA,-46.0,-26.289363011160138
2025-04-04,ORD,CHO,OO,-9.0,-1.563700104076565
2025-04-04,LAS,DEN,WN,151.0,148.20885992544288
2025-04-04,DCA,ATL,WN,74.0,79.63823340301244
2025-04-13,ABQ,DAL,WN,-6.0,-8.333439552484169
2025-04-09,DEN,LAX,WN,-13.0,-5.617488119963227
2025-04-15,ATL,HSV,DL,-17.0,-15.81075782046858
2025-04-01,MCO,DCA,WN,7.0,11.0311574023974
2025-04-29,SLC,DEN,OO,-6.0,-15.74979021439464
2025-04-21,SFO,PHL,AA,-26.0,-1.5909610841008126
2025-04-22,MCO,BOS,B6,-5.0,-5.570699568566578
2025-04-14,CPR,DEN,OO,3.0,2.908670077141988
2025-04-21,ROC,MCO,WN,-18.0,-23.281744220989125
2025-04-17,SAN,DEN,UA,-11.0,-8.141392508234965
2025-04-15,JFK,SRQ,B6,-1.0,-11.96252952002192
2025-04-04,CRW,CLT,OH,38.0,49.524560483971456
2025-04-17,ATL,ORD,DL,27.0,9.991682002569132
2025-04-07,JFK,MIA,AA,11.0,2.264389471355752
2025-04-12,MCO,STL,WN,118.0,106.53560938926498
2025-04-01,BOS,DTW,B6,-5.0,-8.185448116111262
2025-04-21,BOS,ORD,DL,-11.0,-13.376134076355697
2025-04-17,DEN,DFW,UA,-2.0,-0.3882843627269139
2025-04-28,SEA,IAH,UA,-6.0,-11.731287975877336
2025-04-19,HNL,OGG,HA,-1.0,-3.6103887975630258
2025-04-14,DFW,LAX,AA,-1.0,-0.23474733813877524
2025-04-16,ECP,CLT,AA,-20.0,-13.487544560931248
2025-04-21,CLE,IAH,UA,82.0,-20.288615598667626
2025-04-16,LAS,HOU,WN,13.0,16.74743323291552
2025-04-15,SFO,PHX,UA,-8.0,-12.963794728553172
2025-04-11,LAS,PDX,WN,-9.0,-4.006338219422171
2025-04-20,PHX,ONT,WN,-4.0,-5.510704286527508
2025-04-19,ALB,BWI,WN,2.0,4.437843613466465
2025-04-23,PIA,DFW,MQ,97.0,75.04248678989424
2025-04-10,SEA,SFO,AS,25.0,12.17289044409528
2025-04-24,SFO,RDU,UA,6.0,-12.57372363732647
2025-04-27,AUS,LAX,WN,-5.0,-5.568652351212188
2025-04-25,ATL,CVG,DL,8.0,-7.563455207711668
2025-04-28,MDT,PIE,G4,72.0,67.47592709712757
2025-04-29,FAI,SEA,AS,-20.0,-19.839049835074306
2025-04-22,DFW,IAH,OO,-4.0,-4.328262950744914
2025-04-09,BHM,MCO,WN,0.0,-1.7713007885671592
2025-04-16,PHL,FLL,NK,-20.0,-10.055479279553797
2025-04-30,ELP,PHX,MQ,-6.0,-8.316364110016465
2025-04-15,SAN,LAX,OO,-1.0,-15.23813368150391
2025-04-23,PVD,BWI,WN,-10.0,-9.84465047533666
2025-04-29,PHX,IAD,UA,26.0,-15.860188342512316
2025-04-01,EWR,MIA,AA,-27.0,-18.496909352674123
2025-04-02,ATL,MSY,DL,8.0,1.4751567876569078
2025-04-17,BWI,RSW,WN,-10.0,-6.556179916811507
2025-04-30,SRQ,LGA,DL,-17.0,-8.771209658578279
2025-04-26,ANC,FAI,AS,-27.0,-26.830801282924256
2025-04-03,OAK,BUR,WN,-9.0,-9.607882162590457
2025-04-18,SAN,EWR,UA,66.0,56.42640838983108
2025-04-24,MCO,IAH,NK,175.0,181.26901616640305
2025-04-23,TUL,HOU,WN,1.0,-4.633212627707898
2025-04-26,BNA,LAX,WN,-3.0,-9.248348319618177
2025-04-13,MEM,MSP,DL,-14.0,-14.733264848799752
2025-04-24,ATL,DTW,DL,6.0,7.14766356894474
2025-04-04,DEN,PHX,F9,-15.0,-16.035267326163325
2025-04-30,LAS,ABQ,WN,0.0,5.9861411293811315
2025-04-29,MSY,LAX,DL,-30.0,-18.611628839586643
2025-04-24,ABQ,MCI,WN,-2.0,-1.7414913587737004
2025-04-14,ORD,MCO,F9,-29.0,-16.730812380172914
2025-04-18,MIA,CLT,AA,74.0,57.41318987042404
2025-04-13,RSW,ATL,DL,-18.0,-15.676645360416288
2025-04-28,HOU,ELP,WN,11.0,4.043374859558166
2025-04-07,PDX,OGG,HA,-9.0,-14.390175537086229
2025-04-23,ORD,BDL,UA,23.0,-3.812611424287521
2025-04-28,MIA,JFK,AA,73.0,47.431464791585434
2025-04-08,DEN,ATL,DL,-1.0,-5.621341066881769
2025-04-16,PHX,EUG,AA,131.0,133.28681582748405
2025-04-08,CLT,LEX,OH,-9.0,-5.674685393617761
2025-04-11,SEA,SFO,UA,67.0,63.47700977778748
2025-04-13,DEN,DCA,F9,-27.0,-19.018576765592535
2025-04-13,BNA,LGA,YX,-13.0,-11.472085290460406
2025-04-17,ORD,IND,YX,-5.0,4.321771913396631
2025-04-22,SMF,ORD,AA,-7.0,-9.881262195891397
2025-04-14,JFK,BNA,YX,-8.0,-18.90619152735797
2025-04-02,FSD,PHX,OO,-10.0,-16.1556552031339
2025-04-26,AMA,IAH,OO,240.0,253.64053938432062
2025-04-16,SJU,PHL,F9,64.0,95.92624766512299
2025-04-10,LGA,FLL,DL,4.0,-2.615367085602827
2025-04-01,DFW,MSP,DL,-17.0,-13.386846185027633
2025-04-30,LAS,DTW,DL,4.0,-20.89536551549977
2025-04-11,CHS,FLL,B6,6.0,6.338716882105524
2025-04-06,LAS,PHX,WN,36.0,41.96082195138537
2025-04-15,BOS,DFW,DL,-30.0,-16.178720022542226
2025-04-12,CLT,MCI,AA,-4.0,-11.760249918814054
2025-04-15,BOS,DCA,AA,-8.0,-24.260303106339567
2025-04-02,ABQ,DFW,AA,203.0,181.0095690749698
2025-04-16,HOU,MSY,WN,5.0,6.82640028718491
2025-04-14,ATL,LAX,DL,8.0,13.954473342739083
2025-04-07,MKE,ORD,OO,40.0,45.94529384536113
2025-04-07,TUL,ORD,OO,7.0,2.2766310297477883
2025-04-16,BUR,PHX,WN,-5.0,-13.018426729089107
2025-04-23,SFO,BUR,OO,-13.0,-8.088451233172275
2025-04-28,RSW,DTW,DL,5.0,-5.5356493701694305
2025-04-29,DAL,SMF,WN,-20.0,-5.326373001701564
2025-04-19,MSP,GRR,DL,1.0,2.622530939809042
2025-04-28,LGA,MDW,WN,-6.0,-0.799566157704918
2025-04-09,ATL,BDL,DL,-3.0,-6.549389276970487
2025-04-27,HNL,OGG,HA,1.0,5.319613591884346
2025-04-13,SFO,ACV,OO,4.0,15.111641787448148
2025-04-11,PDX,LAS,NK,-7.0,-12.69706993371847
2025-04-11,EUG,DEN,UA,-26.0,-16.032894662276405
2025-04-13,SAT,LAX,NK,-8.0,-17.533601113454342
2025-04-02,SNA,IAH,UA,-21.0,-18.04983379667597
2025-04-06,MCO,ATL,DL,-2.0,-5.348024354336015
2025-04-24,LAS,ABQ,WN,149.0,147.98339767992033
2025-04-27,PDX,SAN,AS,-7.0,7.198339405936558
2025-04-20,DEN,BWI,WN,-10.0,-10.548724700668764
2025-04-23,ORF,ATL,DL,40.0,51.84851748706443
2025-04-30,BOS,LAX,DL,-21.0,-11.05367452005347
2025-04-10,SEA,ORD,AS,-21.0,-8.718755371307221
2025-04-24,ORD,TUL,YX,-16.0,-13.310907813629925
2025-04-30,DCA,DTW,DL,31.0,24.806517983168774
2025-04-06,DEN,LAX,WN,-16.0,-3.410205028828143
2025-04-23,OAK,LGB,WN,-6.0,-2.9202875994268584
2025-04-04,MCO,CLE,UA,-6.0,-20.174592017215904
2025-04-24,PHL,FLL,AA,-17.0,-14.625632761198894
2025-04-08,MSP,BZN,DL,-19.0,-30.943577417230266
2025-04-11,LIH,LAX,DL,-6.0,-26.37694741091996
2025-04-21,MCO,SJU,NK,-10.0,-15.216811974276176
2025-04-25,SLC,LGB,OO,3.0,-10.072474453962814
2025-04-21,SNA,OAK,WN,-9.0,2.2321503796682425
2025-04-26,AMA,IAH,OO,247.0,248.4305504753706
2025-04-07,MSP,ORD,UA,122.0,117.80402018202093
2025-04-07,DFW,COS,AA,8.0,0.1820777702961145
2025-04-17,LAX,CLT,AA,298.0,309.88146240711967
2025-04-09,MSY,DEN,WN,15.0,13.965059971964441
2025-04-04,PIT,LGA,YX,9.0,9.687537198009911
2025-04-13,DAL,HOU,WN,21.0,25.272777292731256
2025-04-04,LAX,FLL,B6,235.0,224.83585936399473
2025-04-04,DAL,HOU,WN,107.0,101.82463605453566
2025-04-04,LAS,SAT,WN,73.0,15.383239944145458
2025-04-12,IAD,SFO,UA,-18.0,-10.215507215998707
2025-04-02,AUS,PHX,WN,15.0,13.563456682014097
2025-04-17,ORF,LGA,YX,0.0,-4.5780814667483885
2025-04-07,MIA,RDU,AA,-14.0,-6.092916260947142
2025-04-04,IAD,LAX,UA,7.0,-10.286567021739735
2025-04-01,DFW,ATL,AA,149.0,141.0049543201119
2025-04-08,CHS,DAL,WN,-14.0,-11.65650592846335
2025-04-24,STL,BWI,WN,-4.0,1.349901579086227
2025-04-02,SAN,LAS,OO,-2.0,-2.080156254199281
2025-04-19,DEN,SGF,OO,192.0,190.79813781105233
2025-04-28,PVD,BNA,WN,-16.0,-13.308116045606894
2025-04-07,MKE,ORD,OO,-23.0,-18.020322041281627
2025-04-06,ORD,PHL,AA,85.0,78.07075195392716
2025-04-25,PHX,ORD,AA,10.0,12.050029458236919
2025-04-12,ORD,SGF,OO,-30.0,-17.59317578739327
2025-04-12,RNO,ATL,DL,-14.0,-5.226367233116452
2025-04-10,ITO,OGG,HA,-9.0,-7.083915264115284
2025-04-23,JAX,ATL,DL,-7.0,-7.1353055846395925
2025-04-21,PBI,DFW,AA,59.0,57.86091435425682
2025-04-18,LAS,ATL,NK,-20.0,-5.8099410934666675
2025-04-12,ELP,DEN,F9,-20.0,-19.031514174071397
2025-04-14,MSY,AUS,WN,67.0,68.21888349667256
2025-04-12,ORD,BUF,UA,-1.0,4.082876581784912
2025-04-11,TPA,BUF,F9,34.0,44.445932854830346
2025-04-06,EWR,PIT,YX,2.0,0.4055203661305189
2025-04-27,AGS,CLT,OH,13.0,1.956793059120141
2025-04-12,MSP,BRD,OO,-13.0,-16.59960927473438
2025-04-04,OKC,LAS,F9,88.0,91.19124126947634
2025-04-22,SJU,BDL,B6,-17.0,-6.124484184574623
2025-04-21,PHL,ORF,OH,-10.0,-19.244327101152198
2025-04-21,GEG,SFO,OO,67.0,52.49353362349722
2025-04-18,SJC,LGB,WN,-1.0,4.946523824163639
2025-04-21,PHX,SMF,AA,4.0,1.6502589487538737
2025-04-16,ONT,LAS,WN,0.0,-1.8862666417127487
2025-04-24,EWR,SJU,F9,13.0,-4.637964464448492
2025-04-04,HOU,MDW,WN,35.0,28.563510959078016
2025-04-01,LAS,DCA,AA,19.0,39.96883844739509
2025-04-04,STL,PHL,WN,-13.0,-8.48292476925151
2025-04-14,BOS,SDF,YX,337.0,312.9174747925417
2025-04-19,TPA,CLT,AA,1.0,-9.274726585683005
2025-04-06,ATL,IAH,NK,-14.0,-8.98800439658866
2025-04-21,JNU,YAK,AS,-5.0,-10.818186462951772
2025-04-25,LIH,SEA,DL,-7.0,-19.368276781180683
2025-04-18,SFO,JFK,DL,-38.0,-18.879048923008266
2025-04-15,IAD,BTV,YX,-15.0,-14.760695755685866
2025-04-26,LGB,DEN,WN,54.0,21.280214343616727
2025-04-07,PDX,LAS,AS,-15.0,-11.329329529786285
2025-04-07,BWI,TPA,F9,-3.0,-13.272184242657914
2025-04-05,DEN,SFO,UA,-26.0,-7.029687760311937
2025-04-02,MSP,MCI,DL,8.0,1.3227535233011727
2025-04-11,IND,DFW,AA,-15.0,-6.364721021514637
2025-04-22,PHL,GSP,OH,5.0,2.875397264757452
2025-04-19,EWR,BOS,YX,-12.0,-15.577468672740448
2025-04-04,MSP,MOT,OO,-6.0,-6.464661824902365
2025-04-08,ITO,HNL,WN,-6.0,-9.958243867052182
2025-04-27,EWR,ROC,YX,-19.0,-20.82423207965158
2025-04-22,BUF,DCA,OH,-13.0,-9.65360228027336
2025-04-22,AUS,JFK,AA,-3.0,-6.873212395752363
2025-04-16,SFO,PIT,UA,-17.0,-5.829110512970084
2025-04-09,DEN,CLE,WN,-15.0,-10.51557962388518
2025-04-21,IAH,DEN,UA,8.0,21.995495915814725
2025-04-28,DCA,STL,WN,-9.0,-8.501637239633034
2025-04-04,ATL,RDU,DL,40.0,37.71824750122099
2025-04-21,MIA,RDU,AA,-1.0,-3.14541006695611
2025-04-22,SFO,SNA,OO,-5.0,-8.658553390479986
2025-04-25,SJU,BDL,B6,-30.0,-15.537523456202095
2025-04-14,BHM,DAL,WN,-22.0,-17.15365906492628
2025-04-11,LGB,SJC,WN,-16.0,-13.759345898048451
2025-04-19,CLT,ATL,OH,6.0,7.27722942255242
2025-04-10,DFW,GSO,AA,17.0,11.21074316805708
2025-04-27,DAL,TUS,WN,-11.0,-6.298189571993099
2025-04-05,IAH,DFW,UA,188.0,176.31253312732534
2025-04-02,EWR,SFO,UA,13.0,-3.353414450945049
2025-04-11,MSP,MCI,DL,-9.0,-12.626120555171443
2025-04-22,HOU,HRL,WN,-11.0,-8.007514902310728
2025-04-07,SFO,SAN,WN,16.0,22.92484773201231
2025-04-25,LGA,MIA,AA,-20.0,-16.47823713004573
2025-04-28,MDW,MCO,WN,-11.0,-11.038938884853454
2025-04-02,AUS,EWR,UA,-21.0,-10.855366067286667
2025-04-02,BOS,LAS,DL,0.0,-3.5436614233907804
2025-04-08,BOI,LAS,WN,-15.0,-15.535597632542604
2025-04-23,FLL,DFW,AA,66.0,70.98791620067067
2025-04-17,PDX,STS,OO,3.0,-14.377587284172193
2025-04-13,LAS,IAH,F9,17.0,-8.219380584052933
2025-04-07,BNA,SLC,DL,-8.0,-15.178187359110758
2025-04-21,LAX,BOI,OO,-19.0,-23.723759160090175
2025-04-24,SFO,ONT,OO,-7.0,-13.230921862855386
2025-04-12,DEN,TUL,OO,-5.0,-6.093588206009301
2025-04-23,SMF,LAX,OO,-15.0,-14.04802890058479
2025-04-30,SJC,ORD,UA,-28.0,-15.237206958176436
2025-04-23,SEA,DEN,AS,47.0,40.18590877229615
2025-04-10,ONT,AUS,WN,-3.0,-7.931458075132259
2025-04-14,RSW,MSP,DL,37.0,45.79805673056815
2025-04-27,DCA,IND,YX,43.0,33.83841929752624
2025-04-07,CHS,DFW,AA,9.0,2.513759138894259
2025-04-28,BOS,ATL,DL,-12.0,1.0032434934229695
2025-04-06,MIA,ATL,DL,251.0,266.1603660832966
2025-04-28,CMH,MCO,WN,-7.0,4.481510445621771
2025-04-17,BWI,BUF,WN,21.0,18.9227657442172
2025-04-07,LIT,LGA,YX,-23.0,-17.168388970902335
2025-04-28,LAS,CLE,F9,8.0,5.491853838137054
2025-04-17,LAS,DTW,DL,30.0,35.411083429082716
2025-04-28,STL,SLC,DL,-10.0,-14.522728789581851
2025-04-02,DFW,AMA,MQ,43.0,32.80186080625634
2025-04-24,SAN,PHX,WN,20.0,19.054704914874748
2025-04-08,ITO,HNL,HA,-11.0,-12.96452532736389
2025-04-01,MCO,CLE,F9,47.0,58.89432672215864
2025-04-20,LAS,BUF,WN,48.0,61.28600613409251
2025-04-07,TPA,STL,WN,-17.0,-8.890549538967871
2025-04-24,LAS,HOU,WN,44.0,54.7040157699449
2025-04-29,DEN,EWR,UA,36.0,0.5316964481718367
2025-04-05,CHS,JFK,B6,-28.0,-16.189776667961333
2025-04-11,AUS,TPA,WN,-7.0,-2.395645525269508
2025-04-08,DEN,BOI,UA,3.0,-1.6088180372336875
2025-04-17,PIT,SFO,UA,-10.0,-19.370664633084605
2025-04-28,ATL,LAS,DL,-8.0,-5.468415658922218
2025-04-07,BWI,MCO,WN,6.0,5.157727619395024
2025-04-04,ORF,JFK,YX,-5.0,-0.6256336028329139
2025-04-05,IDA,SLC,OO,16.0,16.265064360387854
2025-04-03,FLL,ATL,WN,-11.0,-4.171747436605779
2025-04-19,SAV,ORD,UA,-37.0,-26.820555388389288
2025-04-23,TPA,MSP,DL,-16.0,-9.877562242255083
2025-04-13,SJC,LGB,WN,-1.0,-2.425986689229969
2025-04-07,XNA,ORD,MQ,14.0,15.211104547493699
2025-04-21,ORD,XNA,AA,-19.0,-20.9893034752058
2025-04-27,MCO,ATL,DL,-6.0,-2.6762230187118536
2025-04-11,LAS,SAN,WN,177.0,179.79101289922767
2025-04-19,PHL,LAX,AA,55.0,56.56128253194816
2025-04-09,OMA,CLT,OH,-23.0,-18.58684415297804
2025-04-03,SLC,TWF,OO,20.0,19.690560052884873
2025-04-17,MCO,SLC,DL,-10.0,-5.44807306604922
2025-04-13,LGA,CMH,YX,-24.0,-29.268133295170266
2025-04-16,ORD,RNO,UA,-11.0,-15.589013892678153
2025-04-23,ATL,LGA,DL,15.0,14.230646218435211
2025-04-04,PHL,CLT,AA,79.0,71.30363700094105
2025-04-29,ECP,DEN,WN,-18.0,-12.092026912301812
2025-04-01,DCA,PHX,AA,6.0,-14.647874963110521
2025-04-07,BWI,BOS,WN,-25.0,-12.15365384396749
2025-04-01,BOS,HNL,HA,-15.0,-17.434114799132924
2025-04-25,OAK,MCI,WN,22.0,21.994576335434914
2025-04-19,ORD,MSP,DL,-16.0,-13.649292841575367
2025-04-01,PIT,ATL,DL,-14.0,-9.893079549530512
2025-04-09,ATL,TPA,DL,18.0,-3.5059232141816494
2025-04-27,RDU,ORD,MQ,57.0,54.52427926506255
2025-04-02,PHL,MSY,AA,-20.0,-11.916328223419104
2025-04-15,SFO,LAS,AS,-5.0,-5.107241900356026
2025-04-12,DEN,CPR,OO,-13.0,-13.462393969510686
2025-04-17,ORD,DSM,OO,109.0,106.15209970023457
2025-04-30,LGA,EYW,YX,40.0,50.135855104035045
2025-04-18,ATL,MDW,F9,-21.0,-18.501496562760956
2025-04-14,ALB,FLL,B6,-26.0,-10.249039575527508
2025-04-18,PHX,LAX,WN,8.0,-0.3720099331592328
2025-04-16,ORD,IAH,UA,-14.0,-2.787860598033838
2025-04-22,DTW,BOS,DL,-12.0,-11.370074797975313
2025-04-10,DCA,JFK,YX,-13.0,-7.343521451430627
2025-04-09,SEA,IAD,AS,-9.0,-0.780197804103361
2025-04-26,CLT,SYR,AA,-9.0,-16.696493819923354
2025-04-09,LAX,SEA,DL,-19.0,-15.411330347544421
2025-04-24,BOS,CHS,B6,-1.0,10.476539486417504
2025-04-10,IAH,LGA,UA,2.0,-4.997667812113287
2025-04-21,SJC,SEA,AS,-3.0,-0.47838056167981513
2025-04-16,DEN,SAT,WN,-11.0,-3.092144188737354
2025-04-28,BNA,ORD,MQ,-10.0,-8.059174473284045
2025-04-22,LAX,MDW,WN,-23.0,-16.848638608848056
2025-04-18,HNL,ITO,WN,-4.0,-2.0298094199356775
2025-04-17,CLT,DTW,AA,-8.0,-14.614578342087661
2025-04-20,MSY,DCA,AA,-15.0,0.29902564996176473
2025-04-23,LIH,HNL,HA,1.0,-2.5914651202724475
2025-04-21,DFW,TLH,MQ,21.0,3.875781944625576
2025-04-23,DEN,STL,WN,0.0,6.126030593297218
2025-04-05,SAF,DEN,OO,-19.0,-16.275745635059984
2025-04-12,JFK,BOS,B6,-4.0,3.804577021214559
2025-04-04,GRR,DFW,MQ,54.0,14.85220417749938
2025-04-24,TPA,BNA,WN,-18.0,-16.20870646813328
2025-04-06,BOS,MKE,YX,5.0,-13.999236988554223
2025-04-01,DEN,SNA,UA,24.0,25.752992436581014
2025-04-04,BOS,ORD,UA,9.0,-15.251346898570716
2025-04-10,EWR,DEN,UA,-16.0,-16.826732262465836
2025-04-09,AUS,HOU,WN,6.0,1.1921490491178073
2025-04-02,DEN,FLL,UA,12.0,4.249400804662041
2025-04-16,BOS,RDU,B6,-18.0,-9.588770736238267
2025-04-29,CRW,ATL,OO,-16.0,-20.724970692775145
2025-04-01,BUR,SFO,OO,6.0,8.668065768701734
2025-04-03,DFW,AUS,AA,15.0,11.962862232298633
2025-04-21,TUL,PHX,OO,-6.0,-4.806069681724431
2025-04-24,PHL,LAS,F9,-42.0,-17.5141055783695
2025-04-17,BNA,JFK,YX,-16.0,-17.364272240718122
2025-04-28,SAN,SLC,DL,-11.0,-19.036412666626365
2025-04-28,BDL,DTW,DL,-24.0,-14.917107298094766
2025-04-08,CLT,PBI,AA,37.0,-4.662166972810761
2025-04-05,ORD,JAX,UA,5.0,-7.128722860128317
2025-04-20,HPN,ATL,DL,-1.0,-3.3446576583994805
2025-04-03,DEN,LGB,WN,-18.0,-6.07951926129857
2025-04-16,JFK,FLL,DL,-17.0,-2.60991130737383
2025-04-06,DEN,BOS,B6,-32.0,-19.541091790582453
2025-04-12,VPS,CVG,G4,-5.0,-14.657065504602237
2025-04-27,RSW,BOS,NK,-7.0,-15.134371403211585
2025-04-19,LIH,HNL,HA,-1.0,-0.37294578366598685
2025-04-29,BOS,PHL,YX,-19.0,-14.48627079653463
2025-04-05,ORD,CMI,MQ,-12.0,-12.809194051780064
2025-04-14,MEM,ATL,DL,-21.0,-19.3621733594547
2025-04-12,AUS,BWI,WN,-19.0,-19.275976265944536
2025-04-08,MCO,PHL,F9,-24.0,-5.006376105233478
2025-04-19,CHS,HOU,WN,-19.0,-7.34651972964706
2025-04-07,BWI,PHX,WN,-30.0,-15.095841266757645
2025-04-17,PSP,ORD,UA,-25.0,-10.612315141828397
2025-04-28,PIT,BOS,B6,-13.0,-16.861421588611787
2025-04-11,SLC,SUN,OO,-1.0,-3.709483213525637
2025-04-07,GJT,DEN,OO,-26.0,-21.291846525267665
2025-04-15,LAS,MSP,DL,56.0,46.75469945494699
2025-04-30,MKE,STL,WN,-14.0,-14.592110157194156
2025-04-13,BWI,LAX,UA,-19.0,-11.19734581031788
2025-04-22,CAE,DCA,OH,48.0,62.088583519226766
2025-04-23,SDF,ATL,DL,-29.0,-22.134346320083488
2025-04-21,AUS,IND,WN,78.0,78.89290786510782
2025-04-15,CID,DEN,UA,-15.0,-12.40320515428089
2025-04-07,SEA,FAI,AS,-6.0,1.0288513204507748
2025-04-16,DAB,ATL,DL,-18.0,-9.872107166759893
2025-04-28,SJC,LAS,NK,8.0,0.5025814946697942
2025-04-29,KOA,HNL,WN,-5.0,-7.900228243707257
2025-04-13,ORD,SLN,OO,-20.0,-14.061734703075242
2025-04-17,MIA,DEN,AA,-22.0,-17.76694631377346
2025-04-20,PDX,LAS,NK,-21.0,-16.880922934930073
2025-04-22,BOS,RSW,B6,-15.0,-13.21566285097511
2025-04-16,BUF,LGA,YX,639.0,638.9615644587226
2025-04-17,SEA,SFO,AS,-19.0,-5.511063997340074
2025-04-02,STL,TPA,WN,20.0,32.005453686826044
2025-04-07,SFO,RDM,OO,-22.0,-16.802419329398305
2025-04-02,JNU,KTN,AS,-26.0,-24.39542746751132
2025-04-14,DCA,ORD,UA,14.0,-2.9000091439086315
2025-04-25,ORF,ORD,YX,-18.0,-14.924444370991722
2025-04-15,LGA,MSP,DL,-6.0,-8.706363212393416
2025-04-14,RFD,SFB,G4,-33.0,-31.325903677934534
2025-04-29,DFW,ORD,NK,-13.0,-11.340609345988067
2025-04-10,DEN,GJT,UA,-18.0,-15.356305161584384
2025-04-29,DFW,EVV,MQ,-15.0,-26.72952129354281
2025-04-20,MCO,IAH,UA,11.0,30.102030912928868
2025-04-04,ALB,DTW,OO,-7.0,-17.00071902285535
2025-04-18,JAX,ORD,MQ,-17.0,-7.238752966388105
2025-04-16,OKC,ATL,DL,-22.0,-16.512187461188113
2025-04-05,MSP,BIS,OO,854.0,848.6760201460993
2025-04-05,DTW,FLL,DL,55.0,54.59009027964396
2025-04-30,MIA,ATL,AA,-6.0,-15.241365769284613
2025-04-24,STL,PHL,AA,-13.0,-15.499224269610217
2025-04-03,SFO,ONT,OO,-15.0,-13.207938465782377
2025-04-28,ORD,DTW,MQ,-15.0,-8.98325682701996
2025-04-03,CID,DCA,OH,41.0,29.491765656756783
2025-04-08,LAX,FLL,B6,-12.0,-12.064906954634328
2025-04-21,PHX,LAX,WN,11.0,16.613506827036744
2025-04-29,ONT,LAS,WN,-14.0,-17.348133070773095
2025-04-17,BUR,SMF,WN,-5.0,-6.354991225785227
2025-04-20,ORF,DCA,OH,-13.0,-12.266364014687728
2025-04-13,DAL,LAX,WN,8.0,-1.7494468685855722
2025-04-27,PHX,ORD,AA,-5.0,-7.933658642367337
2025-04-05,CLT,MCO,AA,-13.0,-16.125223661745785
2025-04-04,FNT,PIE,G4,-7.0,-9.228101620468346
2025-04-08,DTW,HPN,OO,-1.0,-9.888251468266109
2025-04-16,LAS,PHL,NK,-34.0,-17.27065484000481
2025-04-21,MSP,LAS,DL,5.0,-3.0779232280966298
2025-04-17,MIA,DCA,DL,-12.0,-15.984264553331833
2025-04-22,SMF,IAD,UA,-11.0,1.0864191566376906
2025-04-21,LWS,SEA,OO,-19.0,-17.785458276198263
2025-04-03,MSP,SEA,DL,-9.0,-7.7085927678257615
2025-04-06,DSM,PIE,G4,-20.0,-29.569438333009053
2025-04-03,BWI,GRR,WN,-12.0,-11.990739368610829
2025-04-05,DCA,HSV,OH,-8.0,-22.377513421447105
2025-04-15,DFW,ROW,OO,-5.0,-12.893633480587933
2025-04-27,CLT,BDL,AA,0.0,-9.040595233825556
2025-04-10,SFB,GRR,G4,-6.0,-0.269877077730162
2025-04-19,HOU,ECP,WN,-2.0,-1.5355218740719607
2025-04-18,DEN,JAC,UA,87.0,90.25469370786328
2025-04-19,IAH,DEN,UA,10.0,-18.88980357993844
2025-04-30,SYR,JFK,B6,-25.0,-31.815645055497868
2025-04-02,DTW,PHX,DL,21.0,-14.524428822380184
2025-04-08,ORD,RDU,UA,-6.0,-2.917746868989912
2025-04-11,SLC,DAL,WN,-15.0,-12.496628640642196
2025-04-04,BOS,ATL,DL,-2.0,-5.169930578033313
2025-04-14,HOU,ATL,WN,-8.0,-11.459035827184149
2025-04-16,IAH,SJU,UA,-31.0,-18.021348984363684
2025-04-22,PHL,ORD,UA,68.0,66.0883349843772
2025-04-18,HOU,ABQ,WN,-18.0,-14.53300798692672
2025-04-30,MSP,BNA,DL,0.0,-2.9628140993974803
2025-04-25,BUR,SEA,AS,-15.0,-20.923523284483302
2025-04-14,DCA,TPA,AA,156.0,145.88609644777532
2025-04-04,PHX,SFO,F9,-8.0,-12.578873675272547
2025-04-03,PGD,RIC,G4,-5.0,-9.62789955776099
2025-04-03,LCK,PGD,G4,-37.0,-28.657138156799313
2025-04-04,DSM,ORD,MQ,-9.0,-5.19632749941491
2025-04-20,TPA,CLE,UA,-27.0,-17.4241433708597
2025-04-12,LAX,JFK,DL,-22.0,-16.73866242576075
2025-04-02,SLC,SMF,DL,-24.0,-19.03567923351595
2025-04-08,BOS,MDW,WN,3.0,1.958943586035935
2025-04-02,LAX,SJC,WN,-19.0,-13.84864632400761
2025-04-08,MIA,MSY,AA,27.0,24.197703555959546
2025-04-29,BOS,ORD,UA,-27.0,-22.78958754768484
2025-04-19,VPS,BOS,G4,-5.0,-12.723826472670503
2025-04-30,MHT,FLL,B6,-38.0,-24.817690433051986
2025-04-18,PHX,SAN,WN,12.0,14.911409016899405
2025-04-26,MSP,BNA,DL,-3.0,2.0028595343081848
2025-04-08,ILM,EWR,YX,9.0,34.54016573181065
2025-04-20,DCA,ATL,DL,-21.0,-16.306287951626295
2025-04-03,DCA,ORF,OH,-9.0,-9.318402621814283
2025-04-13,JFK,MIA,B6,-37.0,-10.74469812123565
2025-04-02,FLL,BNA,WN,-23.0,-11.464325038823635
2025-04-20,MIA,EYW,MQ,-2.0,-8.455293734459225
2025-04-17,MCO,ORD,UA,11.0,-6.265381988872036
2025-04-19,AUS,ECP,WN,-11.0,-18.557080001322007
2025-04-25,PNS,CLT,AA,-6.0,-4.5152311252803905
2025-04-06,DTW,MSY,NK,2.0,-13.909319632656352
2025-04-06,DFW,HNL,AA,-27.0,-12.611971644492137
2025-04-01,DRO,PHX,OO,-57.0,-29.088217851665632
2025-04-10,SNA,TUS,OO,23.0,8.803908967555632
2025-04-30,STL,DEN,UA,-15.0,-19.313481014269378
2025-04-29,SJC,LAX,OO,-16.0,-10.818577268807328
2025-04-04,TPA,DTW,NK,106.0,114.34323365400101
2025-04-01,MIA,ORD,AA,-9.0,-17.500400799778234
2025-04-17,DTW,IND,YX,-12.0,-7.801035379160242
2025-04-04,TPA,IAH,UA,-19.0,-6.457573764882056
2025-04-15,LAX,DEN,F9,-34.0,-15.518618398359347
2025-04-07,SGF,DEN,OO,76.0,84.06576885894637
2025-04-20,ONT,SEA,AS,-5.0,-4.516115354805503
2025-04-26,BWI,MCO,WN,154.0,165.43681589090647
2025-04-21,CLE,ATL,DL,-12.0,-12.509180029033985
2025-04-21,MIA,JFK,AA,0.0,5.177657252035634
2025-04-10,XNA,LGA,YX,-16.0,-16.78772341704471
2025-04-15,BNA,PHX,WN,-9.0,-15.256641111969415
2025-04-16,SAT,LAX,NK,-16.0,-22.27163065311308
2025-04-01,LAS,SAN,WN,3.0,10.847846184632953
2025-04-25,DFW,LAX,AA,-3.0,-14.123312563095833
2025-04-17,EWR,ORD,MQ,78.0,69.0637169909391
2025-04-01,PIA,CLT,OH,-30.0,-20.067167126642055
2025-04-01,BHM,ATL,DL,-10.0,-4.106153500140007
2025-04-27,MDW,ATL,WN,-3.0,5.695707063399364
2025-04-06,ORD,GRR,OO,54.0,33.63374734172447
2025-04-10,DSM,PIE,G4,-10.0,-7.871263556485378
2025-04-11,BHM,MIA,MQ,5.0,-1.8994734233853894
2025-04-25,SLC,LAS,DL,6.0,-2.142374325248258
2025-04-24,MIA,SDF,AA,-9.0,-15.244751035689944
2025-04-19,MKE,DTW,DL,-17.0,-24.112745757653116
2025-04-14,CHA,DFW,OH,-36.0,-20.85449394654364
2025-04-28,PHX,DEN,AA,-11.0,-7.181707670562286
2025-04-12,MIA,MCO,AA,-11.0,-4.852808967547196
2025-04-27,SAN,DEN,WN,12.0,23.049609547466954
2025-04-18,LGA,CLT,AA,-20.0,-15.767440888981533
2025-04-26,DEN,FAR,UA,-11.0,-9.921964935328784
2025-04-23,SLC,CVG,DL,6.0,1.2261007341443344
2025-04-17,BNA,IAH,UA,-19.0,-7.861780648955001
2025-04-05,SAV,JFK,B6,2.0,13.09732249728697
2025-04-23,ATL,MSN,DL,32.0,24.270241427170273
2025-04-17,PDX,DCA,AS,-4.0,-2.290048356718753
2025-04-05,PVD,ATL,DL,53.0,61.161202300930995
2025-04-24,CLT,ABE,OH,3.0,-1.6485060314691005
2025-04-19,MIA,CLT,NK,-18.0,-19.15789728653393
2025-04-04,DTW,LGA,DL,-25.0,-20.26675712391073
2025-04-30,JFK,ROC,B6,-6.0,-2.855886048591021
2025-04-16,GRR,EWR,YX,-12.0,-13.17979575849498
2025-04-16,PIT,LGA,YX,50.0,41.33027400142152
2025-04-25,DFW,DAY,OH,9.0,4.783358934318857
2025-04-01,LAS,PHX,AA,-17.0,-13.795782859280958
2025-04-08,PHL,LAX,AA,-24.0,-23.274849995154327
2025-04-23,TPA,PHX,AA,-4.0,-15.193208872139234
2025-04-14,FAT,SLC,OO,-16.0,-12.93583900164974
2025-04-13,LAS,DFW,AA,-15.0,-15.270066757240564
2025-04-11,JAX,CLT,AA,123.0,136.32892018209233
2025-04-23,SFO,SAN,UA,-11.0,-6.793654755629168
2025-04-30,MFE,IAH,OO,-13.0,-7.561615461647763
2025-04-28,OMA,DCA,YX,-7.0,-8.560635467643245
2025-04-07,EWR,PBI,UA,-6.0,-14.483002432145923
2025-04-29,ATL,SFO,UA,-6.0,-18.24656096543861
2025-04-11,SDF,PIE,G4,88.0,92.7978542418885
2025-04-06,PNS,DFW,AA,-18.0,-15.137790906659713
2025-04-28,BOS,CMH,YX,27.0,31.137672376215342
2025-04-19,JFK,LAX,B6,-33.0,-11.381761159056428
2025-04-20,SFO,SLC,DL,-16.0,-19.66669829490982
2025-04-27,BWI,BOS,NK,64.0,62.38558014654283
2025-04-29,LAX,DCA,AS,15.0,-11.774471352506193
2025-04-17,MCO,EWR,UA,61.0,58.069239318857555
2025-04-15,MIA,ATL,AA,-20.0,-15.801567612674276
2025-04-22,XNA,CLT,AA,-33.0,-22.93078479489101
2025-04-13,DEN,FLL,UA,-20.0,-15.194746972948725
2025-04-04,SEA,SAN,AS,-13.0,4.921595894309367
2025-04-11,PIT,MDW,WN,-3.0,2.8261958334967243
2025-04-27,HPN,PBI,B6,-39.0,-29.983109538582525
2025-04-25,OKC,ATL,DL,-2.0,-3.793679993830551
2025-04-01,GRR,PHX,AA,12.0,-3.9475723519799217
2025-04-22,BOS,SAV,YX,5.0,-5.81944922429707
2025-04-17,FLL,ATL,DL,8.0,-5.805753291540553
2025-04-25,LAS,SLC,WN,114.0,118.04448474667188
2025-04-18,MAF,IAH,OO,-7.0,-10.79473827349636
2025-04-29,BNA,CLT,AA,-28.0,-16.021485816299364
2025-04-22,HSV,DEN,OO,-22.0,-19.627401377488507
2025-04-04,MCI,DCA,OH,6.0,18.138267190342802
2025-04-05,STL,LGA,WN,-29.0,-18.433432269723127
2025-04-28,DTW,LGA,DL,9.0,4.190425375779453
2025-04-09,DTW,MDW,OO,3.0,1.2609188420316766
2025-04-09,PHL,BDL,OH,33.0,29.081664331109653
2025-04-08,SMF,SEA,OO,42.0,-1.3999167732290285
2025-04-13,MCI,AUS,WN,-3.0,1.1811846115143414
2025-04-16,JFK,DEN,DL,4.0,-0.17085230663642292
2025-04-24,CLT,EWR,UA,9.0,4.244381830953412
2025-04-26,SAN,MIA,AA,-13.0,-6.297996290825127
2025-04-18,DVL,DEN,OO,969.0,980.1374100247949
2025-04-20,HSV,DFW,AA,125.0,132.96913660738923
2025-04-05,MSP,DLH,OO,-4.0,-16.712562153374545
2025-04-08,BWI,MCO,F9,27.0,-7.300962441196386
2025-04-16,IAH,MIA,UA,-22.0,-10.143679001634844
2025-04-07,AUS,BNA,OO,-15.0,0.6152152420599482
2025-04-05,ATL,DAL,DL,34.0,-15.767174042566158
2025-04-01,ABE,SFB,G4,-26.0,-22.746840447374332
2025-04-17,PHX,ATL,AA,-21.0,-11.921661819818521
2025-04-20,IAH,PHX,UA,-18.0,-5.839637585641196
2025-04-10,PHX,ICT,WN,-8.0,-7.802270038240039
2025-04-27,ABQ,DAL,WN,-13.0,-11.21199655345172
2025-04-08,ATL,GRR,DL,-4.0,-7.9577250572552245
2025-04-07,BWI,IND,WN,51.0,43.56014774068039
2025-04-02,SAN,MDW,WN,-28.0,-7.594273688836445
2025-04-13,BUF,RSW,WN,-22.0,-8.264967927095078
2025-04-02,SAN,RNO,WN,-14.0,-15.188325979909877
2025-04-28,MIA,MCO,AA,4.0,-14.160412437080382
2025-04-11,OAK,BUR,WN,-1.0,-2.5538935704039964
2025-04-04,RSW,MDW,WN,-24.0,-12.091998910410634
2025-04-03,TPA,DCA,AA,23.0,3.4630192827021054
2025-04-07,ATL,LAX,DL,37.0,40.344652525566
2025-04-07,PHL,BNA,AA,7.0,-14.096466406840356
2025-04-10,TPA,ISP,F9,-8.0,3.746300635742419
2025-04-01,OAK,PSP,WN,-19.0,-9.493944103062713
2025-04-25,SJU,CLE,F9,-40.0,-17.16121832115618
2025-04-29,LGB,SMF,WN,1.0,0.6879337871909712
2025-04-18,ORD,CMH,YX,-19.0,-10.138211433640723
2025-04-11,ATL,TLH,DL,31.0,25.780196981085567
2025-04-03,HOU,LAX,WN,-19.0,-14.13924297982794
2025-04-17,DEN,HOB,OO,20.0,12.52621099737125
2025-04-15,JAX,DEN,WN,-10.0,-1.7037776378943832
2025-04-19,DEN,GCC,OO,0.0,-1.977731825294641
2025-04-04,KOA,LIH,HA,-2.0,-2.9578246860915947
2025-04-25,EYW,CVG,G4,3.0,-3.4020394716105216
2025-04-24,PHX,SEA,OO,0.0,6.137374179632394
2025-04-07,SJU,IAH,UA,12.0,4.840291343790024
2025-04-02,LAS,DAL,WN,46.0,44.80165724851248
2025-04-19,PHX,LAX,AA,2.0,-8.16190807593068
2025-04-02,ATL,SJC,DL,8.0,-21.069647326629948
2025-04-18,MSP,PIT,DL,-20.0,-19.786857152276717
2025-04-28,ORF,ATL,DL,-28.0,-19.100111954473945
2025-04-04,DTW,IAH,DL,-2.0,-12.322971696656865
2025-04-27,LAX,SAT,NK,-22.0,-21.924229705421396
2025-04-08,MDW,LAX,WN,2.0,2.3343539365297516
2025-04-04,MSP,CLT,AA,-8.0,-19.218411791344852
2025-04-24,ORF,MIA,AA,-14.0,-6.792416865402151
2025-04-16,SLC,DAL,WN,-20.0,-11.908293605736386
2025-04-08,ORD,LGA,UA,-2.0,6.699605474466955
2025-04-23,AUS,MCO,WN,26.0,-12.327616049476582
2025-04-18,IND,MCO,WN,-22.0,-13.897396396669254
2025-04-03,RDU,MIA,DL,-18.0,-13.164851069113631
2025-04-02,ABQ,DAL,WN,39.0,-4.925068699501965
2025-04-13,ORD,MSP,UA,-6.0,-12.052962545900424
2025-04-07,SMF,BNA,WN,14.0,-4.329216751517251
2025-04-16,ATL,RDU,DL,-12.0,-11.596507076688326
2025-04-30,SLC,LAS,F9,-25.0,-16.020815592766503
2025-04-08,SAT,LAX,WN,39.0,43.89935962837513
2025-04-02,SFO,IAD,UA,22.0,-8.20401928272032
2025-04-18,ORD,ICT,MQ,-16.0,-19.617122271687858
2025-04-06,SNA,CLT,AA,-18.0,-2.675370932361698
2025-04-28,CMH,ORD,YX,-5.0,7.333370368933707
2025-04-10,BIS,DEN,OO,-50.0,-25.795270351884263
2025-04-29,JFK,CLE,YX,-18.0,-21.83621681869755
2025-04-05,EWR,MCO,NK,-5.0,-3.0511398340021483
2025-04-23,PIT,EWR,YX,-1.0,-14.277675729311333
2025-04-11,ATL,BDL,DL,16.0,16.709761780666312
2025-04-22,BWI,SJU,NK,-2.0,-15.127664334232616
2025-04-16,RHI,MSP,OO,1.0,-4.155141659359561
2025-04-18,DTW,MSN,OO,-9.0,-12.10278381539047
2025-04-30,MCI,BWI,WN,389.0,382.9912411964046
2025-04-27,FLL,PHL,AA,39.0,38.32262890772875
2025-04-26,BUF,PBI,B6,-30.0,-6.042638097116365
2025-04-13,BNA,LAX,WN,-4.0,-5.052979277589689
2025-04-25,MSP,CLE,OO,-11.0,-11.31146520900321
2025-04-29,DEN,MDW,WN,51.0,64.1025161736807
2025-04-07,JFK,PIT,YX,-12.0,-24.693671376394278
2025-04-03,TYS,JAX,G4,-24.0,-14.752402751330994
2025-04-11,CLT,HPN,OH,4.0,3.5630940646457177
2025-04-29,DCA,CVG,YX,-19.0,-15.00087800751831
2025-04-16,LAS,AUS,WN,-2.0,-1.1052843414039648
2025-04-12,LAS,BUF,WN,17.0,4.089266553688203
2025-04-22,FSM,DFW,MQ,4.0,10.160358789427873
2025-04-09,DTW,PHX,DL,5.0,2.440620132252059
2025-04-13,CLE,IAD,YX,15.0,3.892522438621249
2025-04-20,ATL,IND,DL,1.0,7.111705079134012
2025-04-23,PHX,SBA,OO,-6.0,-6.53689248141724
2025-04-28,DTW,MBS,OO,-10.0,-10.312610503038115
2025-04-20,IAH,DCA,UA,-21.0,-3.4405865516428626
2025-04-02,STL,ORD,UA,257.0,190.1013954186853
2025-04-13,MSP,MDW,WN,-2.0,3.7903441427618914
2025-04-26,AZA,GRR,G4,30.0,25.742291749306936
2025-04-13,DCA,TYS,OH,82.0,83.37078870993986
2025-04-11,EWR,MCO,UA,-5.0,-15.500824524999668
2025-04-10,MIA,LGA,AA,-10.0,-8.604371792234065
2025-04-17,ATL,GSO,DL,6.0,-0.7896347082177373
2025-04-18,SMF,ORD,AA,-11.0,-11.812351774145338
2025-04-17,DAL,BNA,WN,115.0,122.2560093400744
2025-04-23,MIA,PNS,MQ,19.0,10.819620006740209
2025-04-25,DEN,GEG,UA,170.0,171.11247086935523
2025-04-22,ATL,DSM,DL,15.0,19.019660848056887
2025-04-04,DEN,STL,WN,-5.0,-4.048139202345233
2025-04-25,DFW,DTW,NK,-5.0,-6.959268480451183
2025-04-05,IND,ATL,DL,-17.0,-17.169358411529064
2025-04-27,DFW,SAV,MQ,-12.0,-17.157530685077404
2025-04-16,MCO,PHL,F9,-11.0,-8.306759729272791
2025-04-14,IAD,RDU,YX,-10.0,-5.451673542701695
2025-04-22,DEN,RAP,OO,-20.0,-20.69403997240303
2025-04-14,CLT,PHX,AA,-2.0,-7.193929301541795
2025-04-22,BOS,LAX,UA,3.0,-11.24749352302575
2025-04-24,EWR,ATL,F9,19.0,20.106197640390782
2025-04-20,MCI,DEN,WN,9.0,18.540990737964798
2025-04-11,CMH,MDW,WN,-12.0,-11.840473441516167
2025-04-02,BNA,DEN,WN,15.0,16.746574982685555
2025-04-15,DEN,PHX,UA,-13.0,-14.368220963125381
2025-04-07,MSO,DFW,MQ,19.0,13.820638495072476
2025-04-15,SLC,ABQ,OO,7.0,0.11427634898051497
2025-04-15,TYS,ORD,OO,-19.0,-15.74846756724996
2025-04-26,XNA,ORD,OO,-12.0,-13.419283478878391
2025-04-23,SLC,SUN,OO,-22.0,-23.22261653755244
2025-04-07,PHL,SAN,AA,198.0,198.65401803889645
2025-04-06,CMH,FLL,WN,-19.0,-18.223965426082042
2025-04-14,JAX,BWI,WN,-6.0,-12.391524003920274
2025-04-08,CMH,LAX,AA,-21.0,-11.013881143448295
2025-04-23,ESC,DTW,OO,-34.0,-28.15479589479014
2025-04-08,ATL,RIC,DL,-1.0,1.136619264245227
2025-04-19,STL,DCA,WN,27.0,41.58787033089697
2025-04-18,MEM,LGA,YX,-13.0,-14.516729771140383
2025-04-19,FLL,EWR,UA,-1.0,1.53249020431611
2025-04-11,TPA,ATL,F9,-19.0,-11.578650481177025
2025-04-06,PIT,CLT,AA,-4.0,-14.64912967059098
2025-04-15,PHX,FAT,OO,7.0,10.871296767043368
2025-04-01,ATL,PHL,F9,31.0,44.255003938372376
2025-04-20,MDW,DAL,WN,8.0,-8.43885047329832
2025-04-01,SAN,HNL,WN,2.0,9.122560053799551
2025-04-04,FAT,DEN,UA,-4.0,-7.504371836162967
2025-04-07,SNA,OAK,WN,-20.0,-13.607766163782074
2025-04-21,SAN,OAK,WN,-3.0,-1.526034937247415
2025-04-13,SNA,SJC,WN,-3.0,2.0454871567145068
2025-04-13,IAD,SFO,UA,2.0,-5.502733941953389
2025-04-09,DFW,RNO,AA,-7.0,-11.358810603432957
2025-04-11,MSP,ORD,UA,4.0,3.4415218214383128
2025-04-05,CDV,ANC,AS,-24.0,-20.131844968779724
2025-04-12,BWI,JAX,WN,-13.0,-6.77395870011026
2025-04-25,SFO,ORD,UA,-20.0,-20.28206718035871
2025-04-13,STL,BOS,MQ,49.0,48.68083846537483
2025-04-13,MSN,ORD,YX,7.0,-14.419917812406638
2025-04-12,DCA,LAX,AA,-31.0,-14.801522810058714
2025-04-11,JFK,CMH,YX,-10.0,-4.278546562027767
2025-04-10,PHX,SMF,WN,-14.0,-10.825523000056865
2025-04-04,BWI,BUF,WN,-10.0,-5.905572059856741
2025-04-29,SMF,GEG,WN,-3.0,-4.853103970586137
2025-04-09,BOS,JFK,B6,-6.0,-10.347421836318706
2025-04-20,DEN,CMH,WN,-11.0,-15.223404267535745
2025-04-25,TPA,ATL,DL,61.0,67.3924603059999
2025-04-03,SFO,CLT,AA,30.0,10.164228097210767
2025-04-05,DFW,RSW,AA,307.0,259.45763762549274
2025-04-15,SAV,ORD,UA,0.0,3.3018846804460864
2025-04-02,CLT,TPA,AA,-18.0,-10.044217857881002
2025-04-27,BNA,PHL,NK,-3.0,-9.511789802477079
2025-04-23,OAK,LAX,WN,-13.0,-6.978148201793795
2025-04-21,PHX,MDW,WN,243.0,244.01757019772873
2025-04-06,RSW,DCA,MQ,1.0,9.091610698369088
2025-04-01,MKE,BOS,YX,-20.0,-8.181067542364127
2025-04-22,EWR,LAX,UA,26.0,37.08295703039385
2025-04-24,MCO,EWR,UA,44.0,43.62805513719034
2025-04-01,IAD,DFW,UA,-1.0,-1.364702770402861
2025-04-18,BUF,LGA,YX,0.0,-14.219152719846655
2025-04-30,BOI,SJC,OO,-20.0,-15.159188773607127
2025-04-19,SAN,DFW,AA,1.0,-4.9558304580198005
2025-04-27,MYR,ATL,DL,-12.0,-4.961078553329957
2025-04-12,BOS,PQI,B6,-16.0,-11.686289365264575
2025-04-30,AUS,BNA,WN,-6.0,-10.617957133806406
2025-04-27,PDX,BUR,AS,-14.0,-6.728089260073055
2025-04-06,PVD,BWI,WN,-7.0,-3.3563607635543136
2025-04-25,PHX,DTW,F9,136.0,142.73397611379434
2025-04-02,MSP,BOS,DL,37.0,2.198844595450254
2025-04-08,DTW,MCO,DL,-3.0,-13.983084833179817
2025-04-26,CLT,VPS,AA,-14.0,-14.93486194427458
2025-04-01,RDU,MIA,DL,-13.0,-10.148791476935742
2025-04-25,GRB,ORD,MQ,87.0,73.28357243302429
2025-04-29,DEN,DRO,OO,16.0,20.20173151388529
2025-04-08,STL,BNA,WN,-16.0,-12.065131057705173
2025-04-11,DEN,FAT,OO,-18.0,-5.189220817298356
2025-04-13,DFW,DEN,AA,-12.0,-14.769953192401857
2025-04-20,DEN,MTJ,UA,21.0,27.762979431369722
2025-04-30,MCO,CLT,AA,32.0,30.684160114699516
2025-04-30,RIC,PHL,OH,-6.0,-0.3898710892355748
2025-04-29,SFO,JFK,AS,14.0,-8.18601139262232
2025-04-17,RDU,LGA,YX,-4.0,-7.668604970199619
2025-04-23,IAH,DFW,UA,-19.0,-9.335188094321087
2025-04-19,RNO,LAS,WN,-34.0,-17.059549444295634
2025-04-04,DEN,DFW,AA,25.0,-4.288437479295872
2025-04-30,IAH,ORD,UA,-27.0,-12.06534087028481
2025-04-09,MCO,IND,WN,-1.0,-8.130600080028698
2025-04-14,AUS,ORD,UA,-26.0,-10.297454228399834
2025-04-19,CLT,SAV,OH,-23.0,-13.62917520415768
2025-04-29,SAN,AUS,OO,-9.0,-19.751952211860342
2025-04-14,ABI,DFW,MQ,-1.0,0.9522275609570023
2025-04-10,CLT,SAN,AA,-10.0,-7.9235695682168235
2025-04-16,SNA,EWR,UA,-51.0,-20.58693046516409
2025-04-06,PIT,TPA,WN,-17.0,-14.691548340247405
2025-04-23,LGA,TYS,YX,3.0,-22.5006444909134
2025-04-07,ATL,BHM,DL,181.0,180.1623411164254
2025-04-06,LAX,SMF,OO,-6.0,-16.443518639357436
2025-04-08,PHL,BOS,AA,-17.0,-9.846720017764987
2025-04-15,EWR,LAX,AS,-9.0,-1.136591341439491
2025-04-19,EYW,LGA,YX,-15.0,-7.838555322618923
2025-04-22,HOU,MSY,WN,-15.0,-6.6072800251045685
2025-04-26,IAD,SFO,AS,-17.0,-25.943880232701133
2025-04-24,MIA,DAL,WN,71.0,5.29403732593308
2025-04-23,ORD,CVG,MQ,-17.0,-12.993469600854297
2025-04-11,MCO,CVG,WN,6.0,5.796698504960044
2025-04-08,COS,MDW,WN,-18.0,-15.972212121022189
2025-04-09,SJU,MIA,NK,-5.0,-2.7667168701731626
2025-04-15,SJC,BOI,WN,14.0,16.288173454440006
2025-04-08,ALB,ORD,YX,2.0,-12.577868709291032
2025-04-30,EWR,DFW,UA,106.0,64.71861010146799
2025-04-26,MGW,ORD,OO,-15.0,-16.607712447830014
2025-04-26,ATL,MSP,DL,-19.0,-12.694984527199281
2025-04-07,JFK,SLC,B6,-24.0,-16.097973689512713
2025-04-08,SFO,EWR,UA,-10.0,9.357942243380599
2025-04-10,ATL,EWR,UA,-15.0,-10.755444551484555
2025-04-07,EWR,SJU,F9,195.0,177.13340915886613
2025-04-14,OKC,MCO,WN,-18.0,-14.214498080134259
2025-04-13,ORD,SAT,AA,-17.0,-20.946301597762623
2025-04-01,ORD,EWR,UA,15.0,16.41035163695973
2025-04-30,LGA,CLT,AA,-27.0,-29.904494027983347
2025-04-02,ATL,AUS,WN,-6.0,-15.456444927384808
2025-04-28,SFO,MFR,OO,-13.0,-13.37354883939923
2025-04-05,CLT,CVG,OH,33.0,-0.7507821604381704
2025-04-06,BUF,EWR,UA,-3.0,-9.849843150460227
2025-04-18,ORD,CVG,UA,-15.0,-2.0312668764680044
2025-04-06,ORD,MIA,UA,-2.0,-9.524495236289862
2025-04-08,HOU,ABQ,WN,-18.0,-10.310411025602122
2025-04-18,SLC,BUR,DL,12.0,10.767477512629469
2025-04-05,CMH,PHX,WN,-20.0,-17.817140084564368
2025-04-29,DFW,JAN,OO,-12.0,-15.38515785261868
2025-04-08,LAX,SEA,DL,-25.0,-18.92257038214968
2025-04-24,MCO,IAH,UA,-23.0,-12.313148024961958
2025-04-04,MCO,SAN,AS,-47.0,-7.721705906097753
2025-04-10,DFW,CMH,AA,24.0,20.274199454235394
2025-04-19,VPS,DFW,OH,49.0,58.43729662338913
2025-04-16,DEN,LBB,OO,1.0,6.236547305778197
2025-04-06,CHO,LGA,YX,-31.0,-13.217454785747126
2025-04-04,DAL,ABQ,WN,-1.0,7.28123321337722
2025-04-03,PIT,MCO,WN,40.0,52.0504952494582
2025-04-07,BWI,FLL,WN,11.0,11.105644379410311
2025-04-28,SLC,PHX,WN,-12.0,-15.947730521873051
2025-04-20,PHX,MIA,AA,376.0,355.53752105156855
2025-04-15,BUR,PHX,WN,5.0,-1.0749806550101297
2025-04-03,BUF,BWI,WN,2.0,9.1540472264197
2025-04-11,DEN,MAF,OO,-14.0,-5.274041699040685
2025-04-14,MIA,DTW,DL,-4.0,-9.904390031080919
2025-04-18,MDW,DCA,WN,101.0,116.5292106488478
2025-04-17,LAS,FAT,WN,50.0,57.102201797995185
2025-04-14,STX,MIA,AA,22.0,-1.9134635128561985
2025-04-15,MSY,EWR,UA,49.0,48.61978648091148
2025-04-09,ATL,DCA,YX,20.0,-2.8023823555224396
2025-04-02,DCA,BGR,OH,13.0,17.96352986008563
2025-04-10,DTW,ATL,DL,-12.0,-9.706601419784157
2025-04-23,MKE,DFW,AA,9.0,11.779269235927345
2025-04-10,RDU,AUS,OO,-18.0,-13.653731108626502
2025-04-07,CLE,JFK,YX,0.0,-1.906222090995156
2025-04-17,MSP,SAT,DL,42.0,33.86746584392977
2025-04-25,LAS,LAX,DL,-5.0,-6.2648420616661475
2025-04-22,SMF,DFW,AA,15.0,-9.029788055590712
2025-04-25,BOS,CLT,AA,-15.0,-9.127174548229775
2025-04-16,EUG,SFO,OO,70.0,83.39407822984188
2025-04-05,ATL,ORF,DL,-7.0,-6.11562817154503
2025-04-29,BHM,DTW,OO,-9.0,-10.19666008057188
2025-04-28,JFK,BOS,YX,-21.0,-1.9488004564503782
2025-04-07,DCA,AVL,YX,8.0,13.834402819517512
2025-04-07,ORD,LEX,OO,-13.0,-4.739468314665103
2025-04-12,DEN,MDW,WN,-5.0,-12.199584450677012
2025-04-08,CLT,MSP,AA,4.0,-12.596010753245558
2025-04-29,IAD,SYR,YX,-3.0,-3.8082993639630622
2025-04-14,MKE,ORD,OO,-19.0,-9.704697384581195
2025-04-08,SAN,LAS,OO,-14.0,-13.843418559347828
2025-04-13,TUL,MDW,WN,-19.0,-15.505373549417822
2025-04-04,PHX,LAX,WN,-13.0,-8.452221210837312
2025-04-20,RIC,ATL,DL,-5.0,-6.960344905487748
2025-04-15,ATL,OMA,DL,-10.0,-16.702697202514425
2025-04-26,DEN,CID,UA,-19.0,-9.965486992570515
2025-04-10,PHX,IAD,WN,-6.0,-4.313759392505453
2025-04-14,RNO,LAS,WN,-6.0,-10.908685800842367
2025-04-09,LAX,BOS,B6,-4.0,-30.017352822470322
2025-04-14,DEN,MDW,WN,-26.0,-5.783758857568886
2025-04-27,SAN,PHX,AA,10.0,14.02038611412319
2025-04-09,IND,BWI,WN,-15.0,-11.948688395732095
2025-04-02,MCO,SDF,WN,-13.0,-14.882972035418167
2025-04-14,SJC,SLC,WN,-1.0,-8.597746399023194
2025-04-23,SCC,ANC,AS,6.0,6.321238718592401
2025-04-10,PHX,PIT,AA,210.0,191.17631062636138
2025-04-12,RIC,ORD,MQ,-4.0,-13.179876112168945
2025-04-25,ORF,EWR,YX,187.0,204.93071486753323
2025-04-02,IAD,IAH,UA,-10.0,-16.911937512082464
2025-04-17,MCO,PHL,AA,376.0,381.4829910476285
2025-04-14,LIT,DFW,MQ,-17.0,-12.129029689891773
2025-04-18,LAX,MDW,WN,-27.0,-5.959181750003051
2025-04-23,ORF,ATL,DL,-18.0,-14.943098033800123
2025-04-21,HSV,ORD,MQ,4.0,23.639558469855153
2025-04-30,PHX,MCO,AA,2.0,-12.961302838336756
2025-04-16,DAY,DCA,OH,55.0,48.45996921594547
2025-04-14,DFW,SGF,MQ,-11.0,-7.636721708936056
2025-04-25,MSP,AUS,DL,13.0,5.557363392014228
2025-04-08,MCI,AUS,WN,-13.0,-11.34783388197873
2025-04-25,FLL,CHS,B6,-12.0,-12.729213314927279
2025-04-22,LAN,ORD,MQ,-22.0,-15.581237941151205
2025-04-01,DCA,LGA,YX,34.0,47.15786993931331
2025-04-13,PHL,ATL,DL,9.0,15.033943145916355
2025-04-05,ATL,LIT,DL,-19.0,-17.47253146347049
2025-04-07,STS,BUR,OO,26.0,-8.764418862177028
2025-04-19,LAS,OAK,WN,-4.0,-8.406016920291759
2025-04-15,DCA,PVD,AA,-9.0,-2.427813080251658
2025-04-27,DFW,HOU,OO,-10.0,-5.3011502696313535
2025-04-17,SAT,LAS,WN,10.0,0.5908046307095756
2025-04-24,DEN,BHM,OO,81.0,74.03215358655723
2025-04-24,BOI,SMF,WN,-2.0,-6.329138246925078
2025-04-12,AUS,DEN,UA,-22.0,-20.647915413950123
2025-04-09,DEN,DFW,AA,-15.0,-13.964023843006448
2025-04-03,SLC,PHL,DL,-4.0,-13.95036775598031
2025-04-03,BOS,TPA,DL,-16.0,-9.536269895065596
2025-04-12,OKC,DEN,WN,34.0,38.197380120646834
2025-04-05,LIH,HNL,WN,-19.0,-15.565192755379723
2025-04-11,SFO,SNA,OO,-5.0,-4.2387998334829735
2025-04-02,OAK,SNA,WN,14.0,22.275752573752897
2025-04-23,SLC,MFR,OO,27.0,20.282710734659247
2025-04-26,LAS,SEA,NK,-30.0,-21.204478009590964
2025-04-22,PIT,LGA,YX,-13.0,-10.532421798394159
2025-04-05,DEN,ONT,WN,-11.0,3.204509643183572
2025-04-01,ATL,BWI,DL,-13.0,-9.841185523756376
2025-04-08,TUL,DFW,OH,-10.0,-9.345781325545746
2025-04-19,GEG,DEN,WN,-14.0,-18.013280007895855
2025-04-04,FSD,DEN,F9,26.0,9.452406860805501
2025-04-15,FLL,IND,WN,-8.0,-0.01752296628333383
2025-04-20,MCO,BWI,NK,-11.0,-8.7613910048524
2025-04-30,ASE,DEN,OO,-7.0,-9.62783627099615
2025-04-01,ORD,ORF,MQ,-15.0,-10.057750950495512
2025-04-06,FAR,BNA,G4,-21.0,-29.906226590164408
2025-04-24,MIA,ATL,DL,25.0,8.635193607658714
2025-04-26,RIC,PHL,OH,17.0,17.550044909042445
2025-04-03,DEN,LAS,F9,43.0,49.616953066794075
2025-04-25,LIT,DFW,MQ,-5.0,-3.3596456747244563
2025-04-25,CLE,PHL,OH,-28.0,-19.665829558278073
2025-04-05,PHX,LAS,NK,19.0,12.175446135346737
2025-04-02,SNA,CLT,AA,33.0,17.933990700488657
2025-04-09,DFW,FAT,AA,2.0,-13.221472048389952
2025-04-20,ORD,PHL,UA,1.0,14.190760775748736
2025-04-20,JFK,BOS,YX,-10.0,10.749102072192418
2025-04-25,BOS,RDU,YX,-28.0,-17.91290049250037
2025-04-10,SFO,BUR,OO,72.0,69.12163573915248
2025-04-25,EWR,CLE,UA,15.0,17.686872705715164
2025-04-03,AUS,SJC,WN,-27.0,-15.592514481253986
2025-04-17,PWM,CLT,OH,-5.0,-10.357750744647907
2025-04-28,SEA,ABQ,AS,11.0,5.890143223769832
2025-04-06,PHX,MCO,WN,12.0,-1.4369607309730972
2025-04-13,AUS,DCA,WN,-3.0,-7.221723970884325
2025-04-02,RDU,JFK,YX,6.0,6.672880586334782
2025-04-13,ORD,XNA,OO,-19.0,-10.248945620273933
2025-04-23,BWI,MCO,WN,-6.0,-14.661890126215251
2025-04-18,ABR,MSP,OO,-10.0,-19.285482898025485
2025-04-21,ILM,ATL,DL,-20.0,-8.267598665513159
2025-04-07,CMH,ORD,UA,24.0,31.404037504625137
2025-04-30,ORD,ORF,UA,11.0,-1.9096797856492547
2025-04-25,LAX,DEN,UA,10.0,14.825489320397216
2025-04-24,DAL,MAF,WN,18.0,20.50503653353126
2025-04-11,LAS,PHX,AA,68.0,69.92407463750982
2025-04-15,SMF,ATL,DL,-20.0,-8.57650901966052
2025-04-09,DEN,COS,OO,-13.0,-1.3886039666518162
2025-04-04,BUR,SMF,WN,14.0,14.771752520521664
2025-04-14,MDW,ATL,WN,-10.0,-11.270108946583846
2025-04-27,CVG,DFW,AA,1.0,-17.31688352966165
2025-04-07,CLT,BHM,OH,-3.0,-4.923813820331247
2025-04-17,LAS,MKE,WN,-4.0,5.584215276140355
2025-04-17,LGA,CLT,YX,-15.0,-21.42080613730182
2025-04-13,DEN,PHX,WN,-3.0,-15.934337169347309
2025-04-23,TUS,PHX,OO,-1.0,6.958982575551222
2025-04-10,DTW,LGA,YX,3.0,-8.035128773339355
2025-04-13,LGA,STL,YX,1.0,-2.630880437929621
2025-04-28,ILM,LGA,YX,-11.0,-10.515744781214629
2025-04-21,ORD,MCI,AA,-11.0,-13.091133800380309
2025-04-21,CLT,BTR,OH,-21.0,-11.824331641737771
2025-04-23,SAT,DTW,DL,24.0,5.2666419035294325
2025-04-26,SAV,EWR,YX,32.0,34.775969672535325
2025-04-18,CHS,LGA,NK,-3.0,-8.287753776032218
2025-04-27,BWI,CHS,WN,6.0,0.4693623056669356
2025-04-14,LGA,DFW,AA,-12.0,-7.4158387428100845
2025-04-26,LAX,SEA,DL,-30.0,-20.82553400906312
2025-04-06,SFO,LAS,OO,7.0,2.944941538864212
2025-04-19,AUS,ORD,AA,13.0,-16.945530651230108
2025-04-11,PSP,JFK,AS,93.0,34.76615697341049
2025-04-23,SLC,TPA,DL,-2.0,-22.33155714574013
2025-04-08,FLL,CLT,AA,68.0,79.70618442742733
2025-04-17,ORD,MCW,OO,-11.0,-6.6421670189783875
2025-04-01,MCO,BNA,WN,-9.0,-7.147896991040888
2025-04-27,PHL,RDU,F9,-13.0,-16.75603994507928
2025-04-08,PHL,BOS,AA,-19.0,-8.155978159337536
2025-04-01,PHX,BWI,WN,-28.0,-21.07205000874734
2025-04-23,SFO,SNA,OO,-10.0,-15.856726255222451
2025-04-25,ELP,LAX,WN,-20.0,-12.012607659423601
2025-04-12,BNA,OKC,WN,10.0,9.117456097503812
2025-04-18,BWI,TPA,F9,0.0,14.985051799571092
2025-04-30,SEA,LAS,NK,-17.0,-10.830921698142731
2025-04-27,LAS,COS,WN,73.0,71.95425528912557
2025-04-07,PHX,MSP,DL,-6.0,-20.795107600408944
2025-04-08,RDU,BOS,DL,-39.0,-15.172022776287669
2025-04-14,PDX,ORD,AS,-21.0,-9.73734351575699
2025-04-17,LAS,CLE,F9,-16.0,-13.125690052641318
2025-04-14,DFW,RAP,MQ,-3.0,-9.87279079599706
2025-04-24,DTW,MIA,NK,-14.0,-8.587423152634395
2025-04-21,DFW,MFE,AA,49.0,50.77347461461354
2025-04-16,DFW,AEX,OO,12.0,12.908091016129214
2025-04-05,BOS,PIT,B6,-24.0,-24.82309260482214
2025-04-07,MCO,CMH,F9,-24.0,-19.085504677720145
2025-04-23,STL,ATL,DL,-16.0,-14.629091554615943
2025-04-07,PSP,BLI,G4,-6.0,-1.5457024006575892
2025-04-11,DEN,SLC,F9,-20.0,-16.66052566032136
2025-04-27,ATL,SFO,DL,-25.0,-18.82021335173193
2025-04-19,SLC,HNL,HA,-30.0,-13.121976116328021
2025-04-04,LAS,IND,WN,122.0,119.87700895859916
2025-04-23,BWI,RDU,WN,40.0,43.57021152061939
2025-04-30,CLT,DAB,OH,-20.0,-9.116443249311311
2025-04-24,PHX,LAX,OO,5.0,5.118399199534277
2025-04-07,PHX,DFW,AA,7.0,6.8325325859092985
2025-04-07,EWR,CHS,UA,6.0,-20.77560273142251
2025-04-24,SFO,PHX,WN,23.0,20.1091340112773
2025-04-03,ATL,MCO,WN,19.0,21.765480737540774
2025-04-21,SLC,BOS,DL,-23.0,-14.443087084761999
2025-04-25,DFW,TUL,AA,-9.0,-5.483920390898069
2025-04-03,ROC,DCA,OH,190.0,189.6293751642994
2025-04-29,ATL,LAS,DL,-12.0,-16.04408746901631
2025-04-15,PHL,SJU,AA,-28.0,-12.078960883254975
2025-04-20,DSM,ORD,OO,25.0,23.116918347318713
2025-04-19,DFW,SAN,AA,33.0,16.31881006795354
2025-04-06,DCA,LGA,YX,98.0,102.04304051755508
2025-04-03,PHX,BOI,WN,-15.0,-10.249471119208803
2025-04-26,DCA,SEA,DL,-28.0,-27.587535801462543
2025-04-10,IAH,ORD,UA,-28.0,-15.791923806823998
2025-04-15,TPA,DCA,WN,-11.0,1.8653504416066022
2025-04-24,FLL,LAS,NK,-31.0,-16.15334315132719
2025-04-11,BOS,ORD,YX,-12.0,-16.939444081592885
2025-04-19,PIE,GRR,G4,6.0,7.766573614689957
2025-04-21,DEN,MCI,WN,-6.0,-11.55399081399533
2025-04-22,ATL,PHL,DL,6.0,9.379229155196295
2025-04-23,ALB,ATL,DL,-18.0,-16.287165295895015
2025-04-30,DFW,LBB,MQ,-14.0,-19.081436867668597
2025-04-04,RNO,OAK,WN,115.0,123.04604970246868
2025-04-05,HOU,MCO,WN,2.0,-17.503420808961938
2025-04-05,LAX,JFK,AA,-6.0,-15.139671566284633
2025-04-04,IND,PHX,WN,5.0,-2.2327192109207203
2025-04-17,CMH,BWI,WN,-14.0,-15.44963976351633
2025-04-28,HLN,SLC,OO,-19.0,-20.01948694381602
2025-04-01,SJC,SLC,DL,-23.0,-25.666128264788476
2025-04-15,PHX,SLC,OO,-10.0,-14.265831181623664
2025-04-17,LAS,MCI,WN,51.0,68.55512842271457
2025-04-14,PIE,LCK,G4,-8.0,-15.285084095967164
2025-04-07,EWR,SFO,UA,-19.0,-18.78135184461417
2025-04-29,GRR,CLT,AA,-7.0,-10.536196803921678
2025-04-29,RDM,SFO,UA,-13.0,-9.02407140453722
2025-04-07,LGB,LAS,WN,-12.0,-11.196150389858406
2025-04-19,CLT,CAE,OH,-5.0,-5.7152949846782555
2025-04-21,ITO,HNL,HA,24.0,27.198070008873216
2025-04-25,IAD,MSY,UA,6.0,12.634831613773596
2025-04-11,FSD,ORD,UA,8.0,2.911980835908807
2025-04-28,VPS,BOS,G4,-19.0,-18.85051934376381
2025-04-11,STL,DCA,WN,45.0,47.52484171728396
2025-04-13,JAN,BNA,WN,5.0,-0.5585811559303888
2025-04-23,DCA,MCI,OH,-19.0,-15.429116104828204
2025-04-02,ATL,RDU,DL,-2.0,-0.10179959637586489
2025-04-21,SAT,LAS,NK,-8.0,-8.718566159411129
2025-04-07,LGA,SRQ,AA,39.0,9.512539850385807
2025-04-17,CLT,GSP,MQ,-12.0,3.374040405609401
2025-04-21,DCA,BOS,B6,-8.0,-4.576545549327104
2025-04-26,LAS,DEN,WN,-18.0,-8.272395845081508
2025-04-16,JMS,DEN,OO,-1.0,2.4488319767995814
2025-04-12,PHX,SAT,WN,-12.0,-19.367296405261524
2025-04-09,DCA,JFK,YX,-9.0,-14.289015729687328
2025-04-22,SLC,PIT,DL,16.0,-10.879040467998358
2025-04-06,LGA,CLT,AA,20.0,14.856211452153719
2025-04-23,CLT,OKC,OH,-9.0,8.74414033253205
2025-04-23,PHX,DEN,WN,36.0,34.92318493963203
2025-04-19,TUS,DEN,WN,14.0,1.0924976051677646
2025-04-27,ORD,ATL,DL,9.0,2.4250471913975433
2025-04-13,HOU,DCA,WN,-15.0,-13.935722410421185
2025-04-17,MCO,DCA,B6,-11.0,-8.582623734027369
2025-04-14,PHX,DEN,UA,-5.0,-2.835951351847399
2025-04-20,IND,MSP,DL,-15.0,-23.269662976117605
2025-04-04,HSV,DFW,MQ,-15.0,-7.456343260945964
2025-04-11,EWR,ORD,MQ,20.0,36.32451762789307
2025-04-10,ORD,ICT,MQ,4.0,3.061165647333132
2025-04-03,IAH,BNA,UA,68.0,55.90758780815509
2025-04-08,SEA,DAL,AS,-25.0,-11.320359316048126
2025-04-25,PBI,DCA,B6,-17.0,-15.82142992803617
2025-04-20,ATL,ORD,UA,29.0,29.19609772981631
2025-04-03,FLL,JFK,B6,-23.0,-25.648874098684903
2025-04-25,SLC,CVG,DL,-1.0,-18.490186481929527
2025-04-06,SNA,LAS,WN,51.0,48.30689342900254
2025-04-29,ATL,MEM,DL,-3.0,-3.2670219378275345
2025-04-14,EAR,DEN,OO,26.0,3.570856749577702
2025-04-23,DAL,LAS,WN,59.0,61.301537797860384
2025-04-18,TPA,IND,WN,90.0,83.45343508508685
2025-04-15,LAX,BOS,UA,-21.0,-16.04514797863522
2025-04-09,TPA,PHL,AA,-1.0,6.869788567851259
2025-04-08,JFK,PDX,DL,134.0,119.05096432966948
2025-04-13,DFW,SFO,AA,19.0,13.969685703159135
2025-04-07,MCO,SFO,UA,-22.0,-8.414037336903649
2025-04-04,RDM,LAX,OO,-31.0,-15.14134452321478
2025-04-27,BOS,FLL,DL,-19.0,-18.60871336790877
2025-04-27,OMA,MSP,OO,-11.0,-12.1794853160768
2025-04-04,DEN,MDW,WN,60.0,64.45179473346533
2025-04-13,AMA,DAL,WN,-8.0,-18.3602946172213
2025-04-02,MSP,BIS,OO,-14.0,-9.411880202805184
2025-04-07,DEN,BNA,WN,-12.0,-15.919376416977109
2025-04-26,EWR,ORD,MQ,321.0,325.1504863595989
2025-04-29,LAX,SLC,DL,-8.0,-13.446101739514226
2025-04-08,MSY,LAS,WN,-13.0,-5.341188792752927
2025-04-21,PHX,RDM,MQ,-1.0,1.9018876763729615
2025-04-02,DCA,IND,OH,-9.0,-16.3286730515065
2025-04-09,JAX,CLT,AA,-22.0,-16.869830088056016
2025-04-27,ATL,CHS,DL,-10.0,-9.479066955410685
2025-04-10,ATL,DAL,DL,-10.0,-11.47739250906005
2025-04-29,GSP,ATL,DL,-19.0,-15.500142473861843
2025-04-11,SJC,LAX,OO,17.0,4.532704130916414
2025-04-01,ORD,ATL,F9,-15.0,-6.714266792608589
2025-04-26,DEN,SGU,OO,23.0,22.971009436950673
2025-04-03,DTW,PVD,OO,7.0,6.801825972242961
2025-04-01,DCA,MSY,WN,-21.0,-17.746889445338525
2025-04-17,HOU,DCA,WN,-14.0,-9.647942933361929
2025-04-11,DEN,LAX,OO,-15.0,-19.190098646630155
2025-04-07,MCI,SMF,WN,-21.0,-9.170537137374609
2025-04-26,CHS,BOS,DL,23.0,-3.29905247028535
2025-04-09,PHX,FAT,OO,-4.0,3.6268888292377177
2025-04-23,DFW,BOI,AA,48.0,45.84136270800858
2025-04-13,SFO,SAN,WN,0.0,5.252108552039903
2025-04-14,IND,RSW,WN,-12.0,-15.314753398935785
2025-04-09,BDL,ORD,MQ,2.0,-12.354053799110932
2025-04-27,STL,TUL,WN,-8.0,-6.6107423493144
2025-04-27,MCI,PHX,OO,-3.0,-14.60522028535317
2025-04-17,DEN,CLE,UA,-18.0,-13.040266930426363
2025-04-16,BWI,BNA,WN,3.0,1.5950948751476828
2025-04-28,ANC,SCC,AS,24.0,25.169778701634193
2025-04-10,CLT,LAS,AA,52.0,39.41870817604894
2025-04-20,ROC,ORD,MQ,13.0,-1.0588040779047443
2025-04-18,DFW,COU,MQ,-8.0,-5.073003565272767
2025-04-21,DRO,DFW,OO,-11.0,-9.650326993420407
2025-04-22,ORD,MCO,UA,-5.0,-2.4636946937453237
2025-04-27,JAX,MIA,MQ,5.0,1.965656182340259
2025-04-24,EWR,SFO,AS,-24.0,-24.253658120732396
2025-04-10,DCA,CID,OH,-29.0,-18.723182539243865
2025-04-14,DEN,BNA,WN,-12.0,-7.619038315146076
2025-04-27,ORD,CLT,UA,-19.0,-9.566146363431926
2025-04-06,TPA,SJU,WN,-1.0,-3.0520290309512497
2025-04-19,PHX,OGG,AA,-22.0,-10.475752582150179
2025-04-23,ATL,JAX,DL,5.0,-2.4636199577344584
2025-04-09,BOS,MDW,WN,38.0,27.76722612441239
2025-04-12,CLT,SBN,OH,-21.0,-9.578411486782988
2025-04-03,ORD,FWA,OO,149.0,154.8342706436221
2025-04-09,OAK,SEA,WN,-12.0,-8.48207869703461
2025-04-09,CHS,DEN,UA,16.0,5.6337187412907
2025-04-22,DFW,ORD,AA,-14.0,-8.893435258686045
2025-04-19,BOS,LAX,AA,-2.0,-22.927180054447717
2025-04-07,SBN,ORD,OO,86.0,75.07381145522149
2025-04-16,BOS,LGA,YX,46.0,61.68202737041527
2025-04-30,SEA,DFW,AA,225.0,237.6417005687003
2025-04-02,TPA,MKE,NK,-22.0,-17.695244074427944
2025-04-26,BNA,MCO,WN,-9.0,-6.239396126762392
2025-04-09,ORD,SGF,MQ,-4.0,-12.654676476051097
2025-04-22,PHL,IND,YX,-5.0,-6.744904942549672
2025-04-21,CLT,MCI,AA,5.0,15.64045988382537
2025-04-18,DFW,ORF,AA,-8.0,-11.293070809423277
2025-04-15,MSP,ORD,UA,-18.0,-11.929095302640562
2025-04-23,BNA,GSP,WN,36.0,34.56539134660987
2025-04-08,ATL,OKC,DL,0.0,4.133228052413131
2025-04-06,CRW,ORD,OO,-9.0,-6.1647368956157536
2025-04-30,DEN,SNA,UA,-21.0,-15.77367336063763
2025-04-21,LGA,SAV,YX,-17.0,-10.62673511327953
2025-04-18,DEN,SAV,UA,9.0,7.352164652205607
2025-04-04,DTW,DFW,AA,9.0,-19.5909573085269
2025-04-21,ORD,EWR,UA,-3.0,-1.49857934469739
2025-04-22,RDU,EWR,UA,35.0,31.753877048422467
2025-04-11,CMH,LAX,AA,-36.0,-10.743456634938518
2025-04-24,MCO,EWR,UA,77.0,64.14413891767617
2025-04-18,CLT,LAX,AA,41.0,30.60324312947244
2025-04-28,IAH,CLE,UA,-29.0,-21.043417090974046
2025-04-17,BWI,BOS,WN,-2.0,-0.27046641235674507
2025-04-11,JFK,SLC,B6,137.0,152.81232482477418
2025-04-10,SFB,CAK,G4,17.0,11.073355337433469
2025-04-25,ATL,MDW,WN,-19.0,-15.579467706791082
2025-04-24,FLL,BDL,B6,7.0,10.222054409030065
2025-04-22,MSY,DAL,WN,-10.0,-9.89966891916129
2025-04-17,GSP,BWI,WN,9.0,2.739514143198328
2025-04-24,JAX,CLT,AA,-23.0,-15.83782434027933
2025-04-09,OAK,LAS,NK,-11.0,-14.97930622262951
2025-04-30,MCO,MCI,WN,6.0,-3.900720480523777
2025-04-12,AUS,PHX,WN,-22.0,-13.861210731567589
2025-04-30,LGB,SMF,WN,-15.0,-10.996179299725426
2025-04-24,STL,DEN,UA,13.0,-8.333190155619167
2025-04-03,BOS,JFK,DL,-8.0,-5.519034408516154
2025-04-16,IND,IAH,UA,-11.0,-7.725714924057803
2025-04-13,ORD,SAT,UA,-37.0,-15.338457765640673
2025-04-20,ATL,EYW,DL,5.0,-5.495600812747176
2025-04-04,TUS,PHX,MQ,-5.0,-7.740509910117513
2025-04-15,AUS,DTW,DL,26.0,22.23085131273736
2025-04-22,ATL,CAE,DL,-2.0,-6.693956394477372
2025-04-30,IAD,BTV,YX,-14.0,-17.05228668609319
2025-04-24,MEM,DCA,OH,-17.0,-18.155262059569583
2025-04-05,PSP,SEA,DL,-13.0,-7.901773959897049
2025-04-29,KOA,HNL,HA,17.0,14.346044221243375
2025-04-09,MSP,MDW,WN,-14.0,-11.648300392333244
2025-04-28,PHX,SFO,AA,37.0,42.26438204561788
2025-04-25,OAK,DEN,WN,8.0,13.956723810411866
2025-04-25,IAH,OKC,OO,-19.0,-18.192686551790324
2025-04-13,ATL,DFW,DL,-6.0,-15.286917950640039
2025-04-10,SHV,CLT,OH,-11.0,-7.084584538167043
2025-04-05,DEN,LAS,UA,-10.0,-11.553138314150637
2025-04-16,ECP,ATL,DL,-12.0,-8.761200443615785
2025-04-10,MIA,BWI,WN,36.0,33.48365173709794
2025-04-27,COU,ORD,MQ,-21.0,-13.823116458870377
2025-04-15,STL,DCA,AA,-14.0,-11.35775023777196
2025-04-08,CLT,AUS,AA,-28.0,-14.829878390797337
2025-04-02,SAV,DCA,OH,-16.0,-10.476616909951773
2025-04-01,PHL,SJU,AA,439.0,435.8120218453846
2025-04-24,GSP,SFB,G4,-4.0,-7.147184623646368
2025-04-17,BOS,LAX,B6,9.0,-5.6497724496103885
2025-04-19,HOU,DEN,WN,10.0,-11.488578553575906
2025-04-04,SAN,DEN,WN,5.0,-0.8109135238753549
2025-04-02,DFW,SAT,AA,115.0,111.56139932258242
2025-04-01,PHX,LAS,WN,-1.0,-0.5182760154613621
2025-04-22,ATL,HHH,YX,-15.0,-12.470580872851997
2025-04-10,DEN,BUR,UA,-12.0,-7.107384041548263
2025-04-13,SMF,SLC,WN,-4.0,0.2876623880852982
2025-04-25,SFO,PSC,OO,-17.0,-6.722346082186814
2025-04-09,FLL,CLT,AA,-41.0,-20.062409636151422
2025-04-01,RDU,JFK,YX,-23.0,-18.23500942753836
2025-04-18,IND,BOS,YX,-22.0,-14.933355830930736
2025-04-12,SLC,AUS,DL,26.0,24.026261971353925
2025-04-30,DEN,AUS,UA,-2.0,-0.27931363246055163
2025-04-06,CLT,PHL,AA,1.0,11.445729015508354
2025-04-14,JFK,RSW,B6,-41.0,-24.442052963663432
2025-04-07,HNL,DFW,AA,0.0,-19.536667261381382
2025-04-26,LAS,BUR,WN,-13.0,-12.34859876090541
2025-04-18,COS,LAS,WN,-3.0,-11.549416697893065
2025-04-14,SAT,DFW,MQ,-22.0,-11.191330586911164
2025-04-08,DEN,DAL,WN,-10.0,-6.926872433530949
2025-04-14,MTJ,DFW,MQ,-22.0,-15.669962357589021
2025-04-23,SFO,FAT,OO,19.0,24.04403979081296
2025-04-20,DTW,MSP,DL,-18.0,-18.800801995030895
2025-04-21,TPA,AUS,WN,-6.0,-0.6110055417163291
2025-04-29,SFO,RNO,OO,2.0,9.032420976918182
2025-04-15,LAS,SFO,F9,17.0,22.036517325571378
2025-04-17,DTW,ELM,OO,-9.0,-5.7714057294780154
2025-04-06,SAN,IAD,UA,136.0,126.20618963067238
2025-04-21,OKC,PHX,WN,-3.0,-3.6689893841629875
2025-04-20,LAS,ORD,F9,-12.0,-2.4365320741543917
2025-04-20,LAX,SFO,DL,1.0,4.754301860287997
2025-04-16,MSN,DTW,OO,53.0,63.97328098362231
2025-04-11,ORD,BNA,OO,-13.0,-4.4895749108496545
2025-04-30,DEN,LAS,WN,6.0,4.691305189833459
2025-04-10,TPA,EWR,B6,-21.0,-17.662147766992106
2025-04-15,DEN,SFO,UA,-19.0,-11.190146059915953
2025-04-21,DFW,SAT,AA,8.0,11.072176519037072
2025-04-15,JAN,ATL,DL,-24.0,-20.699301901426413
2025-04-12,CLE,MCO,F9,3.0,2.252051206521129
2025-04-09,SFO,JFK,B6,-27.0,-23.83615445998198
2025-04-27,DCA,MCO,B6,-10.0,-17.68944798212531
2025-04-03,JAC,DFW,AA,1.0,-12.527169513930502
2025-04-01,STL,SLC,DL,-7.0,-16.3510265178777
2025-04-07,ECP,DAL,WN,-5.0,7.251561460998995
2025-04-25,SAT,DEN,WN,-10.0,-11.913247762963437
2025-04-03,FLL,CVG,DL,89.0,73.65647604977354
2025-04-26,SMF,EWR,UA,941.0,923.7884470587737
2025-04-11,OGG,HNL,HA,-8.0,-5.99501607039158
2025-04-22,DFW,ORD,AA,-16.0,-11.486148610018766
2025-04-02,HOU,MDW,WN,-7.0,-8.375366518934417
2025-04-18,PHX,JFK,AA,-27.0,-10.47364416516131
2025-04-24,IAH,DEN,UA,6.0,-9.68995332762863
2025-04-12,LAS,SAN,OO,4.0,6.6134096887326255
2025-04-02,OAK,PDX,WN,42.0,40.78733558064827
2025-04-04,MCO,BDL,WN,10.0,15.139267985772955
2025-04-22,ATL,BNA,DL,-4.0,-5.768566395732963
2025-04-14,DSM,ORD,OO,-21.0,-15.855854433200552
2025-04-15,LAX,PHX,OO,-15.0,-16.01163426203054
2025-04-02,IAH,BWI,UA,8.0,5.147384681585832
2025-04-24,CLT,SFO,AA,11.0,15.7376463928755
2025-04-21,MEM,ORD,MQ,261.0,238.56010069845468
2025-04-09,ORD,LAS,NK,-4.0,-11.157810448102467
2025-04-02,BTR,ATL,DL,-11.0,-7.091402938942384
2025-04-13,FSD,ATL,DL,-20.0,-21.057394804813683
2025-04-08,CLT,ABE,OH,-7.0,-11.003301339061899
2025-04-13,ATL,FWA,OO,-5.0,-8.85937574827376
2025-04-12,DEN,GEG,WN,-2.0,-6.68753792146536
2025-04-21,OGG,HNL,HA,-4.0,-2.851054650662668
2025-04-29,DCA,MKE,OH,-10.0,-21.87686758503817
2025-04-21,PIT,PHL,AA,35.0,42.95332715062248
2025-04-14,FSD,ATL,DL,-14.0,-19.960067692216356
2025-04-07,MIA,GSP,MQ,-17.0,-10.78562533568363
2025-04-25,DTW,ALB,OO,73.0,77.48468964545742
2025-04-27,DEN,IAD,UA,-8.0,-3.492375473799573
2025-04-27,ATL,CLT,OH,-12.0,-1.4780749480460473
2025-04-17,SFO,BOS,UA,-16.0,-14.38329769947126
2025-04-02,ICT,STL,WN,-20.0,-21.836071643101075
2025-04-30,LSE,ORD,MQ,-19.0,-21.940541069959544
2025-04-08,IND,DFW,AA,-24.0,-11.450395287019415
2025-04-27,SAN,ORD,AA,-27.0,-10.162407661276323
2025-04-30,ALB,ATL,DL,-29.0,-15.479916119246045
2025-04-17,MDW,BWI,WN,-14.0,-8.501400527497907
2025-04-03,LAX,DAL,WN,-28.0,-19.413536785774244
2025-04-15,ORD,JFK,OO,4.0,-12.092647140119436
2025-04-05,PHX,DCA,AA,44.0,-1.1706513414192594
2025-04-09,DEN,MKE,OO,0.0,-6.434841874613486
2025-04-01,LAX,DFW,AA,-21.0,-5.398977698980726
2025-04-23,LAX,CLT,AA,-8.0,-12.978252702410344
2025-04-24,BWI,CLT,WN,-7.0,1.9025117227807353
2025-04-27,DAL,MDW,WN,10.0,8.985785811389174
2025-04-25,BOS,LGA,YX,-22.0,-17.624387344235984
2025-04-04,CLT,ATL,DL,-17.0,-10.661506955814687
2025-04-27,LAS,BNA,WN,47.0,54.34453845910773
2025-04-20,DFW,CRP,MQ,-7.0,-6.880282250202969
2025-04-28,ATL,MCO,F9,0.0,-8.962124591182524
2025-04-01,BNA,CLT,OH,-5.0,-22.75598191864413
2025-04-30,MDW,STL,WN,-7.0,-6.9828600485796954
2025-04-21,AUS,MSY,WN,-10.0,-8.215109249286744
2025-04-20,BWI,ATL,DL,-5.0,-9.541929219413918
2025-04-28,LGA,ORD,DL,-25.0,-8.036859486293775
2025-04-02,CLT,LGA,AA,1.0,-0.21247931854143154
2025-04-20,BOS,SEA,AS,20.0,23.509764163308027
2025-04-08,JFK,MIA,F9,58.0,-11.061360415407076
2025-04-24,LAS,SFO,AS,-3.0,3.1668704334033766
2025-04-01,IAD,BNA,UA,-4.0,-14.572173288887832
2025-04-30,LAS,LGB,WN,-3.0,6.769154493286437
2025-04-05,EWR,RSW,UA,-14.0,-11.276726267601017
2025-04-07,ORD,EWR,UA,92.0,97.02636201025044
2025-04-05,MCO,BWI,WN,-11.0,-12.556954400185205
2025-04-08,MSP,MCO,NK,-14.0,-14.28824636024651
2025-04-21,SEA,LAX,AS,25.0,24.56468394097097
2025-04-21,GNV,ATL,DL,-27.0,-13.225015902193782
2025-04-30,CLT,MSP,DL,-10.0,-18.08921069402819
2025-04-18,PHL,CMH,YX,11.0,3.757922888943229
2025-04-05,BOI,SJC,OO,11.0,-10.737008285806677
2025-04-10,HOU,MAF,WN,12.0,18.693264989870066
2025-04-19,EWR,ORD,MQ,-16.0,-16.340514274099096
2025-04-03,MCO,PWM,F9,3.0,-11.0871944244583
2025-04-28,DSM,PGD,G4,-23.0,-10.114259172185907
2025-04-04,MSY,MCO,NK,-15.0,-13.028351578434073
2025-04-06,LIT,ORD,OO,13.0,17.62284868804117
2025-04-26,OGG,LAX,DL,-13.0,-20.48675012863209
2025-04-03,PHX,CLT,AA,25.0,-7.653576801142005
2025-04-27,MEM,ORD,OO,-7.0,-12.92391653589545
2025-04-23,MSP,CLT,DL,-6.0,-10.338441586122748
2025-04-27,LAS,ATL,DL,-11.0,-17.234091051865764
2025-04-30,MCO,CMH,NK,-9.0,-7.575892445758107
2025-04-17,PVD,BWI,WN,-17.0,-12.218003740073122
2025-04-06,DFW,PHL,AA,-23.0,-8.95216697641863
2025-04-14,ONT,PHX,AA,1.0,-1.2304747757403387
2025-04-27,OMA,SFO,OO,-11.0,-12.048648490779591
2025-04-10,SNA,DEN,WN,-7.0,-1.169698651394901
2025-04-24,ATL,TPA,WN,-2.0,7.513839476572632
2025-04-27,SAT,LAX,WN,-1.0,-0.855747103348441
2025-04-29,LGA,MDW,WN,-13.0,-15.798477717027843
2025-04-07,SMF,PHX,AA,-18.0,-16.669463993867232
2025-04-19,EWR,FLL,B6,-26.0,-15.256995898243577
2025-04-06,ORD,MCO,AA,8.0,-16.671673491863046
2025-04-10,DEN,MIA,WN,-32.0,-16.570456605957368
2025-04-05,FWA,PIE,G4,186.0,174.91034314657676
2025-04-07,ATL,MCO,DL,42.0,11.378871120771013
2025-04-19,MIA,ATL,F9,-16.0,-4.130361077912253
2025-04-07,OMA,LAX,OO,-19.0,-11.50096850087023
2025-04-29,FAR,ORD,MQ,-9.0,-14.107839424673749
2025-04-26,SBN,DTW,OO,-21.0,-23.265421874362122
2025-04-14,BHM,DAL,WN,-16.0,-15.508636057863797
2025-04-04,SMF,SAN,WN,0.0,-9.755004243210688
2025-04-28,MIA,MCO,AA,-3.0,-2.6629413056974442
2025-04-12,ORD,BDL,UA,-14.0,-24.18283641738047
2025-04-09,BOS,SLC,DL,6.0,2.176404254160178
2025-04-12,DCA,DFW,AA,-37.0,-16.927264651324833
2025-04-12,DCA,ORF,OH,-6.0,-6.613846370945371
2025-04-27,CHS,BNA,WN,-12.0,-9.556868907775883
2025-04-24,DEN,SYR,UA,72.0,77.50447757221758
2025-04-27,EWR,MCO,NK,-27.0,-21.209748801693305
2025-04-20,SAT,IAH,UA,2.0,-4.161924434751215
2025-04-16,JFK,SFO,DL,-37.0,-25.742240887231137
2025-04-11,CMH,DEN,WN,-19.0,-14.409829729402773
2025-04-15,SFO,ORD,AS,-17.0,-11.569108901544627
2025-04-30,BOS,IAD,UA,-15.0,-30.112722616010025
2025-04-17,AZA,ICT,G4,-22.0,-12.953510029277552
2025-04-27,JFK,LAX,AA,-13.0,-27.210977868957784
2025-04-13,EWR,ATL,NK,-9.0,-19.403169399004543
2025-04-29,BOS,TPA,NK,-16.0,-12.825511021669953
2025-04-13,DCA,ATL,DL,-22.0,-19.864023161469852
2025-04-05,DEN,EWR,UA,-15.0,-2.543617991918926
2025-04-27,TUL,CLT,OH,17.0,10.036686261897291
2025-04-08,SEA,ONT,AS,19.0,20.671659479151938
2025-04-01,MKE,ORD,OO,-13.0,-8.879527900461305
2025-04-02,DCA,JFK,YX,33.0,35.56284639150613
2025-04-04,DEN,ASE,OO,-21.0,-15.668830968129544
2025-04-13,MEM,DFW,AA,-25.0,-15.991158775530472
2025-04-10,CLT,EYW,AA,-20.0,-16.744502126194284
2025-04-06,IND,ATL,WN,4.0,-7.480677814165995
2025-04-21,IAD,IND,YX,-7.0,-9.255000658449768
2025-04-18,LAS,DCA,WN,-15.0,-2.6145432901554084
2025-04-25,RSW,CLT,AA,-1.0,3.9712792066412614
2025-04-03,SLC,PSC,OO,-6.0,-5.969787806102865
2025-04-26,IAD,MGW,OO,-22.0,-17.496368698324368
2025-04-08,MCI,DFW,AA,22.0,-12.37653856213214
2025-04-17,BOS,BWI,WN,-8.0,0.14766051849224837
2025-04-16,ACV,DEN,OO,-9.0,-16.856447419897826
2025-04-08,PHX,MSP,F9,-11.0,-19.554627896188897
2025-04-27,HOU,BNA,WN,47.0,52.27525838514362
2025-04-10,MCO,ROC,NK,-17.0,-8.724498447332845
2025-04-01,SAN,SFO,WN,-2.0,-0.08571963489298184
2025-04-03,CHS,ATL,DL,-5.0,-10.522772840698767
2025-04-04,LAS,PIT,WN,-4.0,-2.3785317659237535
2025-04-24,SEA,KOA,AS,42.0,49.14655279828458
2025-04-01,DFW,GSP,AA,3.0,-10.726306222703194
2025-04-05,PHL,LGA,YX,-10.0,-14.889591463074975
2025-04-12,AUS,ATL,DL,-19.0,-9.889890962097686
2025-04-29,SAT,STL,WN,-21.0,-13.25036874963478
2025-04-28,JAX,PHL,AA,-2.0,1.929745077371532
2025-04-23,DFW,MKE,AA,179.0,185.23518880122495
2025-04-06,LAX,DFW,NK,-10.0,-13.22361314151253
2025-04-30,LAS,BOI,WN,-1.0,-1.1941735269725973
2025-04-11,DEN,ATL,WN,49.0,52.8643674698966
2025-04-13,DSM,ORD,OO,76.0,81.49401490458897
2025-04-08,LGA,MIA,NK,-4.0,-24.940953408366866
2025-04-25,ROC,ATL,DL,-15.0,-12.382213885990367
2025-04-15,EWR,FLL,UA,9.0,9.258929437979521
2025-04-27,LAS,SMF,NK,-11.0,-12.591659585036403
2025-04-26,HNL,IAD,UA,-6.0,-8.490801796003149
2025-04-21,ICT,ORD,OO,5.0,-1.770646435212094
2025-04-21,SFO,DCA,UA,-13.0,-0.534053386068722
2025-04-22,SFO,JFK,AS,-10.0,-13.628906328227238
2025-04-22,PIT,ATL,DL,-15.0,-13.280891257855576
2025-04-14,ORD,STL,MQ,-5.0,-8.455651909269267
2025-04-02,SJU,ATL,DL,-20.0,-11.300402155389314
2025-04-01,RDU,BOS,DL,159.0,160.63521100595312
2025-04-30,LAS,DEN,WN,-5.0,-12.18792048051116
2025-04-01,LAX,SJC,OO,3.0,-8.233812486955728
2025-04-23,PHL,DFW,AA,66.0,34.63098661642036
2025-04-08,FCA,DEN,UA,-24.0,-17.12179615958618
2025-04-28,GEG,SEA,OO,-9.0,-9.898208632994338
2025-04-02,DTW,PVD,OO,40.0,35.93246115397035
2025-04-14,ORD,EWR,MQ,25.0,-1.7785165856136755
2025-04-06,SAN,LIH,AS,-27.0,-11.640762136536893
2025-04-11,ORD,MCI,MQ,-13.0,-6.642067529128266
2025-04-05,RNO,PHX,AA,27.0,29.87476512629492
2025-04-13,LAS,BNA,WN,-18.0,-17.043912123978462
2025-04-01,DCA,MIA,AA,-9.0,-2.5288334063203024
2025-04-10,DEN,GJT,OO,-11.0,-1.9435431946628299
2025-04-28,LAS,MSO,G4,-17.0,-18.807196923030475
2025-04-09,LAW,DFW,OO,-26.0,-21.3243201400215
2025-04-07,SRQ,DCA,AA,-29.0,-12.199020303796349
2025-04-24,BNA,DEN,UA,-26.0,-14.498175530112547
2025-04-13,ORD,DFW,AA,-6.0,-6.908019176995239
2025-04-20,LGA,CLT,NK,-15.0,-13.937363501825548
2025-04-08,SJC,LAX,WN,-17.0,-13.389924111097127
2025-04-16,ATL,CHS,DL,-12.0,-10.255648709685914
2025-04-17,SDF,DFW,AA,24.0,16.51029834930321
2025-04-17,SAT,DTW,DL,-11.0,-17.30092273834358
2025-04-11,ORD,IND,AA,-6.0,-10.697997312824626
2025-04-07,AUS,TPA,WN,-9.0,-3.2692105622436607
2025-04-19,SEA,RDU,AS,-3.0,5.670162652537616
2025-04-14,DEN,TPA,F9,15.0,25.602481874780324
2025-04-26,MDW,MCI,WN,21.0,28.28850431391794
2025-04-04,SFO,PHX,AA,-1.0,-4.3531022580278425
2025-04-03,LAS,SJC,NK,-7.0,-3.7933384371699876
2025-04-19,MSY,MIA,AA,4.0,-4.602553740657038
2025-04-02,IAH,TPA,UA,-24.0,-17.227777110486613
2025-04-13,PHL,SRQ,F9,-33.0,-9.333150711309237
2025-04-26,DFW,AUS,MQ,-16.0,-11.867062598528506
2025-04-14,SEA,BNA,AS,-23.0,-6.541008633303191
2025-04-17,MCI,IND,WN,23.0,15.753638164576127
2025-04-18,BOS,ATL,DL,44.0,49.92153630578586
2025-04-03,STL,JAX,WN,-13.0,-18.09162650562147
2025-04-17,CLT,BOS,YX,-8.0,-7.029055674380622
2025-04-12,CLT,GSP,OH,-24.0,-15.93865914440288
2025-04-12,PHX,FAT,OO,-13.0,-16.323156792353622
2025-04-14,DTW,LAN,OO,-16.0,-12.493717579569253
2025-04-30,RSW,EWR,UA,-16.0,-21.245887327098693
2025-04-10,ISP,TPA,F9,-12.0,-14.660762702868023
2025-04-21,DEN,DCA,F9,-20.0,-11.215975731377892
2025-04-13,ICT,ORD,MQ,-22.0,-14.257767983499136
2025-04-11,PHX,LAX,AA,-8.0,-4.439345368155088
2025-04-07,ORD,FWA,OO,16.0,-11.769857376652169
2025-04-08,BWI,BDL,WN,-19.0,-11.109510616971534
2025-04-30,DFW,XNA,MQ,18.0,10.62999673240855
2025-04-24,MCO,BOS,B6,-13.0,-5.714739629459265
2025-04-24,DTW,DCA,DL,-5.0,-7.703592216019079
2025-04-06,MIA,AUS,AA,58.0,63.67328100689455
2025-04-08,XWA,MSP,OO,-21.0,-20.317107595250096
2025-04-20,DEN,COS,UA,-8.0,-10.02561072265246
2025-04-26,CLT,CAK,OH,11.0,12.626801650988195
2025-04-08,SFO,PDX,OO,-4.0,-4.913364905653587
2025-04-27,ONT,SFO,UA,34.0,39.94395015115104
2025-04-10,OGG,HNL,HA,30.0,34.71800159904777
2025-04-25,OAK,LAS,WN,-4.0,-7.01093976656022
2025-04-29,DEN,ELP,UA,7.0,8.12503588150224
2025-04-23,ELP,DFW,AA,48.0,53.27778391216518
2025-04-22,SRQ,BOS,G4,-13.0,-19.372745120093033
2025-04-14,BHM,PHX,WN,362.0,349.31708001492103
2025-04-19,COU,DFW,OO,135.0,119.99452111288738
2025-04-07,DFW,MIA,AA,21.0,-5.692285066981711
2025-04-14,BNA,TPA,MQ,-9.0,-12.23710189785023
2025-04-02,LAX,LAS,WN,1.0,15.613826487682113
2025-04-21,ORD,LAX,NK,-7.0,-15.319293664353339
2025-04-12,PHX,MSP,WN,-12.0,-7.13654859718301
2025-04-04,DAL,SAT,WN,50.0,47.1497111115168
2025-04-16,CLE,IAH,UA,-10.0,-12.202668770442877
2025-04-15,LAX,IAH,UA,-10.0,-1.5338682832002277
2025-04-15,PDX,SEA,OO,-24.0,-8.299801238993934
2025-04-01,SFO,JFK,DL,-24.0,-14.670896295632943
2025-04-17,LAS,EWR,UA,-25.0,-15.889888653414705
2025-04-04,CID,MSP,OO,-15.0,-14.905359626213844
2025-04-21,DTW,LAS,DL,-5.0,-13.60445725343141
2025-04-04,PIT,ORD,UA,2.0,-5.528188602884741
2025-04-26,BUF,RSW,WN,-3.0,-17.149576894101187
2025-04-13,MSP,PHX,DL,10.0,-11.46025089646351
2025-04-27,SFO,ATL,DL,0.0,-5.289853242095418
2025-04-29,BOS,STL,WN,13.0,-1.0386453108438225
2025-04-08,LGA,XNA,YX,7.0,-2.037199769000658
2025-04-27,MSP,BOS,DL,5.0,-3.687034423845285
2025-04-25,MIA,PHX,AA,-8.0,-7.439209817094259
2025-04-15,TUL,DFW,AA,-22.0,-11.915265793981892
2025-04-04,CHS,ORD,UA,40.0,24.834810319284387
2025-04-04,LGA,ATL,F9,83.0,83.45546270265055
2025-04-10,LAX,ORD,UA,-14.0,-11.958391133989757
2025-04-26,SAN,LAS,OO,-9.0,-11.516787790677263
2025-04-02,IAH,LAS,UA,-8.0,-13.053175634822495
2025-04-18,TYS,DEN,OO,42.0,30.139020735012448
2025-04-16,LGA,ORD,AA,36.0,22.71245858680387
2025-04-06,DAB,CLT,OH,63.0,64.26539085304967
2025-04-11,DCA,BOS,YX,7.0,-3.388078113167028
2025-04-25,ATL,PHL,F9,115.0,129.95324938457318
2025-04-01,IAD,RDU,UA,-19.0,-19.113997752282422
2025-04-28,LAS,HOU,WN,7.0,-6.827260898675359
2025-04-05,STL,MCO,WN,-2.0,-8.53680305499234
2025-04-11,PVD,DEN,WN,-28.0,-12.21064907618753
2025-04-24,TPA,FLL,WN,-17.0,-6.170025118487057
2025-04-14,PHX,SMF,OO,-4.0,-1.872291010806781
2025-04-05,MDW,FLL,WN,27.0,2.0733539718825478
2025-04-06,CMH,LAS,WN,-17.0,-0.05138184855336192
2025-04-26,CPR,DEN,OO,39.0,41.60362811534999
2025-04-18,AUS,SAN,WN,-8.0,-20.72415615087683
2025-04-10,BOI,ORD,OO,-13.0,-18.22027298275487
2025-04-09,STL,DFW,AA,-20.0,-14.122048957448534
2025-04-19,HNL,KOA,HA,0.0,2.9693656175823233
2025-04-21,SDF,FLL,G4,-31.0,-23.280943282849076
2025-04-15,DCA,MGM,OH,-1.0,-17.356547886923877
2025-04-21,DFW,LAX,NK,-31.0,-14.364047030341276
2025-04-13,SFO,SLC,OO,-11.0,-13.998309990009531
2025-04-04,ATL,SLC,DL,-14.0,-13.336112504384872
2025-04-04,PHL,SLC,DL,4.0,-1.476607974673568
2025-04-03,MCO,EWR,NK,179.0,178.72575560875376
2025-04-08,MEM,IAH,UA,-29.0,-13.25768290642922
2025-04-27,GEG,SEA,OO,-23.0,-15.499295580445256
2025-04-19,GPT,CLT,OH,0.0,-1.171879601781539
2025-04-07,CLE,DCA,OH,123.0,125.07831050842333
2025-04-30,LAX,SEA,UA,-7.0,-12.369417900471603
2025-04-18,GSP,ATL,DL,9.0,11.581061994360962
2025-04-08,TLH,ATL,DL,-24.0,-13.78865615191679
2025-04-02,MYR,CLT,AA,-9.0,-8.997392360671462
2025-04-15,SEA,PHX,AS,135.0,131.76599516145748
2025-04-09,ATL,HOU,WN,-5.0,-4.891677413679243
2025-04-12,AUS,BNA,WN,-14.0,-16.75059311397152
2025-04-01,SEA,RDD,OO,-13.0,-21.52882388746331
2025-04-26,SRQ,GRR,G4,-6.0,-13.491200695421476
2025-04-25,AUS,ABQ,WN,-18.0,-11.954897446558235
2025-04-07,MSP,DCA,DL,-13.0,-15.853917730126298
2025-04-22,DFW,BTR,OH,25.0,3.654859488332591
2025-04-24,LBE,MCO,NK,-38.0,-25.539421468340134
2025-04-22,MIA,CLT,AA,-5.0,-9.795955018018244
2025-04-06,HNL,PDX,HA,15.0,16.6547826069173
2025-04-26,MIA,SJU,AA,3.0,-14.569941819224283
2025-04-11,PHX,LAS,AA,-8.0,-8.749710080275607
2025-04-17,MCO,SDF,WN,-6.0,-13.73244640586272
2025-04-02,MSP,DEN,WN,-4.0,-15.254424532375648
2025-04-09,SBA,SFO,OO,-6.0,1.697931411852057
2025-04-25,DEN,DCA,F9,-10.0,-11.856533905861
2025-04-29,SNA,PHX,AA,6.0,-15.86583359174617
2025-04-10,SLC,SEA,DL,15.0,15.668152053440515
2025-04-28,SRQ,ATL,DL,-25.0,-12.464975299276315
2025-04-06,SHV,ATL,OO,23.0,-3.987147826913642
2025-04-15,FLL,PHL,F9,-16.0,-18.561933697184962
2025-04-13,JFK,AUS,DL,-40.0,-17.556604609631382
2025-04-06,SFO,BNA,UA,-13.0,-2.9026212206088626
2025-04-17,RDU,LGA,YX,-5.0,-8.070769199717713
2025-04-22,SAT,HOU,WN,-14.0,-12.716186886297884
2025-04-10,CLT,PVD,AA,-2.0,-6.3796700407415425
2025-04-15,DEN,GSP,OO,-15.0,-7.63414529880143
2025-04-21,ORD,ATL,YX,-3.0,-9.309937227064246
2025-04-24,DFW,MIA,NK,26.0,28.861409292119006
2025-04-12,JAX,SJU,F9,42.0,46.47846226350412
2025-04-01,PHX,DTW,AA,55.0,83.1258627678535
2025-04-22,DFW,STL,AA,54.0,54.00422247831129
2025-04-23,MIA,SFO,UA,-17.0,-16.70414976348298
2025-04-03,CHS,HOU,WN,332.0,338.15885359548827
2025-04-15,SLC,LAS,WN,-14.0,-14.71713017075215
2025-04-19,SFB,RAP,G4,-33.0,-27.925191956299628
2025-04-17,LAX,FAT,OO,-8.0,-5.919458912348672
2025-04-20,DCA,MIA,DL,-26.0,-26.443457361559183
2025-04-28,TPA,IAD,UA,-10.0,-12.260245849257583
2025-04-01,BOS,DCA,YX,7.0,7.14369790223103
2025-04-21,RSW,DTW,DL,-3.0,0.1499845468586214
2025-04-03,MCO,DAL,WN,-10.0,5.243800911085861
2025-04-10,LGA,ATL,DL,-14.0,-20.53895351988688
2025-04-21,PVD,DCA,YX,29.0,30.131882935302997
2025-04-27,SLC,DEN,DL,-16.0,-18.943826899567906
2025-04-01,MKE,BNA,WN,-13.0,-9.639052342123215
2025-04-07,EWR,PHX,UA,-33.0,-23.46028646169057
2025-04-29,SEA,SAN,AS,-5.0,-0.8632328002293876
2025-04-02,LAX,DAL,WN,-30.0,-21.327904190432804
2025-04-08,DTW,IAH,UA,-19.0,-17.832547596216465
2025-04-01,DEN,OKC,OO,-12.0,-8.022908686847178
2025-04-14,GRR,PGD,G4,-41.0,-38.62206343806712
2025-04-27,HOU,LGB,WN,-8.0,-14.994333624160483
2025-04-06,ORD,LAX,UA,-15.0,10.785994740479733
2025-04-19,PHL,PWM,OH,-17.0,-17.493565610231187
2025-04-22,DFW,SEA,AS,25.0,25.842358941115187
2025-04-01,RSW,DCA,MQ,-5.0,-8.86465896734666
2025-04-07,MIA,PHX,AA,-2.0,13.974618926059161
2025-04-26,PHL,JAX,AA,20.0,37.11468738658101
2025-04-13,BNA,MCO,WN,-13.0,-2.31993883506577
2025-04-01,EYW,PHL,YX,5.0,19.484636860022796
2025-04-04,CLT,ORD,UA,-8.0,-18.791009228785324
2025-04-08,BNA,JFK,B6,20.0,13.305200990417159
2025-04-17,DAL,MCO,WN,-12.0,-7.369440484854611
2025-04-30,IAD,SFO,UA,-37.0,-17.8589097582553
2025-04-02,LAX,DFW,AA,-20.0,-15.098228508575893
2025-04-21,DEN,SFO,UA,4.0,10.97023268605458
2025-04-13,LGA,MSP,DL,0.0,-15.360086508904903
2025-04-23,PHX,LAS,WN,19.0,25.2367058687806
2025-04-30,AUS,PHL,AA,39.0,39.23812077703414
2025-04-21,DCA,MSY,AA,4.0,-23.70125421142461
2025-04-09,MSP,GRB,OO,-9.0,-12.982120917607787
2025-04-17,BOS,RIC,YX,-28.0,-24.586213813896354
2025-04-19,MSY,AUS,WN,-16.0,-9.86291936317918
2025-04-22,SFO,MDW,WN,-2.0,2.3790486912262416
2025-04-23,LAS,MCO,WN,-4.0,-11.108015951143251
2025-04-30,RNO,ORD,UA,-14.0,-14.158163620581199
2025-04-26,ALB,MCO,B6,-17.0,-25.366548632692204
2025-04-25,TPA,ATL,DL,-18.0,-12.7965596598257
2025-04-21,JNU,SIT,AS,87.0,86.23732717499527
2025-04-02,ALB,MCO,WN,-27.0,-20.879003549821185
2025-04-01,LGA,TUL,YX,-7.0,-7.868620736106781
2025-04-09,HNL,KOA,HA,-5.0,-6.788877605185215
2025-04-20,SMF,SFO,OO,-19.0,-9.132849493525585
2025-04-17,LAX,DEN,OO,-8.0,-10.493651549343507
2025-04-04,BOS,RIC,B6,-24.0,-24.789839558687333
2025-04-03,BOS,DFW,DL,117.0,45.73805704766833
2025-04-24,AUS,SAN,OO,-7.0,1.1217490861071902
2025-04-08,MCO,DCA,AA,-33.0,-12.475247490399749
2025-04-22,FWA,ATL,OO,-4.0,-3.3424017349570914
2025-04-11,MIA,DTW,DL,-24.0,-22.321641319129085
2025-04-03,RNO,LAS,WN,-22.0,-16.654998888583442
2025-04-21,TPA,DEN,F9,-26.0,-8.390175960277686
2025-04-15,ATL,PIT,DL,-7.0,-12.273447138734433
2025-04-29,CHS,DCA,YX,-9.0,-6.354174210672717
2025-04-08,DAL,LGA,WN,-19.0,-13.376422806729305
2025-04-26,MCO,ATL,F9,-10.0,-4.775066313327034
2025-04-13,DEN,HOU,WN,-1.0,5.233017755405608
2025-04-04,IAH,LAX,UA,1.0,3.4960973420894295
2025-04-18,SDF,DFW,MQ,2.0,-13.06604195976358
2025-04-07,LGA,BOS,B6,141.0,131.2228930949843
2025-04-06,LAS,CLT,AA,4.0,-11.833510642057902
2025-04-05,KOA,LAX,UA,-21.0,-21.303402309656747
2025-04-13,ATL,SEA,DL,-19.0,-13.672646368411115
2025-04-03,DEN,RDM,UA,187.0,201.51602950577598
2025-04-18,PIT,ATL,DL,-16.0,-10.730935973444844
2025-04-14,HNL,DTW,DL,64.0,50.74236892181472
2025-04-11,OAK,LAS,WN,-14.0,-8.83494387656079
2025-04-16,BHM,FLL,NK,-25.0,-15.293353578399838
2025-04-22,MLB,ATL,DL,-10.0,-3.5712346400614994
2025-04-08,BOS,PHX,AA,7.0,23.49550984296588
2025-04-14,FLL,BWI,NK,115.0,115.73878548879804
2025-04-29,ORD,MIA,AA,-16.0,-11.314182206750846
2025-04-07,MEM,ATL,DL,8.0,6.135442990074679
2025-04-16,CHA,ATL,OO,-12.0,-12.449258572154328
2025-04-16,SJC,SAN,WN,11.0,10.42340692921552
2025-04-10,SJU,MCO,B6,-12.0,-8.42933754133281
2025-04-30,DTW,AUS,DL,19.0,-18.663622452453147
2025-04-20,JFK,FLL,B6,-10.0,1.6162194619520243
2025-04-30,ATL,HSV,DL,78.0,74.21051575478387
2025-04-16,RIC,BOS,YX,-7.0,-8.386499872953298
2025-04-12,LGA,PBI,DL,3.0,-6.768584277617958
2025-04-11,MSP,CLT,DL,-3.0,-5.065447317797556
2025-04-01,MCO,DTW,DL,22.0,15.636219592587228
2025-04-15,RNO,DEN,UA,-10.0,-12.449177535461597
2025-04-09,XNA,DFW,MQ,82.0,92.59157509009677
2025-04-16,BRO,DFW,MQ,-15.0,-13.597575038966248
2025-04-20,DEN,DDC,OO,2.0,-11.690713213641892
2025-04-01,ATL,MCI,DL,-15.0,-13.19305948616099
2025-04-02,ISP,FLL,F9,-25.0,-14.859618979777991
2025-04-21,LGA,MCO,DL,6.0,-21.96114840762541
2025-04-04,BOS,ORD,YX,53.0,42.79377554390151
2025-04-23,BHM,FLL,NK,-25.0,-17.441903399016304
2025-04-29,SAN,SMF,WN,-9.0,-10.607958497360496
2025-04-19,SAT,HOU,WN,-10.0,-7.517414187301439
2025-04-18,SEA,PHX,AS,-14.0,-9.832063454996913
2025-04-14,PHL,DEN,WN,17.0,-17.12577408392452
2025-04-23,SJU,CLT,AA,-35.0,-8.78216534259601
2025-04-30,DCA,GRR,OH,-29.0,-21.89797910783016
2025-04-23,LAX,OGG,AA,-27.0,-17.932674830327343
2025-04-13,PWM,DCA,YX,2.0,-10.229613802598987
2025-04-16,CLE,LGA,YX,29.0,33.795368381054594
2025-04-15,BIL,SLC,OO,-18.0,-12.50588870147844
2025-04-14,CLT,ALB,AA,-7.0,-9.973133365600338
2025-04-16,SEA,PHX,AS,-15.0,-16.12734540833457
2025-04-10,ABQ,ATL,DL,-20.0,-10.564430765939324
2025-04-18,DAL,MSY,WN,28.0,35.94950048756206
2025-04-10,DEN,MEM,UA,-25.0,-18.3169563507668
2025-04-08,ABQ,DFW,AA,-23.0,-17.606433556769883
2025-04-18,SFO,CLE,UA,-14.0,-4.663331129362048
2025-04-04,LAS,BZN,WN,9.0,10.821861130683859
2025-04-07,TYS,CLT,AA,-10.0,-4.014187770193999
2025-04-19,ATW,PHX,MQ,32.0,-23.26374802317818
2025-04-12,AUS,LAS,DL,-13.0,-9.702119781740846
2025-04-27,IAH,MIA,AA,120.0,128.81493431095583
2025-04-25,ORD,ROC,MQ,-4.0,-1.2214300065306212
2025-04-10,DFW,SAV,AA,-12.0,-12.816137538986947
2025-04-28,SMF,PHX,OO,-7.0,-8.242016794046801
2025-04-19,AUS,SJU,WN,-13.0,-11.216462206228137
2025-04-26,SEA,DEN,DL,3.0,-6.254765000069964
2025-04-27,LAS,SEA,AS,8.0,-11.253762926706415
2025-04-11,MCI,LGA,DL,-10.0,-15.239589138570665
2025-04-11,MLB,ATL,DL,4.0,6.264440421198927
2025-04-02,CLE,JFK,YX,25.0,31.762816805486526
2025-04-03,CLT,ORF,OH,-2.0,-7.09205902115532
2025-04-12,LGA,PIT,YX,-26.0,-24.136003262978342
2025-04-21,RSW,DTW,NK,0.0,14.527017334035756
2025-04-24,ORD,PHX,AA,2.0,-15.683356847353103
2025-04-10,DTW,DFW,NK,-26.0,-15.452684633175103
2025-04-19,SFO,CMH,UA,-14.0,-18.077501944675266
2025-04-16,SAV,MDW,WN,-6.0,-16.507040441366293
2025-04-08,ATL,BOS,DL,-17.0,-8.305846855216316
2025-04-21,PDX,DFW,AA,-5.0,-11.297968977477716
2025-04-25,SJU,MIA,AA,-22.0,-5.412493874795608
2025-04-14,CMX,ORD,OO,-30.0,-22.478319398978048
2025-04-28,PIT,SFB,G4,-19.0,-13.300271229661206
2025-04-28,DEN,PSP,WN,5.0,7.430755227061823
2025-04-29,LFT,CLT,OH,8.0,-14.436815880406272
2025-04-13,SLC,EUG,OO,-28.0,-11.918690849170929
2025-04-13,IND,SEA,AS,-8.0,-11.67690273987398
2025-04-20,BOS,JFK,YX,0.0,1.9810863359337967
2025-04-26,CLT,BWI,AA,48.0,48.51676277123697
2025-04-19,SLC,SMF,DL,-8.0,-6.561775269146649
2025-04-22,PHL,SFO,AA,-9.0,-6.971798806497489
2025-04-05,VPS,PIT,G4,-4.0,-0.03434421817097011
