y_true,y_prob
0,0.19449893335306534
1,0.18376400286981714
0,0.1971707530772956
1,0.23488120657720077
1,0.18263224256464894
0,0.1689401549964495
0,0.20926244349946543
0,0.16421530587240674
0,0.1647349992948761
0,0.1565773272398892
0,0.25732156942987583
1,0.2097951338006601
1,0.16163658493532992
0,0.16520426577637895
0,0.26769263089750245
0,0.24945232067845852
1,0.163696930628721
0,0.15909065034287484
0,0.2308280535063387
0,0.1971707530772956
0,0.18263224256464894
0,0.15808141775502127
0,0.16214970074720653
1,0.20754576098723934
0,0.18719187038024912
0,0.20816842817999845
1,0.16947176921765514
1,0.21383435469243717
0,0.15707739157381126
0,0.15607856011067778
0,0.16266412940050637
1,0.2026139387353831
1,0.19419476646184736
0,0.25372462525569717
0,0.25372462525569717
0,0.17486128730769337
0,0.16788091374711345
0,0.2038386442542567
0,0.2565995216183555
0,0.24932453949601877
0,0.21683379735848846
0,0.16788091374711345
0,0.16214970074720653
0,0.21181934136564426
0,0.1770546044269473
1,0.1983707422202022
0,0.26905364307218504
0,0.25087106906309176
1,0.24105286396052072
0,0.21383435469243717
1,0.24243927181591673
0,0.16061428636749814
1,0.2565995216183555
1,0.1776062959423293
1,0.16577834588017926
0,0.23624316747641574
0,0.1536041300669043
0,0.2294879308540123
0,0.1585853825244955
0,0.20250367691874196
0,0.15808141775502127
0,0.226161576326694
0,0.19183861689480067
0,0.15508491150206613
0,0.1776062959423293
0,0.20879247126731879
1,0.27655551583781945
0,0.20238330655227763
0,0.163696930628721
0,0.1611247806007254
0,0.32333409329029184
0,0.17486128730769337
0,0.19844687748224374
0,0.2222151901625184
0,0.1776062959423293
0,0.16788091374711345
0,0.282649170430349
0,0.19653196713251017
1,0.21759111160255687
1,0.16630200161420913
0,0.19969237697210956
0,0.15707739157381126
0,0.16163658493532992
0,0.22928167432683427
0,0.15909065034287484
1,0.2038386442542567
0,0.1716115443634324
0,0.18472695744965695
0,0.19360367731067366
0,0.16266412940050637
0,0.2026139387353831
0,0.18359060046284234
0,0.17982654045811988
1,0.1689401549964495
0,0.23504511253579213
1,0.20816842817999845
0,0.2215622632759244
0,0.17486128730769337
0,0.17982654045811988
0,0.17486128730769337
0,0.1721498235010819
0,0.16630200161420913
1,0.20754576098723934
0,0.16214970074720653
0,0.2157477656078842
0,0.16682698066923252
0,0.2215622632759244
0,0.1965728153645988
0,0.16266412940050637
0,0.23015730840622478
1,0.18094476299973955
1,0.18892417173288698
0,0.23129448273324568
1,0.17000471409448514
0,0.18547182075783886
0,0.18651356749395256
0,0.21447078246927356
0,0.1983393577712414
0,0.16735328429962604
0,0.24874495843279068
0,0.16735328429962604
0,0.1611247806007254
0,0.2026139387353831
0,0.2007871865475264
0,0.22332450704652088
0,0.19478722434298068
0,0.15808141775502127
1,0.2403616920472049
0,0.26095167533286195
0,0.21055936731096125
1,0.19338006187702306
1,0.24733426402043043
0,0.17982654045811988
0,0.23829631575447485
0,0.21383435469243717
0,0.1647349992948761
1,0.17540760127118452
0,0.17926945565163963
0,0.21896429453672736
1,0.1776062959423293
0,0.22091070996605922
0,0.2403616920472049
1,0.17377268378936625
1,0.2012437228072262
0,0.22071173355575122
0,0.22550041576541727
0,0.1647349992948761
0,0.19360367731067366
0,0.16577834588017926
0,0.18950433139275066
0,0.17431631516539484
0,0.18433191770478202
0,0.17982654045811988
1,0.2056860136045357
0,0.16577834588017926
0,0.17540760127118452
0,0.23150016553855912
0,0.1585853825244955
0,0.1721498235010819
0,0.1824743924511711
0,0.22026053054736963
0,0.19008585510377005
0,0.15707739157381126
0,0.16010510084810023
0,0.1611247806007254
0,0.2389834170238952
0,0.17540760127118452
0,0.25515941153912186
1,0.21638832073181466
1,0.21256562716740846
0,0.21130240403902145
0,0.21767355734240304
0,0.1651618694935367
0,0.2038386442542567
0,0.1636035020209929
1,0.1719019338637924
1,0.17871372059265478
0,0.24945232067845852
0,0.16840987024067372
0,0.19008585510377005
0,0.26905364307218504
0,0.22550041576541727
0,0.16317987224754688
0,0.2020036474708672
1,0.17595525809675513
0,0.17431631516539484
1,0.19274301797571483
0,0.17000471409448514
0,0.20816842817999845
1,0.17030501659670882
0,0.21319930290224712
1,0.20805593232834588
0,0.19301395636378502
0,0.19242560307841566
1,0.23217364386498987
0,0.25087106906309176
0,0.17377268378936625
0,0.19597624831182098
1,0.18429302967689032
0,0.21283262948181483
0,0.16061428636749814
0,0.26682832325689915
0,0.16947176921765514
0,0.1965728153645988
0,0.16250667317685433
1,0.16214970074720653
1,0.19777006188875998
0,0.16317987224754688
0,0.17053899080402188
0,0.2389834170238952
1,0.20255333298707778
0,0.24105286396052072
0,0.163696930628721
1,0.2660158986809696
0,0.16317987224754688
1,0.16163658493532992
0,0.16061428636749814
1,0.15909065034287484
1,0.16010510084810023
0,0.18433191770478202
0,0.2288199214434701
0,0.27203891418463333
0,0.23829631575447485
0,0.19478722434298068
0,0.20018101628001483
0,0.2780713018426592
0,0.1776062959423293
0,0.22352516330296324
1,0.17595525809675513
0,0.18094476299973955
0,0.17323039211074176
0,0.21383435469243717
0,0.18547182075783886
0,0.21510858614403183
1,0.2155521529000292
0,0.18719187038024912
1,0.21563228923111277
0,0.15899935090089254
0,0.18490119007143
0,0.20816842817999845
0,0.16266412940050637
0,0.16788091374711345
0,0.1765042588111637
0,0.16010510084810023
1,0.29092077582870934
0,0.22352516330296324
0,0.2157146262882172
0,0.15909065034287484
0,0.3200333912138919
1,0.19008585510377005
0,0.20562472590355044
1,0.2271283279779369
0,0.15808141775502127
0,0.19597624831182098
1,0.1710746005101436
1,0.20139473017331763
0,0.21193332753669247
0,0.17926945565163963
1,0.20630455383580923
0,0.18150590254069487
0,0.1647349992948761
0,0.17268943904680512
0,0.23866142194687867
1,0.19125299723626746
0,0.2056860136045357
0,0.2056860136045357
0,0.17960075038557682
0,0.18359060046284234
0,0.15808141775502127
1,0.17815933434112613
0,0.19183861689480067
0,0.17268943904680512
0,0.18547182075783886
0,0.2773127705906437
0,0.16525601220020444
0,0.16937571219435016
0,0.15607856011067778
0,0.16454723340145375
0,0.23217364386498987
0,0.18206839544059153
0,0.2050688487227938
0,0.18150590254069487
0,0.1611247806007254
0,0.23829631575447485
0,0.26608915695491164
0,0.1647349992948761
0,0.16266412940050637
0,0.21004468545977234
0,0.20630455383580923
0,0.1752546565954038
0,0.16840987024067372
0,0.18490119007143
0,0.16061428636749814
0,0.22550041576541727
0,0.23284848782555936
0,0.2222151901625184
0,0.18038497593735656
0,0.19242560307841566
0,0.19066874350932786
0,0.21193332753669247
0,0.16266412940050637
0,0.16682698066923252
0,0.1776062959423293
0,0.16947176921765514
0,0.1647349992948761
0,0.18604381053637933
0,0.17268943904680512
1,0.18661716016362304
1,0.16788091374711345
1,0.16840987024067372
1,0.21130240403902145
1,0.18038497593735656
0,0.19419476646184736
0,0.20250367691874196
0,0.24243927181591673
1,0.20816842817999845
0,0.1995762190391238
0,0.1721498235010819
0,0.2053355495678482
0,0.16525601220020444
1,0.22026053054736963
0,0.1611247806007254
1,0.18376400286981714
1,0.2294879308540123
1,0.22484062645012468
0,0.24467428402291977
0,0.2214975641192082
1,0.163696930628721
0,0.19008585510377005
0,0.17540760127118452
0,0.16630200161420913
0,0.1721498235010819
0,0.20998244234860536
1,0.23624316747641574
0,0.21383435469243717
1,0.1995762190391238
0,0.16682698066923252
0,0.25016102464224077
1,0.16630200161420913
0,0.18206839544059153
0,0.1585853825244955
0,0.16163658493532992
0,0.2020036474708672
0,0.1983707422202022
0,0.15757875458998666
0,0.20764402136077673
0,0.1831974447628437
0,0.18719187038024912
1,0.2281532807464161
0,0.17000471409448514
0,0.19183861689480067
1,0.1747087180580966
0,0.2106728566835543
0,0.19597624831182098
0,0.17982654045811988
0,0.19218770051753406
0,0.1611247806007254
0,0.19066874350932786
0,0.21638832073181466
1,0.2735393050672863
0,0.2038386442542567
0,0.3757076600365669
1,0.16010510084810023
0,0.21820176906969022
0,0.17404591837702063
0,0.18719187038024912
0,0.24728611411733237
0,0.15757875458998666
1,0.20692446958143174
0,0.1808891685368987
1,0.22418220882253667
0,0.22877428029737412
1,0.15959722264342052
0,0.16947176921765514
0,0.19066874350932786
0,0.18661716016362304
0,0.18892417173288698
0,0.17053899080402188
0,0.18013347488546153
0,0.16010510084810023
1,0.23388473691441258
0,0.16725818622004618
0,0.25515941153912186
0,0.16840987024067372
0,0.19538105146256587
1,0.17595525809675513
0,0.20941789033756555
1,0.18656021985261165
0,0.21638832073181466
0,0.20018101628001483
0,0.23407986417488819
0,0.23829631575447485
0,0.22091070996605922
0,0.1689401549964495
0,0.16421530587240674
0,0.17540760127118452
0,0.16557036347951945
0,0.1689401549964495
0,0.21638832073181466
1,0.19183861689480067
1,0.2642702086855809
0,0.1971707530772956
0,0.16577834588017926
0,0.17486128730769337
0,0.22084614709341963
0,0.18376400286981714
0,0.16947176921765514
0,0.16351011631125648
0,0.17130082381651277
0,0.18490119007143
0,0.22352516330296324
1,0.20754576098723934
0,0.17486128730769337
1,0.23488120657720077
0,0.18433191770478202
1,0.30943104816662964
0,0.24803893914236094
0,0.1647349992948761
0,0.2196117253133708
1,0.1687485643844078
1,0.19125299723626746
0,0.22484062645012468
0,0.21004468545977234
1,0.1721498235010819
0,0.15757875458998666
0,0.16317987224754688
1,0.25087106906309176
0,0.1689401549964495
0,0.1716115443634324
0,0.18661716016362304
0,0.2342022698975068
1,0.163696930628721
0,0.2294879308540123
0,0.16682698066923252
0,0.18604381053637933
0,0.1877679419109521
1,0.22782230588448893
1,0.16947176921765514
0,0.17486128730769337
0,0.22803309511896405
0,0.20322560424371344
1,0.21767355734240304
1,0.19008585510377005
0,0.19265394677818504
0,0.17323039211074176
1,0.21067177061506456
0,0.16630200161420913
0,0.18206839544059153
0,0.2294879308540123
0,0.25087106906309176
0,0.17323039211074176
0,0.19478722434298068
0,0.16577834588017926
0,0.2056860136045357
0,0.18490119007143
1,0.28804733009638883
0,0.21896429453672736
1,0.16525601220020444
0,0.1585853825244955
0,0.2764189642873396
1,0.20018101628001483
0,0.18094476299973955
0,0.16788091374711345
1,0.18094476299973955
0,0.1996085244645216
0,0.15459002701369626
0,0.15757875458998666
0,0.18038497593735656
0,0.18772849582936652
1,0.2196117253133708
0,0.18661716016362304
0,0.16947176921765514
0,0.15707739157381126
0,0.1689401549964495
0,0.17268943904680512
1,0.24445972902497975
0,0.16061428636749814
0,0.18376400286981714
0,0.20754576098723934
0,0.2056860136045357
0,0.21510858614403183
0,0.17871372059265478
1,0.25444135220482716
0,0.26461474580032474
1,0.19698775296886048
0,0.22418220882253667
1,0.20139473017331763
0,0.17268943904680512
0,0.16525601220020444
0,0.18263224256464894
1,0.18150590254069487
0,0.1611247806007254
0,0.2183182384693351
0,0.20491544813097776
0,0.1710746005101436
0,0.17053899080402188
0,0.27203891418463333
0,0.1647349992948761
0,0.16682698066923252
0,0.16163658493532992
0,0.19242560307841566
1,0.27203891418463333
0,0.17431631516539484
1,0.16317987224754688
0,0.16577834588017926
0,0.26461474580032474
0,0.25016102464224077
0,0.20879247126731879
0,0.17595525809675513
0,0.20816842817999845
0,0.1983707422202022
0,0.20426501965493887
0,0.24174539087611205
0,0.18950433139275066
0,0.24313450577864223
0,0.22286949029038203
0,0.25087106906309176
0,0.16682698066923252
0,0.16947176921765514
0,0.17871372059265478
0,0.18410174048116254
0,0.20322560424371344
1,0.22515147156489673
0,0.2183182384693351
0,0.23488120657720077
0,0.2026139387353831
1,0.19294770913232479
0,0.20139473017331763
0,0.21767355734240304
0,0.17268943904680512
0,0.18950433139275066
0,0.18263224256464894
1,0.26241295933211906
0,0.18376400286981714
0,0.1716115443634324
0,0.15757875458998666
0,0.16266412940050637
0,0.17683547387327223
1,0.2780713018426592
0,0.15909065034287484
0,0.17268943904680512
1,0.2403616920472049
0,0.16250667317685433
0,0.1877679419109521
0,0.21447078246927356
1,0.2342022698975068
0,0.23829631575447485
0,0.19066874350932786
0,0.17268943904680512
0,0.1877679419109521
0,0.1770546044269473
0,0.25158245265598417
0,0.1995762190391238
0,0.17000471409448514
1,0.21767355734240304
0,0.21236169918281284
0,0.20018101628001483
1,0.1995762190391238
0,0.25158245265598417
0,0.1565773272398892
0,0.17540760127118452
0,0.24841410432015681
0,0.18661716016362304
0,0.15909065034287484
1,0.2281532807464161
0,0.2183182384693351
1,0.19062883105454603
0,0.20445305900687277
0,0.2240635078011322
0,0.2288199214434701
1,0.22472167778781935
0,0.2419508571512436
0,0.2170302513665354
0,0.2522951741118512
0,0.17268943904680512
1,0.2294879308540123
0,0.18950433139275066
0,0.16735328429962604
0,0.21767355734240304
0,0.24938208636770692
0,0.1689401549964495
0,0.16214970074720653
0,0.19301395636378502
0,0.16317987224754688
1,0.1647349992948761
1,0.16421530587240674
0,0.26314557512670494
0,0.18604381053637933
0,0.19277970083390436
0,0.18490119007143
0,0.2558788018284628
0,0.17815933434112613
0,0.16630200161420913
0,0.15757875458998666
0,0.1813341575391404
0,0.2530092320975285
0,0.1995762190391238
0,0.2056860136045357
0,0.23761057316861264
0,0.20941789033756555
1,0.20754576098723934
0,0.21383435469243717
0,0.2665340702316305
0,0.1689401549964495
0,0.1905634286960648
0,0.1689401549964495
0,0.1716115443634324
0,0.18547182075783886
0,0.1867535679457022
0,0.19066874350932786
1,0.25431188133871846
0,0.17323039211074176
0,0.2029279716612032
1,0.23488120657720077
0,0.2281532807464161
0,0.19301395636378502
0,0.1710746005101436
0,0.2007871865475264
1,0.22484062645012468
0,0.17486128730769337
0,0.18512394438728355
0,0.1565773272398892
0,0.3457666944902242
0,0.1555810886977866
1,0.18413406750417244
0,0.22091070996605922
0,0.22550041576541727
0,0.16214970074720653
0,0.15757875458998666
1,0.23488120657720077
0,0.19538105146256587
0,0.1647349992948761
1,0.19897279447510313
0,0.17486128730769337
0,0.16317987224754688
0,0.18479833353398414
1,0.1965728153645988
0,0.163696930628721
0,0.17377268378936625
0,0.24383109173969975
0,0.16840987024067372
1,0.22550041576541727
0,0.19897279447510313
0,0.1975866424407786
0,0.1770546044269473
0,0.2007871865475264
1,0.18490119007143
1,0.24313450577864223
1,0.24874495843279068
1,0.1965728153645988
0,0.17982654045811988
0,0.19597624831182098
0,0.16266412940050637
0,0.16947176921765514
1,0.16840987024067372
0,0.15909065034287484
1,0.1971707530772956
1,0.21767355734240304
1,0.20754576098723934
0,0.19527376183463271
0,0.17053899080402188
1,0.21447078246927356
0,0.17871372059265478
0,0.19342319027328606
1,0.2106728566835543
0,0.15909065034287484
0,0.17926945565163963
0,0.16163658493532992
0,0.1776062959423293
0,0.22152382778386617
0,0.16525601220020444
0,0.21638832073181466
0,0.20941789033756555
0,0.19125299723626746
0,0.19360367731067366
0,0.21004468545977234
0,0.19066874350932786
0,0.15707739157381126
0,0.22682410767074493
1,0.1764666648942797
0,0.16682698066923252
0,0.17486128730769337
1,0.1995762190391238
0,0.23137874537020864
0,0.16682698066923252
0,0.25949566583740935
0,0.16317987224754688
0,0.15757875458998666
0,0.16840987024067372
0,0.1983707422202022
0,0.16630200161420913
0,0.15757875458998666
0,0.21896429453672736
0,0.20445305900687277
0,0.2222151901625184
0,0.15959722264342052
0,0.16266412940050637
0,0.16577834588017926
0,0.19107418236701634
1,0.16421530587240674
0,0.23488120657720077
0,0.19419476646184736
1,0.18950433139275066
1,0.18604381053637933
0,0.188345375464349
0,0.2026139387353831
0,0.16735328429962604
0,0.19711137301445966
0,0.19125299723626746
0,0.26314557512670494
0,0.32915274065572503
1,0.20935578374107947
0,0.3200333912138919
0,0.24452902865113882
1,0.18433191770478202
0,0.15959722264342052
0,0.19831109003662928
0,0.2558788018284628
0,0.1710746005101436
0,0.1965728153645988
0,0.15707739157381126
0,0.19597624831182098
0,0.1710746005101436
0,0.21383435469243717
0,0.16630200161420913
0,0.18038497593735656
0,0.21447078246927356
0,0.20630455383580923
0,0.1776062959423293
0,0.23618310408219673
0,0.2170302513665354
1,0.22286949029038203
0,0.19419476646184736
0,0.1565773272398892
0,0.19419476646184736
1,0.30943104816662964
0,0.2020036474708672
0,0.19125299723626746
0,0.1716115443634324
0,0.1651618694935367
0,0.33334136345236276
0,0.21319930290224712
0,0.15959722264342052
0,0.1689401549964495
0,0.23137874537020864
1,0.21447078246927356
0,0.23488120657720077
1,0.16163658493532992
0,0.21193332753669247
0,0.18651356749395256
0,0.18490119007143
0,0.17323039211074176
0,0.23829631575447485
0,0.17982654045811988
0,0.23352469673794635
0,0.17268943904680512
0,0.1721498235010819
0,0.1770546044269473
0,0.15909065034287484
0,0.2616816588421031
1,0.19301395636378502
0,0.2056860136045357
0,0.21447078246927356
0,0.20797786505543123
0,0.17926945565163963
0,0.2067347479001617
0,0.16630200161420913
1,0.18028407600625962
0,0.2050688487227938
1,0.1983707422202022
0,0.25949566583740935
0,0.16840987024067372
1,0.30460359991724906
1,0.18490119007143
0,0.16061428636749814
0,0.16735328429962604
0,0.26461474580032474
0,0.191194974935987
0,0.19538105146256587
0,0.20303840568544151
0,0.25876964307963746
0,0.2020036474708672
1,0.22091070996605922
0,0.16947176921765514
0,0.2050688487227938
0,0.20018101628001483
0,0.19301395636378502
0,0.1565773272398892
0,0.1765042588111637
0,0.17926945565163963
0,0.16525601220020444
1,0.2215622632759244
0,0.18094476299973955
1,0.1647349992948761
0,0.17982654045811988
1,0.17268943904680512
0,0.1831974447628437
1,0.21256562716740846
0,0.19066874350932786
1,0.1983707422202022
0,0.19066874350932786
0,0.2099314444821955
0,0.22418220882253667
1,0.1585853825244955
0,0.18433191770478202
0,0.2007871865475264
0,0.1995762190391238
0,0.18038497593735656
0,0.19897279447510313
0,0.15959722264342052
1,0.2142173982233664
1,0.226161576326694
0,0.15959722264342052
0,0.16577834588017926
1,0.19597624831182098
0,0.22682410767074493
0,0.17926945565163963
0,0.1836616363864902
0,0.17595525809675513
0,0.15909065034287484
0,0.17000471409448514
0,0.16577834588017926
0,0.1565773272398892
0,0.1716115443634324
0,0.17323039211074176
0,0.1770546044269473
0,0.17871372059265478
0,0.27171786688594096
0,0.22780143886740997
0,0.20139473017331763
1,0.19447654223817384
1,0.32665248385721135
0,0.20067766865556547
0,0.3208568955526901
0,0.1611247806007254
0,0.19125299723626746
0,0.20816842817999845
0,0.17377268378936625
0,0.23817243576922406
0,0.22609592419864274
0,0.20816842817999845
1,0.18807946311459442
1,0.1647349992948761
0,0.21447078246927356
0,0.17377268378936625
0,0.1647349992948761
0,0.16525601220020444
0,0.188345375464349
0,0.1965728153645988
0,0.19777006188875998
0,0.17486128730769337
0,0.20139473017331763
0,0.1831974447628437
1,0.17982654045811988
0,0.1536041300669043
0,0.1585853825244955
0,0.1710746005101436
0,0.21193332753669247
0,0.20941789033756555
0,0.16061428636749814
0,0.20139473017331763
1,0.19008585510377005
0,0.19897279447510313
0,0.17000471409448514
0,0.1647349992948761
0,0.23761057316861264
0,0.17268943904680512
1,0.22286949029038203
0,0.23217364386498987
1,0.26284269875414334
0,0.17926945565163963
0,0.16788091374711345
0,0.19831109003662928
1,0.21638832073181466
1,0.18661716016362304
0,0.16266412940050637
1,0.21447078246927356
0,0.2452283154415823
0,0.17815933434112613
0,0.19066874350932786
1,0.2563789781582531
0,0.19008585510377005
0,0.19419476646184736
0,0.16682698066923252
0,0.21130240403902145
0,0.17871372059265478
0,0.17431631516539484
0,0.1585853825244955
1,0.17323039211074176
0,0.1765042588111637
0,0.23488120657720077
0,0.1689401549964495
0,0.19419476646184736
0,0.17926945565163963
0,0.19360367731067366
0,0.26756879428217306
0,0.16682698066923252
0,0.17982654045811988
0,0.22550041576541727
0,0.17926945565163963
0,0.2241169648717602
0,0.24932453949601877
0,0.16840987024067372
0,0.2215622632759244
0,0.19478722434298068
0,0.1827475736755205
0,0.16872900816039138
0,0.2183182384693351
0,0.1611247806007254
0,0.21319930290224712
0,0.2288199214434701
0,0.19777006188875998
1,0.25016102464224077
0,0.2280050075580167
0,0.1565773272398892
0,0.2457145474166871
0,0.17431631516539484
0,0.1770546044269473
0,0.20523213007288454
1,0.16010510084810023
0,0.21193332753669247
0,0.17871372059265478
0,0.16266412940050637
0,0.22352516330296324
0,0.24383109173969975
1,0.15757875458998666
1,0.17486128730769337
1,0.17776907445437076
0,0.16577834588017926
0,0.23210676997171711
0,0.16214970074720653
0,0.24874495843279068
0,0.19356329742434583
0,0.24592895101616277
0,0.15909065034287484
0,0.24153346630719516
0,0.19897279447510313
0,0.15757875458998666
0,0.16266412940050637
0,0.18263224256464894
0,0.17535334384810833
0,0.19125299723626746
0,0.19183861689480067
0,0.16577834588017926
0,0.21181934136564426
0,0.2972999098881769
0,0.15909065034287484
0,0.21319930290224712
0,0.18206839544059153
0,0.2342022698975068
0,0.163696930628721
0,0.22346005549517267
1,0.21193332753669247
0,0.23015730840622478
0,0.19066874350932786
0,0.3060630489875377
0,0.2157477656078842
0,0.17377268378936625
0,0.2281532807464161
0,0.3174216963058704
0,0.16947176921765514
0,0.19538105146256587
0,0.17431631516539484
0,0.16010510084810023
0,0.18719187038024912
0,0.16317987224754688
0,0.18651356749395256
1,0.1831974447628437
0,0.2026139387353831
1,0.22627628859834117
0,0.2151676341222362
0,0.23195047011131123
0,0.27054368821205443
0,0.19419476646184736
0,0.17252427796369962
0,0.19360367731067366
0,0.16840987024067372
0,0.20692446958143174
0,0.1710746005101436
1,0.19360367731067366
0,0.2106728566835543
1,0.2162725960529654
0,0.1716115443634324
0,0.1770546044269473
0,0.23829631575447485
0,0.18604381053637933
0,0.15757875458998666
0,0.21447078246927356
0,0.20139473017331763
0,0.1689401549964495
0,0.2735393050672863
0,0.2469532348426556
1,0.17595525809675513
0,0.20879247126731879
0,0.18433191770478202
0,0.17053899080402188
1,0.21004468545977234
0,0.18719187038024912
0,0.2288199214434701
1,0.21447078246927356
0,0.17377268378936625
0,0.1585853825244955
0,0.16317987224754688
1,0.16421530587240674
1,0.17815933434112613
0,0.18892417173288698
1,0.18094476299973955
0,0.19301395636378502
1,0.188345375464349
0,0.17861355177106653
0,0.3200333912138919
0,0.17377268378936625
0,0.18376400286981714
1,0.19777006188875998
0,0.16317987224754688
1,0.16735328429962604
0,0.2050688487227938
1,0.15959722264342052
1,0.16788091374711345
1,0.21638832073181466
0,0.15598866860349161
0,0.1776062959423293
0,0.3581410786862242
0,0.19939154083266414
0,0.19777006188875998
0,0.16266412940050637
0,0.19700336585537429
0,0.18433191770478202
0,0.21308481994520906
0,0.20018101628001483
0,0.16421530587240674
0,0.1710746005101436
0,0.258044943759617
0,0.22748800931279298
0,0.16214970074720653
1,0.18661716016362304
0,0.23624316747641574
0,0.15808141775502127
0,0.18038497593735656
1,0.2795166250077933
1,0.1689401549964495
0,0.18038497593735656
1,0.24313450577864223
0,0.16010510084810023
0,0.1736816997726147
0,0.20445305900687277
0,0.16266412940050637
0,0.33824981096333967
0,0.2170302513665354
0,0.17514175399782303
0,0.18376400286981714
0,0.16061428636749814
0,0.18206839544059153
0,0.23015730840622478
0,0.15808141775502127
1,0.20816842817999845
0,0.1995762190391238
0,0.1714175490855979
0,0.23217364386498987
0,0.19348603109453474
1,0.2170302513665354
1,0.17268943904680512
0,0.22064721236607307
0,0.18719187038024912
0,0.17595525809675513
0,0.15707739157381126
1,0.18038497593735656
0,0.16421530587240674
0,0.24313450577864223
0,0.2222151901625184
0,0.20322560424371344
1,0.18661716016362304
0,0.2056860136045357
0,0.21510858614403183
0,0.1721498235010819
0,0.19897279447510313
0,0.1823792621929689
0,0.1971707530772956
1,0.18892417173288698
0,0.19597624831182098
0,0.18950433139275066
0,0.18376400286981714
0,0.20816842817999845
0,0.21004468545977234
0,0.26682832325689915
1,0.1716115443634324
0,0.18038497593735656
0,0.20816842817999845
0,0.26608915695491164
0,0.25876964307963746
0,0.19639023446337434
0,0.30701203931805543
0,0.22550041576541727
0,0.18150590254069487
1,0.20692446958143174
0,0.29037952581422083
0,0.17323039211074176
0,0.16061428636749814
0,0.16010510084810023
0,0.17595525809675513
0,0.23150016553855912
0,0.17982654045811988
1,0.17431631516539484
0,0.20879247126731879
0,0.19318568507816083
1,0.18376400286981714
1,0.19538105146256587
0,0.18950433139275066
0,0.21510858614403183
1,0.1565773272398892
0,0.15707739157381126
0,0.22321788686045752
0,0.1765042588111637
1,0.16317987224754688
1,0.1971707530772956
0,0.1971707530772956
0,0.2522951741118512
0,0.18094476299973955
1,0.1710746005101436
1,0.15959722264342052
0,0.15409643371227447
1,0.2710620883553833
0,0.17044245301627606
1,0.20018101628001483
1,0.26831056817943116
0,0.1877679419109521
0,0.2048382544475286
0,0.21130240403902145
0,0.23624316747641574
0,0.18644168043672005
0,0.1899230596952063
1,0.26416490363095685
1,0.2711557282481692
0,0.16630200161420913
0,0.16010510084810023
1,0.20445305900687277
0,0.21896429453672736
0,0.16788091374711345
0,0.19360367731067366
0,0.1770546044269473
0,0.17540760127118452
0,0.18376400286981714
0,0.1965728153645988
1,0.20941789033756555
0,0.2175133078504055
0,0.19301395636378502
0,0.2106728566835543
0,0.1611247806007254
0,0.1721498235010819
0,0.16163658493532992
0,0.18661716016362304
0,0.19827219724990036
0,0.23217364386498987
0,0.23891519200399128
0,0.23284848782555936
0,0.18038497593735656
0,0.15607856011067778
0,0.1689401549964495
0,0.15757875458998666
0,0.17486128730769337
0,0.16788091374711345
0,0.19183861689480067
0,0.18427551669359396
0,0.163696930628721
0,0.17053899080402188
1,0.16163658493532992
0,0.16421530587240674
1,0.22682410767074493
0,0.15508491150206613
1,0.21256562716740846
0,0.18892417173288698
0,0.18719187038024912
0,0.16682698066923252
0,0.18566693063341533
0,0.1721498235010819
1,0.19125299723626746
0,0.22457379251501433
0,0.16682698066923252
0,0.17965603571711047
0,0.17486128730769337
0,0.28804733009638883
0,0.2050688487227938
1,0.16682698066923252
0,0.21896429453672736
0,0.21004468545977234
0,0.1877107315071371
1,0.16214970074720653
0,0.19538105146256587
0,0.19419476646184736
1,0.18490119007143
0,0.15959722264342052
0,0.18206839544059153
0,0.21447078246927356
0,0.15959722264342052
0,0.19183861689480067
0,0.23488120657720077
0,0.21004468545977234
0,0.16421530587240674
0,0.2389834170238952
0,0.2038386442542567
0,0.19173280898869263
0,0.18604381053637933
0,0.27129065457990226
0,0.17000471409448514
0,0.23829631575447485
1,0.16525601220020444
1,0.20018101628001483
0,0.20257215166522208
0,0.16947176921765514
0,0.21510858614403183
0,0.20754576098723934
0,0.2222151901625184
0,0.22091070996605922
1,0.17323039211074176
1,0.295864431474653
0,0.22091070996605922
0,0.20630455383580923
1,0.2183182384693351
0,0.18263224256464894
1,0.18490119007143
0,0.17323039211074176
1,0.19597624831182098
0,0.2732680968192024
1,0.21687070405510833
0,0.22144455351570086
0,0.3102397182448933
0,0.25431188133871846
0,0.16421530587240674
0,0.18376400286981714
1,0.21447078246927356
1,0.19066874350932786
0,0.17851342689050415
1,0.16061428636749814
1,0.24733426402043043
0,0.15607856011067778
0,0.21510858614403183
0,0.17486128730769337
0,0.19867983722493288
0,0.18661716016362304
0,0.19871443800114133
0,0.17815933434112613
1,0.22418220882253667
1,0.2026139387353831
0,0.26682832325689915
0,0.16061428636749814
0,0.2215622632759244
1,0.19591714019873258
1,0.2452283154415823
0,0.15757875458998666
1,0.24592895101616277
0,0.2780713018426592
0,0.21319930290224712
0,0.19897279447510313
0,0.17431631516539484
0,0.20495759434179442
0,0.21319930290224712
0,0.18206839544059153
0,0.2068076391509652
0,0.19597624831182098
0,0.18038497593735656
0,0.17268943904680512
0,0.2342022698975068
0,0.20139473017331763
0,0.15757875458998666
0,0.20630455383580923
1,0.15959722264342052
0,0.17815933434112613
0,0.22861591156768032
0,0.16840987024067372
1,0.24733426402043043
0,0.20619280294814665
0,0.19242560307841566
0,0.20941789033756555
0,0.22877428029737412
0,0.20879247126731879
1,0.23352469673794635
0,0.2616816588421031
0,0.17815933434112613
1,0.2117402395310008
0,0.1995762190391238
0,0.17982654045811988
0,0.1831974447628437
0,0.24663093425645832
0,0.16840987024067372
0,0.20692446958143174
1,0.18038497593735656
0,0.26095167533286195
0,0.2020036474708672
1,0.16630200161420913
0,0.2281532807464161
0,0.17377268378936625
0,0.23761057316861264
0,0.16577834588017926
0,0.17926945565163963
0,0.23740113848864003
0,0.2183182384693351
0,0.16010510084810023
1,0.21271376940743625
0,0.20007174625028948
0,0.18696304387147267
0,0.163696930628721
0,0.16735328429962604
1,0.29350640397120825
0,0.21193332753669247
0,0.1625711756679926
0,0.17268943904680512
1,0.19977757450229144
1,0.26314557512670494
0,0.17268943904680512
1,0.19419476646184736
0,0.2616816588421031
0,0.17205256300445138
0,0.26756879428217306
0,0.1965728153645988
0,0.1742180882429047
0,0.21447078246927356
0,0.18150590254069487
0,0.17540760127118452
0,0.25949566583740935
0,0.15808141775502127
0,0.19242560307841566
0,0.16525601220020444
0,0.18150590254069487
0,0.2423139232376039
0,0.22352516330296324
0,0.18433191770478202
1,0.24376192608798025
0,0.21193332753669247
0,0.18370773648989272
0,0.18719187038024912
1,0.33502425555990106
0,0.16147993154076828
1,0.16266412940050637
0,0.15607856011067778
0,0.16061428636749814
1,0.2170302513665354
0,0.18547182075783886
1,0.32142922184677747
1,0.23483472458572047
0,0.17486128730769337
0,0.21130240403902145
0,0.16010510084810023
1,0.163696930628721
0,0.24945232067845852
0,0.1716115443634324
0,0.21383435469243717
1,0.2070697142063986
1,0.1877679419109521
1,0.2403616920472049
0,0.1716115443634324
0,0.16840987024067372
1,0.18892417173288698
0,0.17540760127118452
0,0.19342319027328606
0,0.17053899080402188
0,0.24874495843279068
0,0.2170302513665354
0,0.18038497593735656
0,0.19597624831182098
0,0.15808141775502127
0,0.24663093425645832
0,0.16421530587240674
0,0.23217364386498987
0,0.18759162964849116
0,0.16947176921765514
0,0.16163658493532992
0,0.32815279129990066
0,0.17871372059265478
0,0.19478722434298068
0,0.20754576098723934
0,0.18376400286981714
0,0.19125299723626746
0,0.16788091374711345
0,0.20067766865556547
0,0.19478722434298068
0,0.18263224256464894
1,0.2735393050672863
1,0.18263224256464894
0,0.17982654045811988
0,0.25949566583740935
0,0.20630455383580923
1,0.17268943904680512
1,0.21638832073181466
1,0.21130240403902145
0,0.15607856011067778
1,0.18206839544059153
0,0.20816842817999845
0,0.16735328429962604
0,0.16735328429962604
0,0.15959722264342052
0,0.19242560307841566
1,0.1647349992948761
0,0.2106728566835543
0,0.2389834170238952
0,0.18604381053637933
0,0.20680683153090101
0,0.20322560424371344
0,0.2170302513665354
0,0.28418523555523567
0,0.19186674467950957
1,0.22909663279785655
0,0.2170302513665354
0,0.19419476646184736
1,0.23556150602751996
0,0.17268943904680512
0,0.258044943759617
0,0.19777006188875998
0,0.19242560307841566
0,0.21193332753669247
1,0.25158245265598417
0,0.16835733543211853
0,0.19066874350932786
0,0.18206839544059153
0,0.185297172667267
0,0.19897279447510313
0,0.19419476646184736
0,0.15959722264342052
0,0.2020036474708672
0,0.17595525809675513
1,0.2452283154415823
0,0.226161576326694
0,0.2215622632759244
0,0.19295552728597287
0,0.21884757697094803
0,0.20941789033756555
0,0.18021405805145796
0,0.1770546044269473
0,0.17268943904680512
0,0.17323039211074176
0,0.21256562716740846
0,0.2020036474708672
0,0.20139473017331763
0,0.2038386442542567
0,0.1831974447628437
0,0.188345375464349
1,0.19597624831182098
1,0.2788311073865721
1,0.1555810886977866
0,0.1721498235010819
0,0.19242560307841566
0,0.19538105146256587
0,0.3175696134642907
0,0.16317987224754688
1,0.19066874350932786
0,0.16630200161420913
0,0.28882348885202386
1,0.2942911920945692
0,0.2038386442542567
0,0.25444135220482716
0,0.15909065034287484
1,0.17377268378936625
0,0.2788311073865721
0,0.22484062645012468
0,0.19125299723626746
0,0.16317987224754688
0,0.19642453423953699
1,0.17053899080402188
0,0.15757875458998666
0,0.16412163946765596
0,0.15707739157381126
0,0.22682410767074493
0,0.1831974447628437
1,0.1611247806007254
0,0.1765042588111637
1,0.2170302513665354
0,0.19066874350932786
1,0.2735393050672863
0,0.16735328429962604
0,0.18950433139275066
0,0.19008585510377005
0,0.16010510084810023
0,0.18892417173288698
0,0.19478722434298068
0,0.19478722434298068
0,0.2522951741118512
1,0.20495759434179442
0,0.2757995397658326
0,0.1585853825244955
0,0.29037952581422083
1,0.2170302513665354
0,0.16788091374711345
0,0.16682698066923252
0,0.1688874883627878
0,0.21767355734240304
0,0.27129065457990226
0,0.2565995216183555
1,0.1680322929975186
0,0.1555810886977866
0,0.1689401549964495
0,0.17630590978754826
0,0.16421530587240674
0,0.16010510084810023
1,0.16214970074720653
0,0.17053899080402188
0,0.16788091374711345
0,0.19554647051252008
0,0.21004468545977234
0,0.22550041576541727
0,0.1647349992948761
0,0.1716115443634324
0,0.20630455383580923
0,0.22748800931279298
0,0.16630200161420913
0,0.22286949029038203
0,0.20322560424371344
1,0.3200333912138919
0,0.17486128730769337
0,0.27655551583781945
0,0.1983707422202022
0,0.16214970074720653
0,0.20941789033756555
0,0.2106728566835543
0,0.16525601220020444
0,0.2163144833318037
0,0.16061428636749814
0,0.16317987224754688
0,0.23217364386498987
0,0.19125299723626746
0,0.2122579597241723
0,0.2030993667869054
0,0.1565773272398892
0,0.15607856011067778
1,0.16947176921765514
0,0.2308280535063387
1,0.20754576098723934
0,0.17431631516539484
1,0.1647349992948761
0,0.23352469673794635
0,0.1957392695818483
1,0.2215622632759244
0,0.1957392695818483
0,0.1710746005101436
0,0.20120879221355145
1,0.1877679419109521
0,0.2416202866315815
0,0.19639023446337434
0,0.1905634286960648
0,0.1585853825244955
0,0.17514175399782303
1,0.18950433139275066
0,0.1831974447628437
0,0.2288199214434701
1,0.17815933434112613
0,0.17000471409448514
0,0.21027021737303866
0,0.2834165739326169
0,0.20941789033756555
1,0.2653512972023684
0,0.1770546044269473
0,0.15808141775502127
0,0.16884433803574955
0,0.21510858614403183
0,0.19360367731067366
0,0.1776062959423293
0,0.17540760127118452
0,0.19231954846554325
0,0.17871372059265478
0,0.18145017386473827
0,0.19707044031991686
0,0.19242560307841566
1,0.29037952581422083
1,0.19897279447510313
0,0.2007871865475264
0,0.20816842817999845
0,0.2038386442542567
1,0.2209455155418057
0,0.23015730840622478
0,0.25949566583740935
0,0.20941789033756555
0,0.20816842817999845
0,0.23172440510870668
0,0.20754576098723934
0,0.16735328429962604
0,0.16577834588017926
0,0.30460359991724906
0,0.19066874350932786
0,0.23829631575447485
0,0.1555810886977866
1,0.22748800931279298
0,0.25158245265598417
0,0.20630455383580923
0,0.15959722264342052
0,0.16317987224754688
0,0.19538105146256587
0,0.2026139387353831
0,0.16525601220020444
0,0.17595525809675513
0,0.24084135366043105
0,0.16421530587240674
0,0.16788091374711345
0,0.2857263234818191
0,0.19538105146256587
1,0.24663093425645832
0,0.23284848782555936
1,0.19301395636378502
0,0.15808141775502127
0,0.16525601220020444
0,0.16735328429962604
0,0.2117402395310008
1,0.22550041576541727
0,0.18547182075783886
0,0.16317987224754688
1,0.21447078246927356
0,0.18598700516341443
0,0.19419476646184736
0,0.1647349992948761
0,0.16010510084810023
0,0.22577938644687887
1,0.23556150602751996
0,0.2026139387353831
0,0.19066874350932786
0,0.24313450577864223
0,0.17982654045811988
0,0.19835685453558638
0,0.24932453949601877
0,0.20941789033756555
1,0.16421530587240674
0,0.16457593249501945
0,0.17053899080402188
0,0.16317987224754688
0,0.20322560424371344
0,0.15757875458998666
0,0.16061428636749814
0,0.19242560307841566
0,0.20754576098723934
1,0.17053899080402188
1,0.226161576326694
1,0.2572498789026412
1,0.19777006188875998
1,0.26608915695491164
0,0.18490119007143
1,0.19242560307841566
0,0.19419476646184736
0,0.19651357129888392
1,0.20445305900687277
1,0.16947176921765514
0,0.2091688861837264
0,0.20754576098723934
0,0.1916054491478323
0,0.17323039211074176
1,0.26387950452477676
0,0.18150590254069487
0,0.19301395636378502
0,0.18661716016362304
0,0.2056860136045357
0,0.17323039211074176
0,0.21308481994520906
0,0.20662282464931056
0,0.20018101628001483
0,0.16525601220020444
0,0.16421530587240674
0,0.26675493544703976
0,0.2056860136045357
1,0.2369261901292276
0,0.16214970074720653
0,0.2106728566835543
1,0.16163658493532992
0,0.16525601220020444
0,0.15409643371227447
0,0.30701203931805543
1,0.19242560307841566
1,0.188345375464349
1,0.2050688487227938
0,0.1585853825244955
1,0.19897279447510313
1,0.24663093425645832
1,0.188345375464349
1,0.18985431725865695
0,0.22121310995273635
0,0.17871372059265478
1,0.17595525809675513
0,0.1767978245560303
0,0.16163658493532992
0,0.16840987024067372
1,0.22682410767074493
1,0.1765042588111637
0,0.16947176921765514
1,0.24733426402043043
0,0.15808141775502127
0,0.16577834588017926
1,0.17595525809675513
1,0.18206839544059153
0,0.18719187038024912
0,0.2026139387353831
0,0.1721498235010819
0,0.16990841679470697
0,0.21004468545977234
0,0.18433191770478202
1,0.19360367731067366
0,0.18353437523832083
0,0.20139473017331763
0,0.2368583696166323
0,0.21383435469243717
1,0.19360367731067366
1,0.20445305900687277
0,0.19125299723626746
0,0.16247826474637544
0,0.23217364386498987
0,0.16061428636749814
0,0.19125299723626746
0,0.1689401549964495
0,0.226161576326694
0,0.18263224256464894
0,0.18094476299973955
0,0.1721498235010819
1,0.22418220882253667
1,0.18263224256464894
0,0.1776062959423293
1,0.2222151901625184
1,0.19897279447510313
1,0.2183182384693351
0,0.2157477656078842
0,0.1770546044269473
1,0.23066097507908867
1,0.23556150602751996
0,0.25087106906309176
1,0.32582124093873255
0,0.1721498235010819
0,0.16163658493532992
0,0.1770546044269473
0,0.20322560424371344
0,0.27504484453071204
1,0.21319930290224712
0,0.16214970074720653
1,0.2026139387353831
0,0.20816842817999845
0,0.23488120657720077
0,0.16214970074720653
0,0.18490119007143
0,0.226161576326694
0,0.18433191770478202
0,0.16061428636749814
0,0.16525601220020444
0,0.17681842547118104
0,0.18823069776444698
1,0.23967187609106266
0,0.1721498235010819
0,0.17268943904680512
0,0.16317987224754688
0,0.1611247806007254
0,0.24663093425645832
0,0.2452283154415823
0,0.1721498235010819
0,0.16840987024067372
0,0.2020036474708672
0,0.18753857368200227
0,0.19777006188875998
0,0.2038386442542567
0,0.18376400286981714
0,0.23284848782555936
0,0.2374869385241589
0,0.24383109173969975
0,0.16163658493532992
0,0.18719187038024912
0,0.21683379735848846
0,0.188345375464349
0,0.1594821094119075
0,0.1831974447628437
0,0.21447078246927356
1,0.188345375464349
0,0.1721498235010819
0,0.23015730840622478
0,0.27477270816778965
0,0.1565773272398892
0,0.2342022698975068
0,0.19478722434298068
1,0.16840987024067372
1,0.20139473017331763
0,0.1611247806007254
0,0.18547182075783886
1,0.2241169648717602
0,0.17926945565163963
0,0.17926945565163963
0,0.17252427796369962
0,0.1983707422202022
1,0.23406772325660002
0,0.19008585510377005
0,0.188345375464349
0,0.2099314444821955
1,0.16163658493532992
1,0.18547182075783886
0,0.15909065034287484
0,0.16577834588017926
0,0.2106728566835543
0,0.1710746005101436
0,0.24243927181591673
0,0.2594235811799046
0,0.1585853825244955
0,0.1555810886977866
0,0.2050688487227938
0,0.19818690330574237
1,0.23967187609106266
0,0.21510858614403183
0,0.193276383078639
0,0.22768438040089645
0,0.15808141775502127
0,0.1877679419109521
0,0.30943104816662964
0,0.15959722264342052
0,0.18892417173288698
0,0.1776062959423293
0,0.18950433139275066
0,0.16525601220020444
0,0.18547182075783886
0,0.16010510084810023
0,0.1757371975910114
1,0.21004468545977234
0,0.22418220882253667
0,0.15757875458998666
0,0.1770546044269473
0,0.2369261901292276
0,0.16840987024067372
0,0.18719187038024912
0,0.2020036474708672
0,0.24105286396052072
0,0.18990787523015817
0,0.17815933434112613
0,0.1716115443634324
0,0.17540760127118452
0,0.21447078246927356
1,0.26905364307218504
0,0.20805593232834588
0,0.21319930290224712
0,0.17268943904680512
0,0.19538105146256587
0,0.16421530587240674
1,0.18150590254069487
0,0.23488120657720077
0,0.17486128730769337
0,0.1788475933829759
0,0.171021405401205
0,0.24663093425645832
0,0.18604381053637933
0,0.2756632192531682
0,0.1983707422202022
0,0.25087106906309176
0,0.18094476299973955
0,0.1677855762606082
0,0.18604381053637933
0,0.16682698066923252
0,0.20542117573852423
0,0.15757875458998666
0,0.16214970074720653
0,0.16061428636749814
0,0.1803295155994713
0,0.18433191770478202
0,0.19183861689480067
0,0.18547182075783886
0,0.16266412940050637
1,0.2522244083673544
0,0.18433191770478202
0,0.21383435469243717
0,0.22418220882253667
0,0.21319930290224712
0,0.1765042588111637
0,0.1971707530772956
1,0.18950433139275066
0,0.16872900816039138
1,0.18950433139275066
1,0.1970627213669354
0,0.22091070996605922
0,0.17053899080402188
0,0.1780594088837598
0,0.19008585510377005
0,0.1611247806007254
0,0.163696930628721
0,0.22550041576541727
1,0.19008585510377005
0,0.18719187038024912
1,0.22091070996605922
1,0.2056860136045357
0,0.21383435469243717
1,0.1983707422202022
0,0.1742180882429047
0,0.2026139387353831
1,0.18206839544059153
0,0.16735328429962604
0,0.1565773272398892
0,0.1765042588111637
1,0.23624316747641574
0,0.20316486215079252
1,0.2565995216183555
0,0.226161576326694
0,0.18263224256464894
0,0.16010510084810023
0,0.2389834170238952
0,0.22715439489331735
0,0.19125299723626746
0,0.15508491150206613
0,0.20619280294814665
0,0.15757875458998666
0,0.17431631516539484
0,0.1585853825244955
0,0.25861293007151354
0,0.21130240403902145
0,0.19301395636378502
0,0.1555810886977866
1,0.17000471409448514
0,0.16421530587240674
0,0.21925241792276284
0,0.25791427355625135
0,0.16630200161420913
0,0.19066874350932786
0,0.2067347479001617
0,0.16788091374711345
0,0.2038386442542567
0,0.19538105146256587
1,0.18433191770478202
0,0.2157477656078842
0,0.21256562716740846
0,0.18708803206430966
0,0.1709778220253258
1,0.24174539087611205
1,0.19231954846554325
0,0.1611247806007254
0,0.15909065034287484
0,0.2020036474708672
0,0.26004184854943
1,0.30212670648441964
1,0.19290765494130419
0,0.1770546044269473
0,0.1776062959423293
0,0.20445305900687277
0,0.15459002701369626
0,0.18661716016362304
1,0.16682698066923252
0,0.16061428636749814
0,0.17053899080402188
0,0.16163658493532992
0,0.1831974447628437
1,0.17486128730769337
0,0.23488120657720077
0,0.21319930290224712
0,0.22484062645012468
0,0.18094476299973955
0,0.24592895101616277
0,0.1555810886977866
0,0.22803309511896405
0,0.1647349992948761
1,0.2222151901625184
1,0.1950176937339896
0,0.20322560424371344
0,0.3030038875565337
0,0.25444135220482716
0,0.17268943904680512
1,0.17377268378936625
0,0.21055936731096125
0,0.1647349992948761
0,0.18490119007143
1,0.19360367731067366
0,0.2281532807464161
0,0.17871372059265478
0,0.16163658493532992
0,0.17464429522262037
0,0.15909065034287484
0,0.19538105146256587
0,0.1995762190391238
1,0.25087106906309176
1,0.17721793858719223
0,0.19101620150264711
0,0.2803545323925009
1,0.2281532807464161
0,0.31267268404139986
0,0.22286949029038203
0,0.19538105146256587
0,0.22352516330296324
1,0.23284848782555936
0,0.19419476646184736
0,0.20630455383580923
1,0.2369261901292276
0,0.15909065034287484
0,0.22026053054736963
0,0.19532207925587355
0,0.16630200161420913
0,0.16163658493532992
0,0.20941789033756555
0,0.21130240403902145
1,0.21820176906969022
0,0.23761057316861264
0,0.19777006188875998
0,0.17000471409448514
0,0.21613329435595846
0,0.1692600932757251
0,0.2106728566835543
0,0.22280451866399828
0,0.19538105146256587
0,0.16577834588017926
0,0.1776062959423293
0,0.17815933434112613
0,0.22352516330296324
0,0.18038497593735656
0,0.20018101628001483
0,0.23150016553855912
0,0.22026053054736963
0,0.2038386442542567
0,0.21004468545977234
0,0.17268943904680512
0,0.1611247806007254
0,0.16266412940050637
0,0.16214970074720653
0,0.1585853825244955
0,0.22682410767074493
0,0.18950433139275066
0,0.1585853825244955
1,0.17871372059265478
0,0.16947176921765514
0,0.2170302513665354
1,0.17053899080402188
1,0.16266412940050637
0,0.2106728566835543
0,0.22418220882253667
0,0.1721498235010819
0,0.1995762190391238
0,0.16266412940050637
0,0.20941789033756555
1,0.1710746005101436
0,0.18433191770478202
1,0.1876638578191196
0,0.19478722434298068
0,0.18586718127470545
0,0.1647349992948761
0,0.20754576098723934
0,0.19360367731067366
1,0.1647349992948761
0,0.2342022698975068
0,0.2602230104557681
0,0.20924281579190568
0,0.30220581481994535
0,0.1611247806007254
0,0.26756879428217306
1,0.28960088828964153
0,0.16682698066923252
0,0.16525601220020444
0,0.18578040384912672
0,0.16577834588017926
0,0.22550041576541727
0,0.16788091374711345
0,0.2222151901625184
0,0.23007152487470495
1,0.16317987224754688
1,0.22026053054736963
0,0.1776062959423293
1,0.18206839544059153
0,0.16421530587240674
0,0.21250283797642952
0,0.17810440959182766
0,0.2157477656078842
0,0.19301395636378502
0,0.19777006188875998
0,0.16317987224754688
0,0.15707739157381126
0,0.2215622632759244
0,0.1721498235010819
0,0.16214970074720653
1,0.21130240403902145
0,0.21319930290224712
0,0.25158245265598417
0,0.17144720054565535
0,0.21487817487063304
0,0.2196117253133708
0,0.2026139387353831
1,0.17377268378936625
1,0.18950433139275066
0,0.16317987224754688
0,0.16525601220020444
1,0.1770546044269473
0,0.17540760127118452
0,0.23284848782555936
0,0.17540760127118452
0,0.1721498235010819
0,0.1611247806007254
0,0.1689401549964495
0,0.17044245301627606
1,0.17459609271036197
1,0.17982654045811988
1,0.23015730840622478
1,0.19597624831182098
1,0.2085587884148924
1,0.18474182213405888
0,0.16104102131494802
1,0.1716115443634324
0,0.1689401549964495
1,0.2157477656078842
0,0.18094476299973955
0,0.22682410767074493
0,0.1647349992948761
0,0.18206839544059153
0,0.19301395636378502
0,0.21319930290224712
0,0.18661716016362304
0,0.18206839544059153
1,0.2602230104557681
1,0.17982654045811988
0,0.2004587671035705
0,0.1743081909489416
0,0.18547182075783886
1,0.1776062959423293
0,0.1776062959423293
0,0.26608915695491164
1,0.17486128730769337
0,0.16214970074720653
0,0.20941789033756555
0,0.17053899080402188
1,0.15757875458998666
0,0.16163658493532992
0,0.19301395636378502
0,0.18932676872699108
0,0.23100626121016968
1,0.2522951741118512
0,0.19357731383276816
0,0.2308280535063387
0,0.19183861689480067
1,0.21767355734240304
1,0.1831974447628437
0,0.16577834588017926
0,0.2007871865475264
0,0.21193332753669247
0,0.2522951741118512
0,0.16947176921765514
0,0.1647349992948761
0,0.15959722264342052
0,0.22084614709341963
0,0.2294879308540123
0,0.20941789033756555
0,0.16421530587240674
1,0.19897279447510313
0,0.19597624831182098
0,0.22091070996605922
0,0.19360367731067366
0,0.16214970074720653
0,0.24945232067845852
1,0.20754576098723934
0,0.21004468545977234
1,0.24170921322975306
0,0.22026053054736963
0,0.1678285106435927
0,0.1716115443634324
1,0.15607856011067778
0,0.15607856011067778
0,0.22026053054736963
0,0.16163658493532992
0,0.18433191770478202
0,0.21130240403902145
1,0.20445305900687277
0,0.1735196600457345
1,0.21383435469243717
0,0.17504316054931968
0,0.2551102546045703
0,0.18038497593735656
0,0.26979801705871986
0,0.16788091374711345
0,0.18140451438267527
0,0.20692446958143174
1,0.163696930628721
0,0.17595525809675513
0,0.16266412940050637
1,0.16947176921765514
1,0.17595525809675513
1,0.26831056817943116
1,0.17595525809675513
1,0.16840987024067372
0,0.1770546044269473
0,0.16421530587240674
0,0.1689401549964495
0,0.17000471409448514
0,0.2007871865475264
0,0.16947176921765514
0,0.15707739157381126
0,0.18950433139275066
0,0.17871372059265478
0,0.21193332753669247
0,0.20630455383580923
0,0.16266412940050637
0,0.18719187038024912
0,0.2056860136045357
0,0.19066874350932786
0,0.15959722264342052
0,0.2773127705906437
1,0.1565773272398892
0,0.22026053054736963
0,0.2026139387353831
0,0.2369261901292276
0,0.1721498235010819
0,0.22418220882253667
0,0.17000471409448514
1,0.1965728153645988
0,0.16061428636749814
0,0.15757875458998666
0,0.1770546044269473
0,0.30380315027713534
0,0.1965728153645988
0,0.23284848782555936
1,0.3092852037583342
1,0.2927228405693337
0,0.16525601220020444
0,0.1765042588111637
1,0.16297451296646825
0,0.23958364994857675
0,0.22550041576541727
0,0.2919405046141325
0,0.237495772545777
0,0.1662073816765999
0,0.2403616920472049
1,0.16214970074720653
1,0.2072091529382773
0,0.16682698066923252
0,0.1981572764316717
1,0.2308280535063387
0,0.188345375464349
1,0.21638832073181466
0,0.1770546044269473
0,0.17486128730769337
0,0.16163658493532992
0,0.16735328429962604
0,0.15808141775502127
0,0.20816842817999845
0,0.1965728153645988
0,0.19777006188875998
0,0.18150590254069487
0,0.1565773272398892
1,0.20014941693485483
0,0.18150590254069487
0,0.1965728153645988
0,0.30460359991724906
0,0.2288199214434701
0,0.23488120657720077
0,0.226161576326694
0,0.2558788018284628
0,0.25158245265598417
0,0.16266412940050637
0,0.1690280867729435
0,0.18206839544059153
0,0.19125299723626746
1,0.20056819550822222
0,0.21130240403902145
0,0.16317987224754688
1,0.2556787527891351
0,0.15808141775502127
1,0.19008585510377005
0,0.17377268378936625
1,0.22270650452368956
0,0.19301395636378502
1,0.28960088828964153
0,0.17540760127118452
0,0.17486128730769337
0,0.21440758375105906
0,0.18490119007143
0,0.1877679419109521
0,0.19242560307841566
0,0.1721498235010819
1,0.16725818622004618
1,0.26595587342672244
0,0.16163658493532992
1,0.19183861689480067
0,0.188345375464349
0,0.17053899080402188
0,0.1710746005101436
1,0.20139473017331763
0,0.17053899080402188
0,0.17377268378936625
1,0.21256562716740846
1,0.1585853825244955
0,0.20630455383580923
0,0.18950433139275066
0,0.1715145249748452
0,0.15808141775502127
1,0.23829631575447485
0,0.17926945565163963
0,0.16735328429962604
0,0.18604381053637933
0,0.15707739157381126
0,0.18263224256464894
0,0.16317987224754688
0,0.18950433139275066
0,0.19777006188875998
0,0.2288199214434701
0,0.18376400286981714
0,0.22418220882253667
0,0.23150016553855912
0,0.19419476646184736
0,0.2103784611618972
0,0.18490119007143
0,0.18028407600625962
0,0.16163658493532992
0,0.1971707530772956
0,0.19538105146256587
0,0.17323039211074176
1,0.21638832073181466
0,0.26387950452477676
0,0.19897279447510313
0,0.15959722264342052
0,0.15757875458998666
0,0.3367113526518276
0,0.18206839544059153
0,0.16630200161420913
1,0.1965728153645988
0,0.21767355734240304
1,0.2050688487227938
0,0.2038386442542567
1,0.21044592277512897
0,0.20242716046119616
0,0.18490119007143
0,0.2558788018284628
1,0.2239811328827926
0,0.22286949029038203
0,0.15409643371227447
0,0.23217364386498987
1,0.2583770447094908
0,0.2818830274360319
0,0.22026053054736963
0,0.1716115443634324
0,0.20754576098723934
0,0.2558788018284628
0,0.17871372059265478
1,0.1995762190391238
0,0.18206839544059153
0,0.188345375464349
0,0.22550041576541727
1,0.16266412940050637
1,0.15707739157381126
0,0.16421530587240674
0,0.1710746005101436
0,0.24925432921463445
0,0.19593549381497144
0,0.18594046338046166
0,0.19897279447510313
0,0.2353533198877451
0,0.21896429453672736
1,0.19777006188875998
0,0.23603456490884164
0,0.188345375464349
0,0.21767355734240304
1,0.2056860136045357
1,0.2007871865475264
1,0.17323039211074176
0,0.20879247126731879
0,0.16266412940050637
1,0.19066874350932786
1,0.19125299723626746
1,0.16630200161420913
0,0.2222151901625184
0,0.16788091374711345
1,0.24383109173969975
0,0.16504855545821195
0,0.20018101628001483
1,0.15757875458998666
0,0.16840987024067372
0,0.19242560307841566
0,0.17268943904680512
0,0.2288199214434701
1,0.1983707422202022
0,0.22091070996605922
0,0.19777006188875998
0,0.16214970074720653
0,0.20322560424371344
0,0.1877679419109521
0,0.2056860136045357
0,0.16421530587240674
0,0.17000471409448514
1,0.16577834588017926
1,0.18206839544059153
1,0.16577834588017926
0,0.21256562716740846
0,0.23488120657720077
0,0.18490119007143
0,0.1565773272398892
0,0.17038941406692493
0,0.21130240403902145
0,0.22682410767074493
0,0.17268943904680512
0,0.25444135220482716
0,0.17431631516539484
0,0.1565773272398892
0,0.21256562716740846
0,0.21130240403902145
0,0.22682410767074493
0,0.16577834588017926
0,0.20941789033756555
0,0.2157477656078842
0,0.16840987024067372
0,0.17053899080402188
0,0.24518044196532565
0,0.2602230104557681
1,0.17595525809675513
0,0.26387950452477676
0,0.19360367731067366
0,0.24174539087611205
0,0.2558788018284628
0,0.1716115443634324
1,0.20322560424371344
0,0.3200333912138919
0,0.21383435469243717
0,0.1983707422202022
0,0.24874495843279068
0,0.2179689646697744
0,0.2183182384693351
0,0.19538105146256587
0,0.17486128730769337
0,0.19777006188875998
0,0.17540760127118452
1,0.15959722264342052
0,0.20816842817999845
0,0.1647349992948761
1,0.20816842817999845
0,0.18038497593735656
0,0.15959722264342052
0,0.15757875458998666
0,0.19597624831182098
0,0.1716115443634324
0,0.16577834588017926
1,0.23212753512899464
0,0.17871372059265478
0,0.19183861689480067
0,0.2281532807464161
0,0.1555810886977866
0,0.20879247126731879
0,0.15808141775502127
0,0.21896429453672736
0,0.19597624831182098
0,0.23829631575447485
0,0.19008585510377005
1,0.21510858614403183
0,0.21193332753669247
0,0.2486174195687117
0,0.17323039211074176
0,0.16421530587240674
0,0.1779627895541415
0,0.20630455383580923
0,0.24313450577864223
0,0.25087106906309176
0,0.15707739157381126
0,0.2028513356621672
0,0.19183861689480067
1,0.28495515288474854
1,0.18661716016362304
0,0.1940879711238688
0,0.3129693039853995
0,0.18433191770478202
0,0.20322560424371344
0,0.24174539087611205
0,0.19360367731067366
0,0.1555810886977866
0,0.19125299723626746
0,0.16266412940050637
0,0.17323039211074176
0,0.1689401549964495
0,0.1946801819052799
0,0.21767355734240304
1,0.24174539087611205
0,0.18547182075783886
0,0.19826221539340041
0,0.20445305900687277
0,0.21638832073181466
0,0.19183861689480067
0,0.226161576326694
0,0.16317987224754688
1,0.19478722434298068
0,0.17871372059265478
0,0.163696930628721
1,0.25444135220482716
1,0.23150016553855912
1,0.23217364386498987
0,0.15959722264342052
0,0.22091070996605922
0,0.16525601220020444
0,0.17926945565163963
0,0.1689401549964495
0,0.15808141775502127
0,0.16788091374711345
0,0.16421530587240674
0,0.18038497593735656
0,0.1831974447628437
0,0.15909065034287484
0,0.21767355734240304
0,0.18206839544059153
0,0.19008585510377005
1,0.22484062645012468
0,0.20692446958143174
0,0.23407986417488819
0,0.18604381053637933
0,0.1721498235010819
0,0.17480716304761604
0,0.17815933434112613
1,0.19183861689480067
0,0.16735328429962604
0,0.22026053054736963
0,0.1831974447628437
0,0.15607856011067778
0,0.17323039211074176
0,0.18719187038024912
0,0.248312985077001
0,0.21896429453672736
1,0.26095167533286195
0,0.19487141075847594
0,0.2854263170453387
1,0.18950433139275066
0,0.1689401549964495
0,0.16525601220020444
1,0.17053899080402188
0,0.16214970074720653
1,0.27504484453071204
0,0.2056860136045357
0,0.1716115443634324
0,0.17595525809675513
1,0.2602230104557681
0,0.22742208529758978
0,0.17377268378936625
0,0.22418220882253667
1,0.18547182075783886
0,0.1765042588111637
1,0.1721498235010819
0,0.17926945565163963
1,0.3225072502399685
0,0.22209723249001845
1,0.17431631516539484
0,0.16577834588017926
1,0.18661716016362304
1,0.18094476299973955
0,0.21447078246927356
1,0.1585853825244955
0,0.163696930628721
1,0.2050688487227938
0,0.2616816588421031
0,0.2170302513665354
0,0.21767355734240304
0,0.18719187038024912
0,0.1836930242672496
0,0.18206839544059153
1,0.15980757011635335
0,0.19777006188875998
0,0.16525601220020444
0,0.15959722264342052
0,0.20816842817999845
0,0.18946460562218878
0,0.18376400286981714
0,0.16061428636749814
0,0.18263224256464894
0,0.25732156942987583
0,0.16682698066923252
0,0.18990787523015817
0,0.1716115443634324
0,0.1647349992948761
1,0.1971707530772956
0,0.17871372059265478
0,0.20754576098723934
0,0.26241295933211906
0,0.21319930290224712
0,0.23808646540381215
0,0.23475855478814547
0,0.17871372059265478
0,0.15959722264342052
0,0.17595525809675513
0,0.19360367731067366
0,0.29115939880473396
1,0.2038386442542567
0,0.23488120657720077
0,0.1585853825244955
0,0.24945232067845852
0,0.1689401549964495
1,0.19360367731067366
0,0.18206839544059153
0,0.20630455383580923
1,0.26831056817943116
0,0.16317987224754688
1,0.19066874350932786
0,0.1721498235010819
0,0.16421530587240674
1,0.23352469673794635
0,0.2288199214434701
1,0.22682410767074493
1,0.19795929370210935
0,0.18422930626635445
1,0.25016102464224077
0,0.16163658493532992
0,0.17268943904680512
0,0.18547182075783886
0,0.26461474580032474
0,0.22120926826377915
0,0.1647349992948761
0,0.18206839544059153
0,0.15909065034287484
0,0.2043499843459068
0,0.18661716016362304
0,0.18719187038024912
0,0.17431631516539484
0,0.21767355734240304
0,0.20998244234860536
0,0.15707739157381126
0,0.188345375464349
1,0.18547182075783886
0,0.16525601220020444
1,0.19419476646184736
1,0.1689401549964495
1,0.24945232067845852
0,0.18604381053637933
0,0.22091070996605922
0,0.19419476646184736
0,0.2653512972023684
1,0.19231954846554325
0,0.15959722264342052
0,0.1689401549964495
0,0.16568396467305027
0,0.23347840127638686
0,0.25372462525569717
0,0.1689401549964495
0,0.15607856011067778
1,0.16735328429962604
0,0.26387950452477676
0,0.23352469673794635
0,0.1536041300669043
0,0.2050688487227938
0,0.17815933434112613
0,0.2990254840898201
0,0.17431631516539484
0,0.21896429453672736
0,0.21447078246927356
0,0.17972588439700035
0,0.20139473017331763
0,0.16010510084810023
0,0.17871372059265478
0,0.2007871865475264
1,0.1971707530772956
0,0.22604213261880454
0,0.2222151901625184
0,0.21510858614403183
1,0.20139473017331763
0,0.21638832073181466
1,0.16652318164060773
0,0.2196117253133708
0,0.16163658493532992
0,0.16682698066923252
0,0.1765042588111637
0,0.24383109173969975
0,0.2038386442542567
1,0.2180569676350905
0,0.17982654045811988
1,0.17926945565163963
0,0.15459002701369626
0,0.1555810886977866
1,0.17486128730769337
0,0.1647349992948761
0,0.16214970074720653
0,0.17000471409448514
1,0.16214970074720653
0,0.16630200161420913
0,0.188345375464349
0,0.16163658493532992
0,0.1689401549964495
0,0.17377268378936625
0,0.1971707530772956
0,0.18604381053637933
0,0.16788091374711345
0,0.21004468545977234
0,0.1721498235010819
0,0.21256562716740846
0,0.19478722434298068
0,0.23624316747641574
0,0.16577834588017926
0,0.1765042588111637
0,0.2038386442542567
0,0.19008585510377005
0,0.1971707530772956
0,0.1611247806007254
0,0.22418220882253667
0,0.18206839544059153
0,0.1877679419109521
0,0.16163658493532992
0,0.2073213107967864
0,0.2872724145917662
0,0.163696930628721
0,0.17053899080402188
0,0.16682698066923252
0,0.20322560424371344
1,0.1716115443634324
0,0.20619280294814665
0,0.1611247806007254
0,0.16010510084810023
0,0.2183182384693351
0,0.18950433139275066
0,0.17871372059265478
0,0.163696930628721
1,0.17540760127118452
1,0.2780713018426592
0,0.15959722264342052
0,0.18661716016362304
1,0.21256562716740846
0,0.16010510084810023
0,0.16297083052229797
1,0.19897279447510313
0,0.21004468545977234
1,0.23624316747641574
0,0.18490119007143
0,0.16061428636749814
0,0.15959722264342052
0,0.29744253638656803
0,0.16788091374711345
0,0.2369261901292276
0,0.18547182075783886
0,0.1995762190391238
0,0.16577834588017926
1,0.2056860136045357
0,0.2452283154415823
0,0.19633529140768974
0,0.15909065034287484
1,0.20502668553403966
0,0.1716115443634324
0,0.18433191770478202
1,0.2038386442542567
0,0.20692446958143174
0,0.15707739157381126
1,0.17815933434112613
0,0.17431631516539484
0,0.18038497593735656
0,0.24519178511454826
0,0.17053899080402188
0,0.15707739157381126
1,0.17486128730769337
1,0.1770546044269473
0,0.2872724145917662
0,0.17965603571711047
0,0.15707739157381126
0,0.188345375464349
1,0.21130240403902145
0,0.18376400286981714
0,0.203115094350536
0,0.16328537329085993
0,0.18892417173288698
0,0.17323039211074176
0,0.17323039211074176
0,0.2389834170238952
0,0.21762951206601808
0,0.18661716016362304
0,0.2520956841421868
0,0.16010510084810023
0,0.16840987024067372
0,0.19597624831182098
0,0.18950433139275066
0,0.20322560424371344
0,0.18094476299973955
0,0.18892417173288698
0,0.22091070996605922
0,0.27129065457990226
0,0.21061047705365443
1,0.25876964307963746
0,0.20139473017331763
0,0.18038497593735656
0,0.18604381053637933
0,0.2056860136045357
1,0.20879247126731879
0,0.2369261901292276
0,0.19066874350932786
0,0.19460590021575425
1,0.17053899080402188
0,0.16214970074720653
0,0.1917328089886927
0,0.1611247806007254
0,0.22794968954601957
0,0.21547348679339806
0,0.1721498235010819
0,0.22550041576541727
0,0.16364557669148444
0,0.17815933434112613
0,0.16947176921765514
0,0.163696930628721
0,0.22286949029038203
0,0.18433191770478202
0,0.163696930628721
1,0.2056860136045357
1,0.18360539429954448
0,0.20018101628001483
0,0.2106728566835543
0,0.15757875458998666
0,0.1585853825244955
0,0.24874495843279068
0,0.2038386442542567
1,0.19125299723626746
0,0.1721498235010819
1,0.21691427841405841
1,0.21193332753669247
0,0.3712831668297643
0,0.15808141775502127
0,0.15707739157381126
0,0.2183182384693351
0,0.2215622632759244
0,0.1585853825244955
0,0.15508491150206613
0,0.15757875458998666
0,0.18661716016362304
1,0.1971707530772956
0,0.163696930628721
0,0.2369261901292276
0,0.16947176921765514
0,0.1585853825244955
0,0.15707739157381126
0,0.18150590254069487
0,0.16163658493532992
0,0.18150590254069487
0,0.19008585510377005
1,0.23150016553855912
0,0.16630200161420913
1,0.2788311073865721
0,0.1831974447628437
0,0.19419476646184736
0,0.23761057316861264
0,0.2816489862344459
0,0.21638832073181466
1,0.20754576098723934
0,0.16682698066923252
0,0.20322560424371344
0,0.18263224256464894
0,0.24174539087611205
1,0.22151765393919415
0,0.2834165739326169
0,0.21193332753669247
0,0.15808141775502127
0,0.3030038875565337
0,0.1765042588111637
0,0.21638832073181466
1,0.1770546044269473
1,0.23556150602751996
0,0.17926945565163963
0,0.19066874350932786
0,0.16214970074720653
0,0.1831974447628437
1,0.2157477656078842
0,0.1647349992948761
0,0.1721498235010819
0,0.19066874350932786
0,0.1716115443634324
0,0.18433191770478202
1,0.19008585510377005
0,0.18038497593735656
0,0.2642702086855809
1,0.19538105146256587
0,0.20941789033756555
0,0.22418220882253667
0,0.2007871865475264
1,0.19478722434298068
0,0.17815933434112613
0,0.15707739157381126
1,0.16630200161420913
0,0.2872724145917662
0,0.17053899080402188
0,0.18661716016362304
1,0.15909065034287484
0,0.21130240403902145
1,0.21193332753669247
0,0.18038497593735656
0,0.188345375464349
0,0.16577834588017926
0,0.15959722264342052
0,0.16630200161420913
0,0.1716115443634324
0,0.1765042588111637
0,0.29115939880473396
1,0.15409643371227447
1,0.27959218498941146
0,0.19478722434298068
1,0.19301395636378502
0,0.19538105146256587
1,0.1721498235010819
0,0.1962365460267748
0,0.3274848173310357
0,0.2788311073865721
1,0.18038497593735656
0,0.1689401549964495
0,0.17926945565163963
0,0.17982654045811988
0,0.2288199214434701
1,0.19183861689480067
0,0.1716115443634324
0,0.1831974447628437
0,0.15909065034287484
0,0.22286949029038203
1,0.21193332753669247
0,0.16577834588017926
0,0.24243927181591673
0,0.2222151901625184
0,0.28960088828964153
0,0.16682698066923252
0,0.188345375464349
0,0.15607856011067778
1,0.21130240403902145
0,0.21383435469243717
0,0.16458950301548145
1,0.20557451098608762
0,0.16840987024067372
0,0.19008585510377005
0,0.17540760127118452
0,0.18206839544059153
0,0.19777006188875998
0,0.163696930628721
1,0.21256562716740846
0,0.24105286396052072
0,0.2050688487227938
0,0.2026139387353831
0,0.2222151901625184
0,0.20445305900687277
0,0.18094476299973955
0,0.17926945565163963
0,0.15808141775502127
0,0.15707739157381126
1,0.20322560424371344
0,0.19066874350932786
0,0.17486128730769337
0,0.18892417173288698
0,0.2038386442542567
0,0.21638832073181466
0,0.1776062959423293
0,0.16010510084810023
0,0.19290765494130419
1,0.2020036474708672
0,0.19242560307841566
1,0.2696635583737159
0,0.19419476646184736
0,0.19125299723626746
0,0.17377268378936625
0,0.1995762190391238
0,0.185297172667267
0,0.1710746005101436
0,0.1555810886977866
0,0.1776062959423293
0,0.18094476299973955
0,0.2215622632759244
1,0.188345375464349
0,0.191194974935987
0,0.19238541028257156
0,0.18490119007143
1,0.2773127705906437
0,0.1585853825244955
0,0.25444135220482716
0,0.1555810886977866
1,0.16317987224754688
1,0.1831974447628437
0,0.2047742550115958
0,0.18490119007143
0,0.23756371875347196
0,0.1877679419109521
1,0.2170302513665354
0,0.2196117253133708
0,0.20692446958143174
1,0.2170302513665354
0,0.1555810886977866
0,0.18719187038024912
0,0.21767355734240304
0,0.2056860136045357
0,0.1965728153645988
0,0.22286949029038203
0,0.1770546044269473
0,0.23196754330396904
0,0.1647349992948761
0,0.19538105146256587
0,0.17268943904680512
0,0.1555810886977866
0,0.16061428636749814
0,0.16525601220020444
0,0.2215622632759244
0,0.2038386442542567
0,0.16061428636749814
0,0.34179754527585765
0,0.21510858614403183
0,0.19008585510377005
0,0.18719187038024912
0,0.188345375464349
0,0.22748800931279298
0,0.21130240403902145
0,0.17367469876744682
1,0.18206839544059153
0,0.19419476646184736
1,0.18719187038024912
0,0.16630200161420913
0,0.17982654045811988
0,0.19066874350932786
0,0.17268943904680512
0,0.2288199214434701
0,0.22808722086337535
0,0.19183861689480067
0,0.16421530587240674
1,0.17540760127118452
0,0.18604381053637933
1,0.22091070996605922
1,0.18547182075783886
0,0.15508491150206613
0,0.22349090867201496
1,0.18950433139275066
1,0.2919405046141325
0,0.19066874350932786
0,0.17323039211074176
0,0.1716115443634324
1,0.1765042588111637
0,0.1933688775549388
0,0.20018101628001483
1,0.18028407600625962
0,0.2872724145917662
0,0.15909065034287484
0,0.1716115443634324
0,0.1716115443634324
0,0.17323039211074176
0,0.22748800931279298
1,0.17431631516539484
1,0.24733426402043043
0,0.1565773272398892
0,0.1710746005101436
0,0.18376400286981714
0,0.16317987224754688
0,0.18950433139275066
0,0.21299935645986853
0,0.19301395636378502
1,0.22682410767074493
0,0.21383435469243717
0,0.16266412940050637
0,0.1565773272398892
0,0.21568429391670452
0,0.19231954846554325
0,0.21638832073181466
0,0.25710062000756684
1,0.19125299723626746
1,0.2038386442542567
0,0.24663093425645832
1,0.15757875458998666
0,0.20445305900687277
0,0.17486128730769337
0,0.20692446958143174
0,0.1555810886977866
0,0.19689540336525127
0,0.15508491150206613
0,0.16525601220020444
0,0.16010510084810023
0,0.18604381053637933
0,0.25087106906309176
0,0.1710746005101436
0,0.1689401549964495
1,0.24243927181591673
0,0.16947176921765514
1,0.17982654045811988
0,0.17916904329458114
0,0.1876638578191196
0,0.29350640397120825
1,0.19543954936703228
0,0.17268943904680512
0,0.1710746005101436
0,0.15909065034287484
0,0.18617783928130224
0,0.17476281829272614
0,0.16525601220020444
1,0.1647349992948761
1,0.17323039211074176
1,0.15959722264342052
0,0.16682698066923252
0,0.15909065034287484
0,0.29823340632687095
1,0.27203891418463333
0,0.17431631516539484
0,0.16947176921765514
1,0.2651259143707649
0,0.2020036474708672
0,0.17323039211074176
1,0.1770546044269473
1,0.18604381053637933
0,0.1593955132620953
1,0.16317987224754688
0,0.1666662969337669
0,0.20874754348578076
1,0.16837364786014924
0,0.17871372059265478
0,0.18604381053637933
1,0.1763362268730097
0,0.226161576326694
0,0.17000471409448514
0,0.1710746005101436
0,0.16525601220020444
0,0.16947176921765514
0,0.16061428636749814
0,0.1545008358581438
0,0.1689401549964495
1,0.1585853825244955
0,0.15707739157381126
0,0.18950433139275066
0,0.17155821684850917
1,0.16266412940050637
0,0.19994021743815607
0,0.15808141775502127
0,0.15459002701369626
1,0.23352469673794635
1,0.2050688487227938
0,0.16163658493532992
0,0.16840987024067372
1,0.21193332753669247
0,0.3555373256740855
1,0.2038386442542567
0,0.24313450577864223
1,0.18376400286981714
0,0.32665248385721135
0,0.15508491150206613
0,0.2369261901292276
0,0.20445305900687277
0,0.16788091374711345
0,0.20445305900687277
1,0.20423109144700222
0,0.22026053054736963
0,0.16735328429962604
0,0.1716115443634324
0,0.18490119007143
0,0.21825422101284417
0,0.25158245265598417
0,0.19066874350932786
0,0.17000471409448514
0,0.18150590254069487
0,0.20445305900687277
1,0.1721498235010819
1,0.25158245265598417
0,0.18433191770478202
1,0.19478722434298068
0,0.17871372059265478
1,0.163696930628721
0,0.30540523338626546
0,0.16010510084810023
0,0.21767355734240304
0,0.18094476299973955
0,0.2389834170238952
0,0.17595525809675513
0,0.21622911500373276
0,0.16947176921765514
0,0.15707739157381126
0,0.23488120657720077
0,0.17000471409448514
1,0.18376400286981714
1,0.1585853825244955
1,0.23217364386498987
0,0.18150590254069487
0,0.19242560307841566
0,0.1647349992948761
1,0.3581410786862242
0,0.16061428636749814
0,0.16266412940050637
0,0.1611247806007254
0,0.20879247126731879
1,0.2196117253133708
0,0.16163658493532992
1,0.21510858614403183
0,0.18892417173288698
0,0.3460640713609178
0,0.24733426402043043
0,0.18372520766649514
0,0.1831974447628437
1,0.18661716016362304
1,0.163696930628721
0,0.18547182075783886
0,0.19478722434298068
1,0.1765042588111637
0,0.16061428636749814
0,0.16010510084810023
0,0.18150590254069487
0,0.2530092320975285
1,0.2294879308540123
0,0.18150590254069487
0,0.16421530587240674
0,0.24243927181591673
0,0.1585353281667997
0,0.2294879308540123
0,0.23015730840622478
0,0.2342022698975068
0,0.17205256300445138
0,0.21130240403902145
0,0.21896429453672736
0,0.17799006732842368
0,0.16577834588017926
0,0.26905364307218504
0,0.1721498235010819
0,0.2183182384693351
0,0.32915274065572503
1,0.17540760127118452
1,0.23370397431653003
0,0.22026053054736963
1,0.17595525809675513
0,0.22286949029038203
0,0.1971707530772956
0,0.28954767549915383
0,0.1647349992948761
0,0.2970254035138879
0,0.1611247806007254
1,0.1585853825244955
0,0.17431631516539484
1,0.23761057316861264
0,0.15925928647979387
0,0.17815933434112613
0,0.2038386442542567
1,0.16525601220020444
0,0.16010510084810023
0,0.1765042588111637
0,0.24663093425645832
1,0.16421530587240674
0,0.1776062959423293
0,0.19301395636378502
0,0.17486128730769337
0,0.27959218498941146
1,0.2530092320975285
0,0.23345755201632812
0,0.1689401549964495
0,0.18708803206430966
0,0.163696930628721
1,0.23467157906707228
0,0.2389834170238952
0,0.19401386095900847
0,0.24222693327973532
0,0.16577834588017926
0,0.19538105146256587
1,0.22091070996605922
0,0.1716115443634324
0,0.1687778482097655
0,0.20941789033756555
0,0.22286949029038203
0,0.21319930290224712
1,0.15757875458998666
0,0.2389834170238952
0,0.26831056817943116
1,0.19181120135719695
0,0.17982654045811988
0,0.1877679419109521
1,0.19114743593103772
0,0.21004468545977234
0,0.1647349992948761
0,0.2298700801920645
0,0.16735328429962604
0,0.18038497593735656
0,0.16061428636749814
0,0.17053899080402188
0,0.17926945565163963
0,0.18094476299973955
0,0.17674322927831135
0,0.30540523338626546
0,0.258044943759617
0,0.1689401549964495
1,0.2522951741118512
1,0.18433191770478202
0,0.163696930628721
0,0.18644168043672005
0,0.21319930290224712
0,0.16831429312635388
0,0.163696930628721
0,0.2106728566835543
1,0.20630455383580923
0,0.19593549381497144
1,0.1710746005101436
0,0.24092800422803315
0,0.20318372316825856
1,0.21302191888002303
0,0.1776062959423293
0,0.17871372059265478
0,0.2050688487227938
1,0.17871372059265478
1,0.18232674394885767
0,0.22682410767074493
0,0.22007891483266098
1,0.22748800931279298
0,0.17486128730769337
0,0.15909065034287484
1,0.18094476299973955
0,0.29037952581422083
0,0.17053899080402188
1,0.18892417173288698
0,0.21896429453672736
1,0.1555810886977866
0,0.19066874350932786
0,0.15707739157381126
1,0.18950433139275066
0,0.2038386442542567
0,0.27429143226290037
0,0.2653512972023684
0,0.1721498235010819
0,0.17540760127118452
0,0.1585853825244955
0,0.16421530587240674
1,0.26095167533286195
0,0.2183182384693351
0,0.19231954846554325
0,0.18206839544059153
0,0.2602230104557681
1,0.15808141775502127
0,0.22026053054736963
0,0.20322560424371344
0,0.22035956416831542
0,0.18080530379756193
1,0.24105286396052072
0,0.1710746005101436
0,0.163696930628721
0,0.18547182075783886
0,0.19777006188875998
0,0.22026053054736963
0,0.18950433139275066
0,0.16317987224754688
0,0.19183861689480067
0,0.18708803206430966
0,0.19538105146256587
0,0.1689401549964495
0,0.17268943904680512
1,0.2757995397658326
1,0.20787661068253144
0,0.1971707530772956
0,0.17779040909051824
0,0.22014331678284707
0,0.20630455383580923
0,0.1776062959423293
0,0.18150590254069487
0,0.23829631575447485
0,0.17926945565163963
0,0.16682698066923252
1,0.1983697036335546
0,0.18824104546990833
0,0.16577834588017926
1,0.16421530587240674
0,0.16061428636749814
0,0.17982654045811988
0,0.24510199139488534
0,0.19125299723626746
0,0.16990841679470697
0,0.34009803076594886
0,0.1971707530772956
1,0.21383435469243717
0,0.17431631516539484
1,0.23761057316861264
0,0.3225072502399685
0,0.1611247806007254
0,0.2170302513665354
1,0.2556586647854312
0,0.20692446958143174
0,0.17431631516539484
0,0.17926945565163963
0,0.21319930290224712
0,0.17268943904680512
0,0.1611247806007254
0,0.19893157100753067
0,0.17595525809675513
0,0.21767355734240304
0,0.17000471409448514
1,0.18094476299973955
0,0.17982654045811988
0,0.2170302513665354
0,0.1721498235010819
1,0.23278147848377068
0,0.19150605865185663
0,0.188345375464349
0,0.17053899080402188
1,0.2214975641192082
1,0.2000609084837538
0,0.20816842817999845
0,0.17926945565163963
0,0.1716115443634324
0,0.179687754026155
0,0.2020036474708672
0,0.1899413104504073
0,0.16730101277979006
0,0.1971707530772956
1,0.1831974447628437
0,0.16317987224754688
0,0.15909065034287484
0,0.21004468545977234
0,0.16317987224754688
0,0.17486128730769337
0,0.25372462525569717
0,0.18892417173288698
0,0.28418523555523567
0,0.24243927181591673
0,0.26831056817943116
1,0.16682698066923252
0,0.1770546044269473
0,0.22550041576541727
1,0.1983707422202022
0,0.1770546044269473
1,0.1770546044269473
1,0.17053899080402188
0,0.17431631516539484
1,0.163696930628721
0,0.17377268378936625
1,0.19478722434298068
1,0.2558788018284628
0,0.18598700516341443
0,0.16630200161420913
0,0.15904046665112495
0,0.2565995216183555
0,0.23556150602751996
0,0.1965728153645988
1,0.17268943904680512
0,0.1877679419109521
0,0.16525601220020444
0,0.1647349992948761
0,0.16682698066923252
1,0.1831974447628437
0,0.188345375464349
0,0.19125299723626746
0,0.2616816588421031
0,0.15607856011067778
0,0.18376400286981714
0,0.18950433139275066
0,0.21767355734240304
0,0.174119904998769
1,0.16061428636749814
0,0.2373992655544533
0,0.18719187038024912
0,0.1965728153645988
0,0.17377268378936625
0,0.28882348885202386
0,0.18433191770478202
1,0.17431631516539484
0,0.1716115443634324
0,0.1721498235010819
0,0.1721498235010819
0,0.16214970074720653
0,0.34848098036205566
0,0.19597624831182098
0,0.19419476646184736
0,0.25646933034801256
0,0.23217364386498987
1,0.22286949029038203
0,0.18263224256464894
0,0.1917328089886927
1,0.16788091374711345
0,0.19597624831182098
0,0.17486128730769337
0,0.21004468545977234
0,0.16947176921765514
0,0.27959218498941146
0,0.1721498235010819
0,0.16061428636749814
0,0.18661716016362304
0,0.18490119007143
1,0.24452902865113882
0,0.23624316747641574
1,0.17431631516539484
0,0.15508491150206613
0,0.16010510084810023
0,0.19183861689480067
0,0.2369261901292276
0,0.17815933434112613
0,0.1716115443634324
1,0.2558788018284628
0,0.16010510084810023
0,0.17701691848823778
1,0.1647349992948761
0,0.16682698066923252
0,0.22286949029038203
0,0.27504484453071204
1,0.19125299723626746
0,0.16010510084810023
0,0.20018101628001483
0,0.1611247806007254
1,0.16990841679470697
0,0.18892417173288698
0,0.23736334818122415
1,0.18950433139275066
0,0.32567131452142883
0,0.16214970074720653
0,0.18719187038024912
0,0.1611247806007254
0,0.23058575109158447
0,0.23011148009871282
0,0.21510858614403183
0,0.20018101628001483
0,0.2918629594860786
1,0.16525601220020444
0,0.16788091374711345
0,0.22550041576541727
1,0.19897279447510313
0,0.1983707422202022
0,0.1765042588111637
1,0.18490119007143
1,0.21383435469243717
1,0.20358348478470548
1,0.18150590254069487
1,0.1647349992948761
0,0.16577834588017926
0,0.17982654045811988
0,0.23015730840622478
0,0.16266412940050637
0,0.18661716016362304
0,0.1995762190391238
0,0.1965728153645988
0,0.26461474580032474
1,0.17982654045811988
0,0.21499335809412312
0,0.18150590254069487
0,0.25582955390403045
1,0.21767355734240304
0,0.19777006188875998
0,0.19008585510377005
0,0.16840987024067372
0,0.24440294818308278
1,0.2106728566835543
0,0.19301395636378502
0,0.21383435469243717
0,0.1689401549964495
0,0.16266412940050637
0,0.16840987024067372
0,0.20816842817999845
0,0.1710746005101436
0,0.2056860136045357
0,0.16525601220020444
0,0.1831974447628437
1,0.23352469673794635
0,0.3212044359366763
0,0.2996754868653719
0,0.18150590254069487
0,0.22418220882253667
0,0.2183182384693351
1,0.3249910923658965
0,0.16457593249501945
0,0.20018101628001483
0,0.16214970074720653
0,0.21896429453672736
1,0.2020036474708672
1,0.2575357779329915
0,0.20630455383580923
1,0.16788091374711345
0,0.2530092320975285
0,0.25515941153912186
0,0.1877679419109521
0,0.18644168043672005
0,0.18892417173288698
1,0.16317987224754688
0,0.18950433139275066
0,0.18661716016362304
0,0.16525601220020444
0,0.19008585510377005
0,0.2215622632759244
1,0.22418220882253667
0,0.20445305900687277
1,0.21256562716740846
0,0.16840987024067372
0,0.17053899080402188
0,0.16525601220020444
0,0.18263224256464894
0,0.19586871140627027
0,0.17730999096448533
0,0.17431631516539484
1,0.1770546044269473
0,0.21447078246927356
0,0.16577834588017926
0,0.22942159939756565
0,0.1983707422202022
0,0.16682698066923252
1,0.22286949029038203
1,0.17861355177106653
0,0.19538105146256587
0,0.1983707422202022
0,0.29350640397120825
0,0.17982654045811988
0,0.18399922827058393
0,0.2294879308540123
1,0.2157477656078842
0,0.18719187038024912
1,0.17982654045811988
0,0.16266412940050637
0,0.2403616920472049
0,0.29108197586028123
0,0.19777006188875998
0,0.20879247126731879
1,0.20692446958143174
0,0.19183861689480067
0,0.20322560424371344
0,0.18604381053637933
0,0.2872724145917662
0,0.1585853825244955
0,0.163696930628721
0,0.2735393050672863
0,0.16010510084810023
1,0.19591714019873258
0,0.22764136479181626
0,0.16947176921765514
0,0.1611247806007254
0,0.21510858614403183
0,0.16682698066923252
0,0.3299883227982967
0,0.15757875458998666
0,0.19360367731067366
0,0.1946801819052799
0,0.20250367691874196
0,0.19777006188875998
1,0.17053899080402188
0,0.1647349992948761
0,0.20797786505543123
0,0.18263224256464894
0,0.16840987024067372
0,0.1983707422202022
0,0.18057133710493384
0,0.2919405046141325
0,0.18433191770478202
0,0.2038386442542567
0,0.1708613344396396
0,0.200601668606875
0,0.16735328429962604
1,0.2050688487227938
0,0.16266412940050637
0,0.19301395636378502
0,0.22748800931279298
0,0.1721498235010819
0,0.16214970074720653
0,0.27054368821205443
0,0.23150016553855912
1,0.19049034623286287
0,0.18263224256464894
0,0.1776062959423293
0,0.2020036474708672
0,0.19301395636378502
0,0.16525601220020444
1,0.17313264879497992
1,0.20322560424371344
0,0.19897279447510313
0,0.16421530587240674
0,0.20139473017331763
0,0.17815933434112613
0,0.15959722264342052
1,0.17268943904680512
0,0.17926945565163963
1,0.18206839544059153
0,0.19301395636378502
0,0.1965728153645988
1,0.203115094350536
0,0.21896429453672736
0,0.22026053054736963
0,0.16317987224754688
1,0.23284848782555936
0,0.21820176906969022
1,0.24174539087611205
1,0.18119324411782373
0,0.2506723276226313
1,0.28804733009638883
0,0.17053899080402188
0,0.2157477656078842
1,0.26682832325689915
0,0.18263224256464894
0,0.16577834588017926
0,0.1682479697765311
0,0.16840987024067372
0,0.1565773272398892
0,0.21319930290224712
0,0.3555373256740855
0,0.16577834588017926
0,0.15508491150206613
1,0.1647349992948761
0,0.22484062645012468
0,0.19242560307841566
1,0.16163658493532992
0,0.20139473017331763
0,0.22091070996605922
0,0.24105286396052072
0,0.16947176921765514
0,0.17982654045811988
0,0.21767355734240304
0,0.22091070996605922
0,0.18038497593735656
0,0.17982654045811988
1,0.25372462525569717
0,0.20322560424371344
0,0.18490119007143
1,0.2143558027673621
0,0.2927228405693337
0,0.19360367731067366
0,0.18479833353398414
1,0.17486128730769337
0,0.16735328429962604
0,0.21004468545977234
0,0.23488120657720077
0,0.16525601220020444
0,0.18376400286981714
0,0.17982654045811988
0,0.19008585510377005
0,0.16061428636749814
0,0.16947176921765514
0,0.1776062959423293
0,0.18661716016362304
0,0.16266412940050637
0,0.163696930628721
0,0.1611247806007254
0,0.188345375464349
0,0.19777006188875998
0,0.19349712897879903
0,0.19419476646184736
0,0.22026053054736963
0,0.2239811328827926
0,0.2157477656078842
0,0.17000471409448514
0,0.20941789033756555
1,0.25554756296624215
1,0.2183182384693351
1,0.2308280535063387
0,0.18472695744965695
0,0.16163658493532992
0,0.20739099094597085
0,0.16630200161420913
0,0.1585853825244955
0,0.18708803206430966
0,0.19066874350932786
0,0.20879247126731879
1,0.15909065034287484
0,0.16525601220020444
0,0.1779595273362263
1,0.1965728153645988
0,0.2530092320975285
0,0.18547182075783886
0,0.258044943759617
0,0.2195673979262906
0,0.22026053054736963
0,0.18433191770478202
0,0.24376192608798025
0,0.15459002701369626
0,0.18490119007143
0,0.22320612950697696
0,0.23488120657720077
0,0.18401404761308715
0,0.16947176921765514
0,0.20941789033756555
0,0.17377268378936625
0,0.20630455383580923
0,0.16735328429962604
0,0.1585853825244955
0,0.19173280898869263
0,0.16010510084810023
0,0.22084614709341963
0,0.16630200161420913
0,0.21130240403902145
1,0.17815933434112613
0,0.2592334128635758
0,0.16421530587240674
0,0.19478722434298068
0,0.1689401549964495
1,0.19939154083266414
0,0.21004468545977234
0,0.17815933434112613
0,0.1770546044269473
0,0.28804733009638883
0,0.24663093425645832
0,0.21130240403902145
0,0.19419476646184736
0,0.16525601220020444
1,0.1776062959423293
0,0.1893995092246672
0,0.18376400286981714
0,0.17972588439700035
0,0.16682698066923252
0,0.2369261901292276
0,0.23150016553855912
0,0.19242560307841566
0,0.21638832073181466
0,0.20139473017331763
0,0.16214970074720653
1,0.24452902865113882
0,0.19242560307841566
0,0.3616257852341058
1,0.18576547463992307
0,0.1983707422202022
0,0.25016102464224077
0,0.17000471409448514
0,0.24313450577864223
0,0.17431631516539484
0,0.2653512972023684
1,0.2403616920472049
0,0.163696930628721
0,0.188345375464349
1,0.1877679419109521
0,0.1775066136752955
1,0.21256562716740846
0,0.18376400286981714
0,0.23284848782555936
0,0.18094476299973955
0,0.17000471409448514
0,0.15607856011067778
1,0.24663093425645832
0,0.2653512972023684
0,0.15607856011067778
0,0.17815933434112613
0,0.16214970074720653
0,0.15757875458998666
0,0.1555810886977866
0,0.22026053054736963
0,0.25087106906309176
1,0.16630200161420913
1,0.2281532807464161
0,0.16525601220020444
0,0.19242560307841566
0,0.1647349992948761
0,0.16947176921765514
0,0.15909065034287484
1,0.19301395636378502
1,0.22418220882253667
0,0.19121299137528866
0,0.19538105146256587
0,0.18490119007143
0,0.16947176921765514
0,0.22484062645012468
0,0.20692446958143174
0,0.15808141775502127
1,0.2056860136045357
0,0.22484062645012468
0,0.18874702607493943
0,0.18077343169213064
0,0.19125299723626746
0,0.1651618694935367
0,0.18376400286981714
0,0.1776062959423293
1,0.19183861689480067
0,0.17921426329323994
0,0.19538105146256587
0,0.19242560307841566
0,0.17695516517373272
0,0.16525601220020444
0,0.24592895101616277
1,0.1965728153645988
0,0.1555810886977866
0,0.15909065034287484
0,0.23885929185529917
1,0.23150016553855912
0,0.20322560424371344
1,0.23252883748018957
0,0.2294879308540123
0,0.18604381053637933
0,0.17377268378936625
0,0.21319930290224712
0,0.19777006188875998
0,0.29115939880473396
0,0.21319930290224712
1,0.19419476646184736
1,0.2050688487227938
0,0.1918178564741532
0,0.188345375464349
0,0.2773127705906437
1,0.1905634286960648
0,0.16525601220020444
0,0.1965728153645988
0,0.15707739157381126
0,0.19008585510377005
0,0.1716115443634324
0,0.18990787523015817
1,0.188345375464349
0,0.21125929980870242
0,0.3174216963058704
0,0.22286949029038203
0,0.18206839544059153
1,0.16577834588017926
0,0.1831974447628437
0,0.1647349992948761
0,0.1983707422202022
1,0.18998078667055313
0,0.163696930628721
0,0.1776062959423293
0,0.1823725838414515
0,0.18719187038024912
1,0.19360367731067366
1,0.24663093425645832
0,0.17926945565163963
0,0.15808141775502127
1,0.2818830274360319
0,0.2927228405693337
0,0.20754576098723934
1,0.24155154777303744
0,0.1776062959423293
0,0.21181934136564426
0,0.2361754819668072
0,0.15757875458998666
0,0.1698555100020473
0,0.26461474580032474
0,0.19777006188875998
1,0.3118605394945214
0,0.1770546044269473
1,0.22286949029038203
1,0.18604381053637933
0,0.163696930628721
0,0.2329864910518135
0,0.17053899080402188
0,0.1770546044269473
0,0.19993589925727373
0,0.17268943904680512
0,0.15959722264342052
0,0.1716115443634324
0,0.23488120657720077
0,0.2565995216183555
1,0.15909065034287484
0,0.19897279447510313
1,0.16630200161420913
1,0.29723465449027897
0,0.24004702249462317
0,0.18719187038024912
0,0.17053899080402188
0,0.16840987024067372
0,0.16525601220020444
0,0.20428106259444806
0,0.20564375634979895
1,0.15607856011067778
0,0.17323039211074176
1,0.1971707530772956
0,0.2170302513665354
0,0.3757076600365669
0,0.19066874350932786
0,0.2157477656078842
0,0.17268943904680512
1,0.19478722434298068
0,0.20018101628001483
0,0.16682698066923252
0,0.1736208645072407
0,0.1995762190391238
0,0.166637306027259
0,0.26461474580032474
0,0.188345375464349
0,0.1647349992948761
0,0.19419476646184736
0,0.16010510084810023
0,0.2007871865475264
0,0.2556586647854312
0,0.17323039211074176
0,0.17103792286853894
0,0.23761057316861264
0,0.18576547463992307
0,0.2558788018284628
0,0.2811181473114308
0,0.1611247806007254
1,0.21896429453672736
0,0.19777006188875998
0,0.16163658493532992
0,0.16266412940050637
0,0.16941897064010153
1,0.16163658493532992
0,0.2530092320975285
0,0.226161576326694
0,0.2183182384693351
1,0.2522244083673544
0,0.17000471409448514
0,0.16788091374711345
0,0.1555810886977866
0,0.26905364307218504
0,0.3274848173310357
0,0.15757875458998666
0,0.21447078246927356
1,0.17000471409448514
0,0.1555810886977866
0,0.16421530587240674
0,0.18422930626635445
0,0.16163658493532992
0,0.17268943904680512
0,0.2038386442542567
0,0.22550041576541727
0,0.2026139387353831
0,0.16061428636749814
0,0.19242560307841566
0,0.24346269883738866
0,0.23885929185529917
1,0.18206839544059153
0,0.20445305900687277
0,0.2727884650232372
0,0.2038386442542567
0,0.21896429453672736
0,0.23284848782555936
0,0.16682698066923252
0,0.1565773272398892
0,0.16630200161420913
0,0.15959722264342052
1,0.17926945565163963
0,0.17309592534274165
0,0.23612002396942441
1,0.2661921769342841
0,0.2718099526883767
0,0.23967187609106266
1,0.16163658493532992
0,0.15959722264342052
0,0.21806157052021485
0,0.18547182075783886
0,0.16630200161420913
1,0.2764804615618253
0,0.16421530587240674
0,0.23990156013465963
0,0.21510858614403183
0,0.16788091374711345
0,0.1689401549964495
0,0.24945232067845852
0,0.2007871865475264
1,0.17871372059265478
0,0.16525601220020444
0,0.19771054578605346
1,0.16682698066923252
0,0.21193332753669247
0,0.20139473017331763
1,0.18661716016362304
0,0.19114743593103772
1,0.1983707422202022
0,0.2026139387353831
0,0.18376400286981714
0,0.17323039211074176
1,0.23352469673794635
1,0.21638832073181466
0,0.2811181473114308
0,0.163696930628721
0,0.1790481803029222
0,0.17815933434112613
0,0.2738508916534219
0,0.21510858614403183
0,0.1940879711238688
0,0.1995762190391238
1,0.18604381053637933
0,0.20120879221355145
0,0.15909065034287484
0,0.16010510084810023
0,0.2602230104557681
0,0.16010510084810023
0,0.15707739157381126
0,0.18661716016362304
1,0.17595525809675513
0,0.18547182075783886
1,0.22091070996605922
0,0.19242560307841566
0,0.19301395636378502
0,0.1905634286960648
1,0.19301395636378502
0,0.18094476299973955
0,0.16317987224754688
0,0.2007871865475264
0,0.18547182075783886
0,0.3118605394945214
0,0.19242560307841566
0,0.23150016553855912
0,0.17871372059265478
0,0.17323039211074176
0,0.20873050117953132
1,0.15808141775502127
0,0.17926945565163963
0,0.23624316747641574
0,0.1611247806007254
0,0.2020036474708672
1,0.2038386442542567
0,0.17982654045811988
0,0.17259193724029737
0,0.24174539087611205
0,0.20816842817999845
0,0.33334136345236276
1,0.3192110070341329
0,0.16788091374711345
1,0.21737732796924783
0,0.16421530587240674
0,0.21256562716740846
0,0.26095167533286195
0,0.16525601220020444
0,0.21896429453672736
0,0.22533643374847603
0,0.24733426402043043
0,0.19125299723626746
0,0.1555810886977866
0,0.1965728153645988
0,0.17540760127118452
0,0.22286949029038203
0,0.20322560424371344
0,0.1721498235010819
0,0.18604381053637933
0,0.16947176921765514
0,0.23217364386498987
0,0.19066874350932786
0,0.22550041576541727
0,0.299818766767593
0,0.2195779008114687
0,0.1765042588111637
0,0.21229429870165098
0,0.20445305900687277
0,0.2026139387353831
1,0.19478722434298068
0,0.26314557512670494
0,0.1555810886977866
0,0.17377268378936625
0,0.188345375464349
0,0.19999591825897967
0,0.17486128730769337
0,0.18661716016362304
0,0.19008585510377005
0,0.18680849247567555
0,0.18263224256464894
0,0.21896429453672736
1,0.19478722434298068
0,0.16421530587240674
1,0.1770546044269473
0,0.15508491150206613
0,0.2342022698975068
1,0.26905364307218504
1,0.24945232067845852
0,0.2616816588421031
0,0.188345375464349
0,0.2788311073865721
0,0.1647349992948761
0,0.22550041576541727
0,0.2099314444821955
0,0.2155863478306925
0,0.2056860136045357
0,0.16163658493532992
0,0.18263224256464894
0,0.20185195756192836
1,0.163696930628721
0,0.18376400286981714
0,0.19897279447510313
0,0.2308280535063387
0,0.16947176921765514
0,0.18547182075783886
0,0.22007891483266098
0,0.34350113174889013
0,0.16735328429962604
0,0.2007871865475264
1,0.16061428636749814
0,0.20012095562554216
0,0.19538105146256587
1,0.19008585510377005
1,0.1995762190391238
0,0.16577834588017926
1,0.17268943904680512
0,0.16682698066923252
0,0.1689401549964495
0,0.1705024043748101
1,0.24733426402043043
0,0.17486128730769337
0,0.16630200161420913
1,0.16788091374711345
0,0.24452902865113882
0,0.2818830274360319
0,0.33334136345236276
0,0.1721498235010819
0,0.26241295933211906
0,0.15707739157381126
1,0.1565773272398892
0,0.22748800931279298
0,0.2050688487227938
1,0.17595525809675513
0,0.18998078667055313
0,0.2811181473114308
1,0.19242560307841566
0,0.20816842817999845
0,0.1736208645072407
0,0.17360670408878365
0,0.16525601220020444
0,0.16163658493532992
0,0.163696930628721
0,0.23624316747641574
0,0.15808141775502127
0,0.20754576098723934
0,0.19242560307841566
0,0.17578763723972105
0,0.2339575028825907
0,0.18038497593735656
0,0.24288336437604413
1,0.2170302513665354
0,0.26241295933211906
1,0.22286949029038203
0,0.19478722434298068
0,0.17982654045811988
0,0.24592895101616277
1,0.27203891418463333
1,0.23217364386498987
0,0.1831974447628437
0,0.26095167533286195
0,0.1995762190391238
0,0.16010510084810023
0,0.16010510084810023
0,0.20905599241823933
0,0.25016102464224077
0,0.18719187038024912
0,0.20365102533484283
0,0.1640088989053678
0,0.19897279447510313
0,0.2803545323925009
0,0.1689401549964495
0,0.27504484453071204
1,0.21767355734240304
0,0.17431631516539484
0,0.1983707422202022
1,0.16317987224754688
0,0.16630200161420913
1,0.2020709428989912
0,0.20754576098723934
0,0.15959722264342052
0,0.16577834588017926
0,0.163696930628721
0,0.16577834588017926
0,0.19538105146256587
0,0.18950433139275066
0,0.18719187038024912
0,0.18490119007143
0,0.1983707422202022
0,0.19897279447510313
1,0.1995762190391238
0,0.18719187038024912
0,0.20630455383580923
0,0.20139473017331763
0,0.2616816588421031
0,0.21447078246927356
0,0.17815933434112613
0,0.1877679419109521
0,0.16421530587240674
0,0.23796266042940561
0,0.18719187038024912
1,0.21004468545977234
0,0.1770546044269473
0,0.18196676293105937
1,0.19008585510377005
0,0.24313450577864223
0,0.18950433139275066
0,0.26682832325689915
0,0.17431631516539484
0,0.16788091374711345
0,0.16010510084810023
0,0.22682410767074493
0,0.17540760127118452
0,0.19538105146256587
0,0.29744253638656803
0,0.1831974447628437
0,0.22472167778781935
0,0.16317987224754688
0,0.16788091374711345
1,0.30943104816662964
0,0.21319930290224712
0,0.17323039211074176
0,0.1716115443634324
0,0.19066874350932786
0,0.15707739157381126
0,0.226161576326694
0,0.16577834588017926
0,0.1611247806007254
0,0.17965603571711047
0,0.23144786828350292
0,0.17053899080402188
1,0.20139473017331763
0,0.21004468545977234
0,0.1975866424407786
0,0.1689401549964495
1,0.19401386095900847
1,0.19897279447510313
1,0.16947176921765514
0,0.19008585510377005
0,0.19301395636378502
0,0.16266412940050637
0,0.1842366378768767
0,0.22736807090015035
0,0.17926945565163963
0,0.16010510084810023
0,0.1689401549964495
1,0.22418220882253667
0,0.2050688487227938
0,0.21896429453672736
0,0.17053899080402188
0,0.25949566583740935
0,0.22810773323924483
0,0.22352516330296324
0,0.22286949029038203
0,0.25372462525569717
0,0.1721498235010819
0,0.2038386442542567
0,0.24452902865113882
0,0.18950433139275066
0,0.1689401549964495
0,0.22091070996605922
0,0.2050688487227938
0,0.226161576326694
0,0.19646503109718647
0,0.20445305900687277
0,0.20445305900687277
0,0.163696930628721
0,0.24105286396052072
0,0.19242560307841566
0,0.19597624831182098
0,0.17377268378936625
0,0.1716115443634324
0,0.163696930628721
1,0.1877679419109521
0,0.23352469673794635
1,0.1995762190391238
0,0.23015730840622478
0,0.1536041300669043
0,0.16609349304732457
0,0.18479833353398414
0,0.188345375464349
0,0.15757875458998666
0,0.2558788018284628
0,0.18719187038024912
0,0.19897279447510313
0,0.16788091374711345
0,0.2050688487227938
1,0.1710746005101436
0,0.19125299723626746
0,0.2528802427859974
0,0.16735328429962604
1,0.34264883164831345
0,0.1716115443634324
0,0.18661716016362304
0,0.2389834170238952
0,0.16010510084810023
0,0.2050688487227938
1,0.19478722434298068
0,0.19741898897217203
0,0.18263224256464894
0,0.2997644687264581
0,0.2038386442542567
0,0.23624316747641574
0,0.18950433139275066
1,0.21767355734240304
1,0.19183861689480067
1,0.22475047528767833
0,0.16266412940050637
1,0.20630455383580923
1,0.20816842817999845
0,0.17268943904680512
0,0.21130240403902145
1,0.18708803206430966
0,0.15808141775502127
0,0.17409985666637628
1,0.19360367731067366
0,0.20139473017331763
0,0.2403616920472049
0,0.226161576326694
0,0.2020036474708672
0,0.15748816030297513
0,0.226161576326694
1,0.19360367731067366
0,0.18376400286981714
1,0.17486128730769337
0,0.1940879711238688
1,0.19242560307841566
0,0.3062080475674714
0,0.16525601220020444
0,0.1710746005101436
0,0.2157477656078842
0,0.17486128730769337
0,0.15808141775502127
0,0.21004468545977234
0,0.163696930628721
0,0.2007871865475264
0,0.18536871898028226
0,0.2050688487227938
0,0.16421530587240674
0,0.16010510084810023
0,0.24641611864912444
1,0.2340334922587371
1,0.21638832073181466
0,0.26682832325689915
0,0.17431631516539484
0,0.1647349992948761
0,0.3200333912138919
0,0.18433191770478202
0,0.3358672805143668
0,0.21638832073181466
1,0.18038497593735656
0,0.17595525809675513
0,0.16214970074720653
0,0.20941789033756555
1,0.19301395636378502
0,0.19125299723626746
1,0.2919405046141325
0,0.16577834588017926
1,0.21638832073181466
0,0.16788091374711345
0,0.19419476646184736
0,0.19586871140627027
0,0.17871372059265478
0,0.17871372059265478
0,0.24383109173969975
0,0.18719187038024912
0,0.18696304387147267
0,0.16317987224754688
0,0.2288199214434701
1,0.22418220882253667
0,0.1765042588111637
0,0.3299883227982967
1,0.18604381053637933
1,0.21123988788827558
0,0.1721498235010819
0,0.22826350772091183
0,0.16010510084810023
0,0.16630200161420913
0,0.16630200161420913
1,0.19777006188875998
0,0.1647349992948761
0,0.2423139232376039
0,0.17595525809675513
0,0.18206839544059153
0,0.1647349992948761
0,0.16214970074720653
0,0.23962474296373823
0,0.24663093425645832
1,0.23217364386498987
0,0.15959722264342052
0,0.2020036474708672
0,0.16577834588017926
0,0.16840987024067372
0,0.22748800931279298
1,0.23829631575447485
1,0.2170302513665354
0,0.2183182384693351
0,0.18150590254069487
0,0.16682698066923252
0,0.2773127705906437
1,0.1647349992948761
0,0.16163658493532992
1,0.19538105146256587
0,0.16788091374711345
0,0.22091070996605922
1,0.16266412940050637
0,0.2811181473114308
0,0.16010510084810023
0,0.21110973686961573
0,0.20018101628001483
0,0.1611247806007254
0,0.1700804519945286
0,0.1611247806007254
0,0.18892417173288698
1,0.2038386442542567
0,0.21767355734240304
0,0.16061428636749814
0,0.19183861689480067
0,0.17486128730769337
0,0.20018101628001483
0,0.1983707422202022
0,0.21638832073181466
0,0.19597624831182098
0,0.17323039211074176
0,0.23467343710372107
0,0.16525601220020444
1,0.19597624831182098
0,0.226161576326694
0,0.24313450577864223
0,0.2056860136045357
0,0.20879247126731879
0,0.25087106906309176
1,0.17595525809675513
1,0.2653512972023684
0,0.22875372574595962
0,0.19008585510377005
0,0.1585853825244955
0,0.18719187038024912
0,0.1831974447628437
0,0.1585853825244955
0,0.22550041576541727
0,0.24313450577864223
0,0.20630455383580923
0,0.1647349992948761
0,0.15409643371227447
0,0.16421530587240674
0,0.16525601220020444
0,0.19897279447510313
0,0.24383109173969975
0,0.15959722264342052
0,0.22255112410027092
0,0.18206839544059153
0,0.17982654045811988
0,0.17431631516539484
0,0.2342022698975068
0,0.18950433139275066
0,0.1716115443634324
1,0.3365589167530039
0,0.15607856011067778
0,0.20692446958143174
0,0.1689401549964495
0,0.25876964307963746
0,0.16947176921765514
0,0.16214970074720653
1,0.16214970074720653
0,0.22091070996605922
0,0.1877679419109521
0,0.17268943904680512
0,0.21896429453672736
0,0.15707739157381126
0,0.19242560307841566
0,0.163696930628721
0,0.226161576326694
0,0.24313450577864223
0,0.2026139387353831
0,0.16525601220020444
0,0.2048803888726677
0,0.27655551583781945
0,0.22484062645012468
0,0.17982654045811988
0,0.26831056817943116
0,0.2106728566835543
0,0.25732156942987583
0,0.17527180276306195
0,0.1565773272398892
0,0.19360367731067366
0,0.2018936336821519
0,0.16630200161420913
0,0.18206839544059153
0,0.16266412940050637
0,0.27504484453071204
0,0.19125299723626746
0,0.16577834588017926
1,0.2183182384693351
0,0.18206839544059153
0,0.15707739157381126
0,0.2222151901625184
0,0.20619280294814665
0,0.3241620419033972
0,0.15757875458998666
0,0.15607856011067778
0,0.17871372059265478
0,0.22550041576541727
1,0.16061428636749814
1,0.1971707530772956
0,0.18998078667055313
0,0.1692600932757251
0,0.22312397915672383
0,0.16735328429962604
0,0.199467196809838
0,0.16061428636749814
0,0.23284848782555936
0,0.2558788018284628
0,0.18150590254069487
1,0.24650412365484137
0,0.17972588439700035
1,0.23488120657720077
0,0.17926945565163963
0,0.22091070996605922
0,0.16214970074720653
0,0.19777006188875998
0,0.15508491150206613
0,0.18376400286981714
0,0.22026053054736963
0,0.18547182075783886
1,0.17053899080402188
1,0.17367469876744682
0,0.1565773272398892
0,0.19897279447510313
1,0.18412673905409663
0,0.15409643371227447
0,0.1876638578191196
0,0.18370773648989272
1,0.16947176921765514
0,0.17454673097470272
1,0.18661716016362304
0,0.17871372059265478
0,0.26314557512670494
0,0.23272657463044652
0,0.1995762190391238
1,0.23967187609106266
0,0.22418220882253667
0,0.16214970074720653
0,0.19897279447510313
0,0.16395801239659766
1,0.21256562716740846
0,0.1995762190391238
0,0.18547182075783886
0,0.2389834170238952
0,0.18806439182716927
0,0.163696930628721
0,0.163696930628721
0,0.1758563043312262
0,0.18090643106509868
0,0.2990254840898201
0,0.1647349992948761
0,0.18661716016362304
0,0.18263224256464894
0,0.31267268404139986
0,0.17486128730769337
0,0.16525601220020444
0,0.23761057316861264
0,0.2106728566835543
0,0.1689401549964495
0,0.15909065034287484
0,0.20816842817999845
0,0.2038386442542567
0,0.16525601220020444
1,0.21767355734240304
0,0.19125299723626746
0,0.19478722434298068
0,0.20692446958143174
1,0.3102397182448933
0,0.21737732796924783
0,0.19597624831182098
0,0.32168151644011533
0,0.17000471409448514
0,0.19538105146256587
0,0.1983707422202022
0,0.16788091374711345
1,0.16525601220020444
1,0.21683379735848846
0,0.23624316747641574
0,0.19614056857650738
1,0.17982654045811988
0,0.17982654045811988
1,0.18376400286981714
0,0.16061428636749814
1,0.24243927181591673
0,0.17053899080402188
0,0.1765042588111637
0,0.22026053054736963
0,0.19777006188875998
0,0.17323039211074176
0,0.1611247806007254
0,0.1689401549964495
1,0.18094476299973955
0,0.20407710888218947
0,0.19826221539340036
0,0.16421530587240674
0,0.1585853825244955
0,0.20199489008932445
0,0.17431631516539484
0,0.2215622632759244
0,0.2196117253133708
0,0.25515941153912186
1,0.16163658493532992
0,0.18490119007143
0,0.29115939880473396
1,0.163696930628721
0,0.17000471409448514
0,0.15909065034287484
0,0.1708613344396396
0,0.1555810886977866
0,0.21319930290224712
1,0.16163658493532992
1,0.20322560424371344
0,0.17871372059265478
0,0.2056860136045357
0,0.19114743593103772
0,0.32915274065572503
1,0.19597624831182098
0,0.3102397182448933
1,0.15909065034287484
0,0.22894617523525065
0,0.1765042588111637
0,0.21383435469243717
0,0.16266412940050637
0,0.1776062959423293
0,0.20139473017331763
0,0.21308481994520906
0,0.2756632192531682
0,0.17926945565163963
0,0.18094476299973955
0,0.2050688487227938
0,0.16630200161420913
0,0.18892417173288698
0,0.17157477543116176
0,0.24452902865113882
0,0.25444135220482716
0,0.2919405046141325
0,0.23352469673794635
0,0.15508491150206613
0,0.2170302513665354
1,0.18376400286981714
0,0.17420834595765858
0,0.17098473681189852
0,0.21896429453672736
0,0.1995762190391238
1,0.21762951206601808
0,0.2026139387353831
0,0.19125299723626746
0,0.18604381053637933
0,0.19478722434298068
1,0.20497553145954464
0,0.16266412940050637
0,0.19231954846554325
0,0.1987885359726642
1,0.19478722434298068
1,0.1585853825244955
0,0.15909065034287484
0,0.25372462525569717
1,0.1859016340244806
0,0.16061428636749814
1,0.21044592277512897
0,0.1776062959423293
1,0.34949525308773133
0,0.15808141775502127
0,0.28495515288474854
0,0.16010510084810023
0,0.1716115443634324
1,0.21383435469243717
0,0.17268943904680512
1,0.20754576098723934
0,0.20216510891191114
1,0.18263224256464894
0,0.2183182384693351
0,0.23967187609106266
0,0.19597624831182098
0,0.16735328429962604
0,0.1716115443634324
1,0.31838974659801234
0,0.2645644142987739
0,0.25016102464224077
0,0.2157477656078842
1,0.21319930290224712
0,0.22006197434459418
0,0.17373554893016913
0,0.17431631516539484
0,0.3409472769003689
0,0.16577834588017926
0,0.1776062959423293
0,0.15909065034287484
0,0.18359060046284234
0,0.17989906578193202
0,0.20692446958143174
0,0.21447078246927356
0,0.19066874350932786
0,0.20545199837558115
1,0.20322560424371344
0,0.17595525809675513
0,0.25087106906309176
0,0.2346911639269366
0,0.17486128730769337
0,0.1831974447628437
0,0.16421530587240674
1,0.18206839544059153
0,0.2616816588421031
1,0.21896429453672736
0,0.16317987224754688
1,0.28390759717285585
0,0.19183861689480067
0,0.16163658493532992
0,0.1611247806007254
1,0.19946719680983802
0,0.1765042588111637
0,0.17926945565163963
1,0.18490119007143
0,0.21638832073181466
0,0.2558788018284628
1,0.16214970074720653
1,0.17377268378936625
0,0.23284848782555936
1,0.18206839544059153
0,0.21193332753669247
0,0.18496410859296616
1,0.19360367731067366
0,0.16317987224754688
0,0.2170302513665354
0,0.18598700516341443
0,0.18604381053637933
0,0.17431631516539484
0,0.1565773272398892
0,0.16984159356698253
0,0.19777006188875998
1,0.18950433139275066
0,0.1776062959423293
0,0.22682410767074493
0,0.16682698066923252
0,0.18892417173288698
0,0.16163658493532992
0,0.19125299723626746
0,0.15757875458998666
1,0.21767355734240304
1,0.294213282024142
1,0.2308280535063387
0,0.17909936377414068
1,0.24105286396052072
1,0.19360367731067366
0,0.2020036474708672
0,0.2026139387353831
0,0.15757875458998666
0,0.19066874350932786
0,0.21447078246927356
1,0.17982654045811988
0,0.19242560307841566
1,0.1585853825244955
0,0.1965728153645988
0,0.17926945565163963
1,0.2281532807464161
1,0.25087106906309176
0,0.15757875458998666
0,0.22484062645012468
0,0.21256562716740846
0,0.1776062959423293
0,0.2803545323925009
0,0.19690147089760818
1,0.15909065034287484
0,0.16840987024067372
0,0.1643304329157416
0,0.16061428636749814
1,0.19242560307841566
0,0.22550041576541727
0,0.15909065034287484
1,0.1995762190391238
0,0.19897279447510313
0,0.24313450577864223
0,0.19008585510377005
0,0.20255333298707778
0,0.19419476646184736
1,0.1647349992948761
0,0.2222151901625184
0,0.29037952581422083
0,0.2157477656078842
1,0.1565773272398892
0,0.18370773648989272
0,0.16421530587240674
0,0.23352469673794635
0,0.16214970074720653
0,0.19597624831182098
0,0.1813341575391404
0,0.17923140095734852
0,0.16682698066923252
0,0.16266412940050637
1,0.22794968954601957
1,0.19360367731067366
1,0.16214970074720653
0,0.24733426402043043
0,0.16421530587240674
0,0.2565995216183555
0,0.19301395636378502
0,0.20816842817999845
0,0.16735328429962604
0,0.18376400286981714
1,0.2373381105845513
0,0.1965728153645988
0,0.163696930628721
0,0.1689401549964495
0,0.25202831167181367
0,0.1689401549964495
0,0.21130240403902145
0,0.17871372059265478
1,0.2403616920472049
1,0.2522951741118512
0,0.17268943904680512
1,0.18359060046284234
0,0.22732263398140168
0,0.18604381053637933
0,0.24313450577864223
0,0.17000471409448514
0,0.2215622632759244
0,0.17000471409448514
0,0.19066874350932786
0,0.20139473017331763
0,0.18950433139275066
0,0.1770546044269473
0,0.19125299723626746
0,0.2026139387353831
0,0.1995762190391238
1,0.18150590254069487
0,0.21256562716740846
0,0.18490119007143
0,0.24945232067845852
0,0.3030038875565337
0,0.16163658493532992
0,0.1831974447628437
0,0.26905364307218504
1,0.24874495843279068
0,0.16947176921765514
0,0.20018101628001483
0,0.19066874350932786
0,0.16214970074720653
0,0.2038386442542567
0,0.1965728153645988
1,0.2056860136045357
1,0.2579731217021337
0,0.20018101628001483
0,0.15808141775502127
0,0.16788091374711345
0,0.17486128730769337
1,0.24663093425645832
1,0.1770546044269473
1,0.22748800931279298
0,0.16577834588017926
0,0.16525601220020444
1,0.16525601220020444
0,0.20754576098723934
0,0.2038386442542567
0,0.24174539087611205
0,0.16163658493532992
0,0.25515941153912186
0,0.1776062959423293
0,0.16735328429962604
0,0.20692446958143174
0,0.26314557512670494
0,0.23488120657720077
0,0.17323039211074176
0,0.16947176921765514
1,0.2056860136045357
0,0.21193332753669247
0,0.1675755814805037
0,0.17540760127118452
1,0.21638832073181466
0,0.18263224256464894
1,0.226161576326694
1,0.17926945565163963
1,0.23829631575447485
0,0.15808141775502127
0,0.2007871865475264
0,0.18206839544059153
0,0.2780713018426592
0,0.20445305900687277
0,0.1716115443634324
1,0.216209012526616
0,0.3341822818578219
0,0.17431631516539484
0,0.15959722264342052
0,0.1877679419109521
0,0.2990254840898201
1,0.21193332753669247
0,0.17926945565163963
1,0.17486128730769337
0,0.17530888997435756
0,0.1831974447628437
0,0.17871372059265478
0,0.2050688487227938
0,0.25732156942987583
0,0.17000471409448514
1,0.19538105146256587
0,0.23817243576922406
0,0.15757875458998666
0,0.1721498235010819
0,0.19301395636378502
1,0.2018172893980569
0,0.16947176921765514
0,0.30460359991724906
0,0.19478722434298068
1,0.19886401998120506
0,0.18433191770478202
1,0.23829631575447485
0,0.1965728153645988
0,0.2196117253133708
0,0.18719187038024912
0,0.1585853825244955
0,0.22550041576541727
0,0.17486128730769337
1,0.23284848782555936
0,0.19242560307841566
1,0.3308249800797021
0,0.19478722434298068
0,0.15959722264342052
0,0.15748816030297513
0,0.18950433139275066
0,0.1776062959423293
1,0.23215949547022716
1,0.17298289902783728
0,0.17323039211074176
0,0.20941789033756555
1,0.16010510084810023
0,0.18038497593735656
0,0.1565773272398892
0,0.24803893914236094
0,0.17323039211074176
0,0.2157477656078842
0,0.16449141997066313
0,0.18150590254069487
0,0.17685576976654352
0,0.18719187038024912
1,0.2020036474708672
1,0.1765042588111637
1,0.226161576326694
0,0.16630200161420913
0,0.17323039211074176
0,0.18874702607493943
0,0.1830953230878913
0,0.299818766767593
0,0.1710746005101436
0,0.2007871865475264
0,0.19242560307841566
0,0.18433191770478202
0,0.2222151901625184
0,0.2811181473114308
0,0.2026139387353831
1,0.1647349992948761
1,0.19125299723626746
0,0.1965728153645988
1,0.2288199214434701
0,0.20139473017331763
1,0.17053899080402188
1,0.2215622632759244
0,0.20754576098723934
0,0.27959218498941146
0,0.2222151901625184
0,0.1831974447628437
1,0.21510858614403183
0,0.22550041576541727
0,0.1965516672197978
0,0.1770546044269473
0,0.2026139387353831
0,0.19125299723626746
0,0.20879247126731879
0,0.19183861689480067
0,0.1710746005101436
0,0.2308280535063387
0,0.18604381053637933
0,0.18433191770478202
0,0.19242560307841566
0,0.15757875458998666
1,0.17486128730769337
0,0.20879247126731879
0,0.2056860136045357
0,0.18490119007143
0,0.24592895101616277
0,0.16010510084810023
0,0.19360367731067366
0,0.17323039211074176
0,0.1831974447628437
1,0.1947466572198509
0,0.21004468545977234
1,0.2056860136045357
0,0.16851807171052627
1,0.16577834588017926
0,0.1971707530772956
0,0.26095167533286195
0,0.16061428636749814
1,0.2558788018284628
0,0.2757995397658326
0,0.18376400286981714
0,0.21638832073181466
0,0.33755646787778126
0,0.16840987024067372
0,0.1662073816765999
1,0.16010510084810023
1,0.20754576098723934
0,0.17367469876744682
1,0.19946719680983802
0,0.2050688487227938
0,0.26387950452477676
0,0.1995762190391238
1,0.17377268378936625
0,0.2038386442542567
0,0.18604381053637933
0,0.34863597848428396
0,0.20692446958143174
0,0.16010510084810023
0,0.2872724145917662
0,0.24455235523827548
1,0.23352469673794635
0,0.23624316747641574
0,0.16947176921765514
0,0.22286949029038203
0,0.15757875458998666
1,0.2038386442542567
1,0.22092151789308503
0,0.22459408085469912
1,0.1983707422202022
0,0.21256562716740846
1,0.18490119007143
0,0.1710746005101436
0,0.15808141775502127
0,0.23015730840622478
1,0.18206839544059153
1,0.2281532807464161
0,0.16947176921765514
0,0.1776062959423293
1,0.2215622632759244
0,0.16577834588017926
0,0.17861355177106653
0,0.24313450577864223
0,0.18150590254069487
1,0.24452902865113882
0,0.20910236948838062
0,0.17377268378936625
0,0.17590086740804803
1,0.16682698066923252
0,0.16525601220020444
0,0.1935451125285645
0,0.16061428636749814
0,0.1949446593420255
0,0.17540760127118452
0,0.1620569840885498
0,0.18433191770478202
0,0.19050556631827956
0,0.24874495843279068
0,0.19360367731067366
0,0.18376400286981714
0,0.17486128730769337
0,0.15607856011067778
0,0.18950433139275066
1,0.1983707422202022
0,0.28418523555523567
1,0.16061428636749814
0,0.17377268378936625
0,0.1611247806007254
1,0.19114743593103772
0,0.20879247126731879
1,0.23150016553855912
0,0.20018101628001483
0,0.16163658493532992
0,0.18376400286981714
0,0.15757875458998666
1,0.2389834170238952
0,0.16840987024067372
0,0.2222151901625184
0,0.20879247126731879
0,0.1647349992948761
0,0.1555810886977866
0,0.1710746005101436
0,0.17982654045811988
0,0.18206839544059153
0,0.16266412940050637
0,0.18892417173288698
0,0.18376400286981714
1,0.17000471409448514
0,0.1585853825244955
0,0.18038497593735656
0,0.19008585510377005
0,0.21937783871993943
0,0.22550041576541727
0,0.2056860136045357
0,0.2157477656078842
0,0.16630200161420913
0,0.21319930290224712
0,0.18950433139275066
1,0.16010510084810023
0,0.15994964854192245
0,0.18201253246485705
0,0.15757875458998666
0,0.17871372059265478
0,0.2050688487227938
1,0.20879247126731879
0,0.1647349992948761
1,0.20067766865556547
0,0.23217364386498987
0,0.25087106906309176
1,0.2215622632759244
0,0.17053899080402188
0,0.21319930290224712
0,0.1877679419109521
0,0.17568875764292569
0,0.18490119007143
0,0.20018101628001483
0,0.1770546044269473
0,0.2308280535063387
1,0.23761057316861264
0,0.2183182384693351
0,0.16735328429962604
1,0.19066874350932786
1,0.16214970074720653
0,0.21638832073181466
0,0.1565773272398892
0,0.18604381053637933
0,0.18547182075783886
0,0.19419476646184736
0,0.16421530587240674
0,0.21383435469243717
0,0.24663093425645832
0,0.18490119007143
0,0.15959722264342052
0,0.21383435469243717
1,0.25876964307963746
1,0.29744253638656803
0,0.20630455383580923
0,0.21316493457780117
0,0.15757875458998666
0,0.1831974447628437
1,0.21896429453672736
1,0.16525601220020444
0,0.24084135366043105
0,0.28418523555523567
0,0.15959722264342052
0,0.18263224256464894
0,0.24733426402043043
0,0.16061428636749814
0,0.17486128730769337
0,0.2007871865475264
0,0.16214970074720653
0,0.19008585510377005
0,0.24105286396052072
0,0.17268943904680512
0,0.2157477656078842
0,0.15909065034287484
1,0.16525601220020444
0,0.19360367731067366
0,0.16061428636749814
0,0.1689401549964495
0,0.20018101628001483
0,0.20941789033756555
1,0.18150590254069487
0,0.1893995092246672
0,0.2050688487227938
0,0.18998078667055313
0,0.15607856011067778
0,0.1995762190391238
0,0.2038386442542567
0,0.17431631516539484
0,0.17871372059265478
0,0.21683379735848846
0,0.2157477656078842
1,0.20007174625028948
0,0.15757875458998666
0,0.1710746005101436
0,0.24383109173969975
0,0.1877679419109521
1,0.17377268378936625
0,0.2012246558174368
0,0.1965728153645988
1,0.26314557512670494
0,0.15707739157381126
0,0.1813341575391404
0,0.18206839544059153
1,0.18950433139275066
0,0.16840987024067372
0,0.15959722264342052
1,0.2780713018426592
0,0.16788091374711345
0,0.21004468545977234
1,0.20445305900687277
0,0.19360367731067366
0,0.173556758452791
0,0.20754576098723934
0,0.18661716016362304
0,0.18150590254069487
0,0.1611247806007254
0,0.2288199214434701
0,0.17982654045811988
0,0.21383435469243717
1,0.22026053054736963
0,0.18376400286981714
0,0.20156386089713083
0,0.19242560307841566
0,0.18206839544059153
0,0.15909065034287484
0,0.19419476646184736
0,0.1995762190391238
1,0.2157477656078842
1,0.17688616109954586
0,0.15757875458998666
0,0.1776062959423293
0,0.2007871865475264
1,0.19777006188875998
0,0.23150016553855912
1,0.25732156942987583
1,0.19235036899667493
1,0.20445305900687277
0,0.16163658493532992
0,0.27429143226290037
0,0.24592895101616277
0,0.1916593842479261
0,0.16317987224754688
0,0.21896429453672736
1,0.17815933434112613
0,0.1716115443634324
0,0.16788091374711345
0,0.18433191770478202
0,0.1647349992948761
0,0.188345375464349
0,0.1585853825244955
0,0.1721498235010819
0,0.18950433139275066
0,0.18094476299973955
0,0.16266412940050637
0,0.18479833353398414
0,0.17540760127118452
0,0.22418220882253667
0,0.1757371975910114
0,0.19360367731067366
0,0.19242560307841566
0,0.21890014068835092
0,0.16421530587240674
1,0.2711883947305168
0,0.1808436190354399
0,0.2007871865475264
0,0.2653512972023684
0,0.21130240403902145
0,0.19242560307841566
0,0.24174539087611205
0,0.1716115443634324
0,0.18150590254069487
0,0.15954690947593214
0,0.19008585510377005
0,0.20630455383580923
0,0.18661716016362304
0,0.226161576326694
0,0.16266412940050637
0,0.17533757622805954
0,0.21319930290224712
0,0.21510858614403183
0,0.174119904998769
0,0.16317987224754688
0,0.19242560307841566
0,0.20139473017331763
0,0.17306482188582542
0,0.22026053054736963
1,0.21319930290224712
0,0.24592895101616277
0,0.3167506111658657
0,0.16317987224754688
0,0.18263224256464894
0,0.2602230104557681
0,0.18892417173288698
0,0.22484062645012468
0,0.21755733614842906
0,0.1776062959423293
1,0.2170302513665354
0,0.1555810886977866
0,0.188345375464349
0,0.22418220882253667
1,0.1770546044269473
0,0.16788091374711345
1,0.1995762190391238
1,0.28960088828964153
0,0.19538105146256587
1,0.17000471409448514
0,0.19972597524501676
0,0.18094476299973955
1,0.2106728566835543
0,0.21638832073181466
1,0.17982654045811988
1,0.15707739157381126
1,0.15808141775502127
0,0.1611247806007254
1,0.2818830274360319
0,0.17540760127118452
0,0.23667945615732455
0,0.16682698066923252
0,0.16163658493532992
0,0.18604381053637933
0,0.17434080323909057
0,0.22609592419864274
0,0.19360367731067366
0,0.18719187038024912
0,0.15959722264342052
0,0.22748800931279298
0,0.21510858614403183
0,0.19897279447510313
0,0.16525601220020444
0,0.1946801819052799
0,0.16682698066923252
1,0.16735328429962604
0,0.20879247126731879
0,0.2026139387353831
0,0.16266412940050637
0,0.19066874350932786
1,0.28804733009638883
0,0.16525601220020444
0,0.19066874350932786
0,0.18094476299973955
0,0.16788091374711345
0,0.18586874674248374
0,0.2020036474708672
0,0.1721498235010819
0,0.17000471409448514
0,0.2099314444821955
1,0.19008585510377005
0,0.22682410767074493
0,0.20816842817999845
1,0.22026053054736963
0,0.17323039211074176
0,0.17486128730769337
0,0.2854477799011851
0,0.17982654045811988
0,0.16010510084810023
0,0.22418220882253667
0,0.17053899080402188
0,0.1885700079009251
1,0.15757875458998666
0,0.2106728566835543
0,0.22334162676680785
0,0.2389834170238952
1,0.1620569840885498
0,0.15959722264342052
0,0.17377268378936625
0,0.15508491150206613
0,0.17431631516539484
0,0.20067766865556547
0,0.2653512972023684
0,0.2331124854100975
0,0.17486128730769337
0,0.23129448273324568
0,0.188345375464349
0,0.16010510084810023
0,0.1965728153645988
1,0.16947176921765514
0,0.17595525809675513
0,0.1716115443634324
1,0.18201253246485705
0,0.15757875458998666
0,0.1995762190391238
0,0.17871372059265478
1,0.37040082607908603
0,0.2872724145917662
0,0.26756879428217306
0,0.20557451098608762
0,0.1647349992948761
1,0.18376400286981714
0,0.15909065034287484
0,0.1710746005101436
0,0.15757875458998666
1,0.21447078246927356
0,0.1689401549964495
1,0.18094476299973955
0,0.16421530587240674
1,0.1971707530772956
0,0.27129065457990226
0,0.21896429453672736
0,0.17000471409448514
0,0.17377268378936625
0,0.19061085668419714
0,0.16464109485640935
0,0.1965728153645988
0,0.19301395636378502
0,0.22415559500492596
0,0.17810440959182766
0,0.2020036474708672
0,0.17540760127118452
1,0.17000471409448514
0,0.25515941153912186
0,0.2007871865475264
0,0.17323039211074176
0,0.22286949029038203
0,0.15459002701369626
0,0.1877679419109521
0,0.16788091374711345
0,0.226161576326694
1,0.2674952771186843
1,0.24383109173969975
0,0.16163658493532992
0,0.15803149258857951
0,0.31511601307704545
1,0.173193348846053
0,0.188345375464349
0,0.2452283154415823
0,0.2522951741118512
0,0.22026053054736963
0,0.18433191770478202
0,0.2026139387353831
0,0.18028407600625962
1,0.15707739157381126
0,0.15909065034287484
0,0.19066874350932786
0,0.17268943904680512
0,0.16214970074720653
1,0.16577834588017926
0,0.20879247126731879
0,0.18719187038024912
0,0.1585853825244955
0,0.19242560307841566
1,0.1716115443634324
0,0.15909065034287484
0,0.27054368821205443
0,0.19538105146256587
1,0.21896429453672736
0,0.1710746005101436
0,0.16163658493532992
0,0.19777006188875998
0,0.2170302513665354
0,0.2007871865475264
0,0.16266412940050637
1,0.16525601220020444
0,0.21510858614403183
0,0.16010510084810023
0,0.20322560424371344
0,0.16630200161420913
0,0.163696930628721
1,0.24105286396052072
1,0.16010510084810023
1,0.20445305900687277
0,0.18433191770478202
1,0.18094476299973955
0,0.17205256300445138
0,0.18094476299973955
0,0.20879247126731879
1,0.3341822818578219
0,0.2157477656078842
0,0.15959722264342052
0,0.2308280535063387
0,0.16788091374711345
0,0.1710746005101436
1,0.17301499950747676
0,0.22550041576541727
0,0.19301395636378502
0,0.17815933434112613
0,0.18376400286981714
1,0.29350640397120825
0,0.2389834170238952
0,0.19777006188875998
0,0.1585853825244955
0,0.18950433139275066
1,0.20810659459300557
1,0.24313450577864223
0,0.2106728566835543
0,0.15959722264342052
0,0.17530888997435756
0,0.16163658493532992
0,0.27309951785844183
0,0.20941789033756555
1,0.2565995216183555
0,0.25646933034801256
0,0.21370731568133627
0,0.15909065034287484
1,0.1995762190391238
0,0.2026139387353831
0,0.26160918147245094
0,0.2196117253133708
1,0.17871372059265478
1,0.1893995092246672
0,0.1716115443634324
0,0.18950433139275066
0,0.18263224256464894
0,0.15607856011067778
1,0.17595525809675513
0,0.15959722264342052
0,0.19008585510377005
0,0.20445305900687277
0,0.2183182384693351
0,0.2035094050513635
0,0.17000471409448514
0,0.22748800931279298
1,0.21632662360600832
0,0.18490119007143
0,0.25515941153912186
0,0.1770546044269473
0,0.18719187038024912
0,0.20246224895780826
0,0.17595525809675513
0,0.16630200161420913
1,0.1689401549964495
0,0.17926945565163963
1,0.2294879308540123
1,0.23967187609106266
0,0.17926945565163963
0,0.17377268378936625
0,0.1765042588111637
0,0.18263224256464894
0,0.21447078246927356
1,0.200601668606875
0,0.19579408648009552
0,0.15959722264342052
0,0.20139473017331763
0,0.171461221368107
1,0.23196754330396904
0,0.1611247806007254
0,0.25876964307963746
0,0.1594421698444267
0,0.17268943904680512
0,0.2026139387353831
0,0.20139473017331763
0,0.19066874350932786
1,0.2558788018284628
0,0.21252467988290197
0,0.20445305900687277
0,0.26682832325689915
0,0.19538105146256587
0,0.18490119007143
0,0.1710746005101436
0,0.1710746005101436
0,0.16630200161420913
0,0.2342022698975068
0,0.18547182075783886
0,0.1829932455860485
0,0.24874495843279068
0,0.19360367731067366
0,0.17377268378936625
0,0.16947176921765514
0,0.21767355734240304
0,0.1983707422202022
0,0.21751774034630325
0,0.1611247806007254
0,0.17268943904680512
1,0.22748800931279298
1,0.1776062959423293
0,0.2933648767640127
0,0.16788091374711345
0,0.17431631516539484
0,0.16010510084810023
0,0.23556150602751996
0,0.16884433803574955
0,0.22810773323924483
0,0.17982654045811988
1,0.18433191770478202
0,0.2162725960529654
0,0.19597624831182098
0,0.18433191770478202
0,0.21896429453672736
0,0.15607856011067778
1,0.19259979848308056
1,0.16840987024067372
0,0.18038497593735656
0,0.1971707530772956
0,0.1565773272398892
0,0.19419476646184736
0,0.1971707530772956
0,0.21130240403902145
1,0.258044943759617
0,0.19008585510377005
0,0.21638832073181466
0,0.1647349992948761
0,0.1721498235010819
0,0.23761057316861264
0,0.1710746005101436
0,0.17595525809675513
0,0.18094476299973955
0,0.22484062645012468
0,0.19242560307841566
0,0.16947176921765514
1,0.1765042588111637
0,0.20754576098723934
1,0.22091070996605922
0,0.17982654045811988
0,0.2050688487227938
0,0.1585853825244955
0,0.163696930628721
0,0.1710746005101436
0,0.18604381053637933
0,0.17377268378936625
0,0.16163658493532992
0,0.22026053054736963
0,0.1983707422202022
1,0.26831056817943116
0,0.17540760127118452
0,0.19897279447510313
1,0.21767355734240304
1,0.2757995397658326
1,0.2026139387353831
0,0.22332450704652088
0,0.20018101628001483
1,0.19646503109718647
0,0.17926945565163963
1,0.19419476646184736
0,0.21383435469243717
0,0.2038386442542567
0,0.19049034623286287
0,0.2369261901292276
0,0.19242560307841566
0,0.1765042588111637
1,0.26241295933211906
1,0.16630200161420913
0,0.2157477656078842
0,0.2196117253133708
0,0.15757875458998666
0,0.26756879428217306
1,0.2106728566835543
0,0.18038497593735656
1,0.20692446958143174
0,0.2513254827142207
0,0.17377268378936625
0,0.21510858614403183
0,0.21638832073181466
0,0.1983707422202022
0,0.16735328429962604
0,0.21313637719580147
0,0.1770546044269473
0,0.1776062959423293
1,0.16421530587240674
0,0.16317987224754688
1,0.17540760127118452
0,0.15959722264342052
0,0.23150016553855912
0,0.18536871898028226
0,0.19301395636378502
0,0.16266412940050637
1,0.25515941153912186
0,0.21249565170582688
0,0.17540760127118452
1,0.19754563533393352
0,0.20816842817999845
0,0.21447078246927356
0,0.18604381053637933
0,0.23556150602751996
0,0.19360367731067366
0,0.19125299723626746
0,0.1710746005101436
0,0.2020036474708672
0,0.17431631516539484
0,0.15757875458998666
1,0.226161576326694
0,0.19301395636378502
1,0.21004468545977234
0,0.19928259437008616
1,0.18038497593735656
1,0.26065639657274076
0,0.1765042588111637
0,0.1983707422202022
0,0.16735328429962604
1,0.16682698066923252
0,0.16163658493532992
0,0.2452283154415823
1,0.18604381053637933
0,0.16147993154076828
0,0.23761057316861264
0,0.18459564540579929
0,0.1689401549964495
0,0.1770546044269473
1,0.21190444353428733
0,0.2757995397658326
0,0.1965728153645988
1,0.23829631575447485
1,0.19183861689480067
1,0.21256562716740846
1,0.25515941153912186
0,0.18433191770478202
0,0.17053899080402188
0,0.15909065034287484
0,0.2196117253133708
0,0.24803893914236094
0,0.21319930290224712
0,0.19538105146256587
0,0.1877679419109521
0,0.16840987024067372
1,0.19066874350932786
1,0.27054368821205443
0,0.16266412940050637
0,0.19419476646184736
0,0.16840987024067372
0,0.37040082607908603
0,0.18376400286981714
0,0.21638832073181466
0,0.21130240403902145
0,0.16266412940050637
0,0.23542641857922073
0,0.24663093425645832
0,0.16735328429962604
0,0.19478722434298068
0,0.15508491150206613
1,0.15757875458998666
0,0.163696930628721
0,0.2050688487227938
0,0.16143279318232212
0,0.1689401549964495
0,0.18263224256464894
0,0.16577834588017926
0,0.2026139387353831
1,0.2403616920472049
0,0.18263224256464894
0,0.16214970074720653
0,0.16682698066923252
0,0.21941358940372044
0,0.22599688316821945
1,0.21004468545977234
0,0.18892417173288698
1,0.23015730840622478
1,0.20692446958143174
0,0.16163658493532992
1,0.1965728153645988
0,0.18604381053637933
1,0.1565773272398892
0,0.16266412940050637
0,0.1689401549964495
1,0.20879247126731879
0,0.1565773272398892
0,0.22352516330296324
0,0.1721498235010819
0,0.16788091374711345
0,0.16525601220020444
0,0.2106728566835543
0,0.16630200161420913
0,0.1721498235010819
1,0.2020036474708672
0,0.1555810886977866
1,0.188345375464349
0,0.188345375464349
1,0.17926945565163963
1,0.1710746005101436
1,0.2602230104557681
0,0.15707739157381126
1,0.2788311073865721
0,0.1689401549964495
0,0.21447078246927356
0,0.1899230596952063
0,0.1710746005101436
0,0.23829631575447485
0,0.1721498235010819
0,0.17926945565163963
0,0.18604381053637933
0,0.2254770288732399
0,0.22418220882253667
0,0.1831974447628437
1,0.18376400286981714
0,0.16525601220020444
0,0.17871372059265478
0,0.18824104546990833
1,0.24452902865113882
0,0.16010510084810023
0,0.16317987224754688
0,0.17000471409448514
0,0.1565773272398892
0,0.15757875458998666
0,0.24663093425645832
0,0.17268943904680512
0,0.18719187038024912
0,0.17000471409448514
0,0.1709778220253258
0,0.19777006188875998
1,0.15607856011067778
0,0.16630200161420913
1,0.23284848782555936
0,0.21447078246927356
0,0.21004468545977234
1,0.17595525809675513
0,0.2369261901292276
0,0.19586871140627027
1,0.16266412940050637
0,0.17486128730769337
1,0.1770546044269473
0,0.17982654045811988
0,0.16788091374711345
0,0.17268943904680512
0,0.16682698066923252
0,0.21101889472626922
0,0.163696930628721
0,0.21568429391670452
0,0.17926945565163963
0,0.22484062645012468
0,0.1983707422202022
1,0.16506089056695716
0,0.1776062959423293
0,0.2757995397658326
1,0.15959722264342052
0,0.26095167533286195
0,0.2012849643605973
0,0.16630200161420913
0,0.27504484453071204
0,0.188345375464349
0,0.17053899080402188
0,0.258044943759617
0,0.171898671117206
0,0.23488120657720077
0,0.17926945565163963
0,0.19597624831182098
0,0.16061428636749814
0,0.20322560424371344
0,0.16010510084810023
0,0.16163658493532992
1,0.16421530587240674
0,0.2007871865475264
1,0.258044943759617
1,0.18547182075783886
0,0.16317987224754688
0,0.21447078246927356
0,0.24383109173969975
0,0.1611247806007254
0,0.188345375464349
0,0.26682832325689915
0,0.21510858614403183
0,0.1877679419109521
0,0.23015730840622478
1,0.2026139387353831
0,0.19066874350932786
0,0.16577834588017926
1,0.18376400286981714
0,0.1585853825244955
1,0.19360367731067366
0,0.18950433139275066
1,0.2456758600802874
0,0.22352516330296324
1,0.2222151901625184
0,0.19301395636378502
0,0.17972588439700035
0,0.20630455383580923
1,0.21130240403902145
0,0.2215622632759244
0,0.1585853825244955
0,0.18150590254069487
0,0.18433191770478202
0,0.16010510084810023
0,0.16525601220020444
0,0.188345375464349
0,0.19460590021575425
0,0.21061047705365443
0,0.20630455383580923
0,0.16947176921765514
0,0.19478722434298068
0,0.1716115443634324
0,0.18376400286981714
0,0.25927350133267096
0,0.16163658493532992
1,0.17053899080402188
0,0.163696930628721
0,0.17053899080402188
0,0.22550041576541727
1,0.24932453949601877
0,0.1555810886977866
0,0.22484062645012468
0,0.19287295867936935
0,0.16840987024067372
0,0.15757875458998666
0,0.2308280535063387
0,0.17595525809675513
0,0.21665422207361368
0,0.18604381053637933
0,0.23761057316861264
0,0.1983707422202022
0,0.2196117253133708
0,0.24452902865113882
1,0.1971707530772956
0,0.15909065034287484
0,0.22548829427220796
0,0.18547182075783886
1,0.23761057316861264
1,0.20372788623926955
0,0.23352469673794635
0,0.20941789033756555
0,0.1611247806007254
0,0.16735328429962604
0,0.17053899080402188
0,0.15808141775502127
0,0.16061428636749814
0,0.19538105146256587
0,0.19478722434298068
0,0.16010510084810023
0,0.16682698066923252
0,0.1905634286960648
0,0.16788091374711345
0,0.18490119007143
0,0.163696930628721
0,0.20018101628001483
0,0.1565773272398892
0,0.17377268378936625
0,0.1876638578191196
0,0.16421530587240674
0,0.15757875458998666
0,0.2222151901625184
0,0.17431631516539484
0,0.17626067452545965
1,0.19826221539340041
0,0.17595525809675513
0,0.17982654045811988
0,0.2180891470985443
1,0.16525601220020444
0,0.35467129532260455
0,0.16158575247066428
0,0.1710746005101436
0,0.26095167533286195
0,0.188345375464349
0,0.2452283154415823
0,0.16317987224754688
0,0.1689401549964495
0,0.19125299723626746
0,0.258044943759617
0,0.15459002701369626
0,0.1721498235010819
1,0.20630455383580923
0,0.18140451438267527
0,0.20875986737358573
0,0.16788091374711345
1,0.21004468545977234
0,0.17871372059265478
1,0.18038497593735656
0,0.32168151644011533
0,0.20879247126731879
0,0.16163658493532992
1,0.20941789033756555
0,0.24092800422803315
1,0.1765042588111637
0,0.17926945565163963
1,0.17926945565163963
0,0.15757875458998666
0,0.15707739157381126
0,0.17926945565163963
1,0.19301395636378502
0,0.20985285995354216
0,0.23967187609106266
0,0.16214970074720653
0,0.2038386442542567
0,0.19008585510377005
0,0.17268943904680512
0,0.16682698066923252
0,0.2375426177351311
0,0.1770546044269473
0,0.16421530587240674
1,0.1776062959423293
0,0.16163658493532992
0,0.1995762190391238
0,0.20557451098608762
0,0.25515941153912186
0,0.18950433139275066
0,0.22732263398140168
0,0.1770546044269473
0,0.18038497593735656
0,0.19478722434298068
1,0.22894617523525065
0,0.25372462525569717
0,0.2196117253133708
0,0.18828802990896593
0,0.20816842817999845
0,0.16525601220020444
0,0.16317987224754688
1,0.17982654045811988
0,0.1981370737702773
0,0.17000471409448514
1,0.2215622632759244
1,0.18950433139275066
0,0.2215622632759244
0,0.1770546044269473
0,0.1721498235010819
0,0.17640506239264758
1,0.1877679419109521
0,0.15909065034287484
0,0.19897279447510313
0,0.19777006188875998
0,0.163696930628721
0,0.16468338382914235
0,0.1965728153645988
0,0.1983707422202022
0,0.15607856011067778
0,0.17268943904680512
0,0.16266412940050637
0,0.15909065034287484
0,0.17486128730769337
1,0.21983937307106557
0,0.19593549381497144
0,0.20491544813097776
0,0.1770546044269473
0,0.24292175358387016
0,0.19538105146256587
0,0.18547182075783886
0,0.16317987224754688
1,0.1776062959423293
1,0.1770546044269473
0,0.19478722434298068
1,0.17815933434112613
0,0.299818766767593
0,0.21383435469243717
0,0.21510858614403183
1,0.17926945565163963
0,0.1611247806007254
0,0.18206839544059153
0,0.18196676293105937
0,0.24105286396052072
0,0.1765042588111637
1,0.19597624831182098
1,0.1565773272398892
0,0.2157477656078842
0,0.17377268378936625
1,0.19897279447510313
0,0.30540523338626546
0,0.19242560307841566
0,0.22550041576541727
0,0.2050688487227938
0,0.23624316747641574
0,0.16840987024067372
0,0.19478722434298068
0,0.2879073625064727
0,0.17431631516539484
0,0.2308280535063387
1,0.23488120657720077
0,0.18892417173288698
0,0.188345375464349
0,0.1647349992948761
0,0.2068820241601309
1,0.17313264879497992
0,0.20422008589222895
1,0.28366239621038475
0,0.21319930290224712
0,0.15959722264342052
0,0.1935451125285645
0,0.21937783871993943
0,0.17595525809675513
1,0.19360367731067366
0,0.1611247806007254
0,0.25732156942987583
0,0.17595525809675513
0,0.1770546044269473
0,0.21193332753669247
0,0.1983707422202022
0,0.27429143226290037
0,0.16577834588017926
0,0.16163658493532992
0,0.1877679419109521
1,0.20692446958143174
0,0.23284848782555936
0,0.16735328429962604
0,0.18892417173288698
1,0.2294879308540123
0,0.2007871865475264
0,0.20422008589222895
0,0.18094476299973955
0,0.18433191770478202
0,0.16061428636749814
0,0.20816842817999845
0,0.2927228405693337
0,0.1689401549964495
0,0.1983707422202022
0,0.1565773272398892
1,0.17926945565163963
0,0.23603456490884164
0,0.17323039211074176
0,0.1965728153645988
1,0.16947176921765514
1,0.23829631575447485
0,0.2308280535063387
0,0.22352516330296324
0,0.17377268378936625
1,0.16317987224754688
0,0.2818830274360319
0,0.16010510084810023
1,0.19419476646184736
0,0.1983707422202022
1,0.2563977952859792
0,0.18150590254069487
0,0.16317987224754688
1,0.17486128730769337
0,0.16421530587240674
0,0.1689401549964495
0,0.20139473017331763
0,0.16214970074720653
0,0.24325730056669062
0,0.20018101628001483
1,0.2990254840898201
0,0.2452283154415823
0,0.21319930290224712
0,0.20998244234860536
0,0.16266412940050637
0,0.18094476299973955
0,0.16630200161420913
0,0.19777006188875998
0,0.2157477656078842
0,0.20998244234860536
0,0.18094476299973955
0,0.16266412940050637
0,0.18661716016362304
0,0.23761057316861264
0,0.17431631516539484
0,0.18950433139275066
0,0.1666662969337669
0,0.30540523338626546
0,0.1647349992948761
0,0.17092465080417465
0,0.20692446958143174
1,0.2222151901625184
0,0.19183861689480067
0,0.18263224256464894
0,0.16010510084810023
0,0.16839111694829695
0,0.2285702990531908
0,0.16266412940050637
0,0.24452902865113882
0,0.2020036474708672
0,0.18094476299973955
0,0.27129065457990226
0,0.1689401549964495
0,0.21383435469243717
0,0.15707739157381126
0,0.16464109485640935
0,0.1555810886977866
0,0.188345375464349
0,0.16682698066923252
1,0.26387950452477676
0,0.1770546044269473
0,0.16266412940050637
0,0.20500769745456107
0,0.16577834588017926
0,0.18094476299973955
1,0.17431631516539484
1,0.17486128730769337
0,0.1710746005101436
0,0.23217364386498987
0,0.18150590254069487
0,0.22286949029038203
0,0.20423109144700222
0,0.15808141775502127
0,0.17476281829272614
0,0.21767355734240304
1,0.18661716016362304
0,0.21181934136564426
1,0.22682410767074493
0,0.16788091374711345
0,0.23967187609106266
1,0.30540523338626546
0,0.19419476646184736
1,0.2007871865475264
0,0.18094476299973955
0,0.1776062959423293
0,0.1877679419109521
0,0.1877679419109521
0,0.15707739157381126
0,0.16788091374711345
0,0.18206839544059153
0,0.25876964307963746
0,0.17812146415629546
0,0.18719187038024912
1,0.19419476646184736
1,0.31104954978726657
0,0.21130240403902145
0,0.18604381053637933
0,0.25087106906309176
0,0.163696930628721
1,0.1983707422202022
1,0.15792756086187762
0,0.15808141775502127
0,0.1965728153645988
1,0.2602230104557681
0,0.299818766767593
0,0.16682698066923252
1,0.2616816588421031
0,0.18719187038024912
1,0.18892417173288698
0,0.17595525809675513
0,0.21613329435595846
0,0.15808141775502127
1,0.2196117253133708
0,0.18094476299973955
0,0.1647349992948761
0,0.21447078246927356
0,0.1689401549964495
0,0.15508491150206613
1,0.22418220882253667
0,0.21130240403902145
1,0.17053899080402188
0,0.16061428636749814
0,0.1565773272398892
0,0.1710746005101436
0,0.16214970074720653
0,0.2565995216183555
0,0.17482396903958067
0,0.17540760127118452
0,0.1593955132620953
0,0.22875372574595962
1,0.18467452751564126
1,0.2056860136045357
1,0.17595525809675513
0,0.16214970074720653
0,0.2215622632759244
0,0.20816842817999845
0,0.17871372059265478
1,0.20445305900687277
0,0.1662073816765999
0,0.17540760127118452
0,0.1665057370356066
0,0.16317987224754688
1,0.22748800931279298
0,0.22026053054736963
1,0.19066874350932786
0,0.1647349992948761
0,0.24663093425645832
0,0.18433191770478202
1,0.1647349992948761
0,0.27415557498058835
0,0.17882138431215955
0,0.17815933434112613
0,0.1565773272398892
0,0.26314557512670494
0,0.1983707422202022
1,0.15888585249224713
1,0.2170302513665354
0,0.16840987024067372
0,0.25216642594998245
0,0.2602230104557681
0,0.1585853825244955
0,0.28960088828964153
0,0.207484063891224
0,0.24243927181591673
0,0.16214970074720653
0,0.22019610398885897
0,0.16061428636749814
0,0.1647349992948761
0,0.17926945565163963
0,0.16421530587240674
0,0.32915274065572503
0,0.19419476646184736
0,0.20615081536267432
0,0.19419476646184736
0,0.2281532807464161
0,0.188345375464349
1,0.19066874350932786
0,0.15459002701369626
0,0.18263224256464894
1,0.22521729899591378
0,0.19939154083266414
0,0.1647349992948761
0,0.16214970074720653
0,0.18558997291262821
1,0.1647349992948761
1,0.1611247806007254
0,0.17871372059265478
0,0.16630200161420913
1,0.15808141775502127
0,0.15959722264342052
0,0.18094476299973955
0,0.17157477543116176
0,0.16317987224754688
0,0.30943104816662964
1,0.19301395636378502
0,0.15959722264342052
0,0.19897279447510313
0,0.16525601220020444
0,0.18433191770478202
1,0.21767355734240304
0,0.18719187038024912
0,0.25876964307963746
0,0.1710746005101436
0,0.20322560424371344
0,0.15508491150206613
0,0.24105286396052072
0,0.21380117623447986
0,0.1765042588111637
0,0.163696930628721
0,0.18038497593735656
0,0.16010510084810023
0,0.1666179454335382
1,0.1987885359726642
0,0.16163658493532992
0,0.2155521529000292
0,0.20879247126731879
0,0.18490119007143
0,0.22352516330296324
0,0.163696930628721
0,0.16840987024067372
0,0.25439228635875105
0,0.17268943904680512
0,0.16421530587240674
0,0.19538105146256587
0,0.16317987224754688
0,0.16266412940050637
0,0.16840987024067372
0,0.16266412940050637
0,0.18150590254069487
1,0.21447078246927356
0,0.21193332753669247
1,0.2917218975202029
1,0.15909065034287484
0,0.15909065034287484
1,0.226161576326694
1,0.31267268404139986
0,0.1856951059099501
0,0.20816842817999845
0,0.15757875458998666
0,0.2170302513665354
0,0.23488120657720077
1,0.22748800931279298
0,0.18263224256464894
0,0.1770546044269473
0,0.17540760127118452
0,0.16163658493532992
0,0.16061428636749814
0,0.16995178345554995
0,0.22079324817642296
0,0.17367469876744682
0,0.18263224256464894
0,0.216209012526616
0,0.17982654045811988
0,0.1647349992948761
0,0.24733426402043043
0,0.1716115443634324
0,0.16682698066923252
0,0.1947466572198509
0,0.1721498235010819
0,0.1647349992948761
0,0.18150590254069487
0,0.16421530587240674
0,0.17540760127118452
0,0.17540760127118452
0,0.1565773272398892
0,0.24383109173969975
0,0.17926945565163963
0,0.21896429453672736
0,0.25949566583740935
0,0.16214970074720653
0,0.24174539087611205
0,0.1776062959423293
0,0.19301395636378502
0,0.1716115443634324
0,0.25087106906309176
0,0.2780713018426592
0,0.16840987024067372
0,0.16682698066923252
0,0.1555810886977866
0,0.21767355734240304
1,0.29037952581422083
0,0.22484062645012468
0,0.15607856011067778
1,0.2007871865475264
0,0.1603664994282888
1,0.20941789033756555
0,0.15909065034287484
0,0.19772902609541934
0,0.18547182075783886
0,0.23829631575447485
0,0.1776062959423293
0,0.26756879428217306
0,0.21370194078441734
0,0.19066874350932786
1,0.18072187512590612
0,0.22352516330296324
1,0.1765042588111637
0,0.1716115443634324
0,0.16682698066923252
1,0.22286949029038203
0,0.1971707530772956
0,0.2099314444821955
0,0.18547182075783886
0,0.17815933434112613
0,0.16317987224754688
0,0.19242560307841566
0,0.17268943904680512
0,0.17000471409448514
0,0.24554938049305414
0,0.20816842817999845
0,0.1971707530772956
0,0.16525601220020444
0,0.19457318407692076
0,0.22026053054736963
0,0.1965728153645988
0,0.1770546044269473
0,0.16163658493532992
0,0.16682698066923252
0,0.29037952581422083
0,0.18661716016362304
0,0.24874495843279068
0,0.3134859800766275
0,0.1836616363864902
0,0.18422930626635445
0,0.1765042588111637
1,0.1765042588111637
0,0.1808891685368987
1,0.25444135220482716
0,0.1831026196994566
1,0.16788091374711345
0,0.17595525809675513
1,0.16577834588017926
0,0.17000471409448514
1,0.21004468545977234
1,0.19242560307841566
0,0.1689401549964495
0,0.21130240403902145
1,0.17926945565163963
0,0.1585853825244955
0,0.1776062959423293
1,0.23624316747641574
1,0.23272657463044652
0,0.23284848782555936
0,0.34520875593564077
0,0.1776062959423293
0,0.1831974447628437
0,0.18950433139275066
0,0.2099314444821955
0,0.15707739157381126
0,0.23680280097889775
0,0.17540760127118452
0,0.23967187609106266
0,0.20250367691874196
0,0.1877679419109521
0,0.16525601220020444
1,0.19712981107930888
0,0.16317987224754688
0,0.18604381053637933
0,0.19826221539340036
0,0.19597624831182098
0,0.16163658493532992
1,0.17466439299056716
0,0.19597624831182098
0,0.19008585510377005
0,0.282649170430349
1,0.2718099526883767
0,0.1555810886977866
0,0.19301395636378502
0,0.15508491150206613
0,0.21383435469243717
0,0.16725818622004618
0,0.17540760127118452
0,0.2308280535063387
1,0.1765042588111637
1,0.1555810886977866
0,0.17486128730769337
1,0.18433191770478202
0,0.16520426577637895
0,0.18150590254069487
0,0.1647349992948761
0,0.16630200161420913
0,0.17982654045811988
0,0.20879247126731879
0,0.15808141775502127
0,0.1611247806007254
0,0.17053899080402188
0,0.1959532514887734
0,0.17000471409448514
0,0.3118605394945214
0,0.21004468545977234
0,0.15909065034287484
0,0.1710746005101436
0,0.16421530587240674
0,0.15959722264342052
0,0.19125299723626746
0,0.24243927181591673
0,0.2106728566835543
0,0.19183861689480067
0,0.24313450577864223
0,0.1555810886977866
0,0.2026139387353831
0,0.18094476299973955
0,0.1770546044269473
0,0.19478722434298068
0,0.1752546565954038
0,0.1565773272398892
0,0.20692446958143174
0,0.1565773272398892
0,0.17540760127118452
1,0.20322560424371344
0,0.2542732087300184
1,0.20681247039620584
1,0.19008585510377005
1,0.21634446359985146
1,0.18547182075783886
0,0.16947176921765514
0,0.18547182075783886
0,0.17871372059265478
0,0.18892417173288698
1,0.17377268378936625
0,0.21007633595175765
0,0.1585853825244955
1,0.16266412940050637
0,0.22026053054736963
1,0.15909065034287484
0,0.17871372059265478
0,0.2050688487227938
1,0.20445305900687277
0,0.17871372059265478
0,0.25016102464224077
0,0.16421530587240674
0,0.18465461936835018
1,0.29115939880473396
0,0.1770546044269473
1,0.16577834588017926
0,0.1964058115748437
0,0.2652182497045623
0,0.17000471409448514
0,0.18719187038024912
0,0.23967187609106266
0,0.19538105146256587
0,0.24243927181591673
0,0.188345375464349
0,0.18376400286981714
0,0.17323039211074176
0,0.15757875458998666
0,0.19897279447510313
0,0.18644168043672005
0,0.18950433139275066
1,0.1877679419109521
0,0.25087106906309176
0,0.28418523555523567
0,0.19419476646184736
0,0.16317987224754688
0,0.2530092320975285
1,0.20816842817999845
0,0.17540760127118452
0,0.19301395636378502
0,0.2616816588421031
0,0.16947176921765514
0,0.18950433139275066
0,0.1611247806007254
0,0.1765042588111637
1,0.1831974447628437
0,0.17815933434112613
0,0.18661716016362304
0,0.15808141775502127
0,0.1765042588111637
0,0.18490119007143
0,0.21616069449155717
0,0.1565773272398892
1,0.19532207925587355
1,0.2653512972023684
0,0.2170302513665354
0,0.16630200161420913
0,0.17815933434112613
0,0.17861355177106653
0,0.20754576098723934
0,0.21245139260002227
0,0.18661716016362304
0,0.18998078667055313
0,0.1877679419109521
0,0.17595525809675513
0,0.16577834588017926
1,0.32582124093873255
0,0.16577834588017926
0,0.15888946015484365
0,0.15959722264342052
0,0.20879247126731879
0,0.19066874350932786
0,0.1721498235010819
0,0.19777006188875998
0,0.18490119007143
0,0.18604381053637933
1,0.20630455383580923
0,0.31104954978726657
0,0.16630200161420913
0,0.17000471409448514
0,0.21896429453672736
0,0.16010510084810023
1,0.21447078246927356
0,0.22286949029038203
0,0.19063828781621905
1,0.23284848782555936
0,0.23556150602751996
0,0.19478722434298068
0,0.19008585510377005
0,0.22550041576541727
0,0.18950433139275066
0,0.17323039211074176
0,0.17595525809675513
0,0.22515147156489673
0,0.16525601220020444
0,0.2041540893711132
1,0.17871372059265478
0,0.16421530587240674
0,0.1776062959423293
0,0.22352516330296324
0,0.2056860136045357
0,0.1585853825244955
0,0.18773063265078144
0,0.1689401549964495
0,0.1965728153645988
0,0.2106728566835543
0,0.1877679419109521
0,0.16417980756079842
0,0.20692446958143174
0,0.18892417173288698
0,0.23284848782555936
0,0.1611247806007254
0,0.1647349992948761
1,0.18263224256464894
0,0.21004468545977234
0,0.20681247039620582
0,0.24994221495996147
0,0.2543211324724493
0,0.2056860136045357
0,0.18094476299973955
0,0.17540760127118452
1,0.26905364307218504
1,0.2403616920472049
0,0.1893995092246672
0,0.19066874350932786
0,0.1710746005101436
0,0.1971707530772956
0,0.1721498235010819
0,0.23217364386498987
0,0.18094476299973955
0,0.19538105146256587
0,0.188345375464349
0,0.2170302513665354
0,0.20322560424371344
1,0.23415588114576502
1,0.16266412940050637
0,0.21307471561825955
1,0.21638832073181466
0,0.2020036474708672
0,0.17815933434112613
0,0.1995762190391238
0,0.1647349992948761
0,0.21896429453672736
0,0.239655961394438
0,0.18719187038024912
1,0.15607856011067778
0,0.2143558027673621
0,0.23284848782555936
0,0.20692446958143174
0,0.26831056817943116
0,0.18376400286981714
1,0.3143004242229293
1,0.24313450577864223
0,0.16317987224754688
0,0.24105286396052072
0,0.18206839544059153
1,0.1995762190391238
0,0.22682410767074493
0,0.18547182075783886
0,0.17053899080402188
0,0.1983707422202022
0,0.16992826090059354
0,0.1710746005101436
0,0.15607856011067778
1,0.16840987024067372
0,0.20630455383580923
0,0.17486128730769337
0,0.2727884650232372
0,0.23284848782555936
0,0.16525601220020444
0,0.18263224256464894
1,0.18547182075783886
1,0.1971707530772956
0,0.1555810886977866
0,0.22074911425792376
0,0.1995762190391238
0,0.19183861689480067
0,0.21510858614403183
0,0.21383435469243717
0,0.16163658493532992
0,0.3134859800766275
0,0.2020036474708672
1,0.3062080475674714
0,0.20322560424371344
0,0.16421530587240674
0,0.19242560307841566
1,0.15808141775502127
1,0.31900648746958404
0,0.17400172601347969
1,0.24728611411733237
0,0.20549713319627833
1,0.2162725960529654
0,0.1689401549964495
0,0.1716115443634324
0,0.18950433139275066
0,0.19946719680983802
0,0.16525601220020444
0,0.19777006188875998
1,0.16214970074720653
1,0.27655551583781945
0,0.19772902609541934
0,0.22091070996605922
0,0.18094476299973955
0,0.16682698066923252
1,0.18038497593735656
0,0.1971707530772956
0,0.2007871865475264
0,0.163696930628721
1,0.2183182384693351
0,0.18661716016362304
0,0.17757652495949577
1,0.19066874350932786
0,0.15808141775502127
0,0.17982654045811988
0,0.2056860136045357
0,0.18263224256464894
0,0.26905364307218504
0,0.25372462525569717
0,0.17053899080402188
0,0.16947176921765514
0,0.21156824594941753
0,0.2183182384693351
0,0.18094476299973955
0,0.1585853825244955
0,0.16525601220020444
0,0.21767355734240304
0,0.19360367731067366
1,0.24243927181591673
0,0.20445305900687277
0,0.1808436190354399
1,0.188345375464349
0,0.18253036554855306
0,0.2735393050672863
0,0.16630200161420913
1,0.18490119007143
0,0.17690053175012266
0,0.18433191770478202
0,0.18245966937698374
0,0.27655551583781945
0,0.17815933434112613
0,0.1647349992948761
0,0.17377268378936625
0,0.16682698066923252
0,0.16010510084810023
1,0.16214970074720653
1,0.23150016553855912
0,0.2308280535063387
1,0.20692446958143174
1,0.16735328429962604
0,0.1647349992948761
1,0.20816842817999845
1,0.17323039211074176
1,0.23217364386498987
1,0.21447078246927356
0,0.17431631516539484
1,0.24663093425645832
0,0.17871372059265478
0,0.18150590254069487
0,0.19125299723626746
1,0.26783035353326845
0,0.15808141775502127
0,0.16525601220020444
0,0.21193332753669247
1,0.15409643371227447
0,0.1971707530772956
0,0.1876638578191196
1,0.2556586647854312
0,0.21193332753669247
0,0.25087106906309176
0,0.29823340632687095
0,0.15707739157381126
0,0.16214970074720653
1,0.20007174625028948
0,0.1831974447628437
0,0.20420843334738603
1,0.1770546044269473
0,0.19478722434298068
1,0.2020036474708672
0,0.17640506239264758
0,0.1721498235010819
0,0.15959722264342052
1,0.22682410767074493
0,0.20941789033756555
0,0.2070697142063986
1,0.2522951741118512
0,0.16214970074720653
0,0.22810773323924483
0,0.16056371382798576
0,0.17595525809675513
1,0.295254824083759
1,0.2757995397658326
0,0.24383109173969975
1,0.15707739157381126
0,0.2281532807464161
0,0.18263224256464894
0,0.1585353281667997
0,0.21447078246927356
0,0.20779117396012825
0,0.1585853825244955
1,0.18892417173288698
0,0.18950433139275066
0,0.20014941693485483
0,0.19897279447510313
0,0.19538105146256587
0,0.1877679419109521
0,0.25515941153912186
0,0.19349712897879903
0,0.25444135220482716
0,0.16163658493532992
0,0.18038497593735656
0,0.16061428636749814
0,0.21619228734995846
0,0.163696930628721
0,0.18719187038024912
0,0.21319930290224712
0,0.1831974447628437
1,0.19301395636378502
0,0.18892417173288698
0,0.19290765494130419
0,0.22286949029038203
0,0.16010510084810023
0,0.16682698066923252
0,0.2696126186333289
1,0.2294879308540123
0,0.16735328429962604
1,0.1776030211583885
0,0.3757076600365669
0,0.22026053054736963
0,0.17486128730769337
1,0.25574885042998485
0,0.19360367731067366
0,0.1565773272398892
0,0.1716115443634324
0,0.18661716016362304
0,0.19125299723626746
1,0.29037952581422083
0,0.2342022698975068
1,0.17323039211074176
0,0.16630200161420913
0,0.17377268378936625
0,0.22484062645012468
0,0.16735328429962604
0,0.16061428636749814
0,0.15707739157381126
1,0.2007871865475264
0,0.15707739157381126
1,0.18547182075783886
1,0.1647349992948761
0,0.17926945565163963
0,0.17982654045811988
1,0.2170302513665354
0,0.19538105146256587
1,0.22091070996605922
0,0.15959722264342052
0,0.16266412940050637
1,0.2239361766324654
0,0.226161576326694
1,0.169309055741854
1,0.19589178033294977
0,0.15707739157381126
1,0.26950169291954373
1,0.17268943904680512
0,0.15959722264342052
1,0.24085939976752055
1,0.22091070996605922
0,0.18719187038024912
0,0.21510858614403183
0,0.19183861689480067
0,0.1710746005101436
0,0.17540760127118452
0,0.17000471409448514
0,0.1831974447628437
1,0.17044245301627606
0,0.16682698066923252
0,0.1565773272398892
0,0.18433191770478202
0,0.18206839544059153
0,0.17377268378936625
0,0.17540760127118452
0,0.23217364386498987
1,0.20018101628001483
1,0.19066874350932786
0,0.21193332753669247
1,0.15607856011067778
0,0.19897279447510313
0,0.163696930628721
0,0.1647349992948761
1,0.1905634286960648
1,0.16682698066923252
0,0.18038497593735656
0,0.1770546044269473
0,0.1611247806007254
0,0.2020036474708672
1,0.17000471409448514
0,0.17486128730769337
0,0.1983707422202022
1,0.2050688487227938
1,0.20018101628001483
0,0.20054165857981623
0,0.26095167533286195
0,0.2050688487227938
1,0.24663093425645832
1,0.15757875458998666
0,0.17871372059265478
0,0.2735393050672863
0,0.17431631516539484
0,0.18547182075783886
0,0.1687778482097655
0,0.16735328429962604
0,0.1716115443634324
0,0.16672271358664242
0,0.19008585510377005
0,0.32665248385721135
0,0.23217364386498987
0,0.1877679419109521
0,0.22748800931279298
0,0.18433191770478202
0,0.20816842817999845
0,0.19897279447510313
0,0.177369539679943
0,0.30701203931805543
0,0.15808141775502127
1,0.24440294818308278
0,0.19360367731067366
0,0.19125299723626746
0,0.18719187038024912
1,0.18950433139275066
0,0.16214970074720653
0,0.16682698066923252
1,0.1716115443634324
0,0.2170302513665354
0,0.17323039211074176
0,0.15508491150206613
0,0.19538105146256587
0,0.1716115443634324
0,0.15909065034287484
0,0.20630455383580923
1,0.24557239430123623
0,0.21245139260002227
0,0.20754576098723934
0,0.16682698066923252
0,0.17000471409448514
0,0.16840987024067372
1,0.20640497680488276
0,0.28558703130749574
0,0.21383435469243717
0,0.16525601220020444
0,0.2170302513665354
0,0.19897279447510313
0,0.16214970074720653
0,0.26756879428217306
0,0.23802331234139684
0,0.16735328429962604
0,0.21181934136564426
0,0.16840987024067372
0,0.15707739157381126
0,0.19173280898869263
0,0.1716115443634324
0,0.188345375464349
0,0.19538105146256587
0,0.17595525809675513
0,0.2616816588421031
0,0.1611247806007254
1,0.15707739157381126
0,0.15959722264342052
0,0.21510858614403183
1,0.21130240403902145
0,0.1611247806007254
1,0.16010510084810023
0,0.18719187038024912
0,0.19008585510377005
0,0.16163658493532992
0,0.17540760127118452
0,0.16163658493532992
0,0.16163658493532992
0,0.19651357129888392
0,0.17053899080402188
0,0.2565995216183555
1,0.15459002701369626
0,0.2558788018284628
1,0.17871372059265478
0,0.17595525809675513
0,0.15959722264342052
0,0.18892417173288698
0,0.16840987024067372
0,0.17323039211074176
0,0.1611247806007254
0,0.17323039211074176
0,0.27959218498941146
0,0.21383435469243717
0,0.20445305900687277
0,0.24874495843279068
0,0.17486128730769337
0,0.18150590254069487
1,0.18719187038024912
1,0.2183182384693351
0,0.19008585510377005
0,0.18892417173288698
0,0.20941789033756555
0,0.226161576326694
1,0.22091070996605922
0,0.1965728153645988
0,0.1971707530772956
0,0.1647349992948761
0,0.18206839544059153
0,0.16163658493532992
0,0.23481379131086103
0,0.1971707530772956
0,0.2050688487227938
0,0.15909065034287484
0,0.2050688487227938
0,0.18661716016362304
0,0.19646503109718647
0,0.22418220882253667
0,0.26095167533286195
0,0.1776062959423293
0,0.16735328429962604
0,0.15607856011067778
0,0.16947176921765514
0,0.2215622632759244
0,0.2026139387353831
0,0.28882348885202386
0,0.26241295933211906
0,0.17193549505513478
1,0.22418220882253667
0,0.2007871865475264
0,0.16266412940050637
1,0.1765042588111637
0,0.1710746005101436
0,0.16266412940050637
0,0.1983707422202022
0,0.16525601220020444
0,0.26831056817943116
1,0.1647349992948761
0,0.19242560307841566
0,0.19008585510377005
0,0.2369261901292276
1,0.17926945565163963
0,0.27504484453071204
0,0.1742180882429047
0,0.16266412940050637
0,0.16266412940050637
0,0.1916593842479261
0,0.17377268378936625
0,0.1647349992948761
0,0.28226817698321255
0,0.18515543694834402
1,0.29395404831210153
0,0.15707739157381126
0,0.17303494908730688
0,0.20879247126731879
0,0.20630455383580923
0,0.21004468545977234
0,0.2294879308540123
0,0.19183861689480067
0,0.2735393050672863
0,0.20630455383580923
0,0.24592895101616277
0,0.19419476646184736
0,0.24313450577864223
0,0.22484062645012468
0,0.21437625050240686
0,0.16266412940050637
0,0.20372788623926955
0,0.17871372059265478
1,0.1585853825244955
0,0.17431631516539484
0,0.20692446958143174
1,0.19008585510377005
0,0.16947176921765514
0,0.1765042588111637
0,0.21638832073181466
0,0.21130240403902145
1,0.17053899080402188
0,0.16214970074720653
1,0.19591714019873258
0,0.1647349992948761
0,0.26095167533286195
0,0.1765042588111637
0,0.1965728153645988
0,0.163696930628721
0,0.22026053054736963
0,0.20941789033756555
1,0.23015730840622478
0,0.17540760127118452
0,0.1995762190391238
0,0.17486128730769337
1,0.18263224256464894
0,0.16010510084810023
0,0.15808141775502127
0,0.25431188133871846
0,0.2582750438022313
0,0.16061428636749814
0,0.19419476646184736
0,0.19419476646184736
0,0.1776062959423293
0,0.24153346630719516
0,0.1877679419109521
0,0.22550041576541727
0,0.16840987024067372
0,0.16421530587240674
0,0.3192110070341329
1,0.15707739157381126
0,0.24592895101616277
1,0.17486128730769337
0,0.16266412940050637
0,0.1933688775549388
0,0.18094476299973955
0,0.19066874350932786
0,0.15707739157381126
1,0.16735328429962604
0,0.18376400286981714
0,0.1710746005101436
0,0.18490119007143
0,0.19538105146256587
0,0.22091070996605922
0,0.1836616363864902
1,0.19897279447510313
0,0.1983707422202022
0,0.15959722264342052
0,0.1721498235010819
0,0.2106728566835543
0,0.23217364386498987
1,0.1647349992948761
0,0.18072187512590612
1,0.2215622632759244
0,0.22550041576541727
0,0.1585853825244955
1,0.20018101628001483
1,0.19066874350932786
1,0.21256562716740846
0,0.26082005063045127
0,0.16266412940050637
0,0.22141407992312154
0,0.2558788018284628
0,0.16788091374711345
0,0.1995762190391238
0,0.16266412940050637
0,0.27429143226290037
0,0.17323039211074176
0,0.1774518467042832
1,0.24663093425645832
0,0.22748800931279298
0,0.1877679419109521
0,0.15909065034287484
0,0.24452902865113882
0,0.1765042588111637
0,0.16947176921765514
0,0.19586871140627027
1,0.22286949029038203
1,0.16525601220020444
0,0.20754576098723934
0,0.25444135220482716
0,0.2020036474708672
0,0.1770546044269473
1,0.29037952581422083
1,0.24733426402043043
0,0.16266412940050637
1,0.18719187038024912
0,0.19066874350932786
0,0.21510858614403183
1,0.19008585510377005
0,0.1689401549964495
0,0.18892417173288698
0,0.1886728942191073
0,0.2271649741581769
0,0.1893995092246672
0,0.16317987224754688
1,0.18094476299973955
0,0.22484062645012468
0,0.1611247806007254
0,0.1555810886977866
0,0.29037952581422083
0,0.1765042588111637
0,0.18719187038024912
1,0.20500769745456107
1,0.19897279447510313
0,0.20692446958143174
0,0.16735328429962604
0,0.17377268378936625
0,0.1776062959423293
0,0.16266412940050637
0,0.1770546044269473
1,0.22484062645012468
0,0.16682698066923252
1,0.30140893510576044
0,0.18433191770478202
0,0.17323039211074176
0,0.15959722264342052
0,0.1565773272398892
0,0.24803893914236094
0,0.27203891418463333
1,0.2007871865475264
0,0.18206839544059153
0,0.18253036554855306
0,0.17053899080402188
0,0.18150590254069487
0,0.24854734248329802
0,0.19301395636378502
0,0.19478722434298068
0,0.16947176921765514
0,0.18490119007143
0,0.19008585510377005
0,0.20018101628001483
1,0.16163658493532992
0,0.18950433139275066
0,0.163696930628721
1,0.17563834032021172
0,0.16788091374711345
0,0.3030038875565337
0,0.2020036474708672
0,0.22682410767074493
1,0.188345375464349
1,0.17540760127118452
0,0.19360367731067366
0,0.16163658493532992
0,0.16421530587240674
0,0.17469448767110898
0,0.17815933434112613
0,0.21767355734240304
0,0.15909065034287484
1,0.16214970074720653
0,0.2026139387353831
0,0.20018101628001483
0,0.2530092320975285
1,0.2050688487227938
1,0.20816842817999845
0,0.21767355734240304
0,0.2124084715820466
0,0.15757875458998666
1,0.2565995216183555
0,0.16266412940050637
0,0.18196676293105937
0,0.19242560307841566
0,0.1935451125285645
0,0.23967187609106266
1,0.15909065034287484
0,0.2602230104557681
0,0.1765042588111637
1,0.16525601220020444
0,0.17861355177106653
0,0.3192110070341329
0,0.1971707530772956
0,0.15808141775502127
1,0.17431631516539484
0,0.20346353497338984
1,0.15808141775502127
1,0.2020036474708672
0,0.2423917679602504
0,0.20879247126731879
0,0.2308280535063387
0,0.1971707530772956
1,0.25016102464224077
1,0.18433191770478202
1,0.26831056817943116
1,0.16010510084810023
0,0.1689401549964495
0,0.1689401549964495
0,0.16947176921765514
0,0.23624316747641574
0,0.18253036554855306
0,0.18376400286981714
0,0.18604381053637933
0,0.16947176921765514
0,0.20692446958143174
1,0.22418220882253667
0,0.22091070996605922
0,0.17982654045811988
1,0.1971707530772956
0,0.18206839544059153
1,0.21767355734240304
0,0.17982654045811988
0,0.18604381053637933
0,0.16682698066923252
0,0.2157477656078842
1,0.25131609069980576
0,0.21130240403902145
0,0.1585853825244955
0,0.1742180882429047
0,0.16010510084810023
0,0.20941789033756555
1,0.2288199214434701
0,0.17377268378936625
0,0.21896429453672736
0,0.20495759434179442
0,0.18433191770478202
0,0.18719187038024912
1,0.21510858614403183
0,0.25136476324999946
0,0.21130240403902145
0,0.19597624831182098
0,0.19360367731067366
0,0.16061428636749814
0,0.2038386442542567
0,0.20797786505543123
0,0.1780594088837598
0,0.2818830274360319
0,0.16788091374711345
0,0.27054368821205443
0,0.16630200161420913
1,0.2117402395310008
0,0.20445305900687277
0,0.18263224256464894
0,0.2215622632759244
0,0.21256562716740846
0,0.23624316747641574
0,0.16010510084810023
0,0.17367469876744682
0,0.2369261901292276
1,0.23217364386498987
1,0.29350640397120825
1,0.24869662464488407
0,0.16061428636749814
0,0.2279547217994824
0,0.21767355734240304
0,0.16163658493532992
1,0.17053899080402188
0,0.18604381053637933
0,0.1565773272398892
1,0.21896429453672736
1,0.2602230104557681
0,0.22418220882253667
0,0.15757875458998666
0,0.18038497593735656
0,0.1983707422202022
0,0.18038497593735656
0,0.16735328429962604
0,0.15508491150206613
0,0.20941789033756555
0,0.2026139387353831
1,0.1983707422202022
1,0.2294879308540123
0,0.21237211833032546
0,0.24452902865113882
0,0.16163658493532992
1,0.18604381053637933
1,0.18892417173288698
0,0.1836616363864902
0,0.19360367731067366
0,0.25732156942987583
1,0.20322560424371344
1,0.21004468545977234
0,0.29817927312894876
0,0.19698775296886048
0,0.18547182075783886
0,0.3062080475674714
0,0.20630455383580923
1,0.2026139387353831
0,0.15707739157381126
0,0.20139473017331763
0,0.17000471409448514
0,0.33481458715359835
0,0.23624316747641574
0,0.16577834588017926
0,0.2618123020882451
0,0.2369261901292276
0,0.1585853825244955
0,0.1765042588111637
1,0.16682698066923252
0,0.1611247806007254
0,0.1995762190391238
0,0.19242560307841566
0,0.2222151901625184
0,0.19008585510377005
0,0.17871372059265478
1,0.21896429453672736
0,0.21510858614403183
0,0.21004468545977234
0,0.20018101628001483
0,0.29037952581422083
0,0.18892417173288698
0,0.15409643371227447
1,0.2106728566835543
0,0.17000471409448514
0,0.2026139387353831
0,0.27504484453071204
0,0.2294879308540123
0,0.20941789033756555
1,0.1965728153645988
0,0.21061047705365443
0,0.19538105146256587
1,0.15959722264342052
0,0.16266412940050637
0,0.27203891418463333
0,0.24105286396052072
1,0.1708740150678863
0,0.19597624831182098
0,0.23217364386498987
0,0.19360367731067366
0,0.17871372059265478
0,0.1588447691634466
0,0.22006197434459418
0,0.1631286488782966
0,0.17815933434112613
0,0.2050688487227938
0,0.23761057316861264
1,0.22662135430594818
1,0.2196117253133708
0,0.24663093425645832
0,0.1689401549964495
0,0.21638832073181466
1,0.16577834588017926
0,0.15757875458998666
0,0.1647349992948761
1,0.18433191770478202
0,0.15808141775502127
0,0.2183182384693351
0,0.2007871865475264
0,0.17671784361102566
1,0.1983707422202022
1,0.18490119007143
1,0.3208568955526901
1,0.20879247126731879
1,0.2050688487227938
0,0.21130240403902145
0,0.20007174625028948
0,0.2369261901292276
0,0.20754576098723934
0,0.15959722264342052
1,0.16947176921765514
0,0.2106728566835543
1,0.17377268378936625
0,0.1995762190391238
1,0.3159327432097494
0,0.34264883164831345
0,0.17871372059265478
0,0.1971707530772956
0,0.16010510084810023
0,0.18433191770478202
0,0.17377268378936625
0,0.1647349992948761
0,0.16317987224754688
0,0.1968797969371395
0,0.20754576098723934
0,0.21510858614403183
0,0.18950433139275066
0,0.16735328429962604
0,0.16630200161420913
0,0.21884757697094803
0,0.16947176921765514
0,0.196635559536622
0,0.1877679419109521
0,0.24663093425645832
0,0.18140451438267527
0,0.19125299723626746
0,0.24237037442578058
0,0.17268943904680512
0,0.16010510084810023
1,0.2222151901625184
0,0.22026053054736963
1,0.21638832073181466
0,0.26241295933211906
1,0.23873521093151495
0,0.19419476646184736
0,0.2050688487227938
0,0.1721498235010819
0,0.3249910923658965
0,0.20941789033756555
1,0.2038386442542567
0,0.17323039211074176
0,0.18490119007143
0,0.17595525809675513
0,0.20139473017331763
0,0.21638832073181466
1,0.16947176921765514
0,0.17259193724029737
0,0.15808141775502127
1,0.16947176921765514
0,0.188345375464349
0,0.19301395636378502
0,0.16061428636749814
0,0.1647349992948761
1,0.26905364307218504
0,0.16840987024067372
0,0.19538105146256587
0,0.17268943904680512
0,0.16163658493532992
0,0.19419476646184736
1,0.22418220882253667
0,0.1709778220253258
0,0.1716115443634324
0,0.18661716016362304
1,0.20018101628001483
0,0.18547182075783886
0,0.16682698066923252
0,0.2050688487227938
0,0.18547182075783886
0,0.18719187038024912
0,0.15707739157381126
1,0.2430654742063705
0,0.23549395560074546
0,0.2050688487227938
0,0.29350640397120825
0,0.17871372059265478
0,0.19290765494130416
1,0.21193332753669247
1,0.28030234821147465
1,0.29507720218816164
0,0.1995762190391238
0,0.19897279447510313
1,0.2157477656078842
1,0.15959722264342052
0,0.20805593232834588
0,0.20067766865556547
0,0.20018101628001483
0,0.17000471409448514
1,0.19538105146256587
1,0.18661716016362304
0,0.15808141775502127
0,0.2038386442542567
0,0.19478722434298068
0,0.21193332753669247
0,0.16682698066923252
0,0.2196117253133708
0,0.17871372059265478
0,0.16840987024067372
0,0.1757371975910114
0,0.16266412940050637
1,0.17595525809675513
0,0.15508491150206613
0,0.17268943904680512
1,0.21510858614403183
1,0.1956972981640658
0,0.1585853825244955
0,0.17982654045811988
0,0.18604381053637933
0,0.1647349992948761
0,0.1710746005101436
0,0.17871372059265478
0,0.2106728566835543
0,0.18140451438267527
0,0.19242560307841566
0,0.1647349992948761
0,0.16525601220020444
0,0.1776062959423293
0,0.1611247806007254
0,0.2106728566835543
0,0.17540760127118452
1,0.18604381053637933
1,0.163696930628721
0,0.2106728566835543
0,0.1716115443634324
0,0.18206839544059153
0,0.1716115443634324
0,0.2170302513665354
0,0.16630200161420913
1,0.21447078246927356
0,0.2007871865475264
1,0.23891808802543174
0,0.15757875458998666
0,0.18206839544059153
0,0.16630200161420913
0,0.17323039211074176
0,0.15757875458998666
0,0.18376400286981714
0,0.16525601220020444
0,0.16735328429962604
0,0.2195779008114687
0,0.16947176921765514
1,0.3241620419033972
0,0.17540760127118452
0,0.20056819550822222
0,0.17000471409448514
0,0.16947176921765514
0,0.18661716016362304
0,0.2616816588421031
1,0.28259218807040437
0,0.1983707422202022
0,0.17486128730769337
0,0.19610116566957275
0,0.2170302513665354
0,0.163696930628721
0,0.19301395636378502
0,0.25782358883745826
0,0.16317987224754688
1,0.23150016553855912
1,0.21510858614403183
0,0.19301395636378502
0,0.19897279447510313
0,0.2026139387353831
0,0.19183861689480067
1,0.22748800931279298
1,0.18719187038024912
0,0.16266412940050637
0,0.2020036474708672
1,0.263697115833259
0,0.19349712897879903
0,0.20754576098723934
1,0.18376400286981714
1,0.31104954978726657
1,0.2020036474708672
0,0.19597624831182098
0,0.23217364386498987
0,0.1585853825244955
0,0.16630200161420913
0,0.2522951741118512
0,0.16266412940050637
0,0.2342022698975068
0,0.18892417173288698
0,0.19478722434298068
0,0.18433191770478202
0,0.2117402395310008
1,0.16061428636749814
0,0.17268943904680512
0,0.18892417173288698
0,0.16947176921765514
0,0.15757875458998666
0,0.18547182075783886
0,0.17540760127118452
0,0.1770546044269473
1,0.2038386442542567
0,0.171461221368107
0,0.3460640713609178
0,0.21237211833032546
0,0.2565995216183555
0,0.23761057316861264
0,0.27230806542415376
1,0.1710746005101436
0,0.19008585510377005
0,0.15707739157381126
0,0.1724409342368094
1,0.20816842817999845
0,0.19242560307841566
0,0.2222151901625184
0,0.1636035020209929
0,0.15909065034287484
1,0.21510858614403183
0,0.1981370737702773
0,0.24874495843279068
0,0.23488120657720077
0,0.15607856011067778
0,0.22418220882253667
0,0.1647349992948761
1,0.16630200161420913
1,0.17595525809675513
0,0.2038386442542567
1,0.17540760127118452
0,0.18150590254069487
0,0.17268943904680512
0,0.1983707422202022
0,0.19066874350932786
0,0.1710746005101436
0,0.16927969851925898
0,0.28882348885202386
1,0.23488120657720077
0,0.19301395636378502
1,0.18263224256464894
0,0.15959722264342052
0,0.18661716016362304
1,0.20322560424371344
0,0.1585853825244955
0,0.16735328429962604
1,0.18433191770478202
0,0.21130240403902145
1,0.15707739157381126
1,0.17144720054565535
1,0.1831974447628437
0,0.1647349992948761
0,0.26236289721208506
1,0.21254321361823475
1,0.26979801705871986
0,0.2294879308540123
0,0.1611247806007254
0,0.17469448767110898
0,0.15757875458998666
1,0.28306324751681056
0,0.22137987895652755
0,0.17871372059265478
0,0.1611247806007254
1,0.21767355734240304
0,0.2966528771506254
0,0.21130240403902145
0,0.15757875458998666
0,0.16525601220020444
0,0.16421530587240674
0,0.1647349992948761
0,0.19125299723626746
0,0.1831974447628437
1,0.18038497593735656
0,0.23284848782555936
1,0.2196117253133708
0,0.15707739157381126
0,0.19066874350932786
0,0.19597624831182098
0,0.19066874350932786
0,0.17871372059265478
1,0.1710746005101436
0,0.18604381053637933
1,0.2403616920472049
0,0.24663093425645832
0,0.18433191770478202
0,0.21004468545977234
0,0.2038386442542567
0,0.19178045905957974
0,0.2369261901292276
0,0.2653512972023684
1,0.24975096062591623
1,0.24580238359019335
0,0.25158245265598417
0,0.15808141775502127
0,0.1770546044269473
0,0.18206839544059153
0,0.2183182384693351
0,0.2342022698975068
0,0.163696930628721
0,0.16788091374711345
0,0.16840987024067372
0,0.31267268404139986
0,0.19125299723626746
0,0.22748800931279298
1,0.29233380200747267
0,0.16061428636749814
1,0.17595525809675513
0,0.1555810886977866
1,0.20692446958143174
0,0.1716115443634324
0,0.1983707422202022
1,0.16317987224754688
1,0.17323039211074176
1,0.26095167533286195
0,0.2308280535063387
0,0.1710746005101436
0,0.2416202866315815
0,0.16577834588017926
0,0.2265232629311937
0,0.25372462525569717
0,0.16947176921765514
1,0.17044245301627603
0,0.16525601220020444
0,0.18206839544059153
0,0.17431631516539484
0,0.24383109173969975
0,0.16577834588017926
0,0.20372788623926955
0,0.1647349992948761
1,0.16947176921765514
0,0.17861355177106653
1,0.21256562716740846
1,0.24869662464488407
0,0.2530092320975285
0,0.1647349992948761
1,0.26461474580032474
1,0.2050688487227938
0,0.1585853825244955
0,0.18433191770478202
0,0.23352469673794635
0,0.17486128730769337
0,0.17053899080402188
0,0.18094476299973955
0,0.23463594740512353
0,0.18950433139275066
0,0.1647349992948761
0,0.17926945565163963
0,0.1585853825244955
0,0.24945232067845852
0,0.18490119007143
0,0.27429143226290037
0,0.2038386442542567
1,0.2067347479001617
0,0.1721498235010819
0,0.16214970074720653
0,0.1995762190391238
0,0.2170302513665354
1,0.15909065034287484
0,0.16010510084810023
1,0.29540896497765606
0,0.18150590254069487
0,0.25087106906309176
0,0.3084245397841132
0,0.23556150602751996
0,0.2026139387353831
0,0.17695516517373272
1,0.2522951741118512
0,0.16947176921765514
0,0.20425584493259513
0,0.22018116676810362
0,0.19478722434298068
1,0.20445305900687277
0,0.20619280294814665
0,0.2038386442542567
0,0.20445305900687277
0,0.17431631516539484
1,0.26936201464035087
0,0.2803545323925009
0,0.15409643371227447
0,0.2803545323925009
0,0.24383109173969975
0,0.15757875458998666
0,0.16840987024067372
0,0.21319930290224712
0,0.17595525809675513
1,0.16001333001006376
0,0.1965728153645988
0,0.3200333912138919
0,0.22550041576541727
0,0.16214970074720653
0,0.19183861689480067
0,0.16317987224754688
0,0.19818690330574237
0,0.2038386442542567
0,0.23885929185529917
1,0.29350640397120825
0,0.15959722264342052
0,0.17103792286853894
0,0.18892417173288698
1,0.22983161051991557
0,0.16163658493532992
1,0.2097906585902806
0,0.17053899080402188
0,0.19478722434298068
0,0.28649874488121074
1,0.19777006188875998
0,0.2056860136045357
0,0.24105286396052072
0,0.20139473017331763
0,0.22748800931279298
0,0.23639236172306177
0,0.16214970074720653
0,0.17323039211074176
0,0.22550041576541727
0,0.1710746005101436
0,0.2956235606155145
0,0.1965728153645988
0,0.19419476646184736
0,0.1710746005101436
1,0.18950433139275066
1,0.17982654045811988
0,0.19478722434298068
0,0.20816842817999845
0,0.18892417173288698
0,0.2170302513665354
0,0.21319930290224712
0,0.21767355734240304
1,0.18094476299973955
0,0.21130240403902145
0,0.18376400286981714
0,0.16421530587240674
0,0.1965728153645988
0,0.17815933434112613
0,0.2389834170238952
1,0.15888946015484365
0,0.21638832073181466
0,0.1710746005101436
0,0.1555810886977866
0,0.16214970074720653
0,0.22286949029038203
0,0.18547182075783886
0,0.15808141775502127
0,0.16163658493532992
1,0.17476281829272614
0,0.15607856011067778
0,0.17926945565163963
1,0.18661716016362304
0,0.24098423523346954
0,0.20301286492724863
0,0.19183861689480067
0,0.1611247806007254
0,0.16735328429962604
0,0.18719187038024912
0,0.16577834588017926
0,0.18547182075783886
0,0.18604381053637933
0,0.18206839544059153
0,0.1933167174588758
1,0.20445305900687277
0,0.19897279447510313
0,0.16577834588017926
0,0.16525601220020444
0,0.19597624831182098
0,0.22286949029038203
0,0.16525601220020444
0,0.21896429453672736
1,0.22803309511896405
0,0.2170302513665354
0,0.20692446958143174
0,0.17540760127118452
0,0.20445305900687277
0,0.23488120657720077
0,0.1677855762606082
0,0.18024616631737927
0,0.2271823021678041
1,0.22346005549517267
1,0.22091070996605922
0,0.2294879308540123
0,0.17053899080402188
0,0.24733426402043043
0,0.19360367731067366
1,0.17323039211074176
0,0.17053899080402188
0,0.20630455383580923
1,0.2222151901625184
0,0.163696930628721
0,0.1611247806007254
0,0.16682698066923252
0,0.18376400286981714
0,0.24243927181591673
0,0.21767355734240304
0,0.16163658493532992
0,0.280278846541159
0,0.16735328429962604
0,0.1716115443634324
0,0.16788091374711345
1,0.163696930628721
0,0.16010510084810023
0,0.17268943904680512
0,0.16512620699034747
0,0.17701691848823778
0,0.2007871865475264
0,0.17926945565163963
0,0.18604381053637933
0,0.1946801819052799
0,0.15707739157381126
0,0.2056860136045357
0,0.19242560307841566
0,0.16525601220020444
0,0.22748800931279298
0,0.2586976896445836
0,0.2170302513665354
0,0.23556150602751996
1,0.16163658493532992
1,0.17323039211074176
0,0.2170302513665354
0,0.15808141775502127
0,0.23352469673794635
0,0.17595525809675513
0,0.16884433803574955
0,0.17595525809675513
0,0.18892417173288698
0,0.1565773272398892
0,0.18661716016362304
0,0.21510858614403183
0,0.23145415023489257
0,0.16421530587240674
1,0.16317987224754688
0,0.2157477656078842
0,0.18719187038024912
0,0.1981340054459473
0,0.16947176921765514
0,0.23015730840622478
0,0.17053899080402188
0,0.16266412940050637
0,0.1721498235010819
0,0.19008585510377005
0,0.2056860136045357
0,0.16214970074720653
0,0.21130240403902145
1,0.19156538702480533
1,0.21193332753669247
0,0.21256562716740846
1,0.16525601220020444
0,0.299818766767593
0,0.17815933434112613
0,0.23272657463044652
0,0.17982654045811988
0,0.16682698066923252
0,0.21896429453672736
0,0.2389834170238952
0,0.21193332753669247
0,0.17268943904680512
1,0.19568662520329505
0,0.1765042588111637
0,0.15707739157381126
0,0.17323039211074176
1,0.24128179854451767
0,0.16421530587240674
0,0.2857263234818191
0,0.15959722264342052
0,0.18661716016362304
1,0.25372462525569717
0,0.18661716016362304
0,0.18028407600625962
0,0.18376400286981714
0,0.16840987024067372
0,0.20612542667806782
1,0.20683052761507004
0,0.18206839544059153
0,0.16525601220020444
1,0.23284848782555936
1,0.18376400286981714
0,0.1721498235010819
0,0.16577834588017926
0,0.22550041576541727
0,0.19008585510377005
0,0.22091070996605922
0,0.1689401549964495
0,0.21004468545977234
0,0.21627866432714232
0,0.2007871865475264
0,0.1970627213669354
0,0.1689401549964495
1,0.19875529019742216
0,0.17982654045811988
0,0.20879247126731879
1,0.19301395636378502
0,0.16010510084810023
0,0.19538105146256587
1,0.1565773272398892
1,0.17982654045811988
0,0.23150016553855912
0,0.1689401549964495
1,0.2442511744498623
0,0.16163658493532992
0,0.21130240403902145
0,0.20445305900687277
0,0.19897279447510313
0,0.18950433139275066
0,0.16947176921765514
0,0.1689401549964495
0,0.2183182384693351
0,0.16735328429962604
0,0.1770546044269473
0,0.16525601220020444
1,0.30061325142625567
0,0.18892417173288698
0,0.1877679419109521
0,0.23284848782555936
0,0.19183861689480067
1,0.2196117253133708
1,0.2088799718079988
0,0.22091070996605922
0,0.18661716016362304
0,0.15899935090089254
0,0.2452283154415823
0,0.2157477656078842
0,0.1719019338637924
0,0.2026139387353831
1,0.21383435469243717
1,0.20816842817999845
0,0.15909065034287484
0,0.1776062959423293
0,0.1913145997565826
0,0.21383435469243717
0,0.19008585510377005
0,0.1555810886977866
0,0.2294879308540123
0,0.17431631516539484
0,0.18892417173288698
0,0.19777006188875998
1,0.18376400286981714
0,0.16577834588017926
1,0.2616816588421031
0,0.188345375464349
0,0.17259193724029737
1,0.2734036799682869
0,0.16682698066923252
0,0.2293672510917088
0,0.16061428636749814
0,0.19114743593103772
1,0.18376400286981714
1,0.18490119007143
0,0.23967187609106266
0,0.17871372059265478
1,0.25158245265598417
0,0.18892417173288698
1,0.19419476646184736
1,0.22352516330296324
1,0.1971707530772956
0,0.19050556631827956
0,0.22748800931279298
0,0.22352516330296324
0,0.1611247806007254
1,0.1965728153645988
0,0.15707739157381126
0,0.17926945565163963
0,0.17540760127118452
0,0.21796638386258413
0,0.16214970074720653
0,0.16010510084810023
0,0.1877679419109521
0,0.16421530587240674
0,0.16061428636749814
0,0.21896429453672736
0,0.1987885359726642
0,0.18376400286981714
0,0.21256562716740846
0,0.23352469673794635
0,0.3712831668297643
0,0.20630455383580923
1,0.18892417173288698
1,0.2288199214434701
0,0.188345375464349
0,0.17431631516539484
0,0.31267268404139986
1,0.16630200161420913
1,0.18719187038024912
1,0.23612002396942441
0,0.1689401549964495
1,0.18094476299973955
0,0.17982654045811988
0,0.20630455383580923
0,0.16735328429962604
0,0.16421530587240674
0,0.2241169648717602
0,0.17815933434112613
1,0.2780713018426592
0,0.16840987024067372
1,0.18696304387147267
0,0.2735393050672863
0,0.1565773272398892
0,0.2183182384693351
0,0.26756879428217306
0,0.18150590254069487
0,0.2157477656078842
0,0.24663093425645832
0,0.21383435469243717
0,0.16788091374711345
0,0.18719187038024912
1,0.25732156942987583
0,0.2872724145917662
0,0.18433191770478202
0,0.17537019119057146
1,0.19597624831182098
0,0.16630200161420913
0,0.163696930628721
0,0.1721498235010819
0,0.18253036554855306
1,0.19951629457789144
0,0.21245139260002227
0,0.1585853825244955
0,0.15707739157381126
0,0.15909065034287484
0,0.15757875458998666
0,0.17871372059265478
1,0.1709778220253258
0,0.15959722264342052
0,0.16163658493532992
1,0.23467343710372107
0,0.21510858614403183
0,0.22682410767074493
0,0.2452283154415823
0,0.2157477656078842
0,0.21440758375105906
0,0.16735328429962604
0,0.2026139387353831
1,0.258044943759617
0,0.19897279447510313
1,0.18038497593735656
0,0.2170302513665354
0,0.19798571734072637
0,0.2530092320975285
0,0.17595525809675513
0,0.23829631575447485
0,0.19358046405140833
0,0.19008585510377005
0,0.1877679419109521
1,0.20322560424371344
1,0.16682698066923252
1,0.16840987024067372
1,0.20867972705371587
0,0.2834165739326169
1,0.16163658493532992
0,0.16266412940050637
0,0.1780594088837598
0,0.1647349992948761
0,0.18719187038024912
0,0.16214970074720653
0,0.20322560424371344
0,0.20067766865556547
0,0.2215622632759244
0,0.18950433139275066
1,0.17323039211074176
0,0.19538105146256587
0,0.1965728153645988
0,0.22352516330296324
0,0.25372462525569717
0,0.2137196233560226
0,0.17926945565163963
0,0.2522951741118512
0,0.1585853825244955
0,0.16163658493532992
0,0.1907890763442939
0,0.18594046338046166
1,0.20139473017331763
0,0.1776062959423293
0,0.2227856369810708
1,0.2157477656078842
0,0.17323039211074176
0,0.18263224256464894
0,0.1965728153645988
1,0.20630455383580923
0,0.24174539087611205
0,0.2872724145917662
0,0.16577834588017926
0,0.25515941153912186
0,0.1555810886977866
1,0.188168646609162
1,0.17053899080402188
0,0.21510858614403183
0,0.17486128730769337
0,0.20941789033756555
0,0.16840987024067372
0,0.16788091374711345
0,0.16317987224754688
0,0.15707739157381126
0,0.22352516330296324
0,0.22484062645012468
1,0.17048592798752032
0,0.17540760127118452
0,0.21767355734240304
0,0.1965728153645988
0,0.20754576098723934
0,0.1770546044269473
0,0.19125299723626746
1,0.16604574321694923
0,0.19242560307841566
0,0.18604381053637933
0,0.3086235428256601
0,0.15757875458998666
0,0.22989081520281152
0,0.188345375464349
0,0.1995762190391238
0,0.16788091374711345
0,0.1647349992948761
0,0.20018101628001483
0,0.21896429453672736
0,0.2565995216183555
0,0.1971707530772956
1,0.20941789033756555
0,0.22348027221620345
0,0.17377268378936625
0,0.16788091374711345
1,0.19008585510377005
0,0.16421530587240674
1,0.1667321217733815
0,0.21447078246927356
0,0.23150016553855912
0,0.1647349992948761
0,0.1765042588111637
1,0.22682410767074493
0,0.2170302513665354
0,0.17053899080402188
0,0.1765042588111637
0,0.25196118161714876
0,0.21510858614403183
1,0.1877679419109521
0,0.22352516330296324
1,0.18150590254069487
0,0.16061428636749814
0,0.15707739157381126
0,0.1785440412927584
1,0.16010510084810023
0,0.1971707530772956
1,0.188345375464349
0,0.21447078246927356
0,0.2048236759729077
0,0.17595525809675513
0,0.1710746005101436
0,0.16704871901032908
1,0.19242560307841566
0,0.23150016553855912
0,0.21510858614403183
0,0.25444135220482716
0,0.21377129247625262
1,0.16010510084810023
0,0.20692446958143174
0,0.3598815854690924
0,0.20445305900687277
0,0.18028407600625962
1,0.16840987024067372
0,0.15607856011067778
0,0.17000471409448514
0,0.19360367731067366
0,0.15757875458998666
1,0.19183861689480067
0,0.17982654045811988
0,0.2281532807464161
0,0.15707739157381126
0,0.19183861689480067
0,0.20930489774748928
1,0.19597624831182098
0,0.20445305900687277
1,0.30540523338626546
0,0.20816842817999845
0,0.20754576098723934
0,0.1770546044269473
0,0.3308249800797021
0,0.18536871898028226
0,0.22286949029038203
0,0.17685576976654352
0,0.18950433139275066
1,0.16061428636749814
0,0.19972540174525302
0,0.1611247806007254
0,0.22484062645012468
0,0.258044943759617
0,0.21256562716740846
0,0.16266412940050637
0,0.17982654045811988
0,0.17926945565163963
0,0.1971707530772956
0,0.2616816588421031
0,0.16061428636749814
0,0.1956431145362296
0,0.1585853825244955
0,0.17053899080402188
0,0.16163658493532992
0,0.163696930628721
0,0.1689401549964495
1,0.2667777234589054
0,0.17377268378936625
0,0.18150590254069487
0,0.226161576326694
