FlightDate,Origin,Dest,Reporting_Airline,y_true,y_pred
2025-04-01,MCI,DFW,AA,-19.0,-9.3675
2025-04-07,FLL,ATL,DL,98.0,97.835
2025-04-17,BNA,DEN,UA,-12.0,-12.295
2025-04-11,PHX,LAS,WN,25.0,21.53
2025-04-18,CHS,JFK,B6,17.0,0.99
2025-04-10,TPA,BOS,B6,-41.0,-26.545
2025-04-05,PNS,DCA,OH,10.0,-4.7
2025-04-28,SAT,PHX,WN,-16.0,-14.4775
2025-04-30,MEM,DEN,UA,12.0,7.8325
2025-04-16,ATL,PNS,DL,-9.0,-3.74
2025-04-19,PHL,SJU,AA,-24.0,-10.33
2025-04-13,MCO,MSY,F9,94.0,111.0225
2025-04-30,SDF,BWI,WN,43.0,32.605
2025-04-20,CHS,CLT,AA,9.0,-9.055
2025-04-29,DFW,AUS,AA,-21.0,-15.565
2025-04-03,SEA,SMF,OO,-23.0,-17.985
2025-04-16,BWI,PWM,WN,20.0,10.68
2025-04-19,SJC,AUS,WN,-10.0,-12.5875
2025-04-13,PHL,PVD,AA,0.0,-3.7
2025-04-29,DEN,MKE,OO,-19.0,-6.0025
2025-04-19,ORD,EWR,AA,-8.0,2.91
2025-04-30,ATL,HSV,DL,-16.0,-15.34
2025-04-23,ABQ,DEN,WN,-12.0,-8.74
2025-04-30,DFW,LIT,MQ,32.0,29.405
2025-04-10,HNL,SFO,HA,7.0,-0.495
2025-04-19,DEN,EWR,UA,-42.0,-14.735
2025-04-19,MCO,IND,WN,15.0,-13.39
2025-04-30,MSP,DEN,DL,91.0,71.235
2025-04-03,EWR,CLT,UA,-9.0,-13.695
2025-04-05,RIC,ATL,DL,-30.0,-20.4
2025-04-01,PDX,LAS,WN,-14.0,-6.9525
2025-04-25,RSW,CLT,AA,75.0,71.32
2025-04-10,LAS,HOU,WN,22.0,11.475
2025-04-30,BWI,MYR,WN,-14.0,-10.995
2025-04-10,OKC,DCA,WN,-35.0,-19.68
2025-04-07,SMF,SAN,WN,-9.0,-9.2925
2025-04-22,ORD,MSP,UA,2.0,1.1425
2025-04-14,ATL,LAX,DL,-9.0,-10.5925
2025-04-10,MCO,BOS,B6,-18.0,-18.8175
2025-04-25,SLC,LAS,DL,9.0,5.22
2025-04-26,DAL,SAN,WN,3.0,-0.03
2025-04-20,PHX,MCI,WN,-2.0,1.7475
2025-04-07,PHX,ABQ,OO,7.0,7.1475
2025-04-14,BOS,JFK,YX,-13.0,-6.34
2025-04-02,SAV,CLT,OH,1.0,-2.9825
2025-04-30,FLL,EWR,NK,163.0,149.1625
2025-04-10,PHX,DEN,WN,-5.0,-9.4425
2025-04-16,MFE,DFW,AA,-3.0,-4.45
2025-04-21,DEN,ANC,UA,70.0,43.99
2025-04-14,JFK,TPA,B6,-7.0,-2.7625
2025-04-19,LIH,SJC,AS,100.0,77.53
2025-04-10,MKE,LGA,YX,-15.0,-17.125
2025-04-17,RSW,MDW,WN,62.0,56.1225
2025-04-21,DEN,ORF,UA,15.0,18.2
2025-04-01,RSW,ORD,UA,115.0,116.9625
2025-04-27,SNA,SFO,OO,7.0,4.6175
2025-04-09,SAT,LAS,WN,1.0,-14.2
2025-04-07,IAD,PWM,YX,-35.0,-16.82
2025-04-04,LGA,MKE,YX,-10.0,-19.8275
2025-04-03,SAN,ABQ,WN,-6.0,-11.275
2025-04-19,GNV,ATL,DL,-33.0,-24.9
2025-04-13,CVG,RSW,F9,-41.0,-17.8625
2025-04-06,MRY,PHX,MQ,-6.0,-13.4175
2025-04-22,MCI,DEN,WN,-10.0,-12.19
2025-04-28,MIA,DCA,AA,12.0,4.8775
2025-04-04,SEA,LAX,AS,-15.0,13.1125
2025-04-29,IAH,SGF,OO,61.0,68.9225
2025-04-22,DFW,PIA,MQ,-18.0,-5.8975
2025-04-09,LAX,RNO,OO,-15.0,-9.5575
2025-04-22,MCO,DCA,DL,-15.0,-16.4525
2025-04-19,ATL,BOS,DL,-6.0,-6.1875
2025-04-06,GNV,CLT,OH,-12.0,-12.7425
2025-04-22,GSO,CLT,OH,-1.0,4.245
2025-04-18,ORD,CMX,OO,-9.0,-3.795
2025-04-04,ORD,LAX,UA,-19.0,-3.98
2025-04-26,BOI,PHX,WN,2.0,-10.52
2025-04-04,PBI,EWR,B6,3.0,-3.01
2025-04-23,DEN,LIT,OO,-1.0,-10.9125
2025-04-07,SFO,JFK,B6,72.0,73.92
2025-04-02,SAT,ORD,UA,103.0,36.34
2025-04-06,LGA,ORD,AA,11.0,-5.7725
2025-04-17,HNL,OGG,HA,-4.0,-1.69
2025-04-06,BHM,LAS,WN,9.0,3.0025
2025-04-14,DFW,LAX,AA,-10.0,-11.8775
2025-04-27,ATL,IAD,DL,2.0,-2.225
2025-04-24,ORD,DCA,AA,19.0,15.915
2025-04-17,LGA,CVG,YX,14.0,-10.11
2025-04-29,MCI,LAS,WN,-18.0,-15.915
2025-04-09,MSP,LGA,DL,-21.0,-16.8775
2025-04-19,LAX,SMF,OO,-11.0,-16.2675
2025-04-01,IAH,LGA,UA,-36.0,-14.71
2025-04-06,BWI,LAX,UA,-13.0,-23.47
2025-04-20,MDT,ORD,OO,-12.0,-16.4325
2025-04-18,DEN,RSW,WN,18.0,20.76
2025-04-25,JFK,SJU,DL,-9.0,0.585
2025-04-02,DFW,CMI,MQ,37.0,49.9675
2025-04-08,PHL,PBI,F9,-19.0,-25.495
2025-04-30,PDX,LAS,WN,-13.0,-14.355
2025-04-19,LAX,KOA,UA,-17.0,-21.16
2025-04-24,FNT,JAX,G4,-17.0,-12.81
2025-04-22,PBI,LGA,DL,10.0,17.465
2025-04-23,MDW,SEA,WN,-4.0,-7.2875
2025-04-05,MIA,DCA,AA,144.0,130.8975
2025-04-29,BWI,IND,WN,2.0,6.355
2025-04-12,ATL,PHL,DL,0.0,-9.825
2025-04-21,VPS,ATL,DL,-12.0,-12.955
2025-04-08,BWI,MCO,NK,9.0,-12.1425
2025-04-21,IND,FLL,NK,11.0,9.6375
2025-04-18,DCA,OMA,YX,-15.0,-10.9225
2025-04-22,BOS,LAS,B6,3.0,3.53
2025-04-04,XNA,ORD,MQ,67.0,68.6925
2025-04-07,RSW,ATL,DL,126.0,129.4625
2025-04-26,BWI,FLL,WN,10.0,12.965
2025-04-06,DAL,SAV,WN,50.0,-1.625
2025-04-30,PDX,DEN,AS,-14.0,-14.7075
2025-04-27,PHX,SLC,WN,-8.0,-11.0175
2025-04-27,EWR,LAX,NK,-6.0,-22.4375
2025-04-21,DFW,SEA,AA,-6.0,-14.46
2025-04-15,SAT,BWI,WN,-34.0,-15.29
2025-04-18,PIT,SAV,G4,12.0,23.47
2025-04-08,KOA,SEA,AS,-17.0,-11.9875
2025-04-22,DCA,DSM,OH,-38.0,-20.5625
2025-04-26,ORD,SEA,AS,1.0,-5.255
2025-04-06,IAH,CLT,AA,-6.0,-12.945
2025-04-12,IAH,LAX,UA,-33.0,-17.77
2025-04-13,IAD,BNA,UA,-28.0,-16.685
2025-04-12,SLC,EUG,OO,-3.0,-0.7
2025-04-10,RDM,SAN,OO,89.0,86.6175
2025-04-24,MIA,ORD,AA,-5.0,-21.18
2025-04-07,SLC,LAS,DL,14.0,12.02
2025-04-04,DEN,TUL,WN,17.0,12.22
2025-04-24,LAS,SBA,WN,16.0,18.475
2025-04-25,LAX,DAL,WN,4.0,7.4725
2025-04-06,DAL,HOU,WN,6.0,2.3125
2025-04-19,SEA,JFK,DL,-34.0,-10.6525
2025-04-29,HDN,DEN,OO,6.0,28.79
2025-04-28,AUS,MSP,DL,31.0,31.2
2025-04-21,PVD,MCO,WN,-12.0,-16.475
2025-04-14,CLT,SGF,MQ,-14.0,-12.2175
2025-04-02,ORD,LGA,DL,252.0,205.07
2025-04-13,ICT,VPS,G4,-5.0,-10.2925
2025-04-12,BOS,FLL,DL,-9.0,4.755
2025-04-15,LAX,EWR,UA,53.0,70.8
2025-04-11,DTW,DCA,OH,99.0,103.195
2025-04-06,LAX,SFO,UA,-15.0,-2.3825
2025-04-06,EWR,PBI,UA,-22.0,-12.89
2025-04-28,SEA,AUS,DL,-10.0,-16.905
2025-04-10,EWR,MIA,UA,-12.0,-4.2025
2025-04-28,ORD,HPN,MQ,-15.0,-9.6675
2025-04-12,BUR,LAS,NK,-21.0,-19.06
2025-04-21,DEN,ATL,DL,-8.0,-10.9625
2025-04-10,MSN,MSP,DL,3.0,-5.6525
2025-04-12,PHX,OKC,OO,-3.0,-10.55
2025-04-10,AUS,BNA,OO,25.0,1.965
2025-04-16,KOA,HNL,WN,-5.0,-12.2075
2025-04-10,MIA,JAX,MQ,8.0,3.78
2025-04-16,PHL,RSW,AA,-3.0,-2.645
2025-04-16,SEA,MSP,DL,-6.0,-2.31
2025-04-23,DEN,TUL,OO,-4.0,-9.1075
2025-04-28,BOI,LAS,WN,-16.0,-15.455
2025-04-16,BWI,DFW,AA,-32.0,-18.3
2025-04-28,DCA,MCO,AA,-12.0,-22.575
2025-04-01,LAX,OMA,OO,-28.0,-18.7875
2025-04-10,ABQ,DEN,UA,-8.0,-10.33
2025-04-09,LIT,LGA,YX,-5.0,-16.805
2025-04-06,DEN,RDU,UA,-4.0,0.6175
2025-04-13,MCO,SAT,F9,-41.0,-16.21
2025-04-17,TTN,PBI,F9,-8.0,12.105
2025-04-17,SJU,FLL,NK,76.0,66.21
2025-04-30,SEA,DFW,AS,198.0,191.9575
2025-04-13,AUS,IAH,UA,0.0,1.08
2025-04-29,DCA,RDU,AA,-16.0,-3.2525
2025-04-03,SLC,SEA,DL,-13.0,-8.7275
2025-04-10,DTW,APN,OO,-30.0,-21.35
2025-04-18,SLC,SEA,OO,-10.0,-3.8325
2025-04-13,JFK,LAX,DL,48.0,50.875
2025-04-14,FAR,DEN,OO,125.0,110.905
2025-04-26,SEA,MCO,AS,-11.0,12.835
2025-04-01,PHL,BOS,YX,-8.0,-9.29
2025-04-28,LAX,ORD,UA,6.0,-3.6175
2025-04-09,CLE,LAS,WN,-7.0,-7.3475
2025-04-09,CLT,CAE,OH,11.0,1.6925
2025-04-09,PHX,PHL,AA,-4.0,-6.0675
2025-04-26,IAD,ORD,UA,-5.0,-6.22
2025-04-06,TPA,TTN,F9,52.0,37.6925
2025-04-13,OAK,OGG,HA,-8.0,-9.57
2025-04-01,DFW,LAS,AA,16.0,-4.805
2025-04-05,BOS,JFK,YX,-18.0,-21.935
2025-04-24,CLT,FLL,NK,-21.0,-9.54
2025-04-30,DFW,LBB,MQ,18.0,-7.18
2025-04-26,DEN,XNA,UA,4.0,1.73
2025-04-11,IAH,DTW,DL,15.0,-5.24
2025-04-20,ILM,CLT,MQ,-12.0,-19.5725
2025-04-18,HOU,DAL,WN,-21.0,-15.505
2025-04-04,IAH,LAS,UA,65.0,53.3075
2025-04-09,SJC,LAX,OO,1.0,3.92
2025-04-03,ROC,ATL,DL,4.0,-6.2225
2025-04-30,CMH,RSW,WN,-6.0,-15.36
2025-04-06,MSY,IND,NK,15.0,6.6225
2025-04-22,MIA,DCA,AA,-17.0,-1.69
2025-04-15,ABQ,AUS,WN,0.0,-11.485
2025-04-04,BTV,DCA,OH,-28.0,-18.6975
2025-04-24,CLT,DTW,DL,-14.0,-12.655
2025-04-27,ECP,ATL,DL,-9.0,-5.76
2025-04-21,DFW,MSO,MQ,-10.0,-13.8325
2025-04-24,TUS,DEN,UA,208.0,224.66
2025-04-27,ATL,DEN,F9,30.0,15.0975
2025-04-05,ORD,SRQ,UA,5.0,-4.405
2025-04-02,DEN,BOS,UA,0.0,-7.1925
2025-04-05,DEN,BUR,WN,-25.0,-9.205
2025-04-19,MDW,CMH,WN,38.0,39.23
2025-04-06,FLL,RDU,NK,-22.0,-13.5375
2025-04-23,ACV,LAX,OO,14.0,1.265
2025-04-02,MHT,MCO,WN,67.0,85.6125
2025-04-29,BOS,MSY,NK,-33.0,-18.2725
2025-04-02,CLE,BOS,YX,158.0,148.52
2025-04-02,MEM,LGA,YX,-25.0,-13.925
2025-04-14,IAD,IND,YX,19.0,14.035
2025-04-29,ORD,SRQ,AA,39.0,32.2225
2025-04-09,DEN,TUS,OO,-30.0,-21.5075
2025-04-25,BWI,IAH,UA,-1.0,-14.99
2025-04-11,TVC,DTW,OO,3.0,-3.16
2025-04-21,OKC,SEA,AS,7.0,-4.7775
2025-04-16,DCA,RSW,AA,-6.0,-5.26
2025-04-09,ORD,FSD,MQ,-2.0,-3.4525
2025-04-21,SFO,LAX,UA,-15.0,-13.9975
2025-04-25,SAN,ATL,DL,-1.0,-7.2975
2025-04-13,PDX,SMF,OO,-17.0,-10.42
2025-04-17,DCA,PWM,YX,48.0,40.095
2025-04-21,BWI,SLC,WN,-7.0,-16.745
2025-04-16,SNA,PHX,WN,-8.0,-10.915
2025-04-01,SMF,SAN,WN,-6.0,-6.16
2025-04-13,TYS,DFW,AA,-31.0,-13.4875
2025-04-03,SEA,LAX,OO,13.0,30.31
2025-04-29,SEA,ORD,DL,77.0,74.6
2025-04-02,MIA,ATL,NK,13.0,9.8725
2025-04-25,ORD,SEA,DL,17.0,17.1625
2025-04-11,DTW,BNA,DL,-11.0,-10.615
2025-04-24,SJU,PHL,F9,-21.0,-7.04
2025-04-09,ORD,CMH,YX,-9.0,3.5125
2025-04-24,DFW,PHL,AA,-10.0,-6.365
2025-04-09,PDX,ORD,AS,-12.0,-7.4825
2025-04-27,MEM,ATL,DL,-18.0,-9.7025
2025-04-11,FAR,LAS,G4,-12.0,-41.2025
2025-04-01,SFB,IND,G4,19.0,4.53
2025-04-15,TPA,CLT,AA,-26.0,-16.4775
2025-04-29,ORD,ROC,MQ,2.0,2.8325
2025-04-18,GJT,DEN,OO,-24.0,-16.05
2025-04-03,SAN,SEA,AS,-14.0,-11.9875
2025-04-02,CVG,PHL,OH,101.0,86.87
2025-04-01,SLC,LAS,WN,-13.0,-10.3775
2025-04-07,PHX,OAK,WN,33.0,35.9025
2025-04-24,AGS,DCA,OH,-16.0,-14.49
2025-04-11,EWR,STL,YX,-27.0,15.38
2025-04-14,RSW,ATL,DL,31.0,33.075
2025-04-05,IND,RSW,WN,21.0,15.215
2025-04-29,EWR,PHX,UA,-5.0,-23.765
2025-04-28,BOS,DCA,YX,-12.0,-6.65
2025-04-21,PHL,CHS,F9,87.0,86.8325
2025-04-15,HNL,KOA,WN,7.0,6.4225
2025-04-15,GPT,DFW,MQ,-4.0,-16.9025
2025-04-07,HNL,ITO,HA,-2.0,-1.0725
2025-04-10,LAS,OAK,WN,-3.0,8.6175
2025-04-24,ORD,EWR,NK,52.0,68.0975
2025-04-01,LBB,DFW,AA,-6.0,-3.5
2025-04-15,PHL,SEA,AS,0.0,7.0575
2025-04-05,IAH,ATL,DL,-2.0,-7.535
2025-04-14,EWR,BOS,UA,-8.0,-12.9625
2025-04-08,LAX,STL,WN,-4.0,-5.475
2025-04-11,DCA,MSP,DL,29.0,33.37
2025-04-08,SLC,MIA,AA,-2.0,-2.16
2025-04-21,DEN,CPR,OO,-14.0,-13.8175
2025-04-28,PSC,SEA,OO,-12.0,-17.65
2025-04-11,AUS,ATL,DL,-3.0,-12.7625
2025-04-11,HOU,FLL,WN,-1.0,-11.5225
2025-04-26,MDW,LAS,WN,-12.0,-12.945
2025-04-15,GEG,DEN,WN,-8.0,-9.73
2025-04-09,MCO,LGA,DL,10.0,1.2975
2025-04-19,TYS,PHL,OH,-17.0,-16.39
2025-04-17,SLC,PHX,WN,14.0,5.5425
2025-04-19,ATL,ORF,DL,-6.0,-12.7925
2025-04-25,LAX,MIA,AA,1.0,-2.215
2025-04-09,BNA,DAL,WN,-18.0,-16.3425
2025-04-15,SAN,SEA,AS,-26.0,-8.9775
2025-04-21,DTW,SFO,DL,-3.0,-2.055
2025-04-25,LIT,ATL,DL,-15.0,-14.5325
2025-04-29,PHX,PAE,AS,10.0,1.52
2025-04-12,LAS,ORD,AA,-7.0,-10.5575
2025-04-08,SAN,SEA,AS,-7.0,-8.305
2025-04-01,FLL,ATW,G4,-5.0,-12.13
2025-04-14,CLT,DAY,OH,-6.0,1.295
2025-04-14,DEN,LAR,OO,-18.0,-19.8775
2025-04-26,PHX,STL,WN,-7.0,-8.6225
2025-04-08,CMH,DAL,WN,-19.0,-18.45
2025-04-25,BDL,PBI,B6,5.0,-9.6725
2025-04-23,DFW,PHL,AA,-10.0,-6.7625
2025-04-02,RIC,BOS,B6,-25.0,-26.0025
2025-04-29,MIA,EWR,UA,0.0,0.2
2025-04-23,SEA,PSP,AS,-7.0,-6.5425
2025-04-21,BUF,ATL,DL,-25.0,-18.855
2025-04-07,PHL,CLT,AA,3.0,-19.0325
2025-04-25,ORD,AUS,UA,-10.0,-6.9175
2025-04-16,DCA,LAX,AA,6.0,6.6425
2025-04-18,LAX,BOI,OO,-2.0,-10.2275
2025-04-20,MCO,MSP,DL,-12.0,-7.1025
2025-04-11,BUR,SMF,WN,-18.0,-16.09
2025-04-14,SFO,SNA,UA,-6.0,-12.2575
2025-04-03,ATL,DEN,DL,46.0,21.32
2025-04-24,MYR,BWI,WN,36.0,14.0725
2025-04-24,EWR,PDX,UA,31.0,46.175
2025-04-24,PIT,ATL,DL,21.0,21.265
2025-04-03,BOS,CMH,YX,38.0,36.2025
2025-04-02,MLU,DFW,MQ,-7.0,-12.955
2025-04-30,ORD,ROA,OO,-10.0,-6.3775
2025-04-17,SEA,LAX,AS,-19.0,-15.9325
2025-04-21,SJU,RDU,F9,92.0,91.4625
2025-04-13,EWR,SYR,YX,-5.0,8.8375
2025-04-14,ATL,LGA,DL,-2.0,-11.7975
2025-04-29,SLC,LAS,WN,-21.0,-11.955
2025-04-06,SJC,DFW,AA,-3.0,-18.0725
2025-04-13,CLT,MCO,AA,15.0,22.1
2025-04-07,MSY,MIA,AA,-10.0,-8.435
2025-04-11,ATL,MDW,WN,18.0,11.0525
2025-04-30,DEN,EWR,UA,147.0,95.015
2025-04-19,LAS,JFK,B6,375.0,419.4925
2025-04-22,AVL,BOS,G4,8.0,-0.615
2025-04-10,DFW,MCO,AA,-2.0,-15.4225
2025-04-21,CLT,ABE,OH,18.0,-2.585
2025-04-08,LAX,EWR,UA,-32.0,-13.2775
2025-04-09,MDW,SDF,WN,-13.0,-11.24
2025-04-02,TPA,IAD,UA,10.0,-12.49
2025-04-10,DAL,STL,WN,-10.0,-12.0675
2025-04-16,SEA,PHX,AS,11.0,4.9575
2025-04-29,MDW,LGA,WN,49.0,7.5175
2025-04-06,ORD,MCI,MQ,-9.0,-4.9375
2025-04-05,MCO,DEN,UA,40.0,-2.575
2025-04-08,DEN,MEM,UA,-17.0,-13.505
2025-04-26,SFO,PSP,OO,-7.0,-3.095
2025-04-01,FLL,LAX,DL,65.0,51.895
2025-04-17,LAX,MIA,AA,-14.0,-10.015
2025-04-01,ONT,AUS,WN,-9.0,-17.9175
2025-04-23,CLT,PDX,AA,1.0,-1.055
2025-04-09,BOS,LGA,B6,13.0,-0.6625
2025-04-22,PHX,SEA,AS,-6.0,-4.7275
2025-04-04,MDW,ELP,WN,3.0,-28.265
2025-04-29,CLT,DCA,AA,-4.0,-4.48
2025-04-14,LGA,ATL,DL,1.0,9.7425
2025-04-21,LAX,SMF,OO,-25.0,-13.0875
2025-04-16,DEN,OKC,OO,20.0,27.3325
2025-04-08,SFO,RDU,UA,-26.0,-16.975
2025-04-05,SNA,SEA,AS,-15.0,-16.805
2025-04-04,DCA,ATL,DL,38.0,24.465
2025-04-16,SFO,BUR,UA,-13.0,-14.785
2025-04-29,DFW,BHM,MQ,-4.0,-11.8925
2025-04-25,HNL,LIH,HA,-2.0,-3.1525
2025-04-21,DFW,TYS,AA,0.0,-8.245
2025-04-08,PHX,BWI,WN,-6.0,-15.525
2025-04-14,OAK,SAN,WN,14.0,3.045
2025-04-03,CLE,DFW,AA,4.0,-14.335
2025-04-05,PHL,RSW,AA,140.0,131.3125
2025-04-09,EWR,ORD,UA,11.0,3.0175
2025-04-25,BIL,LAS,G4,6.0,7.3325
2025-04-11,PHX,IDA,OO,106.0,105.975
2025-04-28,ORD,LIT,OO,-17.0,-4.4
2025-04-07,ELP,PHX,MQ,-13.0,-13.46
2025-04-20,SMF,LAS,WN,-9.0,-11.95
2025-04-30,PHX,EUG,AA,-6.0,-15.58
2025-04-06,DTW,MDT,OO,-18.0,-14.3725
2025-04-28,LAX,JFK,AA,17.0,-10.8525
2025-04-28,JFK,SFO,DL,-36.0,-13.8425
2025-04-16,CLT,SAV,OH,43.0,52.3975
2025-04-25,MIA,LGA,AA,13.0,2.625
2025-04-02,PHL,DEN,AA,18.0,-2.4
2025-04-24,LAS,SLC,DL,-2.0,-3.6525
2025-04-17,DAL,PHX,WN,-9.0,-8.435
2025-04-09,TPA,CVG,DL,-1.0,-9.12
2025-04-26,ALB,ATL,DL,2.0,13.4775
2025-04-16,HNL,ITO,HA,7.0,8.165
2025-04-23,AGS,CLT,OH,-21.0,-17.285
2025-04-07,BZN,SLC,DL,-24.0,-21.8
2025-04-03,DFW,IAD,AA,59.0,40.4175
2025-04-05,JFK,LAX,DL,-17.0,-20.7275
2025-04-06,FLL,ORD,NK,-6.0,7.3525
2025-04-12,STX,CLT,AA,-8.0,-1.35
2025-04-25,JAX,MIA,AA,-7.0,-9.865
2025-04-03,MKE,AUS,WN,91.0,57.4975
2025-04-12,RSW,DEN,UA,-4.0,-3.2225
2025-04-05,SLC,DEN,WN,15.0,11.82
2025-04-20,CLE,SRQ,F9,-11.0,-4.465
2025-04-26,RDU,DCA,AA,-18.0,-12.415
2025-04-17,ATL,BOS,DL,9.0,4.92
2025-04-11,PDX,OAK,WN,0.0,-6.2075
2025-04-21,MRY,SAN,OO,-14.0,-8.96
2025-04-03,DEN,LBL,OO,-9.0,-9.74
2025-04-13,LAS,JFK,DL,-31.0,-17.965
2025-04-21,ATL,STL,DL,-15.0,-11.7925
2025-04-18,CAK,CLT,OH,3.0,-7.27
2025-04-15,MSP,SAN,DL,4.0,-17.4325
2025-04-06,ATL,DEN,F9,4.0,-20.5875
2025-04-17,FLG,PHX,OO,31.0,19.445
2025-04-13,DFW,MIA,AA,23.0,14.6275
2025-04-19,SEA,SAN,AS,-22.0,-6.32
2025-04-05,SAN,LAX,OO,-23.0,-9.825
2025-04-17,BNA,AUS,WN,-21.0,-19.475
2025-04-20,PHL,FLL,NK,-25.0,-13.7275
2025-04-18,ORD,FLL,NK,-18.0,-6.47
2025-04-07,ORD,PDX,AS,-6.0,-6.065
2025-04-11,DFW,JAN,OH,-1.0,-13.8825
2025-04-17,MSP,ORD,DL,-9.0,-12.405
2025-04-25,OAK,LGB,WN,13.0,11.3025
2025-04-17,ATL,EYW,DL,-7.0,-18.0175
2025-04-02,BOS,IND,YX,32.0,1.745
2025-04-23,SLC,ATL,DL,1.0,-9.26
2025-04-04,CVG,ORD,OO,55.0,33.995
2025-04-04,BWI,PBI,WN,-27.0,-13.8575
2025-04-07,SJU,CLT,AA,30.0,24.78
2025-04-05,MDW,GRR,WN,-4.0,-1.995
2025-04-11,SFO,SBA,OO,8.0,0.9725
2025-04-24,PHX,ELP,OO,-10.0,-9.705
2025-04-13,ATL,PBI,DL,20.0,-14.625
2025-04-07,CMH,ATL,DL,31.0,9.895
2025-04-28,DAL,COS,WN,-18.0,-13.5525
2025-04-29,SLC,TUS,OO,-6.0,-7.085
2025-04-25,SNA,STS,OO,36.0,21.6325
2025-04-28,SBA,LAX,OO,-15.0,-21.855
2025-04-17,MCI,AUS,WN,-2.0,-11.395
2025-04-25,EYW,PHL,AA,43.0,45.3075
2025-04-06,DEN,CLT,AA,5.0,-8.405
2025-04-09,CLT,ATL,DL,-36.0,-16.0
2025-04-21,MSP,MKE,DL,-10.0,-14.405
2025-04-20,PIE,TYS,G4,-10.0,-7.34
2025-04-28,MSP,SEA,AS,146.0,136.0425
2025-04-24,ORD,LEX,MQ,-9.0,-9.585
2025-04-03,MIA,TLH,MQ,11.0,-1.825
2025-04-02,IND,LGA,YX,12.0,-18.25
2025-04-15,PHL,PWM,AA,-11.0,-17.6675
2025-04-07,DFW,ATL,AA,333.0,338.095
2025-04-30,PHX,BOI,OO,138.0,137.2575
2025-04-10,IAH,LAX,UA,-19.0,-18.055
2025-04-12,SIT,JNU,AS,5.0,-2.63
2025-04-27,DCA,ROC,OH,-14.0,-14.5525
2025-04-19,DCA,SAN,AS,15.0,-6.335
2025-04-13,SLC,PHX,DL,29.0,24.3
2025-04-26,DTW,ATL,DL,-24.0,-14.235
2025-04-01,ATL,IAD,DL,-8.0,-3.2575
2025-04-11,SFO,LAX,DL,15.0,21.6725
2025-04-12,DEN,EWR,UA,-6.0,-11.695
2025-04-10,EWR,FLL,UA,-3.0,-13.2125
2025-04-05,SFO,GEG,OO,-12.0,-8.4425
2025-04-09,OKC,SEA,AS,0.0,-8.475
2025-04-08,LGA,MDW,WN,-18.0,-12.27
2025-04-26,SAN,SMF,WN,-27.0,-18.965
2025-04-06,DAL,SRQ,WN,7.0,-5.9025
2025-04-04,SNA,SEA,AS,-16.0,-18.6825
2025-04-25,LGA,SDF,YX,-13.0,-18.34
2025-04-03,BNA,DEN,WN,354.0,324.16
2025-04-27,DEN,MSN,F9,-27.0,-18.6125
2025-04-21,STL,FLL,WN,108.0,86.71
2025-04-15,LGA,FLL,NK,-15.0,-16.825
2025-04-26,MBS,ORD,OO,-10.0,-13.855
2025-04-25,SNA,SEA,AS,48.0,50.83
2025-04-14,ATL,MSY,NK,-8.0,-7.055
2025-04-29,DCA,DAY,OH,-29.0,-17.8375
2025-04-04,SLC,XNA,OO,23.0,-10.89
2025-04-05,HOU,MSY,WN,-18.0,-17.9
2025-04-17,ICT,DEN,WN,-10.0,-19.3425
2025-04-14,SAT,OKC,WN,-12.0,-14.175
2025-04-07,RNO,LAS,WN,4.0,-0.445
2025-04-22,CMH,DFW,MQ,-20.0,-16.7275
2025-04-03,PIE,SGF,G4,130.0,89.155
2025-04-28,BNA,LAS,WN,-10.0,6.835
2025-04-20,IAD,DEN,UA,-30.0,-22.995
2025-04-17,STL,BWI,WN,-18.0,-15.39
2025-04-12,SAN,DEN,WN,-16.0,-14.6275
2025-04-21,SLC,SEA,AS,-9.0,-16.4225
2025-04-19,SLC,DFW,AA,15.0,-1.645
2025-04-01,STL,TUL,WN,-4.0,-5.705
2025-04-16,SFO,MIA,UA,-35.0,-21.87
2025-04-20,DAL,TUL,WN,-12.0,-3.8775
2025-04-22,ATL,MIA,AA,7.0,-1.6025
2025-04-14,DEN,ATL,F9,-28.0,-10.0675
2025-04-29,ORD,BNA,MQ,-4.0,-7.2975
2025-04-03,FAT,PHX,OO,75.0,66.4225
2025-04-01,BOS,CHS,DL,-15.0,-19.325
2025-04-07,ATL,PHL,DL,29.0,32.6825
2025-04-13,IAH,LAX,UA,-15.0,-11.1425
2025-04-17,TPA,IND,F9,33.0,13.03
2025-04-27,ORF,ATL,DL,-12.0,-3.9025
2025-04-07,SLC,PHL,DL,12.0,-14.265
2025-04-18,SDF,LGA,YX,-11.0,-11.785
2025-04-04,SAN,DFW,AA,26.0,-6.685
2025-04-30,IAH,TUL,OO,10.0,6.57
2025-04-08,SEA,PHX,DL,-21.0,-20.6375
2025-04-22,DFW,LAS,AA,11.0,14.03
2025-04-06,SEA,BOI,OO,-26.0,-16.9575
2025-04-21,BNA,LAX,DL,-19.0,-16.3875
2025-04-28,SAN,SFO,UA,-27.0,-15.595
2025-04-03,PHX,PDX,AS,-27.0,-19.87
2025-04-30,AZO,DTW,OO,-10.0,-14.2625
2025-04-08,ORD,MLI,OO,7.0,3.8825
2025-04-07,CVG,DFW,AA,-7.0,-13.045
2025-04-15,CLT,ORD,AA,55.0,47.41
2025-04-19,BOS,ATL,DL,-17.0,-13.0475
2025-04-09,IAH,PIB,OO,51.0,72.9675
2025-04-22,MLI,DEN,OO,3.0,-2.02
2025-04-12,SEA,MCO,AS,-6.0,15.6125
2025-04-12,BWI,FLL,NK,-27.0,-13.745
2025-04-07,CLE,LGA,OO,-20.0,-13.9675
2025-04-05,DEN,EUG,UA,-7.0,-1.61
2025-04-03,ASE,DEN,OO,1.0,-17.385
2025-04-18,RIC,CLT,AA,-16.0,-10.3925
2025-04-15,ORD,MCO,AA,-26.0,-12.35
2025-04-28,JAX,JFK,B6,-18.0,-24.4675
2025-04-02,EWR,CLT,AA,-23.0,-18.1325
2025-04-23,SFO,PSP,OO,2.0,9.7325
2025-04-14,MCO,CVG,F9,3.0,12.4325
2025-04-29,SJC,HNL,HA,-20.0,-0.7825
2025-04-23,EWR,MCO,UA,-6.0,-7.135
2025-04-26,BNA,DEN,WN,-9.0,-17.06
2025-04-09,MSP,MOT,OO,-19.0,-11.11
2025-04-29,MFR,SFO,OO,-13.0,-14.315
2025-04-14,BOS,DFW,AA,-4.0,-10.8275
2025-04-18,SBA,SFO,OO,19.0,23.3775
2025-04-04,DCA,MCI,OH,-11.0,-17.0675
2025-04-12,BWI,SLC,WN,-17.0,-14.5
2025-04-07,SFO,MIA,AA,2.0,-11.9475
2025-04-10,CLT,GSP,OH,63.0,50.3025
2025-04-20,EWR,MSP,DL,2.0,-6.5525
2025-04-05,DEN,BOS,WN,6.0,11.85
2025-04-14,CMH,PHX,WN,5.0,-11.9325
2025-04-20,DTW,CMH,YX,-14.0,-1.8575
2025-04-11,DEN,SLC,F9,-20.0,-17.4675
2025-04-25,CLT,GRR,AA,143.0,149.8675
2025-04-13,BWI,LAX,NK,-8.0,-10.5725
2025-04-24,DCA,IAH,UA,3.0,-17.2125
2025-04-03,MDW,SJC,WN,-25.0,-20.7825
2025-04-18,BWI,BOS,WN,-9.0,-10.6125
2025-04-17,ORF,CLT,OH,-29.0,-16.2525
2025-04-05,DFW,ELP,AA,31.0,22.3125
2025-04-03,BOI,LAX,OO,-29.0,-16.5875
2025-04-22,JFK,BNA,YX,-8.0,-22.4575
2025-04-10,DEN,LAS,UA,114.0,123.875
2025-04-13,SLC,MSO,OO,-18.0,-13.375
2025-04-26,ATL,STL,DL,-11.0,-15.0475
2025-04-04,MYR,ALB,G4,-27.0,-24.19
2025-04-25,CHA,DCA,OH,27.0,20.52
2025-04-08,BWI,MHT,WN,10.0,12.835
2025-04-25,LGA,DAY,YX,-30.0,-25.3925
2025-04-23,LAX,DEN,DL,-20.0,-19.965
2025-04-11,PHX,SNA,WN,-13.0,-3.9475
2025-04-06,DFW,JAX,AA,13.0,-5.895
2025-04-16,MCO,CLE,F9,-14.0,-22.7875
2025-04-22,PIT,MCO,NK,-13.0,-19.6425
2025-04-30,DCA,JAX,AA,2.0,-10.6025
2025-04-21,DFW,EWR,UA,37.0,39.525
2025-04-21,PHX,SNA,WN,-2.0,-3.4
2025-04-10,CHA,DFW,OH,-27.0,-20.69
2025-04-11,RDM,SEA,OO,17.0,23.1975
2025-04-22,ATL,MCO,DL,-10.0,-6.97
2025-04-12,DFW,OKC,OO,6.0,17.7175
2025-04-12,BUR,SMF,WN,-14.0,-10.0325
2025-04-27,DFW,SLC,AA,1.0,-0.9525
2025-04-30,CHS,PHL,YX,12.0,4.89
2025-04-17,STL,RSW,WN,6.0,0.525
2025-04-27,LAS,BOS,B6,25.0,29.0
2025-04-07,AUS,MCO,WN,-9.0,-15.085
2025-04-16,SJU,BOS,F9,25.0,-14.69
2025-04-04,PHX,DCA,AA,-5.0,-9.695
2025-04-19,SJU,CLT,AA,-7.0,8.6525
2025-04-24,IAD,SFO,UA,0.0,-15.6925
2025-04-28,MCO,PHL,AA,51.0,42.5175
2025-04-09,HOU,BNA,WN,-17.0,-14.47
2025-04-06,BWI,HOU,WN,-3.0,-19.915
2025-04-20,MIA,DCA,AA,-8.0,-3.36
2025-04-24,SLC,SMF,DL,-13.0,-11.7825
2025-04-17,AUS,JFK,AA,16.0,13.495
2025-04-02,LAX,DEN,OO,-22.0,-20.1275
2025-04-30,MCI,ORD,UA,-15.0,-16.025
2025-04-23,DEN,OKC,F9,-19.0,-19.67
2025-04-13,SLC,SFO,OO,-20.0,-13.185
2025-04-28,DCA,JFK,YX,5.0,-12.72
2025-04-24,SLC,GTF,OO,-7.0,-15.285
2025-04-12,IAD,DEN,UA,-12.0,-4.8
2025-04-16,TVC,ORD,UA,-6.0,-17.6125
2025-04-13,DFW,TYR,OO,31.0,10.645
2025-04-21,STL,ORD,YX,17.0,4.29
2025-04-27,DTW,OMA,OO,-9.0,-13.1025
2025-04-09,DEN,DRO,UA,-5.0,-8.805
2025-04-03,LAX,SAN,OO,4.0,7.775
2025-04-21,SEA,BOI,OO,-11.0,-8.8375
2025-04-10,FLL,SJU,B6,-13.0,-8.17
2025-04-01,COD,DEN,OO,-21.0,-15.275
2025-04-17,MYR,BNA,WN,-2.0,-15.705
2025-04-26,GJT,DEN,OO,-8.0,-4.5225
2025-04-07,OKC,DFW,OO,8.0,-1.08
2025-04-09,MCO,DFW,AA,-27.0,-10.9625
2025-04-08,RDU,PIT,YX,-22.0,-18.38
2025-04-20,HNL,ITO,HA,-8.0,-2.8075
2025-04-27,EWR,IAH,UA,4.0,-2.0675
2025-04-17,DAL,MCO,WN,-5.0,3.5875
2025-04-03,SFO,DFW,AA,25.0,18.615
2025-04-02,DEN,SFO,UA,9.0,11.2275
2025-04-16,HOU,DCA,WN,-16.0,-9.735
2025-04-06,PHX,MSP,DL,1.0,-13.535
2025-04-19,COS,DEN,UA,-16.0,-16.3475
2025-04-18,KOA,HNL,HA,7.0,2.94
2025-04-16,LAS,AUS,WN,-9.0,-9.42
2025-04-12,MCI,ORD,MQ,-5.0,-15.1175
2025-04-14,LAX,LAS,DL,-11.0,-8.6975
2025-04-09,DFW,BOS,AA,-20.0,-3.7225
2025-04-17,ORD,SFO,AA,89.0,75.085
2025-04-28,DEN,DFW,F9,-18.0,-20.375
2025-04-11,ATL,DAL,DL,4.0,2.28
2025-04-25,DCA,SEA,AS,85.0,69.305
2025-04-06,MDW,LAS,WN,0.0,19.6375
2025-04-10,BWI,STL,WN,5.0,2.3475
2025-04-21,SAN,LAS,WN,-12.0,-6.225
2025-04-06,CVG,MCO,WN,7.0,-5.285
2025-04-15,RDU,JFK,B6,54.0,63.8525
2025-04-28,DTW,IND,YX,-2.0,-6.0
2025-04-08,CLT,IND,AA,-9.0,-9.3675
2025-04-17,DSM,DEN,WN,1.0,-9.3025
2025-04-01,CLT,DSM,AA,-20.0,-8.1175
2025-04-12,PRC,LAX,OO,-8.0,-7.605
2025-04-23,GRK,DFW,MQ,76.0,72.18
2025-04-25,LAX,SMF,WN,4.0,13.3325
2025-04-04,RDU,DCA,MQ,-7.0,5.29
2025-04-17,EWR,PDX,AS,8.0,1.81
2025-04-07,HRL,HOU,WN,-18.0,-16.15
2025-04-04,FLL,LGA,B6,45.0,48.9375
2025-04-04,JAX,MIA,AA,2.0,-5.2525
2025-04-02,ABQ,LAX,OO,-9.0,-8.3325
2025-04-10,DCA,JFK,YX,139.0,147.9475
2025-04-09,CLE,DEN,UA,-4.0,-17.35
2025-04-18,KTN,WRG,AS,-31.0,-24.7125
2025-04-29,BWI,CHS,WN,-2.0,-1.7225
2025-04-26,BOS,ATL,NK,25.0,38.9775
2025-04-01,EWR,SMF,UA,-17.0,-26.075
2025-04-09,SGF,ORD,MQ,8.0,7.5825
2025-04-15,LGA,DCA,YX,11.0,6.585
2025-04-15,DTW,PHX,DL,-8.0,-5.785
2025-04-09,DEN,SEA,WN,19.0,-4.67
2025-04-30,LAX,ORD,UA,-11.0,-15.5075
2025-04-20,PHX,SLC,WN,-9.0,-11.7775
2025-04-09,AUS,PHX,AA,-22.0,-16.1
2025-04-28,SNA,SEA,AS,10.0,-4.87
2025-04-21,IAH,DCA,UA,131.0,123.815
2025-04-23,HOU,LAS,WN,18.0,10.33
2025-04-17,MIA,SAT,AA,34.0,24.14
2025-04-10,OMA,DFW,AA,30.0,39.66
2025-04-21,LGA,SAV,YX,1.0,1.8025
2025-04-20,DEN,EWR,UA,-8.0,-8.0425
2025-04-01,SAN,BNA,WN,-18.0,-4.985
2025-04-20,BOS,LGA,YX,-17.0,-13.005
2025-04-19,MSP,DEN,UA,221.0,225.2625
2025-04-09,PIT,DCA,YX,-6.0,-10.42
2025-04-29,RNO,DEN,UA,128.0,119.3525
2025-04-10,ORD,DFW,UA,17.0,37.33
2025-04-03,PDX,DEN,UA,64.0,44.4025
2025-04-21,XNA,DFW,MQ,-7.0,-14.6925
2025-04-02,MCI,SLC,DL,-4.0,-8.7275
2025-04-14,ABQ,DFW,AA,30.0,28.75
2025-04-02,PHL,DFW,AA,-11.0,-7.9725
2025-04-17,CVG,MIA,MQ,-4.0,-7.86
2025-04-21,SJU,BDL,B6,21.0,7.3275
2025-04-27,DEN,ATW,OO,-25.0,-20.36
2025-04-11,EWR,SJU,UA,-23.0,-29.785
2025-04-26,MDW,ALB,WN,-11.0,-11.77
2025-04-17,ATL,CVG,DL,10.0,6.4325
2025-04-13,CLT,LEX,OH,5.0,1.615
2025-04-25,SAN,EWR,UA,-19.0,-13.0
2025-04-06,LAX,OAK,WN,-20.0,-16.2875
2025-04-21,DFW,CID,MQ,-13.0,-18.0225
2025-04-20,PDX,DFW,AA,-15.0,0.915
2025-04-02,DFW,PHX,AA,-2.0,-13.8675
2025-04-03,DCA,PWM,OH,-10.0,-10.86
2025-04-02,SLC,EWR,DL,1.0,8.19
2025-04-01,GRR,EWR,YX,-17.0,-14.35
2025-04-09,SFO,RDD,OO,4.0,0.0025
2025-04-27,JFK,BNA,YX,40.0,27.4
2025-04-26,EYW,PIE,G4,-15.0,-14.3375
2025-04-15,SAN,ORD,UA,-18.0,-13.2
2025-04-18,SAN,SMF,WN,18.0,5.4125
2025-04-16,MCO,AUS,WN,-8.0,-9.8925
2025-04-05,SRQ,ATL,DL,-23.0,-13.2975
2025-04-28,MIA,ORD,UA,6.0,-4.03
2025-04-24,DTW,MDW,WN,-21.0,-11.0125
2025-04-16,OGG,HNL,HA,7.0,2.4875
2025-04-28,TLH,MIA,MQ,-18.0,-17.655
2025-04-27,XWA,DEN,OO,0.0,4.2775
2025-04-14,DAL,LGA,WN,-19.0,-11.7675
2025-04-22,OKC,HOU,WN,-12.0,-14.4875
2025-04-11,MDW,LGA,WN,8.0,8.795
2025-04-16,LAX,OGG,DL,-35.0,-22.755
2025-04-10,CMH,MCO,WN,-8.0,-15.645
2025-04-06,DEN,CYS,OO,-15.0,-14.995
2025-04-23,ORD,ALB,YX,-10.0,-8.4425
2025-04-28,MOB,DFW,OH,-2.0,-6.9525
2025-04-10,DCA,BOS,AA,-8.0,-17.5475
2025-04-04,TOL,SFB,G4,193.0,190.1325
2025-04-10,RDU,DFW,AA,-6.0,-6.985
2025-04-14,BNA,PBI,WN,-5.0,-4.72
2025-04-03,DEN,SLC,WN,55.0,57.78
2025-04-01,ORF,ATL,DL,17.0,18.8225
2025-04-14,SFO,SLC,OO,-7.0,-8.7125
2025-04-19,SEA,LAS,AS,-10.0,-12.215
2025-04-09,DEN,SAV,UA,-27.0,-13.375
2025-04-08,BOI,PHX,OO,-7.0,-6.5325
2025-04-09,HOB,DEN,OO,-15.0,-15.235
2025-04-04,SAN,SMF,OO,-19.0,-18.0
2025-04-14,FAT,PHX,OO,-1.0,-11.0175
2025-04-28,DFW,DTW,AA,171.0,181.1525
2025-04-17,MSP,CVG,DL,11.0,10.6575
2025-04-26,RNO,SAN,WN,-1.0,-5.0175
2025-04-28,EWR,DEN,UA,15.0,27.5725
2025-04-02,PHL,CLT,AA,-10.0,-10.955
2025-04-16,HPN,DCA,OH,-17.0,-22.0825
2025-04-21,MCO,DFW,AA,-18.0,-6.04
2025-04-23,DCA,LGA,YX,-3.0,-4.3625
2025-04-24,DTW,RSW,DL,-4.0,-13.9025
2025-04-29,IAD,JST,OO,1.0,3.5375
2025-04-22,ORD,DTW,YX,-23.0,-11.815
2025-04-20,PHX,AUS,WN,-5.0,-4.5275
2025-04-24,EWR,MIA,UA,-8.0,18.025
2025-04-22,SMF,PHX,WN,-12.0,-9.28
2025-04-11,RSW,MSP,DL,5.0,-11.13
2025-04-28,SFO,IAD,AS,-12.0,-9.6625
2025-04-15,BWI,PIT,WN,9.0,8.565
2025-04-17,MSP,DFW,AA,-8.0,-5.905
2025-04-20,PVD,CLT,AA,-16.0,-4.1175
2025-04-13,MSY,FLL,NK,5.0,-0.6025
2025-04-02,DCA,MCI,OH,181.0,164.9125
2025-04-06,LAX,OGG,UA,-30.0,-18.9075
2025-04-10,GRR,DTW,DL,2.0,-4.375
2025-04-24,RDU,LAS,WN,1.0,-5.545
2025-04-26,EYW,LGA,YX,274.0,255.95
2025-04-27,MRY,PHX,OO,-5.0,-13.9925
2025-04-25,DFW,FLL,AA,-2.0,-7.87
2025-04-02,JFK,RDU,YX,-8.0,-12.4725
2025-04-23,BWI,CLT,WN,-3.0,3.9375
2025-04-10,DFW,CLE,AA,-18.0,-15.3675
2025-04-26,LAS,PIT,WN,-23.0,-9.9175
2025-04-09,STL,OMA,WN,-3.0,-9.2625
2025-04-12,ABQ,HOU,WN,-18.0,-12.22
2025-04-22,MKE,DFW,AA,-21.0,-14.9425
2025-04-07,IAH,ATL,F9,210.0,195.6925
2025-04-14,DEN,BUR,UA,-19.0,-11.83
2025-04-29,ORD,JLN,OO,23.0,4.795
2025-04-21,BNA,CMH,WN,-12.0,-8.245
2025-04-24,LAS,BUR,NK,9.0,-12.385
2025-04-27,DCA,BNA,YX,4.0,3.7525
2025-04-11,TYS,DEN,UA,-4.0,-0.51
2025-04-20,BOI,SFO,OO,-11.0,-21.16
2025-04-21,DFW,TXK,OO,-2.0,7.3775
2025-04-04,SMF,SLC,DL,14.0,-8.505
2025-04-14,SYR,ORD,YX,-9.0,-24.07
2025-04-26,DSM,ATL,DL,-5.0,-11.285
2025-04-01,BUR,PHX,WN,-33.0,-18.6275
2025-04-30,SJC,LGB,WN,-6.0,-8.835
2025-04-04,SEA,ANC,AS,-22.0,-4.77
2025-04-04,SNA,LAS,OO,103.0,96.26
2025-04-20,DCA,LGA,YX,2.0,12.555
2025-04-14,SJU,CLT,AA,-20.0,-5.9525
2025-04-29,SEA,ONT,OO,-4.0,-2.655
2025-04-12,GCC,DEN,OO,-28.0,-25.1225
2025-04-27,IAH,PHL,AA,-13.0,-13.9875
2025-04-12,SJC,KOA,AS,-48.0,-13.215
2025-04-25,OKC,HOU,WN,53.0,36.065
2025-04-04,PDX,DFW,AA,-4.0,-4.3
2025-04-14,LAS,SFO,UA,15.0,8.2975
2025-04-22,ORD,ATL,DL,-12.0,-13.52
2025-04-23,MSP,SAT,DL,-18.0,-12.885
2025-04-24,EWR,SFO,UA,31.0,25.2525
2025-04-13,EYW,CLT,AA,219.0,210.955
2025-04-24,JFK,CLT,AA,-20.0,-6.87
2025-04-03,PHX,SMF,WN,-20.0,-15.625
2025-04-12,DEN,CVG,WN,-10.0,-11.2225
2025-04-09,BDL,BWI,WN,1.0,-13.5825
2025-04-30,EWR,MCO,UA,-33.0,-25.265
2025-04-01,SLC,MSY,DL,-1.0,-3.8425
2025-04-25,CMH,ATL,DL,-18.0,-16.9225
2025-04-10,ORD,FWA,MQ,0.0,-0.2225
2025-04-11,ORD,RSW,UA,26.0,33.165
2025-04-18,ORD,XNA,MQ,3.0,-7.825
2025-04-25,EWR,MIA,AA,-5.0,-0.7825
2025-04-15,AUS,SAN,OO,0.0,-3.0375
2025-04-23,SMF,PHX,WN,-3.0,-4.63
2025-04-19,EWR,AVL,YX,-31.0,-20.455
2025-04-22,MSP,DEN,DL,-8.0,-16.5
2025-04-26,SFO,PDX,OO,-13.0,-0.14
2025-04-06,STL,RSW,WN,5.0,-11.3725
2025-04-13,IAH,BOS,UA,22.0,9.73
2025-04-30,SDF,LGA,YX,-14.0,-11.7825
2025-04-07,ORD,EWR,UA,62.0,75.3875
2025-04-15,LGA,BOS,YX,3.0,8.06
2025-04-16,PHL,DEN,UA,21.0,-17.845
2025-04-18,EYW,CLT,AA,2.0,-4.875
2025-04-29,GRR,MSP,OO,17.0,1.455
2025-04-02,IAH,MIA,UA,-12.0,-22.3125
2025-04-04,MSN,DFW,AA,213.0,176.53
2025-04-03,SEA,OMA,AS,-1.0,-4.7975
2025-04-02,DTW,CMH,OO,10.0,9.2075
2025-04-27,LAX,MSY,WN,-17.0,-16.0325
2025-04-07,SYR,SFB,G4,34.0,-7.9425
2025-04-16,ORD,DFW,AA,-37.0,-21.8875
2025-04-12,DFW,GSP,AA,-7.0,-11.0025
2025-04-28,LAX,LAS,WN,-10.0,-2.035
2025-04-21,SEA,HNL,DL,-9.0,4.9025
2025-04-01,SAT,ATL,DL,-19.0,-12.3025
2025-04-24,SEA,SLC,DL,-13.0,-18.675
2025-04-06,RNO,LAS,WN,19.0,20.735
2025-04-27,LAS,OAK,NK,31.0,28.2925
2025-04-22,PHX,PHL,AA,-17.0,-16.5
2025-04-18,KOA,HNL,HA,-9.0,-6.975
2025-04-06,DEN,BFF,OO,41.0,31.9075
2025-04-23,LGA,MIA,DL,-24.0,-1.88
2025-04-23,MIA,TPA,AA,-4.0,-7.26
2025-04-21,CLT,BHM,OH,-6.0,6.265
2025-04-12,MCO,MSP,DL,-14.0,-26.5125
2025-04-01,RSW,CVG,DL,-7.0,-2.4475
2025-04-25,DFW,JAX,AA,-18.0,-14.9575
2025-04-04,SMF,SEA,OO,-13.0,-7.68
2025-04-29,GRB,ATL,DL,0.0,-6.22
2025-04-20,SEA,BOI,OO,1.0,-5.2725
2025-04-15,ATL,MCI,DL,3.0,-7.43
2025-04-16,ORD,LAX,AA,11.0,-5.08
2025-04-04,MCO,LAX,DL,-14.0,-0.59
2025-04-05,SAN,AUS,WN,-13.0,-16.095
2025-04-25,PHL,ATL,DL,-5.0,-5.7375
2025-04-10,LAS,DEN,UA,-2.0,-5.16
2025-04-21,OMA,DTW,OO,47.0,48.455
2025-04-18,PGD,TOL,G4,232.0,220.8225
2025-04-26,ATL,AUS,DL,-15.0,-9.4525
2025-04-14,MIA,ORD,AA,-4.0,-15.12
2025-04-26,DAY,ORD,OO,7.0,-18.4475
2025-04-04,SRQ,ATL,DL,-22.0,0.295
2025-04-18,BNA,MSP,DL,-29.0,-24.29
2025-04-09,ATW,SRQ,G4,-35.0,-18.3
2025-04-27,SLC,LAS,DL,-7.0,-12.8925
2025-04-12,DEN,TPA,UA,-11.0,-6.4275
2025-04-12,SMF,CLT,AA,-40.0,-25.1625
2025-04-28,PHX,FLG,OO,65.0,78.3675
2025-04-02,EWR,GRR,YX,207.0,150.3925
2025-04-19,SNA,OAK,WN,-13.0,-11.5925
2025-04-29,CAE,ATL,DL,-21.0,-7.2225
2025-04-16,DCA,JAN,OH,-9.0,-0.375
2025-04-05,DEN,ORD,UA,4.0,7.5775
2025-04-14,GRR,DFW,MQ,-10.0,-11.4525
2025-04-24,BWI,SJU,WN,-10.0,-10.0075
2025-04-18,ORD,GRR,YX,-15.0,-6.1075
2025-04-28,PHX,PDX,AA,-18.0,-14.6325
2025-04-09,MSP,MCI,DL,-14.0,-18.9375
2025-04-01,RDU,ORD,YX,-7.0,-19.545
2025-04-03,BOS,DCA,YX,32.0,9.2425
2025-04-24,AZA,BIS,G4,-21.0,-19.525
2025-04-10,BNA,ATL,DL,-7.0,-14.5025
2025-04-07,BNA,SEA,AS,-20.0,-8.94
2025-04-09,SLC,PSC,OO,-12.0,-13.985
2025-04-28,BOS,SAN,DL,-10.0,-21.11
2025-04-29,PDX,PSP,OO,-16.0,-9.9425
2025-04-01,SFO,EWR,UA,-20.0,-3.0475
2025-04-02,PBI,LGA,DL,35.0,31.71
2025-04-26,MCO,LGA,B6,-9.0,-12.325
2025-04-07,PIT,LAS,WN,-24.0,-2.825
2025-04-24,ORD,MCW,OO,-11.0,-5.6475
2025-04-08,LAX,ABQ,OO,-7.0,-10.32
2025-04-13,LAS,ONT,WN,-7.0,-12.41
2025-04-23,MCO,LAX,DL,221.0,205.82
2025-04-09,MSY,DAL,WN,-12.0,-6.92
2025-04-20,MIA,SLC,AA,39.0,37.655
2025-04-13,PHL,BOS,YX,-22.0,-15.9475
2025-04-13,LAS,CMH,WN,-20.0,-11.645
2025-04-29,MYR,BOS,NK,7.0,0.73
2025-04-13,PHL,MCO,F9,130.0,148.6775
2025-04-08,BWI,BOS,NK,74.0,78.5925
2025-04-08,LGB,HOU,WN,-10.0,-9.565
2025-04-24,PHX,ONT,WN,25.0,17.04
2025-04-10,DEN,RNO,UA,-13.0,-6.515
2025-04-04,SAV,MDW,WN,-10.0,-12.9875
2025-04-26,STL,PHL,AA,-11.0,-15.0275
2025-04-02,BUR,ATL,DL,22.0,22.2775
2025-04-07,DCA,MSP,DL,-18.0,-19.535
2025-04-22,LGA,FLL,NK,-38.0,-20.445
2025-04-29,JFK,SAN,B6,-21.0,-22.81
2025-04-14,BWI,CVG,WN,-2.0,-0.3
2025-04-05,CMH,DTW,OO,-3.0,-10.5475
2025-04-03,MDW,ATL,WN,13.0,12.535
2025-04-30,BOS,RDU,DL,-28.0,-13.7525
2025-04-19,DFW,MAF,MQ,55.0,6.0025
2025-04-28,OKC,ORD,YX,-24.0,-15.025
2025-04-18,LAS,SFO,F9,-10.0,-10.3325
2025-04-23,CMH,DEN,UA,-19.0,-17.44
2025-04-10,LAX,BOS,B6,-23.0,-22.8125
2025-04-21,LAX,ATL,DL,-13.0,-5.45
2025-04-15,MSP,BNA,DL,-7.0,-0.13
2025-04-20,FLL,CMH,NK,-3.0,-5.6475
2025-04-29,ATL,IAH,DL,-5.0,-2.9575
2025-04-06,GRB,DTW,OO,-7.0,-8.6025
2025-04-17,MSP,PHX,F9,-1.0,-11.3075
2025-04-29,JFK,LAX,DL,-30.0,-9.535
2025-04-27,ATL,SJU,DL,9.0,0.4425
2025-04-23,RSW,JFK,DL,-17.0,-4.7925
2025-04-15,SAT,TPA,NK,-15.0,-11.8075
2025-04-09,LAX,BNA,DL,-5.0,-15.055
2025-04-28,ORD,GRB,MQ,-11.0,-13.715
2025-04-19,BIL,DFW,MQ,5.0,-11.6075
2025-04-21,MIA,JAX,MQ,-9.0,-12.8075
2025-04-27,MDW,BWI,WN,-11.0,-2.8025
2025-04-09,PHL,PHX,AA,-20.0,-9.785
2025-04-28,SAN,SEA,DL,-18.0,-19.205
2025-04-08,JFK,SFO,AA,6.0,7.5625
2025-04-25,ROC,MCO,WN,-16.0,-15.1275
2025-04-10,DTW,SFO,DL,20.0,29.8725
2025-04-29,PHX,LAS,AA,13.0,8.7025
2025-04-30,TUS,DEN,WN,-7.0,-15.38
2025-04-15,SFO,LAS,F9,-5.0,-1.43
2025-04-05,SAN,SMF,WN,-3.0,-10.485
2025-04-14,CLT,MKE,AA,9.0,-3.215
2025-04-24,CLT,BOS,AA,2.0,-5.3575
2025-04-05,BOS,ORD,UA,19.0,-14.0225
2025-04-18,SNA,LAS,NK,-1.0,-4.1025
2025-04-04,DEN,GEG,WN,-3.0,2.8575
2025-04-19,KOA,HNL,WN,-4.0,-10.61
2025-04-02,LAX,SEA,AS,-16.0,-16.145
2025-04-06,DEN,ONT,UA,-12.0,0.2325
2025-04-26,MSY,ORD,UA,25.0,18.4275
2025-04-02,SLC,DEN,DL,38.0,40.7225
2025-04-30,CLT,BNA,OH,25.0,39.2325
2025-04-01,DEN,SDF,UA,-10.0,-10.905
2025-04-13,DFW,DEN,AA,-13.0,-9.4625
2025-04-05,SEA,SLC,DL,-5.0,-9.7675
2025-04-08,BWI,STL,WN,1.0,-1.1775
2025-04-29,ONT,DFW,AA,-10.0,-10.395
2025-04-25,PBI,BNA,WN,-9.0,-14.8
2025-04-13,AVL,SRQ,G4,-16.0,-17.6625
2025-04-13,SAN,DEN,WN,-18.0,-6.3625
2025-04-05,SBP,DEN,UA,5.0,-8.7325
2025-04-16,ABQ,OAK,WN,-9.0,-19.2925
2025-04-28,SLC,AUS,WN,5.0,-6.06
2025-04-22,FAT,PHX,AA,-8.0,-8.3875
2025-04-20,PHL,BOS,AA,-15.0,-16.225
2025-04-11,ACY,PBI,NK,-14.0,-15.195
2025-04-30,BQN,JFK,B6,-30.0,-26.135
2025-04-26,CMH,JFK,YX,8.0,-13.07
2025-04-12,EWR,MSY,UA,-34.0,-5.68
2025-04-11,SFO,LAS,F9,7.0,19.54
2025-04-09,STL,PHX,WN,-12.0,-11.1875
2025-04-04,SNA,ATL,DL,-9.0,-6.1525
2025-04-21,ORD,SAV,UA,-18.0,-11.655
2025-04-24,ORD,CLT,UA,-12.0,-13.3425
2025-04-20,JFK,LAS,DL,-12.0,-24.7175
2025-04-11,CVG,DEN,WN,-16.0,-8.8075
2025-04-06,PHL,DFW,F9,26.0,14.095
2025-04-01,DFW,SDF,AA,-8.0,-6.995
2025-04-01,PDX,SEA,OO,14.0,3.175
2025-04-21,PIA,DFW,MQ,-24.0,-18.0575
2025-04-26,MCO,PVD,B6,-19.0,-10.615
2025-04-30,ORD,CLE,YX,-12.0,-8.8475
2025-04-30,BOS,FLL,NK,-26.0,-18.995
2025-04-05,DEN,JAC,UA,-13.0,-8.515
2025-04-02,BNA,LGA,WN,-11.0,-11.515
2025-04-03,DCA,DFW,AA,3.0,10.65
2025-04-24,CHS,DCA,YX,-13.0,-14.0125
2025-04-18,PHX,XNA,MQ,-13.0,-15.9625
2025-04-24,ORF,ATL,DL,-7.0,-16.0075
2025-04-06,XWA,MSP,OO,-25.0,-8.965
2025-04-18,ATL,LGA,DL,-7.0,-13.9925
2025-04-17,PHX,SLC,DL,18.0,12.8775
2025-04-02,LAX,EWR,AS,10.0,-24.3125
2025-04-10,DFW,RSW,AA,29.0,29.9375
2025-04-22,DFW,IAH,AA,10.0,8.935
2025-04-14,CLT,DEN,AA,1.0,-6.985
2025-04-20,LAX,SFO,WN,-6.0,-3.625
2025-04-15,PHX,DTW,F9,-24.0,-22.185
2025-04-11,CVG,MCO,DL,-5.0,-14.775
2025-04-10,LAS,OMA,WN,-14.0,-13.795
2025-04-15,LGA,BNA,YX,1.0,-1.4525
2025-04-16,SFO,IND,UA,-8.0,-7.26
2025-04-21,LGA,ATL,WN,-29.0,-22.5175
2025-04-06,GEG,SEA,AS,22.0,17.6375
2025-04-26,LAX,MDW,WN,-13.0,5.545
2025-04-18,DEN,ATL,DL,64.0,56.3925
2025-04-29,BWI,AUS,WN,-11.0,-5.4225
2025-04-10,LAX,DEN,OO,-9.0,-18.2925
2025-04-25,IAH,PHL,UA,2.0,-3.7525
2025-04-04,JAX,DFW,AA,-6.0,-13.99
2025-04-20,BNA,BWI,WN,-25.0,-18.705
2025-04-06,PHX,EUG,AA,-2.0,-11.27
2025-04-21,JAX,HOU,WN,-15.0,-6.855
2025-04-14,BOS,JFK,YX,-15.0,-8.4875
2025-04-26,AUS,LAX,AA,-19.0,-19.2975
2025-04-22,SFO,LAX,DL,-27.0,-17.82
2025-04-25,OAK,PSP,WN,39.0,24.5925
2025-04-26,FLL,BWI,WN,-10.0,-7.455
2025-04-15,ATL,CLE,DL,-1.0,-12.405
2025-04-26,ORD,BNA,OO,-21.0,-18.025
2025-04-15,ATL,EWR,DL,193.0,167.2775
2025-04-30,IND,CLT,AA,-2.0,-4.8725
2025-04-21,IND,MIA,AA,-4.0,-14.14
2025-04-10,DEN,PHX,UA,24.0,33.2325
2025-04-23,MSP,SAN,DL,1.0,-15.9425
2025-04-09,KOA,HNL,HA,-1.0,-5.4375
2025-04-25,ORD,RNO,UA,-1.0,-1.155
2025-04-22,PHL,IND,YX,42.0,46.5875
2025-04-28,ATL,DCA,DL,50.0,27.1825
2025-04-06,LAX,DEN,UA,10.0,-4.63
2025-04-28,CID,DFW,AA,47.0,40.7975
2025-04-24,LGA,ORD,DL,-17.0,-19.9225
2025-04-07,LGA,IAH,UA,15.0,-18.005
2025-04-10,SMF,EWR,UA,1.0,-20.7875
2025-04-10,FAT,SFO,OO,-16.0,-5.8525
2025-04-29,PHX,LAX,OO,-14.0,-11.93
2025-04-14,BUR,SMF,WN,-9.0,-16.355
2025-04-06,LGA,ATL,NK,27.0,-18.6675
2025-04-29,PHX,MCI,WN,-11.0,-10.7325
2025-04-15,MSY,ATL,DL,25.0,19.4575
2025-04-27,BOI,OAK,WN,-23.0,-16.545
2025-04-24,PHX,IAD,UA,32.0,3.25
2025-04-20,HOU,MAF,WN,44.0,50.0325
2025-04-27,HNL,ITO,HA,37.0,35.7525
2025-04-09,MYR,BWI,WN,-17.0,-12.4925
2025-04-26,DFW,OKC,MQ,6.0,-6.5775
2025-04-13,SEA,ANC,AS,-16.0,-7.9425
2025-04-27,STL,DEN,WN,-23.0,-23.675
2025-04-29,LAX,PHX,AA,-3.0,-13.9075
2025-04-12,SEA,ATL,DL,-24.0,-14.755
2025-04-06,OAK,LGB,WN,-14.0,-14.175
2025-04-26,DCA,PVD,YX,-1.0,-2.805
2025-04-26,FLL,DCA,WN,-26.0,-1.9775
2025-04-05,DTW,TVC,DL,7.0,5.7
2025-04-21,RDM,LAX,OO,-4.0,0.5875
2025-04-23,MSP,PHX,WN,-5.0,-16.77
2025-04-28,SRQ,EWR,UA,0.0,-5.0375
2025-04-17,CLT,RDU,AA,-1.0,0.4975
2025-04-17,PIT,ATL,DL,8.0,4.185
2025-04-10,LGB,SJC,WN,16.0,11.1325
2025-04-10,LIH,SEA,AS,8.0,1.2675
2025-04-08,ORD,PDX,UA,3.0,-15.8075
2025-04-10,LGA,PBI,DL,-9.0,-12.8475
2025-04-19,RSW,PHL,AA,23.0,19.6975
2025-04-04,DEN,BNA,UA,52.0,-2.155
2025-04-08,TPA,BOS,DL,3.0,15.745
2025-04-25,DFW,DCA,AA,21.0,-1.18
2025-04-08,ATL,GRR,DL,-4.0,-7.7075
2025-04-09,JFK,LAX,DL,-8.0,-11.4725
2025-04-23,BWI,ORD,MQ,-17.0,-12.58
2025-04-27,ALB,TPA,WN,-18.0,-17.735
2025-04-28,MIA,SFO,AA,-19.0,0.33
2025-04-20,IAH,MCO,UA,-7.0,-7.5925
2025-04-02,LAS,TUS,WN,-6.0,-9.0275
2025-04-07,LAX,EWR,UA,6.0,-17.5375
2025-04-10,GEG,OAK,WN,10.0,-2.4875
2025-04-11,ATL,OMA,DL,-7.0,-10.7025
2025-04-01,ORD,ATL,UA,-22.0,-8.1825
2025-04-01,CLT,OAJ,OH,-7.0,-5.3725
2025-04-25,SEA,FAI,AS,48.0,46.7925
2025-04-03,RDU,ATL,DL,-9.0,3.8525
2025-04-06,RSW,ATL,DL,-17.0,-14.6425
2025-04-13,SFO,BUR,OO,-15.0,-9.86
2025-04-02,JFK,MCO,DL,-8.0,-2.9425
2025-04-18,DEN,RNO,UA,136.0,146.3225
2025-04-03,OAK,HNL,HA,54.0,6.6775
2025-04-01,LAX,LAS,AA,0.0,9.45
2025-04-05,ORD,RSW,UA,4.0,-3.8375
2025-04-19,PHL,CMH,YX,-15.0,-15.705
2025-04-12,MDW,RSW,WN,-33.0,-15.325
2025-04-07,DCA,LGA,YX,86.0,98.115
2025-04-13,LIH,SFO,UA,-17.0,-22.37
2025-04-24,CMH,MIA,MQ,-13.0,-10.23
2025-04-06,AUS,SEA,DL,-28.0,-12.1725
2025-04-26,SEA,BOS,AS,-18.0,-11.9875
2025-04-07,DFW,MCO,AA,16.0,-6.8175
2025-04-21,BOS,SJU,DL,-4.0,10.59
2025-04-28,SEA,DTW,DL,-3.0,-14.3
2025-04-28,RDU,LGA,YX,-12.0,-17.41
2025-04-08,CLT,BNA,MQ,-10.0,-5.3325
2025-04-04,MSY,CLT,AA,-21.0,-18.7525
2025-04-27,DEN,RSW,WN,-17.0,-10.24
2025-04-06,DAL,MCO,WN,23.0,-0.545
2025-04-24,BNA,RIC,WN,-14.0,-10.2325
2025-04-06,LAS,LAX,OO,1.0,3.46
2025-04-22,LAX,ATL,DL,10.0,5.525
2025-04-08,SMF,SAN,WN,-13.0,-8.1625
2025-04-17,ATL,JAX,DL,-18.0,-9.8275
2025-04-03,LAX,SLC,DL,-20.0,-13.7475
2025-04-17,SJU,JFK,B6,855.0,858.165
2025-04-20,BFF,DEN,OO,-15.0,-11.1675
2025-04-15,LGA,ORD,UA,-5.0,-17.0375
2025-04-13,DEN,MDW,WN,-30.0,-9.8275
2025-04-27,LAS,TPA,WN,-11.0,3.505
2025-04-27,MKE,ORD,OO,-9.0,-9.0125
2025-04-12,EWR,ORF,UA,-7.0,-10.675
2025-04-19,ORD,BOS,YX,9.0,15.45
2025-04-10,MCI,ORD,UA,0.0,-1.87
2025-04-30,PHX,LAX,F9,65.0,3.8175
2025-04-27,IAH,LAS,UA,-23.0,-11.1025
2025-04-24,IAH,SAT,UA,-20.0,-12.9875
2025-04-07,MCI,PHX,WN,-31.0,-7.63
2025-04-02,DEN,PSP,OO,1.0,0.11
2025-04-28,ORD,STL,UA,-21.0,-13.325
2025-04-04,RSW,DCA,AA,-18.0,-15.0025
2025-04-27,ONT,LAS,F9,5.0,-3.2425
2025-04-17,IND,SFO,UA,70.0,37.8825
2025-04-06,ORD,MCO,F9,-8.0,-12.09
2025-04-20,ORD,SNA,AA,-5.0,-8.4375
2025-04-01,LAS,ABQ,WN,16.0,16.6325
2025-04-03,MSY,SFO,UA,19.0,-22.05
2025-04-12,PHL,DEN,AA,-16.0,-19.2725
2025-04-15,ATL,SBN,OO,-2.0,-6.1975
2025-04-27,IAH,HOB,OO,32.0,18.7125
2025-04-08,SLC,DAL,WN,-12.0,-7.7425
2025-04-13,PNS,CLT,AA,-2.0,-9.335
2025-04-04,MIA,LAS,NK,-9.0,-1.9975
2025-04-11,ISP,MIA,WN,23.0,3.1475
2025-04-04,PDX,PHX,WN,121.0,116.1275
2025-04-14,DTW,JAX,DL,-5.0,-6.755
2025-04-05,LAX,JFK,B6,-34.0,-28.5875
2025-04-23,ORD,GRB,MQ,5.0,-12.2175
2025-04-02,BOS,DEN,DL,54.0,32.535
2025-04-24,DEN,LNK,OO,203.0,195.955
2025-04-07,DSM,SFB,G4,4.0,-19.2625
2025-04-03,SJU,MIA,AA,69.0,30.895
2025-04-22,DTW,DCA,DL,-7.0,-11.9825
2025-04-14,BZN,AZA,G4,21.0,2.9275
2025-04-03,STL,DEN,WN,129.0,112.2775
2025-04-12,ORD,DTW,YX,-13.0,-6.415
2025-04-11,DFW,SJC,AA,-11.0,-11.285
2025-04-05,MSN,ORD,MQ,4.0,-4.86
2025-04-09,HNL,PDX,HA,-17.0,6.4925
2025-04-21,ORD,DTW,DL,-25.0,-16.49
2025-04-07,DFW,BHM,OH,-4.0,-12.41
2025-04-08,PIT,PGD,G4,19.0,1.7775
2025-04-16,TUS,SFO,OO,30.0,29.4175
2025-04-27,PHX,BOI,OO,-25.0,-13.1375
2025-04-23,MSN,EWR,YX,-32.0,-26.8325
2025-04-11,MEM,MSP,DL,37.0,26.775
2025-04-26,FLL,BOS,DL,3.0,3.2725
2025-04-24,LAS,JFK,B6,-18.0,-23.48
2025-04-12,ATL,BOS,DL,-6.0,-15.4575
2025-04-10,FLL,BOS,NK,-12.0,-6.52
2025-04-28,SLC,GEG,DL,-16.0,-19.145
2025-04-04,DEN,BWI,UA,11.0,9.5075
2025-04-09,ORD,ATL,DL,-4.0,-0.8425
2025-04-13,SAN,HNL,HA,30.0,23.345
2025-04-18,CLT,MHT,OH,0.0,5.7925
2025-04-19,SGU,SLC,OO,-16.0,-13.8775
2025-04-19,SGF,DEN,OO,-4.0,-1.635
2025-04-05,ABQ,ATL,DL,2.0,-24.0025
2025-04-19,LAX,PHX,WN,-13.0,-11.3425
2025-04-01,XNA,LAX,OO,-3.0,-8.9325
2025-04-06,PDX,LAS,AS,-14.0,-14.805
2025-04-13,ORD,SLC,UA,2.0,-11.545
2025-04-04,OAK,PDX,WN,9.0,-0.8025
2025-04-14,OKC,MCO,F9,-17.0,-24.1475
2025-04-06,DFW,DCA,AA,-8.0,-15.7425
2025-04-20,JAX,JFK,DL,-27.0,-15.1425
2025-04-08,GRR,AZA,G4,-11.0,-26.23
2025-04-14,BDL,ATL,DL,-15.0,-11.105
2025-04-20,BUR,PDX,AS,-24.0,-12.65
2025-04-28,LAX,OAK,WN,-26.0,-18.735
2025-04-09,BDL,DCA,AA,-17.0,-19.0625
2025-04-12,MCO,HPN,B6,-28.0,-17.44
2025-04-28,CLT,BWI,WN,-12.0,1.0375
2025-04-20,ATL,SEA,DL,-49.0,-21.8925
2025-04-25,EWR,FLL,NK,-15.0,-7.6925
2025-04-02,MDW,PHX,WN,114.0,50.185
2025-04-27,HHH,ATL,YX,-14.0,-7.82
2025-04-02,TPA,MSY,WN,133.0,137.4975
2025-04-03,LGA,MSP,DL,14.0,-10.17
2025-04-11,SAN,DCA,AS,79.0,56.1875
2025-04-29,LGA,MSY,AA,-15.0,-22.4325
2025-04-17,DTW,DFW,AA,-12.0,-3.1775
2025-04-18,DTW,RSW,DL,-12.0,-11.845
2025-04-21,SFO,BOS,DL,-20.0,-16.5975
2025-04-19,SDF,ATL,DL,-17.0,-13.2375
2025-04-06,SEA,PHX,AS,17.0,8.685
2025-04-27,BOS,SFO,UA,-29.0,-9.195
2025-04-22,OKC,DFW,AA,-17.0,-12.27
2025-04-28,DFW,HOU,MQ,-5.0,-13.48
2025-04-05,LAS,IAH,UA,3.0,-16.795
2025-04-24,AUS,MSY,WN,5.0,10.9675
2025-04-10,ORD,MCO,UA,-17.0,-3.45
2025-04-09,ORD,DCA,UA,29.0,40.9875
2025-04-14,CMH,DFW,AA,-16.0,-15.7575
2025-04-08,DFW,LGA,DL,-25.0,-24.1875
2025-04-11,CLT,ECP,AA,-10.0,-10.9925
2025-04-27,SDF,TPA,WN,26.0,11.225
2025-04-16,FLL,DEN,UA,-19.0,-15.9225
2025-04-02,SJC,PHX,WN,1.0,-2.0425
2025-04-04,SAV,DFW,AA,499.0,526.07
2025-04-01,LGA,RDU,YX,-9.0,-12.1925
2025-04-02,PHX,SNA,AA,-15.0,-8.2575
2025-04-08,TPA,DFW,AA,-18.0,-7.14
2025-04-12,MSY,MSP,DL,-17.0,-19.185
2025-04-05,EWR,MCO,NK,-5.0,11.7025
2025-04-01,DTW,MIA,NK,-19.0,-17.66
2025-04-30,BHM,ATL,DL,-16.0,-15.1225
2025-04-08,HOU,ABQ,WN,-8.0,-11.4875
2025-04-12,FLL,AVL,G4,-35.0,-30.19
2025-04-13,HOU,ABQ,WN,-14.0,-12.175
2025-04-15,GSP,CLT,AA,-16.0,-10.9575
2025-04-12,EWR,DEN,UA,-43.0,-22.905
2025-04-10,SFO,LAX,F9,-15.0,-6.2
2025-04-08,LAS,DEN,UA,-19.0,-20.6025
2025-04-02,EWR,FLL,UA,-21.0,-19.17
2025-04-25,STL,ORD,YX,42.0,16.7125
2025-04-27,DFW,ABQ,AA,80.0,85.1
2025-04-14,DFW,ECP,AA,3.0,-3.12
2025-04-19,PHX,IND,WN,-18.0,-11.375
2025-04-18,DCA,HPN,OH,3.0,-11.7075
2025-04-27,DAB,CLT,OH,-27.0,-16.215
2025-04-17,PHX,DEN,UA,-10.0,-10.0575
2025-04-29,BNA,PHL,AA,-13.0,-13.915
2025-04-29,LGA,CLE,YX,41.0,11.9675
2025-04-01,ASE,IAH,OO,70.0,69.6575
2025-04-15,SEA,DFW,DL,-19.0,-15.6975
2025-04-22,BOS,PHL,B6,6.0,2.555
2025-04-02,DFW,CRP,MQ,106.0,95.845
2025-04-19,BOI,PHX,OO,-15.0,-12.69
2025-04-12,EWR,JAX,YX,122.0,138.4175
2025-04-11,MDW,DEN,WN,-22.0,-12.375
2025-04-21,LAX,SMF,WN,144.0,148.1075
2025-04-23,FWA,ATL,OO,-5.0,0.0325
2025-04-05,ATL,MCI,WN,62.0,52.9175
2025-04-24,SFO,DTW,UA,-25.0,-11.78
2025-04-03,MIA,SFO,UA,10.0,27.0625
2025-04-05,DEN,ASE,OO,-9.0,-6.2975
2025-04-25,ATL,BDL,DL,6.0,-1.0025
2025-04-24,LGA,MYR,NK,-27.0,-28.4725
2025-04-13,MDW,SAN,WN,18.0,-5.1375
2025-04-26,DFW,DAY,OH,35.0,31.7525
2025-04-14,LAX,LAS,DL,-11.0,-13.545
2025-04-18,DEN,BIL,UA,22.0,18.4925
2025-04-10,FLL,SDF,NK,26.0,23.725
2025-04-28,MSN,ATL,DL,-14.0,-15.1425
2025-04-21,CLE,AUS,F9,-18.0,-19.7875
2025-04-09,MIA,DFW,AA,-8.0,-9.3775
2025-04-12,MSP,DEN,UA,-24.0,-19.94
2025-04-06,SLC,MFR,OO,-14.0,-10.1375
2025-04-10,CLT,DFW,AA,6.0,-1.8525
2025-04-22,ORD,SAN,AA,-18.0,-16.795
2025-04-04,LAS,SAN,OO,106.0,107.06
2025-04-11,DTW,RSW,DL,17.0,-6.785
2025-04-20,RDU,MDW,WN,0.0,1.47
2025-04-07,MSY,MCO,WN,-2.0,-17.6875
2025-04-26,ELP,ATL,DL,-15.0,-15.1175
2025-04-06,DFW,MCI,MQ,31.0,35.985
2025-04-28,MCO,MKE,NK,46.0,46.41
2025-04-16,BWI,CLT,AA,-12.0,-15.8825
2025-04-09,COS,DEN,WN,100.0,105.69
2025-04-12,CLE,LAS,WN,-15.0,-9.7375
2025-04-21,ATL,CLT,AA,5.0,-6.89
2025-04-24,MDW,LAX,WN,-4.0,-1.7625
2025-04-16,DRO,DFW,OO,-19.0,-16.1275
2025-04-02,CLT,DFW,AA,7.0,-9.9225
2025-04-18,GEG,SEA,AS,-4.0,-14.53
2025-04-28,PHL,CLT,F9,-9.0,-2.9625
2025-04-15,ANC,SEA,DL,-10.0,3.255
2025-04-22,SLC,TPA,DL,6.0,-2.6025
2025-04-17,PHX,ONT,WN,9.0,10.855
2025-04-08,BUR,SMF,WN,-5.0,-0.6625
2025-04-16,PHX,LAS,WN,-18.0,-19.655
2025-04-08,SFO,TPA,UA,13.0,20.4175
2025-04-12,ISP,MCO,WN,-16.0,-9.82
2025-04-09,DEN,MIA,WN,-17.0,-9.955
2025-04-04,DSM,MIA,MQ,22.0,-6.515
2025-04-17,SFO,IAD,UA,-13.0,-9.5325
2025-04-01,DFW,FSM,MQ,1.0,-4.6525
2025-04-29,LAX,KOA,UA,-36.0,-19.3725
2025-04-14,CLT,DCA,AA,61.0,34.9475
2025-04-10,TUL,DFW,AA,-19.0,-7.95
2025-04-08,LAX,TUS,OO,-19.0,-17.725
2025-04-13,DTW,MBS,OO,-21.0,-15.185
2025-04-18,MIA,LGA,AA,1.0,-13.465
2025-04-06,PHL,JAX,AA,-24.0,-9.61
2025-04-02,LGA,ORD,NK,80.0,27.2
2025-04-27,SDF,DEN,UA,-6.0,-11.075
2025-04-14,RIC,FLL,B6,-23.0,-18.7725
2025-04-27,HOU,TPA,WN,36.0,36.69
2025-04-18,BOS,DCA,B6,-17.0,-22.2
2025-04-11,LGA,ORD,AA,-9.0,-21.415
2025-04-11,IAH,PHX,UA,-24.0,-4.9575
2025-04-19,SFO,BUR,UA,-19.0,-14.705
2025-04-03,HNL,KOA,HA,-3.0,-8.8675
2025-04-27,ATL,LGA,DL,11.0,3.25
2025-04-21,RKS,DEN,OO,18.0,17.8525
2025-04-06,BOS,SAN,B6,-14.0,-14.4125
2025-04-30,OGG,LAX,AA,-15.0,-15.795
2025-04-02,GRR,DTW,OO,116.0,107.1025
2025-04-21,BNA,CLT,AA,-13.0,-14.075
2025-04-25,BOS,DCA,YX,-14.0,-14.9025
2025-04-29,AUS,SFO,UA,-35.0,-18.6125
2025-04-07,MBS,DTW,OO,-17.0,-18.9825
2025-04-08,TPA,DEN,WN,-11.0,-7.0475
2025-04-27,IAH,ATL,UA,-20.0,-14.955
2025-04-22,SAN,HNL,WN,-4.0,-5.135
2025-04-25,FLL,ORH,B6,-11.0,-11.035
2025-04-20,JAX,CLT,AA,108.0,115.945
2025-04-17,SEA,CVG,DL,-15.0,-21.7225
2025-04-11,MSP,CID,OO,-9.0,-13.9725
2025-04-08,LAX,PHX,WN,-11.0,-11.845
2025-04-19,HOU,SJC,WN,3.0,-13.98
2025-04-24,FLL,DFW,AA,49.0,22.46
2025-04-13,BNA,CLE,WN,8.0,0.9
2025-04-20,JAX,ATL,DL,-13.0,-14.215
2025-04-19,SJC,DEN,UA,-13.0,-19.715
2025-04-20,IAH,TUS,UA,125.0,134.435
2025-04-30,HSV,DCA,OH,32.0,36.24
2025-04-06,MSY,HOU,WN,-14.0,-6.455
2025-04-30,SAN,DAL,WN,200.0,194.935
2025-04-18,PHX,SAN,WN,3.0,-2.43
2025-04-07,KOA,HNL,HA,12.0,9.405
2025-04-10,DEN,BOI,WN,-15.0,-13.8875
2025-04-07,PSP,LAS,WN,2.0,-1.3675
2025-04-20,GCK,DFW,MQ,-12.0,-20.0075
2025-04-26,SFO,SEA,AS,-1.0,-3.8225
2025-04-23,MCO,DCA,AA,-23.0,-11.185
2025-04-17,BNA,LGA,YX,-8.0,-15.54
2025-04-13,DEN,RNO,UA,8.0,-3.29
2025-04-20,FLL,IAD,UA,-12.0,-5.0175
2025-04-28,BOI,SLC,DL,-13.0,-15.12
2025-04-15,TPA,DAL,WN,-7.0,-11.7975
2025-04-14,ATL,PBI,DL,0.0,-11.1475
2025-04-13,PBI,LGA,AA,0.0,-19.1525
2025-04-16,MSY,LAX,DL,-4.0,-10.6275
2025-04-23,DCA,BNA,OH,0.0,-11.1625
2025-04-11,CLT,PBI,AA,30.0,17.305
2025-04-19,MKE,SRQ,WN,-12.0,-13.62
2025-04-19,PHX,HOU,WN,-5.0,-10.7625
2025-04-15,IAH,PDX,UA,-29.0,-12.7025
2025-04-13,SFO,FAT,OO,44.0,45.975
2025-04-21,CMI,ORD,MQ,-7.0,-22.06
2025-04-25,DEN,LNK,OO,79.0,83.7625
2025-04-29,ATL,MSY,DL,-13.0,-9.045
2025-04-01,GSO,LGA,YX,-28.0,-18.385
2025-04-18,MCO,PVD,B6,44.0,33.51
2025-04-21,MKE,ATL,DL,-10.0,-6.2875
2025-04-27,DFW,LAX,AA,71.0,67.5275
2025-04-10,MIA,LAS,AA,73.0,77.32
2025-04-11,DEN,PHX,WN,-18.0,-18.175
2025-04-20,MSY,BNA,WN,-12.0,-13.995
2025-04-11,BTV,DTW,OO,-28.0,-23.0275
2025-04-13,DEN,BIL,UA,52.0,66.0625
2025-04-05,DEN,SEA,WN,-13.0,-9.025
2025-04-07,CVG,IAH,UA,-9.0,-14.1025
2025-04-15,AUS,BNA,OO,-1.0,2.4525
2025-04-28,PHL,ORF,OH,113.0,110.45
2025-04-24,BWI,DAL,WN,16.0,-10.0375
2025-04-17,SEA,SAN,AS,15.0,30.9975
2025-04-27,MCO,MIA,AA,14.0,18.8875
2025-04-30,JAX,ATL,DL,-17.0,-9.8025
2025-04-13,LGA,MCO,F9,98.0,100.2925
2025-04-12,ATL,LIT,DL,-14.0,-9.17
2025-04-15,IAD,AUS,UA,-8.0,-20.595
2025-04-19,ROC,ORD,UA,-6.0,-11.875
2025-04-27,IAD,IAH,UA,-7.0,5.69
2025-04-20,LAS,DEN,WN,-6.0,1.9575
2025-04-26,DFW,RNO,AA,-19.0,-10.195
2025-04-27,CLT,IND,AA,12.0,5.18
2025-04-30,DTW,SBN,OO,-5.0,-9.2525
2025-04-19,DEN,LAS,UA,-10.0,-0.22
2025-04-01,SNA,DEN,WN,-27.0,-16.9725
2025-04-07,TTN,MCO,F9,-7.0,-9.0775
2025-04-11,MSP,EWR,YX,-17.0,-17.1675
2025-04-19,ATL,CHS,DL,-1.0,-1.0325
2025-04-07,BTV,DTW,OO,6.0,-18.115
2025-04-17,MSY,BWI,WN,1.0,-4.43
2025-04-22,RIC,FLL,B6,-17.0,-22.2525
2025-04-07,LAX,ABQ,WN,-10.0,-13.3925
2025-04-15,ORD,LGA,AA,2.0,-3.65
2025-04-27,SAN,SJC,WN,-12.0,-11.1075
2025-04-09,SJC,SEA,AS,-19.0,-10.94
2025-04-22,SAN,LAX,OO,-21.0,-10.2325
2025-04-15,ORD,ROA,OO,-1.0,8.1675
2025-04-04,ATL,MGM,OO,-12.0,-11.3675
2025-04-30,LAS,RNO,NK,-29.0,-17.7225
2025-04-04,DFW,RSW,AA,121.0,109.0875
2025-04-05,SLC,TPA,WN,35.0,-7.145
2025-04-10,PHL,SFO,AA,-24.0,0.915
2025-04-10,ATL,EWR,UA,-12.0,-6.46
2025-04-30,PHX,FAT,AA,-15.0,-10.4025
2025-04-26,DCA,LAS,WN,48.0,33.61
2025-04-16,MIA,MCO,AA,95.0,90.8475
2025-04-02,MSP,DCA,DL,35.0,17.6375
2025-04-05,MFE,IAH,UA,-15.0,-15.175
2025-04-25,GCC,DEN,OO,147.0,135.2
2025-04-15,PHL,TPA,F9,4.0,-8.12
2025-04-07,DFW,BUR,AA,-21.0,-11.185
2025-04-17,CLT,SAT,AA,-12.0,-16.035
2025-04-03,BUR,OAK,WN,-24.0,-17.705
2025-04-09,ORD,PHX,UA,-4.0,5.48
2025-04-01,ATL,HNL,DL,39.0,17.555
2025-04-12,ORD,LGA,UA,-20.0,-16.905
2025-04-09,MSN,CLT,OH,-13.0,-14.4925
2025-04-18,GRB,ORD,MQ,3.0,-1.37
2025-04-26,BDL,CLT,AA,-14.0,-12.4175
2025-04-11,GRR,DFW,AA,-6.0,5.1375
2025-04-15,DFW,STL,AA,-1.0,-4.6925
2025-04-11,HOU,LAS,WN,-2.0,5.135
2025-04-08,DFW,BNA,MQ,6.0,-12.3975
2025-04-05,HOU,BWI,WN,54.0,12.83
2025-04-25,DFW,LGA,AA,-2.0,-7.8425
2025-04-19,PHL,ATL,OH,-28.0,-15.675
2025-04-25,JAN,DFW,OO,26.0,31.5925
2025-04-23,PHX,DEN,WN,5.0,6.6275
2025-04-25,ORF,DFW,AA,-12.0,-14.5025
2025-04-03,MIA,MSP,DL,12.0,-2.63
2025-04-14,CLT,CVG,AA,2.0,-10.1275
2025-04-25,DFW,TUL,AA,-9.0,-7.3425
2025-04-04,HOU,MEM,WN,40.0,27.92
2025-04-13,SEA,PSP,AS,8.0,6.37
2025-04-14,MIA,IND,AA,-25.0,-11.49
2025-04-11,DCA,TPA,AA,-12.0,-8.1375
2025-04-21,ATL,LGA,DL,-9.0,-14.26
2025-04-14,DEN,HOU,WN,-3.0,7.5975
2025-04-23,CLT,DTW,DL,-14.0,-8.63
2025-04-12,GPT,ATL,DL,-9.0,-9.11
2025-04-25,PDX,LAX,AS,-6.0,11.5225
2025-04-17,IAD,BOS,UA,-6.0,-4.3175
2025-04-17,EWR,PHX,AA,93.0,92.66
2025-04-12,ORD,CLT,AA,-35.0,-14.8475
2025-04-18,JAX,BOS,B6,-14.0,-22.8925
2025-04-29,BOS,MSP,DL,-5.0,-2.7475
2025-04-22,LGB,LAS,WN,0.0,-9.2975
2025-04-17,SFO,ONT,OO,10.0,16.69
2025-04-30,MSP,ATL,DL,-12.0,-18.595
2025-04-13,SEA,CVG,DL,-10.0,-7.475
2025-04-18,STL,PHL,WN,-10.0,-6.115
2025-04-14,ORD,GSP,OO,-3.0,-4.465
2025-04-25,BTV,PHL,OH,-1.0,-0.8175
2025-04-25,DTW,MDW,OO,3.0,0.12
2025-04-06,LAS,SMF,OO,-2.0,-5.1025
2025-04-03,SRQ,ATL,DL,-10.0,-7.3675
2025-04-18,MSP,DTW,DL,-20.0,-10.43
2025-04-11,MSP,DTW,DL,10.0,-11.1725
2025-04-20,EWR,LAX,UA,29.0,24.9825
2025-04-08,SAT,PHL,AA,23.0,36.6325
2025-04-04,JMS,DEN,OO,45.0,19.31
2025-04-04,HSV,CLT,OH,-2.0,1.8325
2025-04-13,EWR,MIA,NK,-13.0,8.8225
2025-04-23,JFK,DCA,YX,5.0,-5.5175
2025-04-15,LAX,SFO,OO,-12.0,-2.785
2025-04-10,MIA,IAH,UA,-10.0,0.275
2025-04-03,MSY,MCO,WN,68.0,58.7175
2025-04-07,MSY,AUS,WN,-11.0,-14.22
2025-04-13,SRQ,ORD,AA,-15.0,-2.8175
2025-04-29,SAN,SFO,WN,21.0,28.7325
2025-04-23,LAS,MDW,WN,-31.0,-24.7575
2025-04-16,DEN,SFO,F9,-18.0,-13.52
2025-04-15,DCA,BNA,WN,5.0,-10.775
2025-04-21,EWR,IND,YX,19.0,5.4775
2025-04-13,LAS,GRR,G4,-34.0,-2.8125
2025-04-11,DFW,PHX,AA,-10.0,-9.785
2025-04-11,IAD,LAX,UA,-38.0,-7.0625
2025-04-09,BNA,ATL,WN,-24.0,-16.735
2025-04-18,ORD,IND,MQ,-10.0,-11.66
2025-04-26,EWR,SAN,UA,166.0,149.38
2025-04-26,BLI,AZA,G4,3.0,-5.5225
2025-04-30,SLC,DEN,DL,-13.0,-22.4425
2025-04-24,CLE,IAD,YX,-22.0,-18.0125
2025-04-14,BHM,HOU,WN,-23.0,-13.82
2025-04-07,PHX,SJC,OO,-23.0,-14.3375
2025-04-18,DAL,JAX,WN,15.0,5.155
2025-04-21,DFW,LGA,AA,-10.0,-12.36
2025-04-05,IAH,DFW,UA,235.0,251.5025
2025-04-23,LAS,OAK,NK,-14.0,-15.74
2025-04-18,RSW,IND,WN,30.0,22.2675
2025-04-08,DEN,MSP,DL,-20.0,-16.2175
2025-04-24,BNA,LAS,WN,-6.0,-1.74
2025-04-20,CHS,ORD,UA,-24.0,-17.365
2025-04-01,GRR,MCO,WN,-11.0,-9.86
2025-04-24,LGA,SDF,YX,-23.0,-21.1975
2025-04-12,BFL,PHX,AA,-2.0,-5.8875
2025-04-02,AUS,ELP,WN,-2.0,-1.8225
2025-04-13,DEN,LGA,WN,-32.0,-10.2375
2025-04-26,ATL,LAX,DL,46.0,37.6125
2025-04-27,DFW,BNA,AA,-7.0,-7.285
2025-04-05,SFO,PIT,UA,-8.0,-5.975
2025-04-25,FLL,ALB,B6,-14.0,-11.3825
2025-04-03,TPA,DCA,WN,15.0,12.8325
2025-04-18,ORD,BOS,UA,-7.0,1.805
2025-04-09,ATL,PHX,DL,-2.0,-4.1525
2025-04-12,ILM,CLT,AA,-33.0,-15.525
2025-04-04,IAH,SFO,UA,-6.0,23.905
2025-04-29,SAN,SFO,UA,-11.0,-6.7575
2025-04-13,BNA,CHS,WN,2.0,6.8975
2025-04-23,DTW,DFW,DL,93.0,17.4875
2025-04-10,LGA,ATL,DL,-6.0,-12.0725
2025-04-08,MCI,TPA,WN,-6.0,-3.35
2025-04-25,ATL,BOS,DL,-4.0,-12.88
2025-04-17,OKC,SAT,WN,-17.0,-11.54
2025-04-14,SLC,GTF,OO,-8.0,-14.115
2025-04-02,AUS,LGB,WN,46.0,29.9025
2025-04-26,ORD,LGA,UA,-23.0,-14.1475
2025-04-21,SAT,TPA,WN,-11.0,-8.275
2025-04-12,CHS,DCA,OH,-23.0,-19.4575
2025-04-19,LAX,SLC,DL,-10.0,-15.0425
2025-04-29,ORD,PHX,AA,-21.0,-15.645
2025-04-24,LAX,CLT,AA,-8.0,-7.3375
2025-04-05,DFW,BIL,MQ,2.0,6.3225
2025-04-17,LAS,PDX,AS,9.0,-1.4625
2025-04-23,LAS,SFO,AS,-21.0,-29.03
2025-04-02,AUS,DEN,UA,-3.0,3.9525
2025-04-26,MIA,SFO,AA,-22.0,-2.67
2025-04-28,CMH,BNA,WN,-11.0,-23.8425
2025-04-12,BDL,SJU,B6,140.0,117.1775
2025-04-13,PIA,DEN,OO,1.0,-0.2325
2025-04-24,ORD,ICT,OO,-21.0,-15.075
2025-04-30,ATL,BWI,DL,-6.0,-11.555
2025-04-06,EWR,SEA,AS,4.0,-0.2575
2025-04-14,CHS,DEN,UA,-2.0,-4.99
2025-04-12,DFW,CLT,AA,13.0,-8.2475
2025-04-27,ORD,ORF,UA,-19.0,-5.92
2025-04-18,PSP,ORD,AA,-23.0,-8.005
2025-04-23,PHL,ORD,UA,-21.0,-19.775
2025-04-21,PHX,PDX,AS,-21.0,-18.0575
2025-04-06,BWI,BUF,WN,7.0,7.3
2025-04-09,ATL,STL,DL,14.0,6.835
2025-04-30,DEN,ASE,OO,-10.0,-4.0225
2025-04-24,LAX,LAS,UA,6.0,9.1475
2025-04-04,GTF,MSP,OO,-2.0,6.525
2025-04-03,CLE,EWR,UA,-10.0,-16.58
2025-04-23,BWI,BDL,WN,119.0,132.0425
2025-04-11,ORD,BMI,MQ,-22.0,-14.0625
2025-04-20,LAN,ORD,MQ,44.0,14.87
2025-04-10,LAX,EWR,UA,-13.0,-14.6275
2025-04-21,IAH,DEN,UA,220.0,224.4975
2025-04-14,PHX,SNA,WN,-13.0,-6.94
2025-04-19,IAD,JFK,OO,-19.0,-10.5325
2025-04-28,XWA,DEN,OO,60.0,43.9825
2025-04-05,CLE,LGA,F9,-21.0,-23.9375
2025-04-06,AUS,DEN,UA,-23.0,-18.53
2025-04-11,SLC,EWR,DL,14.0,-7.685
2025-04-08,TPA,LGA,DL,32.0,6.6625
2025-04-05,MIA,SJU,AA,8.0,-1.9125
2025-04-12,ORD,FLL,UA,-15.0,-15.5975
2025-04-30,MKE,ORD,OO,6.0,8.99
2025-04-18,ATL,MSN,DL,-13.0,-15.3475
2025-04-08,MSP,LAS,DL,-5.0,-6.24
2025-04-08,TUL,CLT,OH,127.0,118.2075
2025-04-07,LAS,PDX,AS,13.0,6.495
2025-04-27,ORD,TPA,UA,-13.0,-1.6
2025-04-24,DEN,SLC,WN,52.0,50.645
2025-04-29,SDF,DEN,WN,-3.0,-11.9675
2025-04-20,CLT,PIT,AA,12.0,10.7825
2025-04-15,STL,SAT,WN,-3.0,2.7275
2025-04-08,DEN,ATL,UA,3.0,8.5175
2025-04-26,DEN,LBB,OO,39.0,47.7
2025-04-28,PHX,LAX,OO,-22.0,-12.09
2025-04-28,MBS,DTW,OO,-13.0,-13.55
2025-04-09,ATL,IAH,F9,-22.0,-14.815
2025-04-27,ORD,SJU,UA,-18.0,0.875
2025-04-25,DEN,TUL,OO,6.0,5.53
2025-04-17,MSP,PHX,WN,3.0,-16.6125
2025-04-30,CMH,DCA,MQ,-8.0,-5.75
2025-04-12,DEN,SEA,AS,-23.0,-16.7325
2025-04-04,FLL,PHX,B6,4.0,-6.1225
2025-04-23,CLT,BWI,WN,-14.0,-7.9325
2025-04-20,ATL,CLT,OH,-1.0,-6.4575
2025-04-21,MIA,CLT,NK,-15.0,-13.9625
2025-04-19,SDF,DFW,AA,105.0,102.7
2025-04-16,SJU,PVD,B6,16.0,8.215
2025-04-24,MIA,EYW,MQ,4.0,-3.14
2025-04-29,SEA,SFO,UA,-20.0,-6.6575
2025-04-18,LAS,GEG,WN,-5.0,-1.0275
2025-04-20,ORD,PHX,UA,188.0,190.2675
2025-04-26,ORD,PVD,OO,10.0,11.1775
2025-04-09,DFW,OMA,AA,-4.0,-11.6775
2025-04-22,LAX,FLL,B6,-42.0,-20.2
2025-04-24,BHM,CLT,OH,-3.0,-9.7875
2025-04-27,SAT,DEN,WN,-19.0,-7.3425
2025-04-23,IAH,RSW,UA,8.0,17.4675
2025-04-14,BIL,DEN,UA,-12.0,-11.0475
2025-04-09,LGB,SLC,OO,-14.0,-9.63
2025-04-03,EWR,SFO,UA,-22.0,-19.2
2025-04-01,DCA,BOS,AA,-14.0,-18.1475
2025-04-05,LAX,SFO,OO,6.0,-10.165
2025-04-01,MKE,ATL,WN,-36.0,-17.8325
2025-04-21,PHL,BDL,OH,113.0,109.9925
2025-04-09,PDX,LAX,AS,-4.0,-4.0625
2025-04-11,SEA,LIH,DL,-21.0,11.2075
2025-04-15,BNA,RDU,YX,-20.0,-16.4425
2025-04-08,PHX,MCI,WN,-10.0,-13.4625
2025-04-26,PNS,MIA,MQ,-14.0,-12.0475
2025-04-21,DCA,MSY,WN,13.0,-0.4
2025-04-28,TUL,DEN,WN,-6.0,-7.6275
2025-04-09,MAF,DAL,WN,-1.0,-10.0775
2025-04-17,BOS,SAT,DL,-17.0,-7.435
2025-04-02,DSM,ATL,DL,-6.0,-19.0475
2025-04-28,CLT,ATL,DL,-8.0,-8.395
2025-04-11,IAH,DFW,UA,-1.0,8.4125
2025-04-13,FLL,BNA,WN,9.0,-1.355
2025-04-16,DCA,ICT,OH,55.0,52.5175
2025-04-07,ORD,DEN,AA,-16.0,6.3575
2025-04-16,LGA,MCO,DL,42.0,53.2075
2025-04-20,ONT,LAS,WN,-9.0,-11.115
2025-04-18,BWI,IND,WN,0.0,6.665
2025-04-09,BWI,HOU,WN,-8.0,-12.0125
2025-04-07,ATL,LAX,DL,8.0,13.3275
2025-04-02,IAH,RDU,UA,20.0,22.8375
2025-04-02,ATL,TUS,DL,-5.0,-11.835
2025-04-16,JFK,FLL,DL,-22.0,-14.445
2025-04-08,ATL,CRW,OO,18.0,22.2075
2025-04-05,HPN,PBI,B6,-29.0,-24.1225
2025-04-08,CLT,TUL,AA,-27.0,-13.1375
2025-04-19,MLB,ATL,DL,-23.0,-14.7225
2025-04-24,GEG,OAK,WN,-9.0,-18.9625
2025-04-08,DFW,PIT,AA,-2.0,-7.8625
2025-04-03,IAH,PHL,UA,52.0,54.5825
2025-04-17,IAD,SFO,AS,-10.0,-14.1725
2025-04-16,MCI,MDW,WN,-21.0,-15.325
2025-04-25,BDL,FLL,B6,-21.0,-16.47
2025-04-16,PNS,ATL,DL,-20.0,-14.9775
2025-04-17,ORD,IAH,UA,-18.0,-7.7825
2025-04-29,CLT,HHH,MQ,-2.0,-5.1425
2025-04-12,DTW,RSW,DL,-16.0,1.115
2025-04-14,DSM,DEN,OO,21.0,4.945
2025-04-23,ONT,SJC,WN,4.0,1.4525
2025-04-11,ONT,LAS,WN,-10.0,-11.745
2025-04-04,SAT,LAX,OO,-18.0,-17.35
2025-04-19,JFK,BUF,B6,-2.0,1.0675
2025-04-25,MLI,ORD,OO,-17.0,-13.04
2025-04-25,BDL,ATL,DL,-1.0,-11.6475
2025-04-23,PIT,PHL,AA,-17.0,-11.23
2025-04-27,PBI,ISP,B6,-9.0,-10.4625
2025-04-27,JFK,LAS,DL,35.0,16.65
2025-04-28,FLL,PHL,NK,51.0,42.215
2025-04-29,MDW,ORF,WN,40.0,1.06
2025-04-26,DCA,PVD,YX,57.0,24.495
2025-04-17,RSW,PHL,F9,140.0,140.04
2025-04-25,CHS,LGA,YX,-8.0,-8.065
2025-04-19,PHL,IND,AA,23.0,16.235
2025-04-13,LGA,ATL,F9,-15.0,1.82
2025-04-17,ORD,CLE,AA,-2.0,-14.0125
2025-04-04,MEM,MSP,DL,21.0,10.8
2025-04-29,MCO,RDU,DL,264.0,260.0225
2025-04-14,CLT,JAX,AA,-12.0,-13.985
2025-04-19,SNA,SFO,UA,-5.0,-14.7775
2025-04-04,ORD,PIA,OO,-2.0,2.6225
2025-04-20,ATL,MDW,WN,-24.0,-13.08
2025-04-27,DFW,SFO,AA,63.0,61.0625
2025-04-19,KOA,HNL,WN,-23.0,-17.115
2025-04-23,ORD,ICT,UA,-18.0,-11.0775
2025-04-25,LAS,SJC,WN,-6.0,-2.34
2025-04-23,IAH,LIT,OO,14.0,29.3475
2025-04-04,CLT,ILM,AA,-5.0,-13.5975
2025-04-17,DFW,ATL,F9,-17.0,-1.4175
2025-04-09,MCI,DFW,MQ,-5.0,1.6275
2025-04-17,SFO,LAX,WN,-6.0,-6.7025
2025-04-25,BWI,MSP,WN,0.0,-5.875
2025-04-09,ATL,GRR,DL,-5.0,-12.17
2025-04-20,DEN,MCO,WN,-9.0,-23.3225
2025-04-08,SAT,DEN,F9,-19.0,-18.825
2025-04-14,SMF,SAN,OO,21.0,11.615
2025-04-09,MIA,BOS,AA,-22.0,-14.1225
2025-04-25,IAD,BNA,UA,13.0,-4.4775
2025-04-10,SLC,SEA,AS,18.0,-8.5675
2025-04-10,LGA,CLE,YX,-5.0,-4.75
2025-04-25,BOS,IND,YX,-6.0,5.72
2025-04-21,PVD,CLT,AA,-12.0,-1.795
2025-04-09,HNL,SEA,AS,72.0,87.445
2025-04-29,SEA,SJC,AS,18.0,17.5275
2025-04-06,MIA,ATL,DL,183.0,132.955
2025-04-01,BOS,RDU,B6,-1.0,-17.86
2025-04-04,FAT,SAN,OO,17.0,8.2475
2025-04-04,MCO,DFW,AA,39.0,-13.47
2025-04-13,MCO,BOS,DL,20.0,-2.385
2025-04-03,CLT,DCA,OH,30.0,13.5025
2025-04-05,ANC,SEA,DL,-4.0,-26.1125
2025-04-26,IND,BOS,YX,-14.0,-7.4775
2025-04-02,MCO,BNA,WN,88.0,91.66
2025-04-02,HOU,BNA,WN,-7.0,-13.625
2025-04-10,TPA,SLC,DL,-4.0,-7.85
2025-04-27,TUS,SEA,DL,-27.0,-8.2425
2025-04-16,MCO,JFK,B6,52.0,43.7175
2025-04-05,CVG,DFW,AA,154.0,132.6875
2025-04-11,SMF,LAX,WN,-10.0,-9.6275
2025-04-25,SJU,MCO,F9,54.0,68.9725
2025-04-13,DEN,PSC,OO,-5.0,-10.645
2025-04-06,SMF,BOI,WN,-13.0,-17.46
2025-04-07,LAX,DFW,AA,253.0,255.7675
2025-04-19,MIA,JFK,B6,15.0,-2.65
2025-04-30,SEA,PHX,DL,-18.0,-6.885
2025-04-13,JFK,LAX,B6,-34.0,-21.495
2025-04-03,DEN,ATL,DL,-6.0,-18.0
2025-04-08,ATL,DFW,DL,-21.0,-14.96
2025-04-29,DEN,SAN,WN,-16.0,-7.1375
2025-04-02,DFW,DEN,AA,13.0,17.81
2025-04-01,ORD,PIA,MQ,43.0,30.435
2025-04-13,LAS,DEN,UA,-2.0,5.785
2025-04-18,SEA,PDX,OO,5.0,-9.46
2025-04-02,MCO,BUF,WN,-8.0,-14.31
2025-04-05,SMF,PHX,OO,-13.0,-7.8375
2025-04-30,RDU,DFW,AA,35.0,-3.84
2025-04-16,LGA,DTW,DL,31.0,23.8625
2025-04-17,EWR,RDU,UA,-10.0,1.16
2025-04-25,DFW,JAN,OH,1.0,-10.015
2025-04-18,BHM,ATL,DL,11.0,11.7375
2025-04-13,PWM,LGA,YX,-11.0,-22.135
2025-04-24,SJU,EWR,B6,-6.0,-8.41
2025-04-23,MCI,MIA,AA,2.0,0.83
2025-04-12,DEN,PHX,WN,1.0,0.58
2025-04-14,HOU,BWI,WN,8.0,-5.5125
2025-04-13,MSP,MSY,DL,-1.0,6.1225
2025-04-09,OGG,SAN,HA,-13.0,-5.705
2025-04-12,BDL,TPA,WN,48.0,46.9375
2025-04-27,BOS,DCA,B6,15.0,-0.6125
2025-04-14,LGA,ORD,AA,2.0,-16.39
2025-04-10,MIA,ATL,AA,105.0,29.6225
2025-04-29,PHX,LAX,OO,23.0,19.6525
2025-04-02,MCI,FLL,WN,29.0,19.1975
2025-04-26,HLN,SEA,OO,-6.0,-13.565
2025-04-20,TPA,JFK,DL,-14.0,-15.6175
2025-04-06,DFW,GRR,AA,182.0,196.575
2025-04-16,EYW,ORD,UA,45.0,28.1525
2025-04-24,PHX,SAT,AA,-3.0,-11.035
2025-04-21,SMF,SAN,WN,30.0,27.94
2025-04-11,DEN,IDA,OO,-4.0,-5.92
2025-04-22,ATL,CHS,DL,5.0,3.2625
2025-04-16,SAN,PHX,AA,-7.0,-2.615
2025-04-20,PHX,DSM,MQ,6.0,-2.1375
2025-04-18,CVG,MIA,MQ,-12.0,-11.695
2025-04-26,DEN,LGB,WN,29.0,21.8125
2025-04-10,BUF,ATL,DL,3.0,0.6075
2025-04-11,DFW,DTW,AA,15.0,-0.295
2025-04-01,MIA,CLT,AA,4.0,5.985
2025-04-25,EWR,PBI,UA,-16.0,-2.815
2025-04-07,PSP,DEN,UA,-1.0,-9.9325
2025-04-09,SEA,PHX,AS,13.0,18.95
2025-04-25,SFO,SNA,OO,-9.0,-17.5875
2025-04-26,LAX,ORD,AA,-29.0,-19.155
2025-04-06,ATW,AZA,G4,-33.0,-32.41
2025-04-28,DCA,JFK,YX,-23.0,-18.2475
2025-04-04,DFW,LIT,OH,10.0,6.64
2025-04-22,ECP,BNA,WN,-12.0,6.65
2025-04-20,DFW,ELP,AA,161.0,165.605
2025-04-30,SHV,ATL,OO,-4.0,-12.06
2025-04-21,DTW,MDW,WN,-5.0,-5.2225
2025-04-04,LAS,BLI,G4,-1.0,-16.6175
2025-04-10,GNV,ATL,DL,-19.0,-13.7775
2025-04-26,SEA,ANC,AS,-8.0,-14.5975
2025-04-15,ATL,ORF,DL,-12.0,-15.5025
2025-04-20,SAT,DEN,UA,6.0,-2.38
2025-04-28,MDW,SAN,WN,-6.0,-7.94
2025-04-30,ATL,PHL,OH,-19.0,-9.1975
2025-04-17,GEG,SEA,OO,-11.0,-6.5575
2025-04-20,SFO,SNA,OO,-15.0,-12.7775
2025-04-19,ATL,MCO,WN,-14.0,-15.8625
2025-04-29,IAH,BNA,UA,6.0,11.9775
2025-04-13,LGB,ELP,WN,-11.0,-10.9025
2025-04-27,PBI,PHL,AA,13.0,19.3125
2025-04-25,ORD,IAH,AA,-18.0,-13.28
2025-04-23,TYS,CLT,OH,-15.0,-16.94
2025-04-06,FLL,EWR,UA,-28.0,-11.4175
2025-04-07,BOS,FLL,B6,-3.0,-11.0625
2025-04-22,ATL,SFO,DL,-8.0,-7.455
2025-04-20,SLC,ORD,UA,-18.0,-17.1575
2025-04-29,RDU,MDW,WN,-19.0,-14.7225
2025-04-02,EWR,BOS,UA,-4.0,5.82
2025-04-02,ORD,IND,YX,65.0,68.665
2025-04-28,SBA,LAS,WN,-9.0,-9.9725
2025-04-19,CLT,MCO,NK,-26.0,-15.955
2025-04-23,CLT,STL,AA,-22.0,-10.6575
2025-04-15,STL,BWI,WN,-1.0,3.545
2025-04-08,FLL,PIT,NK,10.0,26.6375
2025-04-29,OKC,LAS,WN,-13.0,-6.4025
2025-04-09,MIA,TYS,AA,16.0,10.25
2025-04-01,DEN,IAH,UA,18.0,15.195
2025-04-25,HNL,LIH,HA,6.0,-1.0825
2025-04-21,ORD,EAU,OO,-13.0,-15.7425
2025-04-14,PHX,SEA,OO,45.0,47.1025
2025-04-16,PVD,MCO,WN,-9.0,-8.6375
2025-04-10,EWR,BUF,UA,-30.0,-17.57
2025-04-16,PIT,RDU,YX,-25.0,-18.7525
2025-04-02,LAS,SFO,UA,-11.0,-12.6525
2025-04-13,LGA,MCI,WN,15.0,15.95
2025-04-21,DFW,IND,F9,-24.0,-8.9125
2025-04-11,GRB,DTW,OO,2.0,-8.8475
2025-04-27,BNA,JAX,WN,-1.0,3.6075
2025-04-07,ESC,DTW,OO,886.0,875.125
2025-04-26,IAD,SAN,UA,62.0,63.8975
2025-04-29,SMF,LAX,OO,-16.0,-11.315
2025-04-22,YUM,PHX,OO,12.0,-6.3225
2025-04-01,ORD,MCO,NK,-18.0,-8.565
2025-04-09,MCO,CLT,AA,-17.0,-6.8175
2025-04-16,ORD,SFO,UA,-8.0,-2.9825
2025-04-04,DAL,MCI,WN,4.0,5.355
2025-04-01,SMF,LAX,OO,-31.0,-20.365
2025-04-13,SLC,RDM,OO,-19.0,-8.11
2025-04-28,DFW,SNA,AA,-15.0,-12.0525
2025-04-09,MDW,LAS,WN,0.0,-13.0525
2025-04-04,ORD,RSW,UA,17.0,9.0275
2025-04-30,CVG,ATL,DL,-8.0,-3.6875
2025-04-16,BNA,DFW,AA,-25.0,-16.9825
2025-04-13,SFO,FAT,OO,-8.0,4.5725
2025-04-14,PHX,CLE,AA,-33.0,-24.37
2025-04-14,DAL,LIT,WN,-6.0,-5.66
2025-04-05,SUX,DEN,OO,5.0,6.1475
2025-04-09,ITO,HNL,WN,-11.0,-12.355
2025-04-30,TPA,PIT,WN,-13.0,-16.365
2025-04-06,FAR,MSP,OO,-19.0,-20.5525
2025-04-06,RSW,BWI,WN,5.0,14.65
2025-04-05,EVV,ATL,OO,-13.0,-11.4275
2025-04-07,DCA,ORD,UA,13.0,-10.4225
2025-04-27,PDX,MIA,AA,-10.0,-18.695
2025-04-06,GEG,SEA,OO,-20.0,-8.3275
2025-04-14,LAS,LAX,WN,21.0,19.2025
2025-04-28,PBI,CLT,AA,-4.0,-11.545
2025-04-26,LAS,DAL,WN,-9.0,-17.5825
2025-04-26,FAR,MSP,OO,-18.0,-17.57
2025-04-06,DCA,RSW,MQ,-3.0,-1.745
2025-04-15,MCO,BWI,WN,-24.0,-16.995
2025-04-14,PHX,FSD,MQ,-11.0,7.0075
2025-04-22,HRL,DFW,OO,-24.0,-19.2825
2025-04-25,CLT,DTW,AA,2.0,-3.4575
2025-04-23,DCA,MCI,WN,-2.0,-9.915
2025-04-13,JFK,PDX,DL,-9.0,-3.5625
2025-04-08,DEN,ELP,WN,-14.0,-12.8625
2025-04-11,DFW,CLT,AA,4.0,15.0675
2025-04-01,MIA,CLT,AA,-10.0,-4.4725
2025-04-05,DEN,GEG,WN,47.0,42.5025
2025-04-02,HNL,ITO,WN,-18.0,-15.6
2025-04-29,ORD,FSD,MQ,-9.0,-0.085
2025-04-05,SLC,BZN,DL,-10.0,-11.905
2025-04-10,ORD,LAS,AA,-18.0,-7.7925
2025-04-27,ORD,LAS,WN,-13.0,-21.3875
2025-04-06,ATL,BOS,DL,31.0,17.0775
2025-04-04,DCA,SEA,AS,-23.0,-11.72
2025-04-13,ORD,LGA,DL,-8.0,-2.8075
2025-04-29,MSP,ORD,DL,-1.0,4.135
2025-04-29,CAE,CLT,OH,4.0,-1.105
2025-04-04,ATL,JFK,B6,10.0,28.235
2025-04-11,SNA,DFW,AA,-15.0,-19.385
2025-04-21,SFB,FNT,G4,-25.0,-19.6675
2025-04-10,SGU,SLC,OO,-17.0,-15.8225
2025-04-16,DFW,PNS,AA,-17.0,-14.44
2025-04-03,MDW,TPA,WN,-9.0,-4.19
2025-04-29,HNL,DTW,DL,3.0,-4.975
2025-04-21,DEN,CPR,OO,-13.0,-13.5
2025-04-23,LGA,BOS,YX,-4.0,-13.6675
2025-04-08,CLT,RDU,AA,-11.0,-8.625
2025-04-01,PHX,CLT,AA,-25.0,-21.865
2025-04-18,PBI,ORD,UA,-3.0,-8.43
2025-04-01,ATL,MEM,DL,-2.0,5.405
2025-04-21,LGA,CLT,YX,-18.0,-12.5
2025-04-21,SYR,IAD,YX,-4.0,-8.055
2025-04-11,SLC,SJC,WN,-15.0,-18.4525
2025-04-11,BOS,CLE,YX,-23.0,-20.17
2025-04-28,STS,BUR,OO,-4.0,-3.285
2025-04-04,SRQ,CLT,AA,89.0,78.5775
2025-04-29,MIA,LGA,AA,1.0,-16.4375
2025-04-28,STT,ATL,DL,-17.0,-11.85
2025-04-29,IAD,DFW,UA,-5.0,9.69
2025-04-14,BOS,JFK,B6,9.0,8.565
2025-04-28,DRO,DEN,OO,-35.0,-19.3925
2025-04-21,ATL,MCO,WN,12.0,17.4575
2025-04-20,BOS,ATL,DL,61.0,56.93
2025-04-18,DFW,SJT,OO,-16.0,-6.815
2025-04-26,PHL,DEN,AA,21.0,5.1325
2025-04-17,ORD,TVC,MQ,56.0,51.8725
2025-04-26,BUF,TPA,F9,-39.0,-29.4225
2025-04-21,TUS,DEN,WN,-17.0,-17.0
2025-04-23,SAT,CLT,AA,8.0,-8.865
2025-04-14,SEA,LAX,OO,-15.0,-14.095
2025-04-19,STL,ORD,MQ,-17.0,-15.2375
2025-04-25,BOS,LGA,YX,-17.0,-18.24
2025-04-26,STL,SAT,WN,-15.0,-6.6275
2025-04-12,ORD,CVG,YX,64.0,75.2925
2025-04-15,EWR,MIA,UA,-12.0,-5.4025
2025-04-04,ORD,LAN,MQ,22.0,21.3725
2025-04-18,ATL,PHL,DL,42.0,22.95
2025-04-23,LAS,SAN,F9,-28.0,-28.2125
2025-04-11,PHL,SJU,F9,20.0,-9.4975
2025-04-04,LAS,SHV,G4,-3.0,-7.835
2025-04-21,SAN,LAS,F9,-5.0,-4.2375
2025-04-18,ATL,IAD,UA,80.0,82.8825
2025-04-08,COS,ORD,OO,-26.0,-13.035
2025-04-13,ATW,DEN,OO,-9.0,-20.285
2025-04-18,STL,ORD,MQ,-14.0,-14.8075
2025-04-04,SLC,DEN,F9,42.0,41.095
2025-04-09,DFW,ONT,AA,0.0,10.53
2025-04-03,MCO,SFO,F9,42.0,33.1275
2025-04-13,IAH,LAS,NK,-21.0,-20.56
2025-04-18,CMH,LGA,YX,6.0,-7.9275
2025-04-17,PHX,MRY,OO,-28.0,-14.48
2025-04-16,SEA,SMF,AS,-16.0,-11.2
2025-04-22,SBN,CLT,OH,-12.0,-14.8025
2025-04-27,DTW,RSW,DL,-13.0,-10.85
2025-04-23,EWR,CMH,YX,-9.0,-6.96
2025-04-05,ATL,TUS,DL,-5.0,-15.61
2025-04-29,SPS,DFW,OO,-15.0,-10.1275
2025-04-06,MCI,SEA,DL,-31.0,-15.375
2025-04-28,ABE,CLT,OH,-13.0,-19.1475
2025-04-08,HOU,MDW,WN,-18.0,-14.4675
2025-04-05,LAS,PDX,WN,0.0,9.22
2025-04-04,MDW,PHX,WN,-10.0,-12.225
2025-04-02,ORF,BWI,WN,-14.0,-15.695
2025-04-20,MSY,HOU,WN,29.0,18.325
2025-04-07,SAN,SMF,WN,14.0,8.745
2025-04-05,BHM,CLT,OH,-5.0,-13.81
2025-04-25,CAE,DCA,OH,12.0,-14.63
2025-04-09,SMF,DFW,AA,-21.0,-14.79
2025-04-26,PIT,LGA,YX,-16.0,-18.23
2025-04-14,SJC,HNL,WN,-27.0,-2.0975
2025-04-29,LGA,DEN,WN,-11.0,-12.3725
2025-04-14,HOU,BWI,WN,-7.0,-6.9025
2025-04-01,LAX,PHX,OO,-17.0,-5.97
2025-04-13,MIA,LGA,DL,20.0,9.69
2025-04-24,MIA,ATL,F9,-21.0,-12.12
2025-04-14,STL,MSP,WN,-6.0,-10.9175
2025-04-05,SLC,LGB,WN,11.0,22.5675
2025-04-25,SLC,MCI,DL,0.0,-5.3775
2025-04-17,DCA,MHT,OH,23.0,6.535
2025-04-29,SAV,CLT,OH,241.0,251.875
2025-04-27,ATL,CVG,DL,-15.0,-12.5375
2025-04-14,MDW,JAX,WN,-11.0,-17.1275
2025-04-07,PHL,PBI,F9,9.0,-5.3675
2025-04-28,CLT,CHS,AA,-3.0,1.1825
2025-04-22,LEX,CLT,OH,23.0,7.745
2025-04-13,DEN,ORD,AA,992.0,937.705
2025-04-01,ONT,SMF,WN,-10.0,-18.32
2025-04-13,PHX,OMA,OO,-11.0,-5.5825
2025-04-20,PBI,BDL,B6,-10.0,-5.825
2025-04-09,BNA,FLL,WN,-5.0,-11.525
2025-04-08,PHX,ORD,AA,-1.0,1.095
2025-04-03,TPA,MCI,WN,56.0,38.535
2025-04-14,MCO,RDU,YX,-24.0,-19.715
2025-04-08,ORD,SYR,UA,-5.0,0.0025
2025-04-17,LGA,ORD,UA,-27.0,-27.93
2025-04-14,CLE,BNA,WN,-22.0,-21.2475
2025-04-17,BOS,BNA,WN,20.0,2.495
2025-04-02,DEN,HDN,UA,-14.0,-8.17
2025-04-01,AUS,MAF,OO,-28.0,-18.2
2025-04-17,DEN,FAT,UA,-25.0,-13.355
2025-04-21,SJC,DEN,WN,-9.0,-15.7425
2025-04-10,LAX,AUS,WN,-4.0,-9.875
2025-04-21,ATW,DEN,OO,-5.0,-20.995
2025-04-21,MAF,DFW,MQ,-15.0,-15.9975
2025-04-14,PIT,ORD,UA,-12.0,-10.925
2025-04-15,ORD,LGA,UA,32.0,30.2425
2025-04-14,DFW,MHK,MQ,33.0,34.38
2025-04-23,SAN,DFW,AA,-14.0,-7.59
2025-04-14,FSD,FLL,G4,-31.0,26.675
2025-04-03,PHX,DEN,UA,-6.0,-13.2
2025-04-17,LGA,MCO,AA,-15.0,-13.245
2025-04-13,MCO,BWI,NK,23.0,-3.3625
2025-04-08,IND,MCO,NK,-7.0,-18.3625
2025-04-17,ORD,TUL,YX,-2.0,-9.7325
2025-04-09,PIT,BWI,WN,1.0,-5.31
2025-04-16,RSW,ORD,AA,17.0,9.95
2025-04-07,DFW,PHX,F9,-27.0,-0.4475
2025-04-02,FLL,LAX,B6,-2.0,-13.62
2025-04-26,BWI,GSP,WN,-4.0,-2.145
2025-04-19,PIA,ORD,OO,-27.0,-22.0775
2025-04-17,TUS,ATL,DL,-24.0,-20.0375
2025-04-04,BWI,ATL,WN,-1.0,1.3925
2025-04-30,TPA,JFK,B6,2.0,-13.58
2025-04-25,SFO,SAN,OO,38.0,35.6525
2025-04-24,EGE,DEN,OO,39.0,45.47
2025-04-12,MCO,EWR,UA,-11.0,-9.185
2025-04-05,RSW,BWI,WN,-18.0,-6.5925
2025-04-29,DEN,DTW,DL,232.0,241.6175
2025-04-18,PHX,AUS,WN,-25.0,-22.29
2025-04-04,LAX,SFO,UA,-1.0,-6.63
2025-04-25,DEN,CHS,UA,-10.0,-12.89
2025-04-27,ATL,BNA,DL,-3.0,-6.5575
2025-04-26,DFW,JFK,AA,119.0,69.0575
2025-04-11,IAH,ORD,AA,4.0,-7.125
2025-04-04,FSD,MSP,OO,-35.0,-18.0425
2025-04-23,OGG,PDX,HA,68.0,43.1175
2025-04-13,BNA,OMA,WN,1.0,-9.3275
2025-04-26,TPA,PHL,NK,-3.0,-5.4225
2025-04-25,ORD,TUS,AA,-10.0,-13.7375
2025-04-14,HOU,MAF,WN,-12.0,-5.66
2025-04-04,MSY,MIA,AA,-4.0,-7.2625
2025-04-30,STL,MIA,WN,6.0,-4.0825
2025-04-28,IAD,DFW,UA,-18.0,-9.0325
2025-04-20,CLT,LAX,AA,20.0,28.8625
2025-04-09,MDW,LAS,F9,-13.0,-11.415
2025-04-30,SJU,RDU,B6,-24.0,-19.6825
2025-04-08,CLT,ECP,AA,-4.0,-10.7075
2025-04-05,ORD,DCA,AA,3.0,0.63
2025-04-27,MSP,ORD,MQ,-20.0,-14.155
2025-04-28,IAD,ORD,UA,-22.0,-8.05
2025-04-23,IND,LAS,WN,-7.0,-6.2825
2025-04-03,COS,DFW,OO,10.0,3.18
2025-04-04,MDW,LGB,WN,-13.0,-5.04
2025-04-11,SFO,HNL,HA,-10.0,-0.9175
2025-04-13,LGA,DEN,UA,11.0,1.76
2025-04-22,ONT,SFO,OO,-23.0,-12.116666666666665
2025-04-30,SEA,PDX,OO,-7.0,-12.7375
2025-04-16,LAS,DFW,F9,-27.0,-17.3675
2025-04-19,CLT,MSN,AA,-6.0,-7.69
2025-04-18,MIA,DCA,AA,11.0,-10.23
2025-04-11,MSN,ORD,YX,4.0,11.2325
2025-04-17,LGA,PBI,B6,-9.0,-5.925
2025-04-30,LAX,DEN,UA,3.0,-4.0625
2025-04-20,TVC,FLL,G4,-51.0,-36.23
2025-04-10,TUL,ORD,YX,-20.0,-22.12
2025-04-11,CLE,ORD,YX,-7.0,-14.79
2025-04-18,PGD,LEX,G4,4.0,-22.3825
2025-04-26,EWR,IAH,UA,-36.0,-17.29
2025-04-12,LAX,JFK,DL,-15.0,-17.3025
2025-04-24,DCA,TUL,OH,-16.0,-9.5275
2025-04-04,LAS,ORD,WN,25.0,33.125
2025-04-24,CLT,SBN,OH,-11.0,-1.685
2025-04-02,JFK,CMH,YX,-22.0,-16.585
2025-04-25,MCO,BWI,WN,21.0,15.1775
2025-04-05,XNA,CLT,AA,47.0,43.58
2025-04-28,BWI,ATL,F9,-21.0,-14.4975
2025-04-30,MYR,CLT,OH,-16.0,-18.225
2025-04-01,DFW,SLC,DL,-6.0,-7.71
2025-04-29,LAS,IND,WN,-21.0,-13.7
2025-04-11,RDU,STL,WN,-14.0,-6.805
2025-04-06,SEA,TUS,AS,-3.0,-8.76
2025-04-03,MSP,BOI,DL,36.0,33.47
2025-04-05,HNL,LIH,HA,5.0,5.06
2025-04-05,IAH,PDX,UA,47.0,68.4825
2025-04-01,LGA,GSO,YX,5.0,6.55
2025-04-27,ATL,DFW,AA,-27.0,-16.8275
2025-04-06,STL,DTW,DL,-24.0,-21.5825
2025-04-05,ORD,CMH,UA,-15.0,-12.41
2025-04-07,LAS,JFK,B6,-11.0,-8.73
2025-04-05,IAD,FLL,UA,141.0,138.9725
2025-04-30,SMF,SAN,OO,-1.0,-4.34
2025-04-24,CLT,GRR,AA,-9.0,-3.755
2025-04-05,SEA,PHX,DL,-8.0,-5.0225
2025-04-10,FLL,SFO,UA,-30.0,-12.4325
2025-04-05,DSM,ORD,YX,-20.0,-10.73
2025-04-11,BWI,ALB,WN,-11.0,-4.355
2025-04-12,DTW,OMA,OO,38.0,48.495
2025-04-16,LAS,SJC,WN,-16.0,-9.425
2025-04-22,IAD,SEA,DL,8.0,-14.1675
2025-04-27,HNL,LIH,WN,-8.0,-5.7025
2025-04-10,BNA,BWI,WN,-6.0,-10.085
2025-04-04,SEA,KTN,AS,-17.0,-15.1575
2025-04-28,LAX,SEA,DL,-12.0,-16.9025
2025-04-17,MCO,SMF,AS,-33.0,-20.97
2025-04-06,LAS,STL,WN,-2.0,-5.2575
2025-04-03,JFK,LAX,DL,15.0,10.865
2025-04-03,LAS,MOT,G4,111.0,116.125
2025-04-30,ATL,BNA,DL,-7.0,-12.1925
2025-04-07,ORD,LGA,YX,20.0,26.9625
2025-04-12,DTW,PHL,AA,3.0,-15.9225
2025-04-22,MCI,MDW,WN,-3.0,-8.095
2025-04-12,SLC,PHX,OO,-8.0,-17.1075
2025-04-23,PHL,SFO,UA,-11.0,-8.685
2025-04-02,ATL,PHL,DL,-13.0,-14.195
2025-04-09,DEN,LAS,F9,-15.0,-15.365
2025-04-29,ITO,HNL,WN,4.0,-9.055
2025-04-24,MSY,SEA,AS,-14.0,-18.9475
2025-04-22,IAH,DCA,UA,5.0,15.0825
2025-04-21,ATL,BHM,DL,-3.0,-9.8275
2025-04-29,BOI,DEN,UA,-23.0,-19.0875
2025-04-01,MIA,BOS,B6,33.0,32.7325
2025-04-01,PHX,FAR,MQ,0.0,-1.8775
2025-04-07,LAS,BUR,NK,-32.0,-23.32
2025-04-06,SEA,BOS,DL,-15.0,-17.9725
2025-04-06,SLC,SAT,DL,8.0,0.87
2025-04-28,PHX,MCO,F9,1.0,-8.195
2025-04-25,SFO,KOA,UA,-5.0,-3.3725
2025-04-01,ORD,CMH,MQ,22.0,29.17
2025-04-29,TUL,CLT,OH,82.0,88.65
2025-04-23,FAT,LAX,OO,-10.0,-13.2625
2025-04-25,PIT,EWR,YX,-22.0,-19.9575
2025-04-17,FLL,AUS,WN,29.0,-1.235
2025-04-07,RDU,JFK,B6,-18.0,-13.6625
2025-04-13,SNA,PHX,AA,2.0,-2.4675
2025-04-30,PHX,DTW,AA,-11.0,-9.2875
2025-04-28,ORD,PHX,UA,4.0,8.625
2025-04-18,RDM,LAX,OO,-29.0,-11.425
2025-04-15,XNA,LGA,YX,-17.0,-14.3475
2025-04-30,MIA,ORD,AA,-11.0,-18.1725
2025-04-26,LAX,ATL,DL,29.0,28.78
2025-04-28,DCA,MCO,DL,124.0,88.28
2025-04-29,LGA,DTW,YX,28.0,19.095
2025-04-11,SEA,SJC,AS,19.0,12.62
2025-04-07,SAT,DFW,OO,90.0,90.1375
2025-04-18,GEG,SFO,OO,18.0,-11.2525
2025-04-05,CLT,ROC,OH,3.0,9.78
2025-04-10,DEN,SDF,UA,38.0,37.275
2025-04-07,DCA,CLE,OH,-11.0,-17.7525
2025-04-24,SEA,LAS,AS,15.0,0.785
2025-04-14,RSW,MSP,DL,14.0,10.3425
2025-04-27,CLT,MCO,AA,11.0,14.515
2025-04-07,AUS,DTW,DL,-20.0,-11.1175
2025-04-28,ATL,CMH,DL,-4.0,-12.1075
2025-04-17,LEX,DFW,MQ,0.0,-0.495
2025-04-26,BUR,SFO,OO,-23.0,-14.7025
2025-04-06,OAK,ABQ,WN,-15.0,-12.2175
2025-04-21,MCI,PHX,WN,3.0,-6.5775
2025-04-05,CVG,MCO,WN,83.0,74.795
2025-04-02,ELP,HOU,WN,25.0,24.525
2025-04-29,ATL,SHV,OO,-12.0,-13.2975
2025-04-12,LGA,MIA,DL,-9.0,-5.375
2025-04-20,LGA,DFW,DL,-6.0,-23.6825
2025-04-27,COS,DAL,WN,34.0,26.16
2025-04-13,LAS,SJC,WN,13.0,11.5725
2025-04-24,PHX,RNO,WN,-1.0,-3.215
2025-04-10,MCO,DCA,DL,73.0,61.245
2025-04-14,PVD,PGD,G4,-15.0,-1.23
2025-04-18,BNA,CLT,AA,-18.0,-17.4175
2025-04-24,LAS,BLI,G4,-37.0,-22.7975
2025-04-21,AUS,HOU,WN,16.0,-9.165
2025-04-06,SEA,CMH,AS,-7.0,-10.21
2025-04-05,ATL,IND,DL,4.0,-8.385
2025-04-25,JAX,ATL,DL,-6.0,-7.135
2025-04-26,HOU,BNA,WN,-15.0,-7.635
2025-04-05,AUS,MCO,WN,25.0,15.7825
2025-04-28,ORD,JAX,MQ,-6.0,0.2925
2025-04-25,BOS,SEA,B6,-25.0,-18.84
2025-04-30,MIA,CHS,AA,-10.0,-15.1075
2025-04-07,PHL,CVG,OH,47.0,34.625
2025-04-15,MCO,LGA,DL,45.0,48.2225
2025-04-11,ATL,LGA,WN,-6.0,-1.7625
2025-04-20,DEN,PDX,UA,-3.0,-4.7175
2025-04-24,BNA,ORD,OO,-4.0,-2.8175
2025-04-05,IND,FLL,NK,2.0,-2.6175
2025-04-08,MDW,RDU,WN,-15.0,-13.2325
2025-04-10,LGA,GSO,YX,-8.0,-14.06
2025-04-11,BUF,BWI,WN,1.0,-11.5075
2025-04-06,SLC,DFW,F9,-4.0,-14.9175
2025-04-03,MIA,MCO,YX,7.0,14.305
2025-04-14,CHS,LGA,NK,-21.0,-15.8975
2025-04-15,DCA,IND,MQ,10.0,-5.6675
2025-04-12,MIA,MSP,DL,17.0,5.355
2025-04-14,PHX,ONT,WN,11.0,0.9725
2025-04-22,DEN,SFO,WN,9.0,2.28
2025-04-03,LAS,LAX,UA,-19.0,-13.3275
2025-04-14,LGA,ATL,DL,-4.0,-10.895
2025-04-17,MCO,ORD,UA,8.0,-12.1425
2025-04-10,SAN,DCA,AS,22.0,1.105
2025-04-20,ATL,RDU,DL,-17.0,-9.9725
2025-04-24,HOU,LAS,WN,138.0,134.0125
2025-04-17,LGA,TPA,DL,-6.0,8.6925
2025-04-16,ATL,STL,DL,-12.0,-12.79
2025-04-22,LGA,CVG,YX,-10.0,-14.945
2025-04-02,MDW,ELP,WN,152.0,115.7675
2025-04-08,AUS,IAD,UA,-17.0,-8.53
2025-04-23,TUL,MDW,WN,-15.0,-16.11
2025-04-12,BWI,BOS,NK,-5.0,-3.7825
2025-04-01,DEN,ORD,UA,1.0,0.0425
2025-04-23,TPA,CLT,AA,-3.0,-0.48
2025-04-26,DFW,JFK,DL,20.0,-10.35
2025-04-14,FAR,DFW,MQ,-30.0,-30.6
2025-04-07,DFW,ATL,DL,161.0,154.0825
2025-04-05,RSW,ATL,DL,-22.0,-12.2025
2025-04-06,STL,SAT,WN,-9.0,-9.26
2025-04-18,LAX,FAT,OO,5.0,0.05
2025-04-06,DFW,FAR,MQ,-22.0,-4.63
2025-04-17,SEA,PDX,OO,-5.0,2.17
2025-04-27,PVU,SAN,G4,-11.0,-14.1625
2025-04-06,PHX,ORD,UA,-6.0,-18.7125
2025-04-05,DFW,FLG,OO,209.0,222.5725
2025-04-18,LAX,DFW,AA,0.0,-2.175
2025-04-13,BNA,ATL,DL,-11.0,-10.1275
2025-04-25,SAT,DEN,UA,32.0,31.325
2025-04-05,DFW,RAP,MQ,67.0,90.895
2025-04-15,LGA,MIA,AA,15.0,-5.3375
2025-04-27,ASE,DEN,OO,120.0,135.2775
2025-04-02,AUS,ORD,UA,145.0,95.1725
2025-04-09,PHX,MIA,AA,-5.0,-8.5925
2025-04-11,MDW,SAV,WN,9.0,-6.405
2025-04-25,DCA,BOS,YX,8.0,-3.445
2025-04-06,PHX,IAH,F9,-8.0,-20.6275
2025-04-26,SEA,KTN,AS,3.0,1.025
2025-04-05,BNA,SEA,AS,-30.0,-15.435
2025-04-10,CHS,MDW,WN,-19.0,-10.9775
2025-04-28,DFW,VPS,OH,-23.0,-18.5975
2025-04-29,SEA,SMF,OO,-15.0,-7.8425
2025-04-28,PSC,LAS,G4,-15.0,-21.53
2025-04-14,DEN,MCI,WN,-14.0,-4.7275
2025-04-24,PNS,ATL,DL,-4.0,-10.7625
2025-04-15,SAN,SLC,DL,-18.0,-16.53
2025-04-01,LAS,DCA,WN,-6.0,4.58
2025-04-07,ORF,MCO,NK,9.0,-13.225
2025-04-24,DSM,IAH,UA,-5.0,-4.0825
2025-04-18,AUS,ATL,DL,-23.0,-13.7825
2025-04-05,SEA,IND,AS,32.0,10.85
2025-04-10,PNS,ORD,UA,6.0,-15.345
2025-04-27,ATL,MIA,DL,-16.0,-9.82
2025-04-28,STL,ATL,WN,-15.0,-18.81
2025-04-16,PHL,LGA,YX,-1.0,1.365
2025-04-22,ORD,SEA,DL,-10.0,-10.3975
2025-04-24,DCA,IND,YX,-8.0,-20.735
2025-04-25,MIA,LAX,AA,34.0,50.8525
2025-04-04,BOS,IND,YX,-15.0,-17.625
2025-04-29,MSY,ATL,WN,-13.0,-16.2925
2025-04-07,MIA,TPA,MQ,-2.0,-7.0675
2025-04-25,RSW,JFK,B6,5.0,5.075
2025-04-04,DCA,MCO,B6,-30.0,-20.4975
2025-04-01,LAS,RDU,WN,-15.0,-0.6
2025-04-05,HOU,CMH,WN,27.0,28.9075
2025-04-03,PNS,BNA,WN,62.0,57.5725
2025-04-03,DTW,PIT,DL,-15.0,-18.4775
2025-04-25,SYR,DCA,OH,0.0,-1.335
2025-04-23,DCA,SDF,OH,223.0,249.8975
2025-04-14,PHX,AUS,AA,-6.0,-6.2075
2025-04-18,LAS,CLT,AA,-22.0,-12.695
2025-04-22,IAH,MCO,UA,-21.0,-14.5425
2025-04-17,SGF,CLT,MQ,-27.0,-19.3275
2025-04-20,ATL,ORD,DL,-11.0,-11.0475
2025-04-06,LAX,JFK,B6,-17.0,-23.99
2025-04-25,BWI,ATL,DL,34.0,31.3825
2025-04-28,LAX,DTW,DL,32.0,27.56
2025-04-28,MSP,DCA,OH,-15.0,-20.28
2025-04-12,MIA,LGA,DL,-17.0,-13.955
2025-04-10,BNA,DAL,WN,167.0,157.565
2025-04-21,COS,PHX,WN,-8.0,-0.88
2025-04-04,DEN,COS,OO,25.0,22.515
2025-04-07,IAD,DTW,OO,1.0,-16.2075
2025-04-12,PVD,DCA,YX,-24.0,-21.735
2025-04-29,RDD,SFO,OO,-29.0,-22.165
2025-04-21,JFK,LAX,AA,-17.0,-26.4625
2025-04-18,PVD,ORD,YX,-14.0,-16.1275
2025-04-06,SLC,ORD,UA,6.0,-5.63
2025-04-01,LAS,SFO,AS,12.0,-0.7975
2025-04-19,MFE,DFW,MQ,-20.0,-15.93
2025-04-29,MCO,SJU,B6,-7.0,-9.59
2025-04-05,CVG,SRQ,G4,8.0,-31.9675
2025-04-03,ORD,IAH,F9,21.0,11.0625
2025-04-03,PHX,RNO,AA,-7.0,-8.93
2025-04-05,DEN,DAL,WN,-9.0,-11.02
2025-04-17,MIA,MSY,AA,-14.0,-14.34
2025-04-06,FLL,BNA,NK,-14.0,-12.685
2025-04-20,LAS,TUS,WN,-12.0,-1.8075
2025-04-27,SEA,CLT,AA,1.0,-6.9125
2025-04-30,LAX,SFO,WN,-24.0,-14.895
2025-04-25,DEN,FAR,UA,4.0,16.0175
2025-04-05,PDX,ANC,AS,10.0,14.11
2025-04-13,SLC,ATL,DL,-10.0,-2.23
2025-04-13,PHX,MSY,AA,-7.0,-12.03
2025-04-03,EWR,TPA,UA,-28.0,-12.9925
2025-04-05,ATL,DCA,DL,83.0,56.015
2025-04-28,DEN,SGU,OO,0.0,4.565
2025-04-30,DCA,JFK,B6,-7.0,-13.8325
2025-04-01,CLT,SAN,AA,18.0,-3.525
2025-04-10,SDF,ATL,DL,-18.0,-21.0575
2025-04-14,DCA,BNA,OH,27.0,4.88
2025-04-02,CLT,SDF,OH,3.0,-3.2225
2025-04-05,DFW,IND,AA,119.0,125.955
2025-04-13,SEA,OKC,AS,-17.0,1.445
2025-04-17,MIA,ATL,AA,22.0,17.8475
2025-04-20,ECP,ORD,UA,4.0,3.1875
2025-04-13,STL,LGA,WN,-22.0,-19.125
2025-04-08,CLT,ILM,AA,-12.0,-9.95
2025-04-05,PDX,SEA,OO,-9.0,-10.0175
2025-04-18,SAN,DTW,DL,-4.0,10.6375
2025-04-13,MCO,AUS,NK,-12.0,-2.28
2025-04-16,MCO,SAT,WN,-9.0,-13.5225
2025-04-17,ORD,STL,MQ,24.0,8.0175
2025-04-22,ELP,DFW,AA,76.0,76.1825
2025-04-26,LAX,TUL,OO,-2.0,-6.9275
2025-04-09,LGA,MIA,AA,32.0,34.89
2025-04-04,CHS,DCA,AA,11.0,3.9475
2025-04-16,SDF,DTW,OO,-17.0,-16.835
2025-04-14,SLC,BUR,DL,-5.0,-16.665
2025-04-10,PNS,CLT,OH,31.0,-8.96
2025-04-27,TLH,MIA,MQ,9.0,-7.5125
2025-04-05,LAS,ORD,NK,-13.0,-19.03
2025-04-14,MSP,PHL,OH,132.0,130.765
2025-04-04,LGA,PIT,YX,21.0,-0.8325
2025-04-27,EWR,PBI,UA,-4.0,8.57
2025-04-30,ATL,OMA,DL,-21.0,-13.7125
2025-04-26,SNA,LAS,NK,-5.0,-9.0625
2025-04-09,SFO,TUS,OO,-4.0,-8.145
2025-04-18,MCO,EWR,UA,156.0,152.305
2025-04-19,ATL,BNA,DL,-10.0,-16.2775
2025-04-01,PHX,BOI,OO,2.0,-4.715
2025-04-17,ATL,RDU,DL,-11.0,-8.495
2025-04-03,LGA,EYW,YX,-40.0,-9.22
2025-04-28,LAX,SLC,OO,-3.0,-10.925
2025-04-23,BWI,CLT,AA,-19.0,-11.7775
2025-04-28,LAS,DEN,WN,-13.0,-10.1625
2025-04-01,ORD,DEN,WN,9.0,-5.1125
2025-04-11,BOS,SAN,DL,11.0,-1.305
2025-04-16,PHX,DCA,AA,-23.0,-9.7175
2025-04-28,DTW,MIA,DL,2.0,11.42
2025-04-13,SRQ,EWR,UA,2.0,-8.295
2025-04-21,ORD,MSP,DL,-22.0,-9.415
2025-04-20,DCA,MDW,WN,-16.0,-14.0825
2025-04-29,BDL,MIA,AA,-32.0,-18.98
2025-04-14,ORD,PHL,AA,-16.0,-6.8075
2025-04-28,OAK,DAL,WN,6.0,1.1175
2025-04-01,CLT,SJU,AA,-19.0,-10.905
2025-04-15,PHX,LAX,WN,2.0,-7.2475
2025-04-03,DCA,ORD,AA,0.0,-0.72
2025-04-05,MCO,ATL,WN,22.0,24.6525
2025-04-26,DFW,LAS,F9,-11.0,-13.8575
2025-04-21,MCO,SDF,NK,-19.0,-13.9625
2025-04-04,BNA,TPA,WN,-5.0,-5.64
2025-04-09,TUS,ORD,OO,1.0,-14.6
2025-04-20,MSY,LAS,WN,3.0,10.3425
2025-04-16,SEA,DEN,UA,-15.0,-13.6375
2025-04-08,MSN,PHX,AA,-23.0,-23.4875
2025-04-18,SEA,EWR,AS,144.0,140.295
2025-04-09,MAF,IAH,OO,0.0,-2.7725
2025-04-24,IAH,DEN,UA,37.0,18.0275
2025-04-11,LGA,OKC,OO,-17.0,-26.4675
2025-04-11,EWR,DTW,DL,28.0,26.8575
2025-04-09,IAH,LGA,DL,-16.0,-16.145
2025-04-23,DTW,TVC,DL,-17.0,-17.915
2025-04-30,SFO,DEN,WN,13.0,3.59
2025-04-04,DFW,SBN,OO,49.0,57.015
2025-04-23,MSY,TPA,WN,12.0,14.295
2025-04-23,ATW,SFB,G4,-19.0,-16.805
2025-04-12,DFW,ONT,AA,-25.0,-15.835
2025-04-29,DFW,JFK,AA,54.0,44.0325
2025-04-25,MDW,MIA,WN,2.0,-6.05
2025-04-27,SLC,JAC,DL,-9.0,-11.73
2025-04-01,OMA,IAH,UA,-24.0,-18.78
2025-04-02,SFO,LAX,UA,-11.0,-2.19
2025-04-07,PBI,PHL,F9,5.0,-4.0025
2025-04-05,MCO,IND,F9,8.0,20.4275
2025-04-10,LAX,SMF,WN,31.0,30.6725
2025-04-25,CMH,RSW,WN,-12.0,-16.2025
2025-04-09,DEN,GTF,OO,3.0,-17.7375
2025-04-30,SLC,LAX,OO,-11.0,-2.31
2025-04-13,LAS,SBP,OO,24.0,10.24
2025-04-06,MEM,DEN,UA,94.0,99.925
2025-04-29,ATL,DCA,WN,-13.0,-11.85
2025-04-22,BHM,DEN,WN,-16.0,-17.6325
2025-04-01,PHX,AUS,WN,-20.0,-16.2075
2025-04-16,MIA,STT,AA,4.0,-16.4225
2025-04-06,TYR,DFW,OO,-18.0,-11.1425
2025-04-08,MIA,DCA,DL,-12.0,7.685
2025-04-27,SFO,SEA,AS,9.0,-6.015
2025-04-03,MCO,LGA,B6,-6.0,-11.4275
2025-04-07,ATL,EWR,UA,60.0,49.7225
2025-04-30,HOU,BNA,WN,2.0,2.69
2025-04-15,CLT,SAN,AA,3.0,-12.865
2025-04-17,YAK,CDV,AS,-9.0,-28.565
2025-04-04,RNO,LAS,WN,134.0,125.3825
2025-04-20,DCA,MSY,WN,17.0,5.045
2025-04-24,DCA,BOS,AA,58.0,36.815
2025-04-17,CMH,PHL,YX,10.0,-3.385
2025-04-13,FSD,DFW,MQ,-29.0,-21.465
2025-04-20,DFW,CAE,AA,55.0,1.385
2025-04-21,IAH,ORD,UA,18.0,35.325
2025-04-04,LAX,PDX,OO,16.0,-5.465
2025-04-17,MCO,ATL,NK,6.0,9.39
2025-04-29,GNV,MIA,MQ,-21.0,-12.99
2025-04-17,HOU,STL,WN,39.0,45.5025
2025-04-24,CAK,CLT,OH,-23.0,-24.6375
2025-04-03,JAN,ATL,DL,14.0,15.2125
2025-04-05,STL,RSW,WN,63.0,43.11
2025-04-11,DCA,TLH,OH,4.0,12.5425
2025-04-29,CMH,MCO,WN,7.0,5.6775
2025-04-06,MIA,JFK,AA,-25.0,-15.7975
2025-04-17,IAD,SFO,UA,2.0,-22.8325
2025-04-05,ORD,PHX,WN,20.0,12.3
2025-04-11,AUS,LAX,UA,-20.0,-12.5575
2025-04-30,MCO,DTW,NK,-17.0,-14.2475
2025-04-28,PHX,ABQ,OO,-9.0,-0.215
2025-04-22,IAD,DEN,UA,-27.0,-20.9625
2025-04-01,PHL,DTW,DL,-19.0,-9.7725
2025-04-11,SAT,DAL,WN,-17.0,-14.4125
2025-04-19,STL,TPA,WN,2.0,-5.7475
2025-04-10,ORD,FLL,UA,-17.0,-12.1075
2025-04-05,TPA,ISP,F9,19.0,11.4625
2025-04-16,LGA,MYR,NK,116.0,109.9525
2025-04-06,MSP,GRB,OO,20.0,23.775
2025-04-22,MCO,SYR,B6,-10.0,-7.66
2025-04-15,LGA,DCA,YX,-3.0,-9.385
2025-04-14,LGA,MIA,AA,-5.0,0.9575
2025-04-08,PRC,LAX,OO,-9.0,-11.41
2025-04-16,PHX,RNO,MQ,-10.0,-11.0325
2025-04-11,AUS,RNO,WN,-11.0,-12.985
2025-04-11,MSP,BDL,DL,4.0,-6.9575
2025-04-27,BUF,MCO,WN,-17.0,-27.2725
2025-04-04,DCA,CLT,AA,-12.0,-11.515
2025-04-26,PDX,LAS,AS,-6.0,-8.27
2025-04-02,PSC,LAX,OO,9.0,-15.2025
2025-04-21,AVL,ATL,DL,-6.0,1.7225
2025-04-24,ELP,ATL,DL,1.0,-4.47
2025-04-28,BNA,ORD,F9,13.0,8.295
2025-04-02,DEN,GCC,OO,-14.0,-7.97
2025-04-16,PBI,HPN,B6,-20.0,-20.865
2025-04-07,ORD,DFW,NK,-45.0,-15.0725
2025-04-13,GTF,SLC,OO,-34.0,-18.395
2025-04-18,PDX,ORD,UA,-23.0,-23.3675
2025-04-19,CLT,AGS,OH,-16.0,-9.6475
2025-04-18,COU,DFW,OO,-10.0,-18.6525
2025-04-03,DEN,ORF,UA,256.0,238.21
2025-04-17,MIA,GSO,MQ,-21.0,-22.3475
2025-04-08,AUS,DEN,UA,-6.0,-7.105
2025-04-06,SAN,SFO,UA,12.0,-6.01
2025-04-15,IAD,SAT,UA,13.0,13.705
2025-04-14,FSD,ORD,OO,-27.0,-14.3125
2025-04-23,ORD,IAH,UA,64.0,78.0425
2025-04-20,BNA,SFO,UA,-2.0,-4.87
2025-04-08,PHL,ATL,OH,-8.0,-7.925
2025-04-28,SAN,DCA,AS,-20.0,-3.605
2025-04-25,SFO,SEA,AS,8.0,5.825
2025-04-22,CLT,AUS,AA,-15.0,-3.6325
2025-04-25,ORD,EAU,OO,4.0,7.0475
2025-04-19,EWR,DTW,DL,13.0,5.675
2025-04-06,DRO,DEN,OO,13.0,12.775
2025-04-29,SFO,LAX,UA,-26.0,-14.885
2025-04-27,TPA,DFW,AA,-21.0,-7.8925
2025-04-07,RDU,CLT,AA,24.0,25.275
2025-04-09,DIK,DEN,OO,-14.0,-2.36
2025-04-14,LAS,MCI,WN,-5.0,1.3
2025-04-02,DFW,EYW,AA,187.0,167.445
2025-04-30,LGA,DEN,UA,-4.0,-8.1925
2025-04-11,SAT,ELP,WN,-11.0,-8.1875
2025-04-01,PWM,EWR,UA,-17.0,-24.37
2025-04-24,BOS,RSW,B6,-22.0,-6.615
2025-04-14,PHX,DEN,UA,-17.0,-13.6125
2025-04-19,IAH,CLE,UA,-25.0,-16.02
2025-04-23,IAH,CLT,AA,54.0,27.4525
2025-04-03,MCO,PIT,WN,8.0,13.115
2025-04-07,MSP,LGA,DL,-33.0,-18.2225
2025-04-07,SAN,SFO,WN,-5.0,2.145
2025-04-15,CMH,EWR,YX,-21.0,-19.5225
2025-04-11,ELP,PHX,MQ,10.0,-3.3775
2025-04-25,CVG,FLL,DL,-14.0,-21.665
2025-04-24,LAX,MCO,DL,-3.0,-6.5125
2025-04-12,LAX,HNL,HA,-11.0,-16.505
2025-04-15,ECP,DFW,AA,-29.0,-12.7775
2025-04-22,BNA,TUL,WN,-18.0,-15.6875
2025-04-11,BNA,DCA,WN,36.0,33.485
2025-04-21,DEN,LAS,WN,5.0,-7.995
2025-04-09,AUS,JFK,DL,-29.0,-25.35
2025-04-08,KOA,SFO,UA,-2.0,-19.2975
2025-04-25,MKE,BWI,WN,-6.0,-14.0775
2025-04-21,ATL,SAV,DL,-7.0,-11.545
2025-04-10,TPA,BNA,WN,-5.0,-7.9075
2025-04-02,BTV,DCA,OH,-26.0,-18.145
2025-04-11,IAH,OKC,OO,-21.0,-15.8375
2025-04-07,IND,IAD,YX,-19.0,-18.9
2025-04-23,TPA,SEA,DL,-12.0,-4.5775
2025-04-15,LGA,CMH,YX,-30.0,-24.04
2025-04-03,MDW,MIA,WN,120.0,109.3525
2025-04-11,LAS,SJC,WN,72.0,69.8075
2025-04-18,ATL,AUS,DL,-18.0,-17.4675
2025-04-21,DFW,CLT,AA,13.0,-12.92
2025-04-12,SFO,BOS,UA,-23.0,-8.63
2025-04-23,LGA,DCA,YX,-17.0,-29.0825
2025-04-09,MCO,JFK,B6,-21.0,-19.0325
2025-04-19,MSP,ORD,AA,-22.0,-18.415
2025-04-21,ORF,DEN,UA,-10.0,-14.37
2025-04-09,CHS,EWR,UA,-7.0,-17.455
2025-04-10,SMF,LAX,OO,-6.0,-5.8775
2025-04-26,DCA,CHS,OH,-30.0,-12.525
2025-04-04,ATL,SDF,DL,-22.0,-17.6975
2025-04-03,ATL,GSP,DL,7.0,0.195
2025-04-18,SEA,TUS,AS,5.0,7.88
2025-04-17,DTW,LAS,NK,22.0,-15.5175
2025-04-16,MCO,BOS,B6,-20.0,-19.265
2025-04-20,DFW,GSO,MQ,-16.0,-18.0075
2025-04-06,ELP,DFW,AA,-7.0,-16.5425
2025-04-08,BNA,CMH,WN,-9.0,-9.07
2025-04-12,OAK,SNA,WN,-16.0,-17.4575
2025-04-29,MCO,IAD,UA,-10.0,-15.5525
2025-04-21,LIH,PHX,AA,-12.0,-22.985
2025-04-06,PHX,OMA,WN,36.0,7.0075
2025-04-30,ATL,MCO,DL,6.0,-4.52
2025-04-14,PBI,ATL,DL,-14.0,-10.5675
2025-04-10,AUS,MSY,WN,222.0,209.235
2025-04-12,SLC,SJC,DL,110.0,106.0175
2025-04-19,IAH,MCO,F9,32.0,-6.31
2025-04-26,EUG,SEA,AS,7.0,-0.5025
2025-04-09,MKE,DTW,OO,-18.0,-13.1325
2025-04-22,ORD,DTW,UA,-18.0,-9.36
2025-04-09,BNA,AUS,WN,-16.0,-6.2675
2025-04-09,PIA,DEN,OO,6.0,-0.0025
2025-04-08,PIT,EWR,YX,-4.0,-5.9
2025-04-19,STL,BNA,WN,-23.0,-16.8525
2025-04-25,BIL,SLC,OO,-12.0,-9.47
2025-04-09,JAX,DFW,AA,-29.0,-14.4825
2025-04-06,ATL,PHL,OH,-10.0,-1.28
2025-04-23,SJC,PHX,WN,5.0,-0.105
2025-04-14,CMH,ATL,DL,-3.0,-11.8525
2025-04-21,FLL,EWR,UA,-15.0,-17.1625
2025-04-30,SJU,FLL,B6,-21.0,-9.545
2025-04-10,MCI,AUS,WN,216.0,224.775
2025-04-07,EWR,MCO,UA,-2.0,-6.28
2025-04-18,DFW,ATL,AA,-28.0,-13.6175
2025-04-17,SJU,MCO,B6,-24.0,-22.8775
2025-04-15,BOI,PDX,OO,-2.0,-5.8575
2025-04-24,IAH,PHX,UA,-8.0,-1.885
2025-04-01,FLL,MCO,WN,3.0,5.1575
2025-04-08,SJU,MCO,WN,108.0,122.705
2025-04-28,TUS,LAX,OO,-10.0,-4.795
2025-04-08,STL,SFO,UA,-4.0,-15.2325
2025-04-30,DEN,RDU,UA,-19.0,-14.2225
2025-04-12,PNS,FLL,NK,-10.0,-14.71
2025-04-30,PHX,MDW,WN,6.0,7.215
2025-04-28,BOS,PHL,AA,-5.0,2.0525
2025-04-12,CLT,SAV,OH,6.0,8.7025
2025-04-01,PDX,LAX,AS,3.0,10.6925
2025-04-04,DEN,LAS,WN,188.0,198.9325
2025-04-25,IND,JAX,G4,-9.0,-15.7575
2025-04-13,MIA,MDW,WN,1.0,10.56
2025-04-07,PHL,LAX,AA,47.0,60.805
2025-04-18,DFW,HOU,MQ,0.0,-12.2875
2025-04-06,SBA,DEN,UA,4.0,-7.1675
2025-04-24,ORF,CLT,AA,29.0,31.27
2025-04-23,SLC,EUG,OO,-11.0,-1.28
2025-04-19,STT,MCO,NK,33.0,15.7675
2025-04-04,ORD,SBN,OO,-23.0,-13.36
2025-04-26,ORD,MSP,UA,4.0,-2.56
2025-04-15,ATL,CLE,DL,2.0,-10.7025
2025-04-20,DFW,RSW,AA,118.0,91.6
2025-04-16,LAS,DFW,AA,6.0,11.97
2025-04-22,PHX,ATL,WN,-13.0,-12.04
2025-04-30,CHS,IAD,YX,-5.0,7.3875
2025-04-09,LAS,DEN,WN,74.0,78.765
2025-04-30,MCI,HOU,WN,0.0,-8.7075
2025-04-13,DCA,ROC,OH,114.0,112.2775
2025-04-14,ORD,MCI,MQ,-11.0,-11.9425
2025-04-10,DEN,BHM,WN,35.0,27.4
2025-04-20,DTW,MDW,WN,12.0,16.305
2025-04-12,LAX,MIA,AA,38.0,-9.2225
2025-04-30,TPA,ISP,F9,-23.0,-17.13
2025-04-21,MSY,DEN,UA,36.0,29.365
2025-04-26,ORD,EWR,UA,346.0,368.7675
2025-04-30,PDX,GEG,OO,7.0,-3.08
2025-04-18,DEN,PSC,OO,116.0,117.025
2025-04-20,LGA,MEM,YX,-17.0,-15.64
2025-04-01,MIA,PHL,F9,18.0,13.015
2025-04-21,ORD,SFO,UA,3.0,-6.7
2025-04-16,DEN,MSP,UA,-12.0,-11.3875
2025-04-06,SAT,PHX,WN,-7.0,0.515
2025-04-15,SAT,DEN,WN,-10.0,-12.475
2025-04-21,JFK,MCO,DL,-20.0,-13.015
2025-04-01,CLE,BNA,WN,10.0,9.6025
2025-04-03,LGA,DFW,DL,69.0,-5.7275
2025-04-12,PSP,PHX,AA,0.0,-9.2175
2025-04-06,SLC,PIH,OO,6.0,2.915
2025-04-12,PAE,PHX,AS,-11.0,-14.155
2025-04-12,ORD,DFW,AA,-35.0,-7.8225
2025-04-18,TPA,AUS,WN,-3.0,4.18
2025-04-03,CLT,SAN,AA,10.0,-0.5025
2025-04-12,ONT,PDX,OO,-17.0,-12.395
2025-04-24,BZN,DEN,WN,-10.0,-0.8425
2025-04-15,IAH,LAS,UA,-23.0,-17.7
2025-04-05,BWI,CLT,AA,-7.0,-2.2975
2025-04-21,DFW,XNA,MQ,-22.0,-19.41
2025-04-11,BNA,DCA,WN,-16.0,-14.5225
2025-04-03,HNL,KOA,HA,-5.0,-7.25
2025-04-30,IAH,SAT,UA,27.0,31.6675
2025-04-14,ALB,MDW,WN,-3.0,-13.51
2025-04-09,OAK,SAN,WN,5.0,3.975
2025-04-27,SFB,AVL,G4,3.0,8.31
2025-04-10,DEN,TUS,UA,-21.0,-13.8
2025-04-07,DFW,LBB,MQ,10.0,9.0675
2025-04-02,SLC,LAS,DL,8.0,10.275
2025-04-06,LAX,BOS,AA,-9.0,-6.2
2025-04-09,ABQ,DAL,WN,-4.0,-5.9925
2025-04-23,SLC,OMA,OO,-11.0,-14.95
2025-04-19,PHX,DEN,WN,-7.0,-13.0275
2025-04-23,SFB,FNT,G4,-10.0,-14.6975
2025-04-13,MIA,BNA,AA,17.0,8.7625
2025-04-28,DFW,ORD,UA,-17.0,-18.6825
2025-04-02,PHX,BOI,OO,-2.0,-8.4275
2025-04-08,SLC,JAC,DL,-13.0,-10.2625
2025-04-21,RSW,DEN,UA,-24.0,-9.5575
2025-04-04,DFW,PNS,MQ,28.0,13.91
2025-04-13,MRY,PHX,OO,-8.0,-18.9725
2025-04-14,BNA,PHX,WN,12.0,0.6075
2025-04-18,PHL,FLL,AA,76.0,83.565
2025-04-28,CLT,PDX,AA,-28.0,-10.8725
2025-04-10,ATL,DAL,WN,55.0,55.3425
2025-04-22,IAD,SDF,YX,3.0,8.515
2025-04-14,ATL,SYR,DL,-4.0,-5.6225
2025-04-18,DEN,TPA,UA,103.0,124.6
2025-04-29,MIA,BOS,AA,9.0,-3.55
2025-04-10,LIH,SAN,AS,296.0,283.69
2025-04-12,LAS,HOU,WN,101.0,92.4275
2025-04-21,CLT,BNA,OH,-15.0,-12.1075
2025-04-17,JFK,MIA,DL,20.0,59.4975
2025-04-30,BUR,LAS,WN,-17.0,-12.2475
2025-04-09,MCO,DTW,DL,4.0,-6.3475
2025-04-22,MEM,DFW,AA,8.0,6.4175
2025-04-22,PHX,TUS,MQ,-1.0,-3.91
2025-04-15,PHX,OAK,WN,-15.0,-13.3775
2025-04-11,SFO,SAT,OO,11.0,10.0325
2025-04-08,LAX,MCO,UA,-9.0,-19.3225
2025-04-16,CLE,STL,WN,-14.0,-9.4925
2025-04-15,DFW,ECP,AA,-11.0,3.3575
2025-04-27,ORD,DCA,UA,-30.0,-10.1625
2025-04-24,DTW,IAD,OO,-5.0,-10.1675
2025-04-17,DFW,MCI,OO,-6.0,1.185
2025-04-26,IND,ECP,WN,-3.0,5.755
2025-04-06,PHL,MCO,AA,-8.0,-15.8025
2025-04-28,AUS,ABQ,WN,-12.0,-11.6925
2025-04-28,MCO,LAX,DL,-35.0,-7.265
2025-04-01,SLC,SEA,F9,98.0,104.4175
2025-04-21,MHK,ORD,MQ,4.0,-13.915
2025-04-18,XNA,DEN,OO,144.0,124.965
2025-04-14,ICT,ORD,OO,41.0,18.0675
2025-04-07,MCO,HOU,WN,19.0,32.1025
2025-04-14,DRO,PHX,OO,2.0,-9.4175
2025-04-03,JFK,RDU,B6,-38.0,-15.4725
2025-04-09,LAS,PDX,NK,-21.0,-21.34
2025-04-06,LAS,DEN,F9,-14.0,-12.0775
2025-04-18,ORD,DEN,UA,22.0,14.385
2025-04-03,IAD,CVG,YX,-8.0,-15.0
2025-04-15,DCA,IND,YX,5.0,-15.415
2025-04-02,ATL,ECP,DL,-16.0,-19.57
2025-04-22,FWA,CLT,OH,-22.0,-16.52
2025-04-05,MYR,CLT,AA,-19.0,-17.5
2025-04-21,ATL,JAX,DL,-3.0,-8.1825
2025-04-03,FLL,LGA,B6,-20.0,-20.6675
2025-04-02,ATL,SLC,DL,15.0,-0.5875
2025-04-06,BOS,LAS,B6,-24.0,-17.47
2025-04-18,LAX,SAN,OO,-14.0,-12.0125
2025-04-28,AUS,IAD,UA,5.0,-2.7475
2025-04-07,IAH,MSY,UA,-2.0,-4.35
2025-04-08,RSW,MSP,DL,6.0,-3.4425
2025-04-23,IAH,SFO,UA,-4.0,2.685
2025-04-28,MSY,DAL,WN,-10.0,-15.355
2025-04-25,EYW,MIA,MQ,-16.0,-14.76
2025-04-17,PHX,MDW,F9,6.0,12.875
2025-04-26,IAH,BNA,UA,-11.0,-1.1175
2025-04-10,RDU,BNA,WN,-5.0,-12.615
2025-04-01,DEN,LBF,OO,0.0,-9.075
2025-04-11,DAL,PHX,WN,-18.0,-13.505
2025-04-12,HNL,KOA,HA,-2.0,1.6925
2025-04-22,DEN,PDX,UA,17.0,13.5525
2025-04-19,BHM,PHX,WN,-19.0,-13.45
2025-04-22,STT,MCO,NK,9.0,26.9725
2025-04-21,LGA,SRQ,AA,4.0,3.0775
2025-04-30,JFK,MCO,B6,19.0,39.21
2025-04-24,SLC,SAT,DL,-5.0,-3.685
2025-04-19,PHL,PHX,AA,20.0,-1.2375
2025-04-17,STL,ATL,WN,-8.0,-5.385
2025-04-28,DCA,CMH,YX,-15.0,-15.2625
2025-04-01,ITO,HNL,HA,-5.0,-6.6325
2025-04-28,MCI,AUS,WN,0.0,-9.9275
2025-04-18,LAS,MSY,NK,-20.0,-8.955
2025-04-18,AUS,LAS,WN,13.0,-4.315
2025-04-27,DEN,LGA,UA,89.0,90.1375
2025-04-14,SAN,OAK,WN,3.0,-13.965
2025-04-11,BNA,LGA,WN,24.0,32.175
2025-04-09,SAT,PHX,WN,-11.0,-9.275
2025-04-10,BUF,LGA,YX,-19.0,-13.1575
2025-04-03,ATL,SDF,DL,36.0,1.6275
2025-04-09,PHX,CLT,AA,-20.0,-18.73
2025-04-21,SFO,SAT,OO,-8.0,2.805
2025-04-26,SJU,MDW,WN,-5.0,-0.1675
2025-04-30,EWR,MYR,NK,218.0,218.1775
2025-04-04,HOU,OAK,WN,8.0,4.28
2025-04-11,PDX,DEN,UA,-19.0,-9.39
2025-04-29,ANC,BET,AS,-8.0,-12.6675
2025-04-03,PDX,LAS,AS,-10.0,-10.8775
2025-04-19,BUR,DFW,AA,-7.0,-12.1075
2025-04-14,BUR,LAS,NK,-16.0,-28.67
2025-04-12,SEA,TUS,DL,-5.0,-8.3625
2025-04-23,DEN,SNA,F9,-1.0,-7.275
2025-04-21,LAS,SAN,WN,0.0,9.275
2025-04-29,MIA,LAX,AA,13.0,-9.9675
2025-04-03,SJU,DEN,UA,-12.0,-24.37
2025-04-26,EWR,MIA,AA,-6.0,6.2225
2025-04-07,ORD,IAH,AA,-21.0,-10.5275
2025-04-18,JFK,PBI,B6,-22.0,-12.9675
2025-04-19,CLE,LGA,YX,-16.0,-8.1725
2025-04-10,EWR,PIT,YX,-17.0,-3.19
2025-04-21,MCO,ALB,B6,-12.0,-0.3025
2025-04-25,CMH,DTW,YX,-6.0,-9.5875
2025-04-28,BUF,DEN,WN,9.0,-5.32
2025-04-16,SAN,HNL,AS,-39.0,5.385
2025-04-14,ORD,SAV,YX,-10.0,2.455
2025-04-07,BOS,MIA,B6,-3.0,-19.1025
2025-04-06,ORD,RNO,UA,-7.0,0.9725
2025-04-26,ATL,DEN,DL,-14.0,-17.0525
2025-04-19,MIA,JFK,AA,-14.0,-11.6
2025-04-16,MDW,SLC,WN,-12.0,-12.5525
2025-04-06,LIT,DEN,OO,7.0,12.2525
2025-04-08,SNA,DFW,AA,-3.0,-12.2225
2025-04-02,ASE,DFW,OO,-9.0,-12.7975
2025-04-19,IAD,BNA,YX,202.0,212.76
2025-04-11,ATL,DTW,DL,-1.0,-5.7575
2025-04-18,IND,DTW,YX,-9.0,-9.875
2025-04-27,JLN,ORD,OO,-26.0,-13.485
2025-04-15,CLT,AUS,AA,-16.0,-8.075
2025-04-13,DFW,MSP,AA,-18.0,-19.2275
2025-04-23,SFO,BOS,UA,-35.0,-24.58
2025-04-08,ATL,SYR,DL,-5.0,-9.9325
2025-04-21,MCO,MSY,WN,40.0,43.685
2025-04-06,DEN,MCO,WN,23.0,-3.62
2025-04-01,SFO,SBA,OO,-17.0,-19.815
2025-04-21,DTW,ATL,DL,-19.0,-12.4
2025-04-13,ATL,MSP,DL,55.0,55.9175
2025-04-26,PHX,XNA,MQ,-3.0,-21.1525
2025-04-10,CLE,CLT,AA,1.0,-1.34
2025-04-23,TPA,DCA,AA,47.0,1.4275
2025-04-01,DFW,SJC,NK,-12.0,-14.17
2025-04-24,DEN,DTW,UA,220.0,211.775
2025-04-10,ATL,MCO,WN,-5.0,3.75
2025-04-07,OGG,HNL,HA,-8.0,-7.355
2025-04-11,HNL,OGG,WN,1.0,-0.275
2025-04-04,EWR,SFO,UA,-2.0,6.6325
2025-04-30,HOU,DAL,WN,-18.0,-13.615
2025-04-09,CVG,MCO,F9,-22.0,-19.46
2025-04-20,DEN,OGG,UA,-8.0,-22.8725
2025-04-03,BOI,SEA,OO,-5.0,-19.925
2025-04-30,PHL,IAH,OH,6.0,-12.945
2025-04-28,JFK,MCO,B6,23.0,16.85
2025-04-25,MCO,SDF,WN,-18.0,-11.0475
2025-04-21,PDX,IDA,G4,-19.0,-18.3825
2025-04-09,MDW,BUR,WN,9.0,-8.805
2025-04-18,DEN,BIS,OO,24.0,35.42
2025-04-27,PHL,DTW,DL,-15.0,-16.31
2025-04-06,HNL,SFO,UA,-20.0,-24.6325
2025-04-24,DFW,LAX,AA,37.0,20.23
2025-04-29,SAN,SMF,WN,6.0,5.0975
2025-04-17,GRR,PGD,G4,6.0,4.755
2025-04-08,ATL,HSV,DL,33.0,33.3025
2025-04-29,LIH,HNL,WN,-13.0,-8.82
2025-04-29,SMF,KOA,WN,-28.0,-22.7075
2025-04-16,ATL,EWR,F9,4.0,-9.74
2025-04-19,ORD,LGA,UA,-23.0,-19.8125
2025-04-03,HNL,OGG,HA,3.0,-3.085
2025-04-29,HOU,DAL,WN,31.0,31.9025
2025-04-04,ORD,CMH,YX,162.0,170.175
2025-04-13,DAL,FLL,WN,-15.0,-14.7525
2025-04-14,DFW,MAF,MQ,9.0,-0.7475
2025-04-29,FSD,ATL,DL,-3.0,-10.535
2025-04-07,RDU,LGA,YX,-12.0,-3.7025
2025-04-28,SEA,DFW,AS,47.0,4.795
2025-04-22,ORD,MSN,YX,-22.0,-10.8875
2025-04-13,MIA,ATL,DL,5.0,6.69
2025-04-17,TVC,ORD,MQ,11.0,-7.245
2025-04-07,DFW,PHX,AA,-3.0,1.9725
2025-04-16,BOS,ATL,DL,-23.0,-9.7375
2025-04-28,CLT,ORD,UA,5.0,-4.8875
2025-04-13,SNA,SFO,UA,-14.0,-12.74
2025-04-21,ORD,LAX,AA,-9.0,-12.7125
2025-04-22,BOS,LAX,B6,4.0,10.9525
2025-04-15,GEG,LAX,OO,-11.0,-16.63
2025-04-14,DCA,AVL,YX,-28.0,-20.6325
2025-04-13,LAX,PDX,AS,-16.0,-9.44
2025-04-28,RDU,LAS,DL,-3.0,-3.8925
2025-04-01,LAX,SAN,OO,-15.0,-10.04
2025-04-27,DEN,OKC,WN,-12.0,-8.255
2025-04-21,CLT,DFW,AA,7.0,-5.935
2025-04-01,ORD,CVG,UA,-16.0,-10.3725
2025-04-30,ATL,LGA,F9,-21.0,-19.0975
2025-04-27,IAH,ORD,UA,-1.0,-2.525
2025-04-12,LGA,FLL,B6,-20.0,-16.2225
2025-04-25,DEN,STL,WN,33.0,50.7625
2025-04-18,JFK,SFO,B6,-14.0,9.2375
2025-04-20,LGA,MIA,AA,-23.0,-9.3075
2025-04-22,BWI,BUF,WN,10.0,5.735
2025-04-22,DEN,CMH,WN,-7.0,-2.86
2025-04-19,PSP,DFW,AA,21.0,19.63
2025-04-17,PHX,MDW,WN,-7.0,0.85
2025-04-01,PHX,JFK,AA,-21.0,-3.9825
2025-04-13,AUS,MDW,WN,-3.0,-7.88
2025-04-27,PHL,RDU,AA,22.0,28.065
2025-04-11,LIH,HNL,HA,1.0,-5.0325
2025-04-14,SFO,HNL,HA,-20.0,-3.05
2025-04-29,PHX,DAL,WN,-12.0,-12.7175
2025-04-06,MFE,DFW,AA,0.0,15.61
2025-04-29,CLT,MCO,AA,0.0,-11.195
2025-04-14,ORD,LGA,NK,-6.0,-2.685
2025-04-07,LAS,PHX,WN,-16.0,-14.75
2025-04-06,ATL,SMF,DL,-9.0,-7.6275
2025-04-28,LAX,DTW,DL,-3.0,-3.865
2025-04-04,MKE,MSP,DL,-18.0,-18.61
2025-04-29,SMF,LAS,WN,-8.0,-12.0875
2025-04-30,DTW,ATL,F9,-18.0,-10.735
2025-04-08,LAS,OAK,WN,-12.0,-14.12
2025-04-10,DAL,MSY,WN,-13.0,-7.44
2025-04-21,HGR,SFB,G4,44.0,39.365
2025-04-19,DAL,LBB,WN,16.0,-1.7175
2025-04-13,AUS,SLC,WN,1.0,-17.47
2025-04-01,DAL,ABQ,WN,-13.0,-9.32
2025-04-02,BOS,SDF,YX,10.0,-13.445
2025-04-18,MCI,BNA,WN,-6.0,-4.2175
2025-04-15,FLL,RDU,B6,13.0,22.0075
2025-04-05,SAN,SLC,WN,-13.0,-12.92
2025-04-30,CHS,EWR,UA,125.0,123.24
2025-04-17,BUR,PHX,OO,-4.0,-7.82
2025-04-09,AMA,DFW,MQ,24.0,20.18
2025-04-10,LAX,LAS,F9,40.0,51.39
2025-04-11,SGF,PGD,G4,14.0,19.7375
2025-04-23,EWR,MKE,YX,-29.0,-34.4275
2025-04-19,FLL,MDW,WN,-18.0,-11.9575
2025-04-30,BWI,CMH,WN,0.0,8.635
2025-04-21,LAS,BWI,NK,-23.0,-9.0125
2025-04-23,PSC,PHX,OO,-8.0,-15.9325
2025-04-17,ONT,SMF,WN,-15.0,-19.6875
2025-04-06,LGA,DEN,WN,-20.0,-15.425
2025-04-12,DEN,DFW,F9,-18.0,-7.7625
2025-04-06,LGA,CLT,AA,25.0,20.525
2025-04-18,PDX,DTW,DL,12.0,-5.5225
2025-04-17,SEA,SJC,OO,-18.0,-7.54
2025-04-18,ORD,FSD,OO,-9.0,-1.13
2025-04-15,HNL,DEN,UA,-2.0,-18.455
2025-04-22,ELP,AUS,WN,-11.0,-12.045
2025-04-09,SFO,JFK,AA,-26.0,-19.5275
2025-04-04,SLC,PHL,DL,-5.0,-16.5425
2025-04-16,ATL,BNA,DL,-17.0,-17.7025
2025-04-30,DEN,SLC,WN,5.0,1.5825
2025-04-08,SEA,OGG,AS,34.0,35.435
2025-04-04,KOA,HNL,HA,7.0,2.865
2025-04-18,SFO,LAX,UA,160.0,165.0625
2025-04-14,LAX,XNA,OO,-14.0,-21.125
2025-04-03,IAH,MIA,NK,-17.0,-9.16
2025-04-17,SJU,IAH,NK,-3.0,-19.3375
2025-04-04,PHL,ILM,OH,-13.0,-13.6025
2025-04-07,LAS,SAN,WN,-6.0,0.32
2025-04-03,STL,DEN,UA,96.0,88.56
2025-04-12,MDW,BOS,WN,-9.0,-8.535
2025-04-04,SRQ,ATL,DL,-19.0,-12.0225
2025-04-24,HNL,LAS,WN,-9.0,-3.34
2025-04-11,MDW,ECP,WN,-9.0,-11.085
2025-04-14,CLE,DFW,AA,49.0,34.35
2025-04-28,CLT,ONT,AA,-25.0,2.1825
2025-04-28,BRO,DFW,OO,-20.0,-18.345
2025-04-14,GSP,FLL,G4,-17.0,-16.8
2025-04-03,EWR,SFO,UA,-21.0,-14.205
2025-04-30,HNL,OAK,HA,12.0,-3.9875
2025-04-14,SAN,PHX,AA,-16.0,-13.28
2025-04-26,MSP,LAS,WN,36.0,21.9725
2025-04-04,DSM,DFW,AA,18.0,5.8325
2025-04-26,IAH,SEA,AS,-12.0,-11.3725
2025-04-23,ATL,RSW,DL,-11.0,-13.655
2025-04-10,ORD,ORF,YX,9.0,2.2025
2025-04-22,ORD,CLE,UA,-6.0,5.9325
2025-04-19,KOA,ORD,UA,20.0,2.3575
2025-04-11,ICT,ORD,UA,-4.0,-11.92
2025-04-17,PBI,BOS,B6,1.0,-10.6625
2025-04-02,BOS,PIT,YX,-10.0,-17.36
2025-04-13,LAS,CLE,F9,-20.0,-7.6075
2025-04-22,DEN,ORD,UA,14.0,17.135
2025-04-01,TUS,DEN,WN,16.0,-7.14
2025-04-14,RDU,ATL,DL,-17.0,-1.95
2025-04-26,DFW,MIA,AA,-5.0,-9.1075
2025-04-30,CLT,CVG,AA,48.0,36.5175
2025-04-09,DCA,ROC,OH,-11.0,-15.31
2025-04-20,MIA,JFK,B6,-22.0,-18.0425
2025-04-27,LAX,DEN,F9,-23.0,-17.825
2025-04-03,STL,BOS,MQ,59.0,58.135
2025-04-30,FLL,DEN,UA,-7.0,-13.5225
2025-04-07,RIW,DEN,OO,-30.0,-20.0125
2025-04-24,STL,LGA,WN,16.0,12.3225
2025-04-27,ONT,HNL,HA,-22.0,-3.3775
2025-04-14,DEN,AUS,WN,-11.0,-11.265
2025-04-10,JFK,BOS,YX,-5.0,-0.905
2025-04-20,MSY,DEN,WN,34.0,-13.1775
2025-04-19,SJU,ATL,NK,-39.0,-10.8725
2025-04-28,MSP,ATL,DL,56.0,61.3225
2025-04-28,ORD,DCA,UA,-6.0,-5.91
2025-04-14,RSW,BOS,B6,-26.0,-29.08
2025-04-14,ORD,TUL,YX,-16.0,-16.15
2025-04-23,HHH,ATL,YX,-10.0,-8.6525
2025-04-07,SFO,SBP,OO,5.0,13.5325
2025-04-18,DTW,PIT,OO,2.0,-5.1525
2025-04-11,LIH,HNL,WN,-17.0,-13.5775
2025-04-07,SAN,SFO,WN,-10.0,-1.9175
2025-04-23,BOS,BWI,WN,58.0,72.385
2025-04-21,LAS,MDW,WN,49.0,43.93
2025-04-23,LGA,BOS,YX,-26.0,-18.2925
2025-04-09,CLT,LGA,NK,28.0,26.2075
2025-04-25,CLT,DTW,AA,-10.0,-13.1125
2025-04-27,JFK,RIC,YX,36.0,58.285
2025-04-14,CLT,GSP,OH,-4.0,-1.72
2025-04-12,SFO,FAT,OO,-16.0,-13.4925
2025-04-27,CLT,PBI,AA,-5.0,-3.0725
2025-04-07,DTW,ORD,UA,16.0,-15.3425
2025-04-05,VPS,CLT,AA,-3.0,-6.315
2025-04-03,ATL,PNS,DL,1.0,-8.445
2025-04-06,MSP,EWR,YX,-20.0,-15.6
2025-04-30,PHL,BHM,OH,-15.0,-10.3675
2025-04-06,MIA,BWI,WN,16.0,16.77
2025-04-22,LAS,MCI,WN,8.0,6.235
2025-04-10,DEN,TYS,G4,-4.0,-3.7325
2025-04-11,SNA,SEA,DL,-21.0,-10.3325
2025-04-02,IAH,FLL,UA,-3.0,0.835
2025-04-03,EWR,LAX,UA,18.0,-11.2375
2025-04-27,JAX,LGA,YX,-9.0,-10.8375
2025-04-08,IAH,MCO,UA,-29.0,-12.3075
2025-04-06,EWR,IAH,UA,4.0,-11.51
2025-04-06,SNA,SFO,F9,-21.0,-20.0375
2025-04-06,BOS,EWR,UA,-16.0,-18.5975
2025-04-13,JFK,SEA,AS,-7.0,-10.1125
2025-04-24,LAS,AVL,G4,-17.0,-20.8625
2025-04-02,BNA,MCI,WN,108.0,50.515
2025-04-26,ACY,MCO,NK,-22.0,-25.2575
2025-04-01,CLT,MEM,AA,-9.0,-1.1475
2025-04-27,LAX,MCO,AA,47.0,42.36
2025-04-28,IND,DFW,AA,-20.0,-15.3075
2025-04-14,DCA,SEA,AS,13.0,13.69
2025-04-26,DEN,CID,UA,11.0,15.0875
2025-04-20,SMF,SAN,WN,-12.0,-15.035
2025-04-11,BNA,LAS,WN,12.0,22.235
2025-04-22,MIA,BOS,AA,0.0,-12.54
2025-04-15,SFO,IAD,AS,25.0,-20.695
2025-04-18,BOS,RSW,DL,-24.0,-11.1275
2025-04-10,PHX,IAH,MQ,-5.0,-2.3425
2025-04-09,MFE,DFW,MQ,-16.0,-21.7075
2025-04-20,DFW,CRP,MQ,-11.0,-7.6425
2025-04-11,LAS,BUR,WN,-4.0,1.465
2025-04-19,SAN,SJC,WN,-8.0,-8.435
2025-04-21,OGG,SFO,UA,-28.0,-19.775
2025-04-15,ORF,MDW,WN,-13.0,-15.1925
2025-04-08,PIT,BOS,B6,11.0,19.4225
2025-04-13,JFK,BOS,YX,23.0,31.8475
2025-04-21,TPA,CMH,WN,-2.0,-1.415
2025-04-24,ATL,SAN,DL,-3.0,-14.5625
2025-04-22,SJC,SEA,OO,4.0,5.47
2025-04-25,MCI,LAS,WN,-6.0,-16.4825
2025-04-18,ATL,GSO,DL,11.0,6.2525
2025-04-29,SLC,PDX,DL,-17.0,-10.255
2025-04-10,BUF,BWI,WN,1.0,-16.6525
2025-04-23,TPA,PHL,AA,5.0,-2.4075
2025-04-08,ATL,PIT,DL,49.0,41.8
2025-04-26,EWR,ORD,UA,13.0,18.325
2025-04-04,STL,LAS,WN,59.0,69.39
2025-04-05,STL,ECP,WN,-6.0,7.3675
2025-04-06,JFK,PHX,AA,14.0,20.8075
2025-04-15,ORD,DCA,UA,-5.0,-16.19
2025-04-02,DEN,PDX,WN,-22.0,-14.7725
2025-04-25,DTW,ATL,DL,-5.0,-14.7675
2025-04-08,IAH,EWR,UA,-28.0,-13.305
2025-04-07,LGA,STL,WN,-15.0,-20.255
2025-04-13,GEG,DFW,AA,-13.0,-19.695
2025-04-11,DTW,BNA,WN,-8.0,-9.67
2025-04-12,LAS,ONT,WN,-5.0,-0.935
2025-04-27,SLC,SUN,OO,17.0,-15.9825
2025-04-27,BZN,PDX,OO,-7.0,-8.1975
2025-04-11,SEA,GEG,AS,14.0,11.965
2025-04-02,CLT,LIT,OH,1.0,5.1625
2025-04-17,PBI,EWR,B6,167.0,149.8975
2025-04-23,OGG,HNL,HA,5.0,-3.8025
2025-04-14,FLL,CLT,NK,-19.0,-18.48
2025-04-11,SAN,MSP,DL,-11.0,-1.1825
2025-04-07,IAH,DSM,UA,17.0,11.1125
2025-04-13,ATL,MCI,DL,35.0,35.77
2025-04-29,JFK,JAX,DL,-31.0,-20.4025
2025-04-22,DTW,MKE,DL,-12.0,-15.5875
2025-04-12,TUL,DFW,OH,-23.0,-15.685
2025-04-11,LGA,CLT,AA,-13.0,-17.9825
2025-04-20,TVC,ORD,MQ,44.0,2.23
2025-04-18,DFW,SGF,MQ,13.0,-3.73
2025-04-20,ALB,DTW,OO,-13.0,-14.9175
2025-04-30,TPA,CLT,AA,24.0,22.6225
2025-04-22,RSW,EWR,UA,-11.0,-11.7025
2025-04-02,LAX,BOS,B6,-37.0,-21.0425
2025-04-18,ORD,TPA,AA,-21.0,-17.7275
2025-04-05,MSP,BZN,DL,-22.0,-16.8225
2025-04-18,LAX,ATL,DL,-31.0,-22.4725
2025-04-05,PDX,BUR,AS,-33.0,-18.6
2025-04-02,SEA,LAS,DL,-6.0,0.44
2025-04-16,MIA,MSY,NK,-16.0,-11.6525
2025-04-15,MDW,HOU,WN,-17.0,-11.3225
2025-04-13,SMF,SEA,OO,-7.0,-11.6325
2025-04-13,RIC,LGA,YX,-5.0,-13.7175
2025-04-12,BUF,DCA,OH,-14.0,-11.92
2025-04-09,SMF,LAX,OO,-28.0,-19.6975
2025-04-29,MSP,IAH,DL,6.0,-14.72
2025-04-17,IAH,LGA,NK,-17.0,-22.75
2025-04-21,DEN,MIA,AA,-18.0,-11.3525
2025-04-16,SJC,ONT,WN,-12.0,-16.6825
2025-04-10,DEN,LGA,UA,-6.0,-5.94
2025-04-30,PIT,MCO,WN,-5.0,-4.335
2025-04-19,LAX,SJC,OO,-16.0,-20.9325
2025-04-12,ORD,RSW,UA,-39.0,-21.665
2025-04-01,LEX,ORD,OO,-6.0,-7.2
2025-04-22,FLL,PHL,AA,-6.0,11.4675
2025-04-15,IAH,PHX,F9,-16.0,-8.915
2025-04-21,PVU,AZA,G4,-3.0,-12.3825
2025-04-06,MSP,AGS,DL,22.0,-14.8575
2025-04-22,BET,ANC,AS,6.0,3.9425
2025-04-13,SNA,SEA,DL,64.0,62.245
2025-04-16,ORD,EWR,MQ,-18.0,-11.055
2025-04-10,DCA,ATL,DL,-4.0,-5.755
2025-04-02,BWI,TPA,WN,14.0,-0.2175
2025-04-28,ATL,LAS,DL,-5.0,-8.315
2025-04-04,ORD,MSN,MQ,-5.0,-4.85
2025-04-29,DFW,CLT,AA,10.0,-17.1125
2025-04-19,MCO,SAT,F9,-29.0,-5.23
2025-04-06,CLE,CLT,AA,-14.0,-16.22
2025-04-19,DTW,ORD,DL,40.0,22.89
2025-04-23,LAS,ONT,WN,4.0,6.055
2025-04-24,DEN,BOI,UA,51.0,52.645
2025-04-02,DEN,ATL,UA,15.0,-16.125
2025-04-03,MDW,RDU,WN,6.0,-3.285
2025-04-24,BWI,TPA,F9,-10.0,-8.0425
2025-04-10,PHL,TPA,F9,27.0,5.385
2025-04-26,SNA,SFO,AS,26.0,26.18
2025-04-11,SEA,DFW,AA,-21.0,-9.645
2025-04-28,IAH,PHX,UA,-13.0,-4.5875
2025-04-14,MSP,MCO,DL,-22.0,-14.45
2025-04-09,DEN,SLC,UA,37.0,35.61
2025-04-26,MIA,CLT,NK,3.0,-5.9975
2025-04-06,DEN,MCO,UA,4.0,-7.1275
2025-04-22,GEG,SEA,AS,16.0,-3.49
2025-04-23,DTW,EWR,DL,2.0,-2.3025
2025-04-06,CAE,ATL,DL,-8.0,1.09
2025-04-14,BNA,MIA,AA,-1.0,-9.6675
2025-04-08,DTW,BNA,DL,-9.0,-4.5475
2025-04-23,BDL,DTW,DL,4.0,1.435
2025-04-18,DCA,MSY,WN,-13.0,-9.945
2025-04-17,LAX,EWR,UA,37.0,30.7625
2025-04-23,SAN,MRY,OO,90.0,87.1175
2025-04-02,ONT,ATL,DL,-15.0,-9.1975
2025-04-26,LAX,CLT,AA,3.0,-5.745
2025-04-16,MCI,PHX,WN,9.0,-5.215
2025-04-19,DEN,PVD,WN,-5.0,0.9625
2025-04-21,GEG,SLC,OO,-18.0,-16.6875
2025-04-17,SFO,BOS,DL,-23.0,-26.605
2025-04-24,BWI,BOS,WN,2.0,7.7775
2025-04-26,SNA,SLC,DL,96.0,93.295
2025-04-07,PHX,DEN,F9,-18.0,-21.9075
2025-04-22,LGB,HOU,WN,-11.0,-11.275
2025-04-03,ANC,BET,AS,10.0,0.68
2025-04-03,DFW,DEN,AA,-12.0,-12.5275
2025-04-26,SFO,PDX,OO,-16.0,-7.08
2025-04-18,LAS,ORD,AA,-34.0,-19.635
2025-04-18,HOU,SAV,WN,-17.0,-14.455
2025-04-11,CMH,DFW,AA,22.0,43.46
2025-04-02,MSP,DCA,OH,62.0,41.7275
2025-04-07,JFK,SFO,AA,-17.0,-19.81
2025-04-24,DEN,SHV,OO,24.0,6.115
2025-04-23,BOS,LAX,AA,-15.0,-25.2425
2025-04-17,GRB,ORD,MQ,-4.0,-1.515
2025-04-26,SJC,SLC,WN,-17.0,-18.0925
2025-04-10,PHL,IAH,UA,-8.0,-19.335
2025-04-18,SDF,SRQ,G4,-9.0,-6.2125
2025-04-09,AUS,BNA,WN,-8.0,-7.695
2025-04-04,SFO,ORD,UA,-18.0,-16.57
2025-04-28,GGG,DFW,OO,-17.0,-11.4775
2025-04-04,DAY,ATL,DL,-36.0,-26.02
2025-04-01,SEA,MCO,AS,6.0,-4.515
2025-04-28,ITO,HNL,HA,1.0,-2.2925
2025-04-15,MCI,TPA,WN,-10.0,-3.35
2025-04-25,DFW,BHM,OO,36.0,33.945
2025-04-25,SEA,DEN,UA,-1.0,-17.0075
2025-04-10,SAN,SEA,AS,41.0,49.6125
2025-04-14,DEN,ATL,WN,12.0,17.2075
2025-04-12,LAX,MRY,OO,-10.0,-3.0425
2025-04-09,PWM,PHL,AA,-24.0,-14.465
2025-04-19,DTW,DFW,DL,52.0,10.045
2025-04-25,DEN,BOI,WN,-6.0,-9.86
2025-04-22,LAS,BZN,WN,-12.0,-11.27
2025-04-07,CVG,BWI,WN,-21.0,-13.9525
2025-04-11,DFW,SAT,MQ,-1.0,-11.685
2025-04-12,SAN,DEN,UA,-19.0,-18.805
2025-04-07,IAH,ATL,DL,-7.0,-13.5
2025-04-28,OMA,MSP,OO,31.0,26.675
2025-04-29,BUF,DCA,OH,67.0,72.06
2025-04-05,BPT,DFW,OO,147.0,101.5625
2025-04-14,ORD,BOI,OO,-16.0,-1.815
2025-04-07,MSP,BJI,OO,-17.0,-17.5575
2025-04-04,SFO,MCO,AS,12.0,-2.075
2025-04-10,IAD,IAH,UA,41.0,34.1475
2025-04-05,PHX,IAD,WN,1.0,-10.0925
2025-04-09,ATL,ROA,DL,-1.0,1.5325
2025-04-12,DFW,SAT,AA,22.0,20.7875
2025-04-07,ORD,IAH,UA,1.0,15.325
2025-04-17,SAV,ATL,DL,-12.0,-14.8525
2025-04-02,LGA,DTW,YX,29.0,17.495
2025-04-11,DTW,BDL,OO,66.0,64.7325
2025-04-20,STL,RSW,WN,0.0,-1.1275
2025-04-05,EWR,SEA,AS,15.0,29.2075
2025-04-08,DFW,FSD,MQ,-8.0,-1.685
2025-04-30,CLT,PHL,AA,-11.0,-0.24
2025-04-12,ORF,ATL,DL,541.0,553.1425
2025-04-23,FLL,LAX,B6,-32.0,-31.0125
2025-04-24,JFK,FLL,B6,-12.0,-4.5325
2025-04-23,IAH,LGA,DL,60.0,61.6625
2025-04-19,BOS,MDW,WN,-1.0,-14.2875
2025-04-22,JAX,ORD,OO,-12.0,4.4525
2025-04-11,SHV,IAH,OO,-22.0,-19.145
2025-04-22,ATL,STL,DL,-16.0,-14.7475
2025-04-18,JFK,LAX,DL,6.0,-11.3975
2025-04-09,MCI,TPA,WN,-7.0,-4.0675
2025-04-26,ATL,GNV,DL,-16.0,-12.0175
2025-04-22,ATL,HSV,DL,-7.0,-19.1375
2025-04-15,FLL,BWI,WN,199.0,217.815
2025-04-13,MCI,BNA,WN,-2.0,-0.59
2025-04-09,SNA,DFW,AA,-20.0,-19.6125
2025-04-07,DSM,FLL,G4,-7.0,-13.8125
2025-04-01,MCO,ATL,DL,122.0,130.205
2025-04-29,DTW,IAH,DL,-3.0,-13.53
2025-04-02,IND,BWI,WN,-8.0,1.9325
2025-04-23,ISP,BWI,WN,-16.0,-16.6225
2025-04-30,MCO,EWR,UA,175.0,183.7425
2025-04-10,BWI,DFW,AA,20.0,19.7925
2025-04-22,ATL,FLL,DL,-6.0,-4.7975
2025-04-09,MDW,MCI,WN,-12.0,-13.2675
2025-04-25,DTW,ORD,UA,18.0,1.3125
2025-04-11,LAS,PSC,G4,-15.0,-1.635
2025-04-25,FAR,ORD,OO,83.0,92.465
2025-04-21,MCO,CLE,F9,-9.0,2.29
2025-04-10,SAN,PHX,AA,52.0,54.7825
2025-04-10,BHM,ATL,DL,-16.0,-7.5725
2025-04-16,HNL,LIH,HA,-2.0,-3.8375
2025-04-24,PHL,DFW,F9,13.0,14.765
2025-04-20,ABQ,DAL,WN,-18.0,-11.8825
2025-04-29,SFO,MSP,OO,7.0,-4.44
2025-04-12,FLL,AVL,G4,-19.0,-16.375
2025-04-05,ORD,BOS,AA,119.0,133.475
2025-04-11,LAX,LAS,AA,4.0,2.3425
2025-04-17,MSY,MSP,DL,-13.0,-21.415
2025-04-14,PVD,MCO,WN,-12.0,-16.915
2025-04-28,IND,LGA,YX,-2.0,-17.0425
2025-04-28,LAS,GRR,G4,-13.0,8.4225
2025-04-14,FLL,BNA,NK,-22.0,-14.3
2025-04-13,ORD,PBI,UA,-2.0,15.585
2025-04-22,MSP,MDW,OO,-17.0,-11.83
2025-04-25,EWR,STL,UA,-24.0,-14.275
2025-04-17,MCO,HPN,B6,3.0,-7.1725
2025-04-16,RDU,JFK,YX,15.0,19.9475
2025-04-05,IAH,LAX,UA,77.0,81.03
2025-04-10,LAS,ATL,NK,-19.0,-9.9025
2025-04-04,ORD,MCO,UA,35.0,19.435
2025-04-21,DCA,RDU,MQ,-22.0,-4.0575
2025-04-15,BWI,BDL,WN,21.0,13.2675
2025-04-22,ICT,PHX,WN,-17.0,-15.0625
2025-04-17,PBG,FLL,G4,-19.0,-23.1375
2025-04-26,LAS,SEA,WN,-21.0,-13.04
2025-04-27,MIA,LGA,DL,11.0,21.8625
2025-04-17,ATL,HOU,WN,7.0,15.2275
2025-04-25,PHL,PHX,AA,-19.0,-19.0975
2025-04-26,IND,RSW,WN,-16.0,-15.91
2025-04-11,MKE,MSP,DL,-13.0,-18.7
2025-04-18,IAD,MSP,OO,10.0,-15.4775
2025-04-20,MKE,ORD,OO,4.0,-8.4075
2025-04-13,LAS,HOU,WN,-7.0,-11.0775
2025-04-05,LCH,IAH,OO,35.0,39.93
2025-04-03,PGD,MDT,G4,21.0,4.4475
2025-04-08,BNA,PHL,F9,145.0,160.6475
2025-04-13,TPA,CLT,AA,-16.0,-11.8625
2025-04-23,DAL,HOU,WN,3.0,5.36
2025-04-03,ATL,SYR,DL,-10.0,-7.975
2025-04-15,DCA,GRR,OH,107.0,105.375
2025-04-29,JFK,CLT,AA,-26.0,-18.9775
2025-04-07,BNA,MSY,NK,-5.0,-19.42
2025-04-08,SJC,PDX,WN,-10.0,-12.6325
2025-04-28,DEN,TYS,UA,-10.0,-10.7325
2025-04-28,FLL,DTW,DL,33.0,18.825
2025-04-24,SLC,TUS,OO,-22.0,-15.4425
2025-04-26,ATL,BOS,B6,48.0,46.2875
2025-04-29,ORD,DCA,UA,8.0,15.335
2025-04-21,TYS,FLL,G4,12.0,-14.4325
2025-04-13,MIA,RIC,AA,1.0,-10.88
2025-04-16,MDW,AUS,WN,-6.0,-18.2525
2025-04-28,BOS,SEA,AS,10.0,-11.16
2025-04-12,FLL,BDL,B6,66.0,61.1425
2025-04-24,SHV,DEN,OO,63.0,27.365
2025-04-24,EYW,CLT,AA,1.0,-6.3325
2025-04-28,CMH,PHX,WN,-6.0,-13.7725
2025-04-28,AUS,EWR,UA,391.0,407.1725
2025-04-14,SFO,TUS,OO,-21.0,-18.3275
2025-04-10,IAD,RSW,UA,11.0,3.18
2025-04-03,TPA,RDU,DL,-7.0,-16.52
2025-04-29,ATL,ORF,DL,-3.0,-8.02
2025-04-17,ABQ,PHX,OO,24.0,18.165
2025-04-15,FLL,ATL,DL,-9.0,-10.9075
2025-04-09,FLL,DEN,UA,-20.0,-9.5175
2025-04-04,SFO,PHL,AA,5.0,-6.575
2025-04-27,ATL,SMF,DL,-20.0,-10.28
2025-04-07,BUR,SEA,AS,7.0,-7.17
2025-04-15,BQN,EWR,UA,-20.0,-17.5675
2025-04-04,LIT,CLT,MQ,-13.0,-10.1
2025-04-19,ORD,STL,MQ,11.0,10.095
2025-04-27,ATL,PIT,DL,-8.0,-14.4425
2025-04-18,IAD,MCO,UA,7.0,19.1775
2025-04-02,DFW,ICT,OH,-12.0,-13.7975
2025-04-15,MCI,BUR,WN,8.0,-7.425
2025-04-17,STS,LAX,OO,-15.0,-11.54
2025-04-08,PHX,SBP,MQ,-17.0,-10.9475
2025-04-29,CMH,DFW,AA,-24.0,-22.9575
2025-04-16,HPN,DCA,OH,-1.0,-2.615
2025-04-29,DFW,AEX,OO,75.0,73.585
2025-04-02,DFW,OMA,AA,34.0,14.4275
2025-04-03,ABQ,PHX,AA,6.0,2.7
2025-04-30,MCO,BOS,DL,19.0,19.4075
2025-04-06,BHM,DFW,OO,4.0,-9.605
2025-04-14,ORD,SEA,AS,-27.0,-28.71
2025-04-14,JAX,DFW,AA,-21.0,-15.7125
2025-04-08,RNO,LAX,OO,-19.0,-10.535
2025-04-15,DFW,TUS,AA,0.0,0.3475
2025-04-04,PSP,BLI,G4,3.0,-7.2075
2025-04-22,DCA,EWR,YX,101.0,104.52
2025-04-16,CLT,LIT,OH,3.0,11.4725
2025-04-28,FLL,LGA,B6,27.0,12.84
2025-04-22,DFW,LIT,MQ,-24.0,-12.9575
2025-04-27,LGA,MCO,AA,-9.0,-3.28
2025-04-08,LIT,DEN,OO,1.0,-3.0475
2025-04-24,IAD,CHS,YX,32.0,39.365
2025-04-02,SCC,ANC,AS,1.0,-20.39
2025-04-30,CLT,EWR,UA,-20.0,-16.2825
2025-04-06,SEA,SAN,AS,14.0,2.9275
2025-04-04,LAS,MEM,WN,98.0,73.1125
2025-04-20,FAT,PHX,OO,-7.0,-14.905
2025-04-04,OAK,PSP,WN,-12.0,-4.515
2025-04-19,SJU,TPA,F9,-20.0,-12.3075
2025-04-06,FLL,HOU,WN,4.0,-1.2375
2025-04-30,CMH,ORD,OO,21.0,14.6925
2025-04-18,ORD,HSV,MQ,-16.0,-11.7725
2025-04-15,SLC,SAN,DL,-18.0,-17.4475
2025-04-05,PDX,SFO,UA,-12.0,-16.0275
2025-04-29,AVL,MIA,MQ,-26.0,-6.79
2025-04-07,RDU,DCA,OH,214.0,236.8475
2025-04-09,CVG,ORD,MQ,5.0,-23.35
2025-04-26,PDX,DEN,WN,-6.0,-10.8625
2025-04-22,DEN,ABQ,WN,-8.0,-8.445
2025-04-01,DSM,DEN,UA,4.0,-2.9775
2025-04-27,BWI,ATL,WN,-9.0,-8.3175
2025-04-11,DCA,MIA,AA,45.0,4.92
2025-04-25,LGA,STL,WN,-6.0,-9.145
2025-04-16,EWR,DFW,UA,-19.0,-9.175
2025-04-11,HSV,DCA,OH,-2.0,-11.5875
2025-04-22,PHX,SMF,AA,-2.0,-2.0275
2025-04-18,BNA,PNS,WN,-18.0,-14.87
2025-04-05,DEN,LBF,OO,146.0,122.8575
2025-04-29,FNT,SFB,G4,9.0,-0.315
2025-04-18,MDW,DAL,WN,-9.0,-12.325
2025-04-14,LAS,DTW,DL,16.0,19.5525
2025-04-02,BOS,BNA,NK,-14.0,-29.735
2025-04-14,LAS,BUR,WN,-5.0,8.115
2025-04-23,PHL,MSY,OH,128.0,132.0675
2025-04-01,MCO,DEN,WN,-15.0,-2.665
2025-04-01,KOA,HNL,HA,-2.0,-4.0975
2025-04-22,CLT,TPA,AA,-17.0,-11.375
2025-04-07,BNA,ORD,MQ,-29.0,-14.6625
2025-04-27,EWR,DEN,UA,-26.0,-22.9925
2025-04-11,CHS,BWI,WN,11.0,-7.6725
2025-04-29,DAL,AUS,WN,-10.0,-8.4075
2025-04-26,PHL,SFO,AA,-7.0,-9.54
2025-04-22,MCO,PIT,WN,-21.0,-13.8125
2025-04-29,HOU,BNA,WN,-13.0,-13.32
2025-04-10,MCO,JFK,B6,-29.0,-17.695
2025-04-10,ELP,DFW,AA,-7.0,-15.545
2025-04-11,SLC,OGG,DL,-21.0,-26.5525
2025-04-13,CLT,MDT,AA,34.0,1.7325
2025-04-25,ATL,MDT,DL,171.0,158.25
2025-04-25,CHS,JFK,B6,-22.0,-16.515
2025-04-07,DEN,SLC,DL,-15.0,-17.8975
2025-04-21,DFW,TPA,AA,-8.0,-12.6125
2025-04-12,LIH,HNL,HA,-3.0,-11.995
2025-04-14,TUL,DEN,OO,-20.0,-17.48
2025-04-16,LAS,LGB,WN,-18.0,-13.98
2025-04-28,SEA,MCI,AS,34.0,-11.955
2025-04-15,PHX,FAT,AA,-14.0,-3.23
2025-04-02,MSP,CMH,DL,125.0,17.0775
2025-04-17,TPA,BUF,WN,-2.0,-8.1675
2025-04-06,HNL,SAN,WN,-2.0,-11.015
2025-04-03,STL,MDW,WN,23.0,16.74
2025-04-15,CLE,ATL,DL,-35.0,-18.9075
2025-04-15,ORD,CVG,OO,-12.0,-14.99
2025-04-05,STL,MSP,WN,-11.0,-6.06
2025-04-25,COS,DEN,OO,157.0,151.6325
2025-04-22,PHX,ATL,DL,20.0,8.825
2025-04-20,RNO,DEN,WN,-26.0,-14.27
2025-04-28,LAX,ASE,OO,-12.0,-16.595
2025-04-23,LAX,AUS,WN,16.0,27.91
2025-04-08,FLL,JFK,B6,-32.0,-14.44
2025-04-16,CLE,CLT,AA,-19.0,-16.64
2025-04-05,ATL,BNA,DL,141.0,94.3725
2025-04-08,PDX,HNL,HA,8.0,-7.76
2025-04-10,ORD,CMH,YX,-26.0,-19.35
2025-04-24,SEA,DEN,AS,17.0,7.505
2025-04-18,LAX,ELP,OO,-3.0,-9.755
2025-04-07,ALB,ORD,YX,20.0,-17.465
2025-04-22,ORD,SEA,UA,-7.0,-10.345
2025-04-04,PHX,PVU,OO,-4.0,-7.5825
2025-04-17,DLH,ORD,OO,18.0,6.4475
2025-04-14,SNA,PHX,WN,-15.0,-16.5725
2025-04-05,FLL,ORD,NK,-6.0,-0.1375
2025-04-10,CVG,ORD,UA,13.0,-5.0025
2025-04-21,BUR,SMF,WN,-11.0,-2.9975
2025-04-20,ONT,PHX,WN,7.0,7.2775
2025-04-23,CHS,ATL,DL,-5.0,-5.7975
2025-04-22,LAX,PHX,WN,-20.0,-13.46
2025-04-17,ATL,EWR,UA,143.0,151.5775
2025-04-29,FLL,MCI,WN,-8.0,-7.3025
2025-04-14,ORD,JFK,OO,-14.0,-11.5675
2025-04-22,SLC,DAL,WN,-10.0,-5.7975
2025-04-14,EUG,PHX,AA,-13.0,-14.0925
2025-04-26,GSP,EWR,YX,184.0,143.88
2025-04-25,SJC,LAS,WN,7.0,13.0675
2025-04-11,ATW,ORD,OO,-14.0,-12.6575
2025-04-23,ORD,EYW,MQ,-8.0,-11.25
2025-04-07,MCI,ORD,MQ,-1.0,-15.2775
2025-04-04,BNA,SRQ,WN,20.0,20.84
2025-04-01,AUS,SAN,OO,10.0,-8.6325
2025-04-30,LGA,BNA,WN,-8.0,2.405
2025-04-21,MCO,ATL,F9,-9.0,-7.6575
2025-04-17,PDX,LAS,AS,-11.0,-5.6
2025-04-05,RSW,BOS,B6,2.0,0.675
2025-04-14,GEG,SLC,OO,-24.0,-20.775
2025-04-27,MDW,MSY,WN,-8.0,-9.7575
2025-04-17,MCI,ORD,MQ,2.0,-0.79
2025-04-25,LAS,BUR,NK,0.0,-10.3625
2025-04-20,LAX,SEA,AS,-8.0,-13.9725
2025-04-02,LAX,IAD,UA,-17.0,-21.2575
2025-04-03,PHX,YUM,OO,0.0,-18.4225
2025-04-12,SAV,BOS,B6,28.0,28.5225
2025-04-18,DFW,PIT,AA,22.0,25.9775
2025-04-08,PHX,MCO,AA,1.0,-7.815
2025-04-28,CLT,EWR,NK,-14.0,-17.6725
2025-04-15,HRL,AUS,WN,-10.0,-14.4625
2025-04-17,BOS,ATL,NK,-7.0,3.14
2025-04-22,DCA,MIA,AA,-8.0,-13.54
2025-04-12,MDW,PHL,WN,-12.0,-16.97
2025-04-13,SJU,CLT,AA,-32.0,-14.6825
2025-04-22,SFO,ATL,UA,-2.0,3.465
2025-04-13,LGA,PBI,DL,-6.0,13.29
2025-04-07,DFW,ELP,AA,47.0,51.6075
2025-04-10,ABQ,DAL,WN,-9.0,-4.245
2025-04-14,DEN,DAL,WN,1.0,-0.73
2025-04-17,LGA,BOS,YX,19.0,11.2825
2025-04-08,IAH,BWI,NK,0.0,-17.15
2025-04-15,RDM,DEN,UA,-17.0,-17.9675
2025-04-04,MDW,GRR,WN,-14.0,-15.5575
2025-04-24,ORD,PHX,WN,8.0,10.3375
2025-04-12,TUS,PHX,OO,-14.0,-16.2425
2025-04-02,JFK,SJU,B6,-28.0,-3.2025
2025-04-02,LAS,MKE,NK,-26.0,-12.4925
2025-04-17,DEN,PHX,AA,264.0,257.3325
2025-04-05,ATL,MDW,DL,-25.0,-18.8975
2025-04-18,FNT,SFB,G4,19.0,32.2775
2025-04-18,BOS,CHS,B6,-18.0,-5.5675
2025-04-18,SMF,LAX,WN,-3.0,-7.4975
2025-04-23,JFK,TPA,F9,-27.0,-15.3525
2025-04-17,DEN,SFO,WN,15.0,19.435
2025-04-15,DAL,DEN,WN,-16.0,-14.85
2025-04-13,DEN,PSP,OO,0.0,-15.2125
2025-04-30,SEA,GEG,AS,-11.0,-12.3275
2025-04-15,EWR,LAS,UA,-9.0,4.275
2025-04-01,SAT,PHX,AA,4.0,-11.9325
2025-04-22,PNS,BNA,WN,-8.0,-0.5025
2025-04-23,BUR,LAS,NK,-18.0,-18.325
2025-04-28,PHX,CLE,F9,-4.0,-0.85
2025-04-07,DAL,DEN,WN,-15.0,-13.6825
2025-04-04,DTW,MCI,DL,0.0,-16.0275
2025-04-29,DFW,LGA,NK,51.0,37.5825
2025-04-18,PHL,PHX,AA,7.0,-11.5875
2025-04-28,SEA,SNA,AS,8.0,4.935
2025-04-03,LAS,LGB,WN,11.0,17.0675
2025-04-24,CMH,MCO,WN,22.0,21.28
2025-04-25,AMA,DFW,MQ,-14.0,-20.8775
2025-04-16,SLC,PHX,F9,-3.0,-17.195
2025-04-10,ORF,CLT,AA,5.0,-7.145
2025-04-13,ONT,DFW,F9,56.0,71.6925
2025-04-12,JFK,BOS,B6,90.0,90.7075
2025-04-07,DEN,PDX,WN,10.0,3.2
2025-04-14,LAX,PDX,F9,-38.0,-16.6
2025-04-05,SEA,DTW,DL,-16.0,-16.05
2025-04-03,TPA,AUS,WN,-7.0,7.6
2025-04-14,IAH,MSY,UA,-16.0,-6.1375
2025-04-07,CLT,PIT,AA,1.0,7.765
2025-04-02,MIA,JAX,AA,-12.0,-11.0725
2025-04-29,AUS,BOS,DL,-3.0,-21.14
2025-04-11,BWI,IND,WN,25.0,27.765
2025-04-19,DTW,LEX,YX,-9.0,-14.1
2025-04-02,SFO,BFL,OO,-28.0,-20.2075
2025-04-19,DEN,IND,UA,-8.0,-10.3475
2025-04-14,BNA,PHX,WN,-8.0,-15.745
2025-04-27,ATL,SJU,DL,2.0,-5.4775
2025-04-14,SFO,STL,WN,-15.0,-3.41
2025-04-04,DFW,STL,AA,5.0,8.6175
2025-04-10,ALB,DEN,WN,-15.0,-13.98
2025-04-28,ATL,BOS,NK,-3.0,-14.6625
2025-04-23,MCO,DFW,AA,-13.0,-12.665
2025-04-16,OGG,HNL,HA,15.0,5.06
2025-04-21,MLB,CLT,OH,4.0,-5.1775
2025-04-09,STL,AUS,WN,0.0,-5.41
2025-04-06,ATL,DFW,AA,77.0,23.59
2025-04-14,AUS,BNA,OO,-19.0,-13.475
2025-04-06,STL,IAH,OO,22.0,-3.3375
2025-04-16,BOS,LGA,YX,25.0,28.6725
2025-04-12,TPA,DEN,UA,-27.0,-18.9325
2025-04-29,GJT,DEN,OO,18.0,8.535
2025-04-27,RDU,BOS,B6,-31.0,-15.0275
2025-04-30,DTW,DCA,DL,42.0,27.66
2025-04-18,BOS,DEN,UA,141.0,122.015
2025-04-19,SFO,ORD,UA,-11.0,1.6775
2025-04-05,BNA,LGA,YX,-26.0,-15.8325
2025-04-20,IAH,SLC,DL,-15.0,-8.5425
2025-04-18,CLT,RIC,AA,-8.0,-2.9525
2025-04-29,DCA,LAN,OH,7.0,3.02
2025-04-10,HOU,JAN,WN,-4.0,-2.3025
2025-04-08,ORD,BTV,UA,206.0,211.6925
2025-04-07,AUS,LAX,AA,-3.0,-5.6975
2025-04-14,HNL,OGG,HA,14.0,7.44
2025-04-17,MKE,PHL,OH,-15.0,-10.345
2025-04-18,RSW,MKE,WN,8.0,-2.2525
2025-04-07,LAX,MIA,AA,29.0,26.8525
2025-04-07,SFO,DFW,AA,-14.0,-14.6125
2025-04-02,PHL,LAX,AA,2.0,-16.1575
2025-04-18,FLL,BOS,NK,10.0,2.8925
2025-04-24,BNA,IAD,UA,2.0,-10.2575
2025-04-03,LAX,EWR,AS,7.0,13.3925
2025-04-26,PHX,MCI,WN,6.0,3.9725
2025-04-02,ATL,CRW,OO,-18.0,-15.24
2025-04-17,ATL,FLL,DL,-22.0,-10.6075
2025-04-08,GSO,LGA,YX,63.0,71.8975
2025-04-28,ORD,CVG,MQ,-14.0,-4.2775
2025-04-17,MCI,DFW,AA,10.0,2.28
2025-04-12,SNA,LAS,WN,-14.0,-10.3675
2025-04-05,SBA,SLC,DL,-11.0,-20.64
2025-04-07,SAV,JFK,B6,-28.0,-17.4225
2025-04-07,EWR,SAV,G4,-11.0,-7.435
2025-04-03,ATL,ECP,DL,48.0,47.5375
2025-04-13,SMF,BOI,WN,-13.0,-19.56
2025-04-13,BTV,DCA,AA,-18.0,-9.56
2025-04-01,RDU,LGA,YX,13.0,29.5675
2025-04-01,LGA,RSW,DL,-8.0,-4.0175
2025-04-27,BOS,MDW,WN,-11.0,-6.65
2025-04-28,IAH,BNA,NK,-3.0,-9.155
2025-04-14,LAX,LAS,NK,-5.0,-3.4575
2025-04-24,MIA,BNA,AA,-7.0,-9.02
2025-04-28,SEA,KOA,AS,-1.0,-9.32
2025-04-13,RIC,EWR,YX,19.0,-10.8025
2025-04-20,EWR,CLT,NK,-2.0,-10.365
2025-04-20,ATL,DEN,DL,-18.0,-12.38
2025-04-05,PHX,DFW,NK,175.0,168.2625
2025-04-25,MSP,CLT,DL,-13.0,-15.500833333333333
2025-04-14,JFK,CLE,YX,-12.0,-4.0
2025-04-04,PDX,SFO,UA,0.0,-16.84
2025-04-13,PHX,PSP,AA,-3.0,-10.57
2025-04-06,DFW,PDX,AA,0.0,8.64
2025-04-28,ORD,ABQ,YX,-15.0,-11.495
2025-04-02,IAD,STT,UA,-32.0,-24.3175
2025-04-04,SNA,OAK,NK,-8.0,-16.5225
2025-04-27,IAD,ATL,UA,-8.0,-10.7125
2025-04-20,BOS,IAH,UA,20.0,2.3225
2025-04-14,ATL,MCO,DL,-12.0,-15.8425
2025-04-18,BWI,DEN,UA,15.0,1.85
2025-04-12,LGA,MSP,DL,-23.0,-21.9725
2025-04-27,LGA,PIT,YX,-15.0,-16.6225
2025-04-07,ORD,FNT,OO,0.0,3.5175
2025-04-10,PHX,FLG,OO,-4.0,-8.885
2025-04-26,PDX,DEN,F9,-6.0,-19.085
2025-04-18,JFK,RDU,YX,-14.0,-8.02
2025-04-10,LGA,BOS,B6,15.0,25.8725
2025-04-12,PIT,MYR,NK,-11.0,-15.745
2025-04-07,ORD,JAX,OO,-4.0,-6.045
2025-04-01,DEN,SAV,UA,17.0,13.32
2025-04-09,BWI,ATL,DL,13.0,7.9625
2025-04-08,CVG,DCA,OH,-14.0,-12.4425
2025-04-10,ATL,RSW,DL,-15.0,-8.145
2025-04-06,ORD,SBN,OO,73.0,79.52
2025-04-22,BWI,BOS,YX,-11.0,-10.935
2025-04-04,BUR,PHX,WN,-11.0,-11.9175
2025-04-24,MYR,DTW,NK,-25.0,-23.4375
2025-04-02,CLT,OMA,AA,51.0,1.8075
2025-04-04,LAX,SEA,NK,8.0,7.9625
2025-04-20,ORD,PHX,AA,-8.0,-4.865
2025-04-19,SEA,PDX,DL,53.0,58.4775
2025-04-17,DSM,DFW,AA,-6.0,-1.3975
2025-04-21,BOS,MKE,YX,-9.0,-17.4925
2025-04-29,PHX,LAS,AA,-8.0,-5.2825
2025-04-12,BTV,DTW,OO,-26.0,-21.13
2025-04-20,ECP,DEN,WN,-29.0,-14.6275
2025-04-17,CRW,CLT,OH,-19.0,-10.4475
2025-04-30,CAE,DFW,AA,-27.0,-14.5425
2025-04-20,LAX,DEN,F9,3.0,0.1875
2025-04-09,AUS,SMF,WN,-13.0,-5.8825
2025-04-04,DAL,RSW,WN,156.0,139.915
2025-04-11,SAT,PHX,AA,-9.0,-7.1575
2025-04-03,BOS,TPA,F9,-2.0,-18.3125
2025-04-30,DFW,MCO,F9,130.0,107.9925
2025-04-30,SLC,GEG,OO,-9.0,-12.0025
2025-04-23,PHL,TPA,NK,-30.0,-22.9925
2025-04-24,DCA,TPA,AA,150.0,147.3425
2025-04-26,BOS,PHL,AA,68.0,40.8775
2025-04-05,ATL,CLT,OH,23.0,32.915
2025-04-28,ONT,HOU,WN,79.0,65.0625
2025-04-17,SMF,PHX,AA,29.0,12.83
2025-04-19,CHO,LGA,YX,-18.0,-10.565
2025-04-19,SLC,MSO,OO,-17.0,-18.71
2025-04-04,DFW,PHX,AA,11.0,14.175
2025-04-06,PDX,TUS,OO,-18.0,-6.6025
2025-04-26,CLE,MCO,WN,-7.0,-12.645
2025-04-22,BOS,IND,YX,0.0,1.695
2025-04-28,MCO,LAS,F9,-17.0,-10.8375
2025-04-26,LGB,STL,WN,-15.0,-6.16
2025-04-06,ATL,IAD,DL,103.0,102.34
2025-04-08,BNA,RSW,WN,13.0,5.3875
2025-04-04,HOU,DEN,WN,-23.0,-15.8725
2025-04-10,RIC,BNA,WN,-3.0,-2.59
2025-04-23,DFW,TUS,AA,289.0,291.7775
2025-04-06,MSP,EWR,YX,-33.0,-19.14
2025-04-18,LAX,HNL,HA,-22.0,-16.71
2025-04-21,ITO,HNL,WN,6.0,1.275
2025-04-28,CMH,ORD,UA,1.0,-7.425
2025-04-05,PHX,SAN,AA,47.0,24.43
2025-04-20,OAK,SAN,WN,-18.0,-14.8925
2025-04-14,MCI,DEN,WN,-12.0,-10.7625
2025-04-13,BHM,MIA,AA,-14.0,-17.8725
2025-04-14,IAH,ORD,UA,-25.0,-18.8275
2025-04-22,LGA,TYS,YX,-9.0,-14.96
2025-04-20,ATL,GSO,DL,3.0,-10.4875
2025-04-30,BWI,DEN,WN,-12.0,-15.1075
2025-04-03,ATL,ABY,OO,-4.0,-0.1125
2025-04-13,ORD,EWR,UA,-12.0,-6.62
2025-04-11,MKE,EWR,YX,-22.0,-21.0425
2025-04-18,DAL,HOU,WN,38.0,32.9925
2025-04-15,SJT,DFW,OO,-10.0,-14.8425
2025-04-26,TPA,PHX,AA,-13.0,0.9475
2025-04-20,DTW,ALB,OO,-20.0,-17.255
2025-04-11,SJU,BWI,WN,1.0,-6.115
2025-04-17,PHX,SLC,OO,3.0,6.185
2025-04-02,DFW,PHX,F9,52.0,37.27
2025-04-11,SLC,HNL,DL,-17.0,-7.01
2025-04-27,SAT,DAL,WN,2.0,-20.72
2025-04-17,ORD,IAD,UA,-1.0,-1.5975
2025-04-28,DEN,HDN,WN,-3.0,-11.24
2025-04-07,LAX,MCO,AA,129.0,124.4575
2025-04-08,MIA,MSY,AA,969.0,975.88
2025-04-10,SJC,BOI,OO,-18.0,-12.8925
2025-04-24,JFK,ORF,YX,105.0,110.0225
2025-04-18,SAV,JFK,B6,-3.0,-8.405
2025-04-27,MDW,DAL,WN,7.0,12.095
2025-04-24,OAK,LGB,WN,-2.0,-4.5325
2025-04-17,DFW,ILM,MQ,-15.0,-11.54
2025-04-19,ATL,EWR,YX,-15.0,-4.2625
2025-04-20,DFW,LFT,OO,17.0,6.455
2025-04-14,PHL,PWM,AA,-7.0,-9.265
2025-04-10,DCA,BOS,B6,-9.0,-7.17
2025-04-14,BIL,DEN,OO,-8.0,-2.8725
2025-04-15,DAL,MCI,WN,-2.0,-4.305
2025-04-08,DFW,TUS,AA,-31.0,-18.4975
2025-04-04,SDF,DCA,YX,32.0,20.95
2025-04-12,LAX,OKC,OO,-10.0,-14.7625
2025-04-24,CRP,DFW,MQ,64.0,64.66
2025-04-23,MCO,STL,WN,-12.0,-8.37
2025-04-23,SLC,MIA,DL,-17.0,-13.86
2025-04-16,LGA,DFW,AA,-10.0,-16.5025
2025-04-15,ATL,FWA,OO,-16.0,-13.8625
2025-04-01,OMA,LGA,OO,-19.0,-12.305
2025-04-16,BTR,DFW,MQ,-25.0,-17.14
2025-04-18,MCI,MIA,AA,-9.0,-5.545
2025-04-12,BDL,DFW,AA,120.0,135.97
2025-04-29,BUR,BNA,WN,-14.0,-10.36
2025-04-28,DCA,MSN,YX,-22.0,-10.975
2025-04-06,SGF,DFW,MQ,9.0,13.53
2025-04-10,TPA,SAT,WN,0.0,4.8225
2025-04-25,ORD,IAD,UA,13.0,9.775
2025-04-24,ATL,LAS,F9,39.0,44.5225
2025-04-07,PHX,DAL,WN,38.0,34.6375
2025-04-23,DEN,FLL,UA,2.0,-14.095
2025-04-18,AUS,DTW,DL,-3.0,-3.04
2025-04-22,BOS,IAH,UA,12.0,0.1225
2025-04-24,DFW,GPT,MQ,7.0,4.015
2025-04-04,LAX,ATL,DL,2.0,-13.5475
2025-04-15,RSW,BOS,B6,-36.0,-6.3225
2025-04-17,PSP,LAS,WN,26.0,23.16
2025-04-14,ORD,SJU,UA,-24.0,-12.875
2025-04-24,ATL,MLB,DL,47.0,51.8725
2025-04-13,HPN,MIA,MQ,-27.0,-4.83
2025-04-10,ORD,SGF,OO,-26.0,-9.2475
2025-04-04,BDL,BNA,WN,-8.0,-12.565
2025-04-07,DCA,DAL,WN,6.0,-6.36
2025-04-27,BOS,ORD,UA,12.0,1.2525
2025-04-19,SEA,GEG,AS,23.0,5.1025
2025-04-21,LAX,PSP,OO,-17.0,-18.6925
2025-04-12,STL,MIA,WN,-13.0,-15.31
2025-04-10,MIA,IAH,NK,11.0,12.7525
2025-04-03,RNO,BUR,WN,-15.0,-11.2975
2025-04-03,IAH,SHV,OO,-1.0,-10.3
2025-04-15,HPN,MIA,MQ,-10.0,-3.16
2025-04-20,MIA,HOU,WN,-6.0,1.2325
2025-04-04,PGD,CVG,G4,-4.0,-10.4425
2025-04-01,TPA,BOS,F9,46.0,48.8425
2025-04-20,CLT,GSP,OH,7.0,5.5375
2025-04-02,STL,ATL,DL,-20.0,-13.1275
2025-04-11,LAS,AUS,WN,0.0,-4.605
2025-04-09,LAS,LAX,NK,9.0,18.9
2025-04-29,LAX,DEN,UA,-3.0,-17.1475
2025-04-12,STT,ATL,DL,-21.0,-20.8
2025-04-11,EWR,MKE,YX,-11.0,-2.485
2025-04-17,BOS,SLC,DL,3.0,-12.575
2025-04-03,SFO,RNO,OO,-20.0,-10.9075
2025-04-22,DFW,XNA,MQ,-21.0,-20.87
2025-04-30,MOT,MSP,OO,-9.0,-8.8325
2025-04-21,IAH,PHL,UA,113.0,129.535
2025-04-21,PBI,ISP,WN,-3.0,-5.655
2025-04-16,PHL,SJU,AA,-22.0,-7.895
2025-04-09,MSY,DTW,DL,-4.0,-20.74
2025-04-08,PSP,SJC,WN,-14.0,-8.5775
2025-04-25,LAS,SMF,OO,-24.0,-14.585
2025-04-28,BWI,ATL,DL,-5.0,-7.9325
2025-04-04,IAH,BHM,OO,-8.0,-8.6225
2025-04-22,MCO,DCA,AA,-33.0,-18.055
2025-04-14,LAS,ATL,NK,-22.0,-12.7125
2025-04-24,HPN,ORD,MQ,-11.0,-20.65
2025-04-27,XNA,PHX,MQ,5.0,-8.9975
2025-04-04,FLL,MCO,WN,-10.0,-2.94
2025-04-30,SLC,SAT,DL,51.0,44.4775
2025-04-08,ORD,TUL,YX,-18.0,-15.9475
2025-04-19,LAX,EWR,UA,-18.0,-16.8425
2025-04-08,DAL,COS,WN,11.0,11.325
2025-04-15,DEN,DTW,DL,-3.0,-14.205
2025-04-06,EWR,IND,YX,12.0,-6.4825
2025-04-17,DEN,ABQ,WN,2.0,-2.1125
2025-04-29,BHM,ATL,DL,1.0,-6.4725
2025-04-20,MCO,EWR,UA,388.0,370.2225
2025-04-29,RIC,ORD,MQ,-12.0,-2.6225
2025-04-16,STL,ATL,DL,-22.0,-19.4825
2025-04-22,PVD,BNA,WN,-11.0,-13.5725
2025-04-02,EWR,MIA,UA,-20.0,1.905
2025-04-21,BIL,SLC,OO,-16.0,-19.5675
2025-04-24,CLT,LGA,NK,44.0,36.135
2025-04-13,LAX,TUS,OO,211.0,211.44
2025-04-27,SAN,FAT,OO,-15.0,-15.4175
2025-04-07,MCO,ATL,DL,-3.0,-7.73
2025-04-10,PHX,CMH,WN,-1.0,-14.5
2025-04-17,DAL,DEN,WN,0.0,-2.8575
2025-04-23,BOS,ATL,DL,-9.0,-14.7025
2025-04-17,OKC,DEN,OO,21.0,21.215
2025-04-29,DAL,SAT,WN,-17.0,-13.8725
2025-04-15,ORD,MDT,MQ,58.0,41.935
2025-04-25,LAX,DTW,NK,-26.0,-16.85
2025-04-29,LGA,MDW,WN,-8.0,-10.41
2025-04-21,RDU,AUS,WN,36.0,15.5225
2025-04-02,STT,CLT,AA,-54.0,-21.56
2025-04-24,IAH,RSW,UA,-31.0,-12.335
2025-04-14,BNA,MCO,WN,-11.0,-8.49
2025-04-25,DEN,ATL,WN,158.0,154.725
2025-04-21,LAS,ELP,F9,-19.0,-9.545
2025-04-18,DEN,SAT,WN,82.0,77.2
2025-04-21,DEN,JFK,DL,20.0,40.4075
2025-04-27,DEN,AUS,WN,6.0,0.9925
2025-04-19,DAL,SMF,WN,17.0,29.65
2025-04-10,MSP,SAN,DL,-20.0,-20.06
2025-04-14,TPA,BWI,WN,0.0,-4.69
2025-04-03,DEN,ABQ,WN,45.0,37.195
2025-04-18,CLT,DAB,OH,-15.0,-2.6675
2025-04-10,MCO,MHT,WN,-12.0,-8.995
2025-04-28,DFW,DAY,MQ,-13.0,-11.4325
2025-04-07,LAX,DFW,AA,-8.0,-13.8525
2025-04-27,ABQ,ATL,DL,-5.0,-10.5125
2025-04-06,BOS,EWR,UA,4.0,5.755
2025-04-25,SJU,MIA,AA,-5.0,-5.02
2025-04-29,FLL,LAX,DL,-26.0,-13.6
2025-04-07,FWA,PGD,G4,-12.0,-21.8525
2025-04-03,ATL,ORD,DL,17.0,21.4425
2025-04-15,BWI,PIT,WN,-14.0,-13.385
2025-04-15,DEN,RAP,OO,-2.0,-4.1275
2025-04-20,OMA,STL,WN,70.0,65.7275
2025-04-16,PVD,BWI,WN,-3.0,-11.61
2025-04-22,DCA,MSY,AA,6.0,-9.065
2025-04-23,CLE,SLC,DL,-9.0,-1.5025
2025-04-30,CLT,ILM,AA,-5.0,-11.6225
2025-04-16,MCO,MSY,NK,-3.0,-17.0775
2025-04-01,MDW,ATL,WN,-24.0,-19.1425
2025-04-16,SNA,SEA,OO,-2.0,-9.575
2025-04-28,LGA,CHS,DL,-18.0,-12.21
2025-04-01,RSW,MDW,WN,-9.0,-2.9475
2025-04-25,SFO,PSP,OO,16.0,11.0075
2025-04-14,DEN,LIT,OO,-4.0,1.6175
2025-04-24,SNA,SMF,WN,-11.0,-14.7025
2025-04-20,DCA,STL,WN,127.0,106.9925
2025-04-06,MSY,DAL,WN,-22.0,-16.085
2025-04-07,SLC,MIA,AA,-18.0,-0.2525
2025-04-28,TYR,DFW,OO,-17.0,-15.505
2025-04-19,ONT,PHX,AA,40.0,23.375
2025-04-22,ICT,DEN,OO,-2.0,-6.165
2025-04-17,ORD,GRB,OO,-5.0,-6.9025
2025-04-04,DEN,MSY,F9,-1.0,-15.435
2025-04-18,IAH,ATL,DL,-19.0,-15.935
2025-04-05,IAD,ATL,UA,-3.0,-4.5175
2025-04-01,DFW,SLC,DL,-10.0,-5.4025
2025-04-13,ATL,RDU,DL,1.0,3.81
2025-04-25,SNA,BOI,G4,8.0,-2.3325
2025-04-18,ORD,MLI,OO,-10.0,-13.79
2025-04-05,TUS,DEN,WN,1.0,0.205
2025-04-08,HNL,LAS,WN,-16.0,-12.1875
2025-04-11,STL,EWR,YX,-15.0,-20.8375
2025-04-07,TUL,DEN,OO,-1.0,-6.945
2025-04-19,DFW,TYR,OO,2.0,1.6575
2025-04-29,LAX,BOS,B6,-36.0,-24.78
2025-04-24,PSP,PHX,MQ,0.0,-20.2
2025-04-27,ORD,MIA,AA,-17.0,-4.64
2025-04-13,MIA,EYW,MQ,12.0,4.385
2025-04-24,DCA,MCI,OH,-28.0,-16.72
2025-04-27,SLC,SBA,DL,-2.0,0.55
2025-04-24,SLC,LAS,F9,-2.0,4.5275
2025-04-19,FAR,DEN,OO,-10.0,-9.3475
2025-04-16,ECP,BNA,WN,-3.0,-14.4525
2025-04-29,DFW,SYR,AA,61.0,58.99
2025-04-18,DEN,ATL,F9,42.0,55.15
2025-04-29,SEA,ANC,AS,34.0,2.1325
2025-04-23,LAX,DFW,AA,-4.0,-14.345
2025-04-22,MCO,ROC,NK,-13.0,-10.8175
2025-04-19,DCA,PNS,OH,-29.0,-10.575
2025-04-22,BOS,JAX,B6,2.0,-3.885
2025-04-14,MDW,SLC,WN,-9.0,-12.1375
2025-04-05,LAX,ABQ,OO,-18.0,-12.475
2025-04-16,RDU,ORD,UA,-4.0,-17.84
2025-04-25,OMA,PHX,WN,-14.0,-15.39
2025-04-04,SDF,ATL,DL,48.0,18.7725
2025-04-23,EYW,ATL,DL,5.0,-6.0225
2025-04-19,MCO,LGA,DL,-12.0,-7.6925
2025-04-06,MIA,CHS,AA,60.0,52.3025
2025-04-13,SFO,BNA,UA,-10.0,10.8
2025-04-17,MSY,DFW,AA,-20.0,-15.4075
2025-04-26,DEN,OAK,WN,6.0,2.8975
2025-04-30,CLT,LAX,AA,-1.0,-15.8175
2025-04-22,MCO,SDF,WN,5.0,17.8125
2025-04-18,SMF,PDX,OO,-8.0,-11.7225
2025-04-01,TTN,PBI,F9,-22.0,-3.7275
2025-04-05,MSP,DTW,DL,-18.0,-14.3925
2025-04-26,TPA,AUS,WN,-25.0,-12.355
2025-04-19,DEN,SEA,F9,9.0,-19.1475
2025-04-17,LAS,SEA,NK,3.0,-10.6975
2025-04-21,SRQ,SBN,G4,-17.0,-14.4425
2025-04-13,SAN,IAH,UA,-14.0,-13.485
2025-04-19,ATL,ABY,OO,-16.0,-13.0425
2025-04-08,DTW,ALB,OO,-10.0,-14.8025
2025-04-21,SFO,SAN,UA,-29.0,-21.275
2025-04-12,PHX,IAH,UA,-18.0,-19.0775
2025-04-01,JAX,ORD,UA,-9.0,-14.7875
2025-04-15,CLE,TPA,F9,-13.0,-12.2325
2025-04-25,PSC,SLC,DL,-8.0,-19.24
2025-04-01,LAS,ORD,AA,-28.0,-14.7625
2025-04-01,BNA,MDW,WN,-11.0,-8.0125
2025-04-20,MSP,IND,DL,-16.0,-20.55
2025-04-04,ORD,IND,YX,135.0,143.7375
2025-04-23,DFW,FAT,AA,6.0,9.83
2025-04-30,FLL,DEN,WN,-21.0,-10.11
2025-04-30,CHS,STL,WN,-21.0,-14.3025
2025-04-08,PHX,DEN,UA,-3.0,-6.9325
2025-04-11,CVG,MIA,MQ,26.0,-1.5875
2025-04-22,MCI,ATL,DL,-14.0,-19.505
2025-04-28,ATL,DAL,DL,-17.0,-21.2125
2025-04-03,ATL,CLE,WN,-20.0,-11.2675
2025-04-14,SFO,LAX,UA,-21.0,-11.025
2025-04-13,MCO,FLL,WN,4.0,-9.335
2025-04-29,DEN,LAS,UA,-20.0,-8.9025
2025-04-06,ATL,LAX,NK,-3.0,-7.065
2025-04-29,GSO,LGA,YX,7.0,-19.445
2025-04-24,SDF,SFB,G4,39.0,39.2225
2025-04-10,IAH,DFW,AA,-18.0,-18.2675
2025-04-16,MCO,MIA,AA,2.0,0.3575
2025-04-14,PHL,TPA,F9,-26.0,-12.41
2025-04-25,STL,ORD,AA,-22.0,-10.165
2025-04-27,DAL,AUS,WN,-21.0,-15.43
2025-04-02,DEN,OMA,UA,-20.0,-17.545
2025-04-26,PHX,RNO,WN,-2.0,2.1875
2025-04-07,ORF,BNA,WN,10.0,0.6125
2025-04-13,SFO,SNA,OO,-21.0,-14.1175
2025-04-06,AMA,LAS,WN,-2.0,-9.395
2025-04-27,DFW,SJU,NK,55.0,54.34
2025-04-12,DCA,PVD,WN,-11.0,-11.6975
2025-04-09,MSY,PHL,AA,6.0,13.8475
2025-04-05,STL,DFW,AA,184.0,120.6875
2025-04-18,PHX,DFW,AA,-5.0,-6.3625
2025-04-17,SDF,ORD,MQ,12.0,-11.7875
2025-04-21,ATL,IAD,DL,-12.0,-17.14
2025-04-21,PDX,SFO,UA,-15.0,-13.955
2025-04-28,DFW,IAH,UA,-14.0,-16.0
2025-04-13,BWI,RSW,WN,-19.0,-3.4075
2025-04-02,DEN,RDU,WN,62.0,15.075
2025-04-08,MDW,DAL,WN,-18.0,-18.3175
2025-04-30,SJC,PHX,WN,-4.0,-5.0675
2025-04-24,BOS,DFW,AA,90.0,100.9275
2025-04-26,ORD,PIT,UA,-21.0,-17.25
2025-04-23,LAS,SAN,OO,49.0,57.97
2025-04-16,SBP,DEN,UA,-7.0,-0.315
2025-04-06,FLL,PIT,NK,-16.0,-0.55
2025-04-28,MIA,MDW,WN,-9.0,-12.1175
2025-04-29,ISP,PBI,F9,-48.0,-24.16
2025-04-04,LAS,MFE,G4,-21.0,-14.215
2025-04-25,DAL,MCO,WN,39.0,35.005
2025-04-06,SAT,MIA,MQ,5.0,2.785
2025-04-30,SGF,IAH,OO,3.0,-16.8875
2025-04-20,CLT,PVD,AA,-6.0,-8.935
2025-04-16,GRB,ORD,OO,-10.0,-17.4775
2025-04-15,JAC,SLC,DL,-12.0,-13.3125
2025-04-22,HNL,LIH,HA,0.0,-2.9575
2025-04-23,PHL,ATL,OH,-12.0,-14.595
2025-04-26,SEA,ANC,AS,13.0,-0.2325
2025-04-05,DEN,MCO,WN,22.0,3.3975
2025-04-19,LAX,ATL,F9,157.0,152.175
2025-04-16,IAH,DEN,UA,-9.0,-13.2175
2025-04-07,BIL,DEN,OO,-17.0,-9.485
2025-04-17,DEN,XNA,OO,-6.0,-1.3025
2025-04-25,MEM,MIA,AA,-4.0,-7.58
2025-04-20,MYR,BDL,NK,-23.0,-18.46
2025-04-01,PIA,ORD,OO,30.0,-20.6425
2025-04-15,IAD,DFW,UA,138.0,153.81
2025-04-15,DFW,MEM,AA,-1.0,0.3675
2025-04-16,ORD,PIA,OO,0.0,-8.2925
2025-04-18,BOS,BUF,B6,11.0,7.235
2025-04-14,PHX,BNA,WN,-31.0,-15.3375
2025-04-04,SFO,BUR,OO,-18.0,-9.55
2025-04-29,DCA,DFW,AA,-22.0,-19.43
2025-04-11,PVD,ORD,YX,4.0,-7.94
2025-04-18,BUR,SJC,WN,16.0,16.48
2025-04-03,PIT,MCO,NK,-21.0,-23.665
2025-04-13,MIA,TPA,MQ,-13.0,-12.435
2025-04-18,MSP,ATL,DL,-19.0,-15.47
2025-04-08,IAD,TPA,UA,9.0,-10.835
2025-04-01,DTW,MYR,NK,-10.0,-3.66
2025-04-27,SFO,FLL,B6,-6.0,-5.305
2025-04-27,ORD,DSM,OO,-5.0,2.1575
2025-04-22,DTW,AZO,OO,21.0,23.4925
2025-04-02,DFW,SDF,AA,-11.0,-7.4725
2025-04-17,BWI,IND,WN,-8.0,-9.79
2025-04-12,PSP,SEA,OO,-17.0,-13.3475
2025-04-03,ATL,DTW,NK,-18.0,-20.2675
2025-04-25,DAL,ATL,WN,14.0,8.58
2025-04-22,IAH,MIA,UA,-38.0,-12.2025
2025-04-02,ORD,CVG,MQ,44.0,16.7925
2025-04-14,PBI,PVD,B6,-15.0,-17.13
2025-04-08,KTN,SEA,AS,-19.0,-29.505
2025-04-24,AUS,JFK,DL,4.0,-2.2125
2025-04-30,SFO,PSP,OO,108.0,105.25
2025-04-18,SAT,DAL,WN,7.0,4.135
2025-04-13,DCA,ICT,OH,28.0,31.685
2025-04-26,MCO,ACY,NK,-11.0,-18.81
2025-04-28,PHL,MIA,AA,1.0,-13.435
2025-04-28,MCI,MSP,DL,9.0,-15.9025
2025-04-27,PHL,MCO,AA,-7.0,-13.8975
2025-04-29,SEA,LAS,AS,10.0,9.9475
2025-04-24,ORD,FAR,MQ,-10.0,1.265
2025-04-03,IAH,DEN,UA,-24.0,-12.785
2025-04-03,DEN,SNA,WN,174.0,176.4725
2025-04-25,PWM,CLT,OH,41.0,20.0225
2025-04-23,JFK,AUS,DL,-34.0,-6.235
2025-04-29,ATL,DCA,DL,2.0,-11.605
2025-04-15,JFK,SLC,B6,-7.0,-8.31
2025-04-16,TPA,LGA,DL,71.0,62.18
2025-04-15,MOT,MSP,OO,4.0,-0.68
2025-04-28,ORD,BNA,OO,-11.0,-4.0125
2025-04-05,ELP,LAX,OO,-22.0,-16.385
2025-04-12,DTW,LAS,DL,-6.0,-8.4175
2025-04-09,BNA,LGA,OO,-13.0,-6.9525
2025-04-14,PHX,SNA,AA,-2.0,-7.15
2025-04-30,LGA,DFW,DL,189.0,173.0775
2025-04-28,CLT,LAX,AA,-3.0,-1.15
2025-04-27,SFO,LAS,AS,-13.0,-14.6025
2025-04-20,BNA,TPA,WN,-8.0,-8.055
2025-04-18,PHX,COS,WN,13.0,19.735
2025-04-22,GJT,DEN,OO,40.0,29.4025
2025-04-15,STL,DCA,OH,-20.0,-16.92
2025-04-20,ATL,PSP,DL,-8.0,-4.4375
2025-04-29,AUS,DTW,DL,-15.0,-10.615
2025-04-04,DTW,PHX,AA,104.0,90.9225
2025-04-08,BUF,MDW,WN,-6.0,-10.8275
2025-04-23,JAX,DCA,AA,-25.0,-14.65
2025-04-05,SEA,SAN,DL,-22.0,-7.8275
2025-04-24,MCO,ORD,UA,-18.0,-10.3025
2025-04-16,LGA,ORD,UA,107.0,84.5475
2025-04-08,CHO,ORD,OO,34.0,-16.965
2025-04-16,ATL,SMF,DL,-9.0,-5.1075
2025-04-18,GUM,HNL,UA,-10.0,-22.3925
2025-04-19,STS,LAX,OO,40.0,48.195
2025-04-03,HNL,KOA,HA,0.0,-4.4175
2025-04-20,ORD,RSW,AA,-4.0,-8.1475
2025-04-07,CLT,VPS,AA,30.0,15.0225
2025-04-29,IAH,ORD,AA,-15.0,-14.06
2025-04-19,ATL,BWI,DL,-5.0,-7.5375
2025-04-16,AUS,MSY,WN,5.0,-2.81
2025-04-15,MSN,LGA,YX,-17.0,-17.95
2025-04-19,DTW,DCA,DL,-9.0,-4.4775
2025-04-08,LAX,SJC,OO,0.0,-1.9025
2025-04-30,STL,LAS,WN,-15.0,-15.5425
2025-04-17,DTW,DEN,WN,50.0,36.1275
2025-04-14,SBP,PHX,MQ,-2.0,-7.6525
2025-04-23,AUS,CLT,AA,41.0,14.88
2025-04-01,ORD,AUS,UA,49.0,52.03
2025-04-30,HSV,DEN,OO,-40.0,-31.2725
2025-04-22,ICT,DFW,OH,-1.0,-12.965
2025-04-26,PHX,PDX,WN,-9.0,-1.3325
2025-04-01,RAP,ORD,YX,-11.0,-17.66
2025-04-16,IAD,PIT,YX,-1.0,-9.41
2025-04-10,PHL,LAS,AA,-4.0,-5.5525
2025-04-11,GJT,DEN,UA,-18.0,-11.455
2025-04-29,TUS,PHX,OO,-14.0,-14.6575
2025-04-10,MIA,BOS,NK,11.0,-14.175
2025-04-09,DCA,DFW,AA,-18.0,-12.375
2025-04-18,DEN,LNK,OO,129.0,131.5675
2025-04-21,DEN,XWA,OO,-13.0,-8.4075
2025-04-04,DAL,DCA,WN,52.0,31.46
2025-04-05,SLC,DFW,DL,43.0,20.685
2025-04-26,CLT,TYS,OH,-8.0,-9.91
2025-04-28,ATL,TPA,DL,-10.0,-7.3875
2025-04-16,KOA,HNL,HA,-8.0,-5.43
2025-04-28,CHS,DCA,YX,-12.0,-14.445
2025-04-15,DAL,MSY,WN,-19.0,-14.9475
2025-04-05,MCO,PHL,AA,-8.0,-15.7275
2025-04-26,JAX,DFW,AA,-22.0,-6.555
2025-04-17,EUG,SEA,OO,19.0,-8.83
2025-04-17,CHA,ATL,OO,-20.0,-15.6125
2025-04-25,ATL,STL,DL,18.0,21.53
2025-04-04,MEM,MCO,WN,-5.0,-2.4925
2025-04-25,SJU,MIA,AA,-22.0,-10.36
2025-04-22,JFK,MIA,AA,-10.0,-19.7475
2025-04-19,MHK,ORD,MQ,0.0,7.2975
2025-04-06,SGF,DEN,OO,-19.0,-10.6675
2025-04-02,ORD,MKE,OO,32.0,35.1175
2025-04-13,CAK,PGD,G4,-14.0,-7.8275
2025-04-19,SEA,EWR,UA,-12.0,-18.9475
2025-04-18,HOU,MDW,WN,-17.0,-15.365
2025-04-10,BNA,CLT,AA,-20.0,-17.6825
2025-04-17,JFK,MIA,DL,-22.0,-5.6925
2025-04-24,RDU,ATL,DL,-7.0,-8.7875
2025-04-28,DFW,IAH,OO,-14.0,-15.5
2025-04-30,LAS,CLE,F9,-24.0,-17.785
2025-04-15,VPS,ATL,DL,-18.0,-17.0625
2025-04-04,PGD,ABE,G4,-7.0,-20.34
2025-04-05,DFW,BHM,AA,13.0,-13.03
2025-04-18,CLT,CMH,AA,3.0,5.4725
2025-04-28,ORD,IND,OO,-16.0,-8.3975
2025-04-09,CLT,CVG,OH,-16.0,-2.76
2025-04-26,TPA,LAS,WN,-12.0,-4.955
2025-04-28,DFW,MHK,MQ,-15.0,-10.645
2025-04-13,ATL,PHX,WN,-15.0,-6.9
2025-04-13,MCO,SAN,WN,-19.0,-3.9025
2025-04-25,PSP,DEN,UA,-13.0,-17.7725
2025-04-21,MEM,DCA,OH,19.0,19.7225
2025-04-20,DAL,SAT,WN,-16.0,-14.03
2025-04-14,AUS,ORD,AA,-15.0,-9.885
2025-04-03,SLC,TWF,OO,-9.0,-9.8975
2025-04-05,COS,DEN,OO,-20.0,-13.83
2025-04-03,KOA,HNL,HA,72.0,53.175
2025-04-27,ORD,PHL,AA,-3.0,-3.1275
2025-04-28,SRQ,LGA,DL,-10.0,-2.3825
2025-04-27,SJC,SAN,WN,-1.0,4.0475
2025-04-23,PHX,AUS,WN,68.0,69.9975
2025-04-24,DCA,PHL,YX,-25.0,-16.1
2025-04-30,DFW,SPS,OO,-2.0,5.955
2025-04-08,OAK,DEN,WN,-17.0,-10.8525
2025-04-02,DEN,ATL,DL,9.0,-6.065
2025-04-04,PBI,PIT,G4,6.0,11.2075
2025-04-02,CMH,LGA,YX,4.0,-11.445
2025-04-25,ATL,PBI,DL,1.0,0.4875
2025-04-03,LAX,DEN,UA,28.0,15.2475
2025-04-02,SLC,IAH,UA,-4.0,-16.7375
2025-04-07,ORD,FWA,OO,11.0,18.335
2025-04-28,SFO,RNO,OO,-21.0,-15.815
2025-04-21,ORD,IAD,UA,-14.0,-4.79
2025-04-19,RDU,BOS,B6,1.0,1.82
2025-04-17,JFK,BOS,B6,-13.0,-12.7875
2025-04-25,MDW,PHX,WN,-5.0,-2.6825
2025-04-23,LAX,EWR,AS,-17.0,-12.7675
2025-04-01,ORD,DTW,DL,-16.0,-17.3825
2025-04-20,HPN,DTW,OO,-13.0,-15.35
2025-04-08,DFW,STL,AA,-2.0,-6.635
2025-04-17,AUS,JFK,DL,-27.0,-13.8225
2025-04-21,JFK,DCA,YX,85.0,92.415
2025-04-10,DEN,SMF,UA,-15.0,-5.035
2025-04-08,BOS,PBI,B6,2.0,-20.9025
2025-04-04,EWR,LAS,UA,-14.0,-20.7775
2025-04-05,LAS,MKE,WN,-16.0,-9.2475
2025-04-06,SJC,HNL,WN,-27.0,-18.1475
2025-04-27,DEN,IAD,UA,-13.0,-3.7325
2025-04-29,OGG,HNL,HA,-8.0,-11.1
2025-04-27,AUS,MSP,DL,-15.0,-17.0425
2025-04-25,IAD,BTV,YX,-11.0,-10.7725
2025-04-10,ATL,SAV,DL,32.0,29.9675
2025-04-19,BOS,JFK,B6,1.0,-7.595
2025-04-23,CLT,SFO,AA,-2.0,-1.005
2025-04-28,MIA,ATL,AA,37.0,25.38
2025-04-02,EWR,ORF,UA,-15.0,-2.59
2025-04-18,MCO,DFW,F9,-23.0,-7.13
2025-04-15,PDX,BOI,OO,26.0,9.82
2025-04-02,MYR,LGA,NK,-6.0,-8.7625
2025-04-08,AVL,DCA,YX,-15.0,-16.0225
2025-04-24,PHX,MCO,AA,6.0,11.185
2025-04-29,MCO,IAH,UA,-27.0,-13.4025
2025-04-27,IAH,EWR,UA,22.0,26.11
2025-04-14,BOS,RIC,B6,-27.0,-24.5125
2025-04-07,RDU,DFW,AA,-2.0,-8.6075
2025-04-10,DEN,CMH,UA,-5.0,-5.9475
2025-04-16,AMA,DAL,WN,-14.0,-16.235
2025-04-07,PHX,LAX,WN,-14.0,-10.16
2025-04-25,JFK,PHX,B6,-25.0,-11.1425
2025-04-02,SEA,PHX,OO,-29.0,-17.735
2025-04-03,BNA,MCO,WN,291.0,295.1825
2025-04-06,PHL,PHX,AA,-18.0,-3.47
2025-04-17,TPA,MIA,AA,9.0,0.16
2025-04-28,ORD,IND,YX,39.0,49.5875
2025-04-08,IAH,ATL,NK,-13.0,-14.6675
2025-04-18,MCO,HPN,B6,0.0,-12.025
2025-04-11,BTV,PHL,OH,499.0,489.535
2025-04-28,CLT,RSW,AA,-4.0,-4.3275
2025-04-24,MCO,ALB,B6,26.0,18.5125
2025-04-03,SEA,SFO,UA,-30.0,-14.9625
2025-04-16,ATL,BNA,DL,-6.0,-8.3425
2025-04-19,OGG,SMF,WN,-4.0,-23.57
2025-04-08,SEA,KTN,AS,41.0,37.23
2025-04-19,SFO,ATL,F9,98.0,90.9925
2025-04-26,DFW,PHX,F9,-34.0,-19.05
2025-04-13,SLC,MEM,DL,-24.0,-21.06
2025-04-11,GEG,SEA,OO,-17.0,-9.295
2025-04-29,PIT,DAL,WN,-15.0,-15.7175
2025-04-08,DFW,SNA,AA,9.0,11.9925
2025-04-29,MFE,AUS,OO,11.0,15.0775
2025-04-20,JFK,BOS,B6,-9.0,-3.8625
2025-04-30,LGA,SRQ,AA,-14.0,-13.77
2025-04-01,DEN,SLC,DL,48.0,45.345
2025-04-14,AUS,DTW,DL,-15.0,-9.9925
2025-04-02,MSY,SEA,AS,-3.0,-20.7025
2025-04-22,MCI,DEN,WN,-1.0,-3.9575
2025-04-12,ORD,RDU,AA,-20.0,-14.495
2025-04-20,ORD,IND,YX,-23.0,-7.7175
2025-04-17,CVG,BWI,WN,3.0,-11.9125
2025-04-27,PHX,LAS,WN,-10.0,-12.18
2025-04-24,ATL,MCO,DL,16.0,13.4475
2025-04-28,IND,ORD,MQ,-18.0,-16.3825
2025-04-02,CLT,PBI,AA,28.0,29.57
2025-04-08,MCO,EWR,B6,-18.0,-11.355
2025-04-27,DTW,ORD,YX,-8.0,-11.2125
2025-04-13,JAX,FNT,G4,3.0,-15.575
2025-04-14,SDF,BOS,YX,64.0,71.795
2025-04-17,SAN,SMF,OO,1.0,5.9325
2025-04-01,PIT,DTW,OO,-6.0,-11.46
2025-04-30,DTW,LAS,DL,-23.0,-21.07
2025-04-21,ORD,MSN,YX,-12.0,1.5625
2025-04-18,TPA,SEA,AS,-12.0,5.3225
2025-04-27,BWI,BOS,WN,12.0,2.355
2025-04-07,RNO,SLC,DL,-11.0,-7.985
2025-04-18,SAN,ORD,AA,-19.0,-11.9425
2025-04-02,OGG,ORD,UA,-23.0,-4.7075
2025-04-30,LAS,OKC,WN,-16.0,-8.1825
2025-04-25,BUF,LGA,YX,25.0,11.8925
2025-04-13,SAN,SEA,AS,-16.0,-8.9275
2025-04-05,IND,LAS,NK,-29.0,-19.315
2025-04-26,DFW,EUG,AA,-21.0,-15.265
2025-04-30,DFW,MIA,AA,-8.0,-11.6225
2025-04-23,DFW,PDX,AA,83.0,86.59
2025-04-07,HPN,PBI,B6,-15.0,-2.245
2025-04-22,CMH,BOS,YX,-25.0,-17.115
2025-04-14,DEN,AUS,WN,-27.0,-16.39
2025-04-03,PHX,TUL,WN,0.0,-6.685
2025-04-27,MIA,PHX,AA,0.0,4.205
2025-04-03,SUX,DEN,OO,103.0,96.9075
2025-04-25,BNA,ATL,WN,14.0,6.98
2025-04-27,STL,BUR,WN,26.0,5.0175
2025-04-05,IAD,SYR,YX,-2.0,-8.7205
2025-04-23,FAR,ORD,MQ,-8.0,-15.58
2025-04-28,SUN,DEN,OO,-2.0,-9.52
2025-04-10,PHX,IAH,F9,-6.0,-12.2575
2025-04-15,SJU,IAH,NK,11.0,1.515
2025-04-13,GSP,CLT,MQ,-14.0,-12.165
2025-04-09,MIA,CVG,MQ,-14.0,-11.14
2025-04-08,SLC,ATL,DL,6.0,-6.965
2025-04-11,JFK,STT,DL,-9.0,-15.375
2025-04-18,LAX,DFW,AA,-11.0,-14.25
2025-04-25,RSW,DEN,UA,-11.0,-5.86
2025-04-22,JAN,DFW,OO,-4.0,-12.145
2025-04-15,DEN,MSP,UA,-13.0,-24.635
2025-04-24,DEN,SEA,WN,-24.0,-13.535
2025-04-13,ORD,JAX,MQ,-34.0,-15.9075
2025-04-14,MYR,EWR,NK,-6.0,-26.4525
2025-04-19,STT,PHL,AA,-13.0,-15.675
2025-04-04,IAH,MIA,AA,14.0,4.65
2025-04-05,MIA,LAX,AA,14.0,13.9175
2025-04-25,DEN,AVL,OO,-3.0,5.8375
2025-04-01,ATL,AUS,F9,-13.0,-8.5475
2025-04-28,JFK,BOS,YX,-16.0,-8.1675
2025-04-30,CLT,MCO,AA,-6.0,-14.7025
2025-04-11,DFW,DTW,AA,-2.0,-17.5075
2025-04-22,MCO,PHX,AA,-12.0,-11.2825
2025-04-10,HOU,MSY,WN,28.0,26.9175
2025-04-15,RAP,DEN,OO,-15.0,-4.925
2025-04-28,DEN,CYS,OO,-3.0,-5.255
2025-04-10,BDL,DCA,AA,-15.0,-13.665
2025-04-17,ORD,CVG,OO,2.0,1.5525
2025-04-26,IAH,LAX,UA,-24.0,-18.395
2025-04-24,ATL,HSV,DL,1.0,-8.46
2025-04-09,MCO,ATL,DL,-7.0,-6.85
2025-04-07,SEA,GEG,OO,-6.0,-0.8725
2025-04-08,RDU,DFW,AA,-11.0,-9.8075
2025-04-16,BOS,ORD,DL,-7.0,-18.3925
2025-04-16,DEN,MSP,DL,-3.0,9.3825
2025-04-03,ORD,DEN,WN,112.0,98.3225
2025-04-15,CMH,ORD,YX,-28.0,-21.315
2025-04-28,DCA,LGA,YX,98.0,94.39
2025-04-21,LGA,PWM,YX,-27.0,-17.2075
2025-04-04,FLL,DCA,AA,-19.0,-12.605
2025-04-06,HOU,DFW,OO,40.0,44.5475
2025-04-01,MIA,JFK,AA,34.0,33.9525
2025-04-30,LGA,HOU,WN,-9.0,9.0225
2025-04-19,ATW,ORD,OO,5.0,2.85
2025-04-04,JAX,HOU,WN,8.0,24.1675
2025-04-12,JFK,CLE,YX,-11.0,-13.1975
2025-04-15,MCI,BOS,YX,-2.0,-22.0325
2025-04-27,STL,DAL,WN,-16.0,-11.435
2025-04-01,CLT,LGA,AA,-7.0,-5.895
2025-04-08,ATL,MIA,AA,5.0,-11.1075
2025-04-30,BNA,PHX,WN,3.0,-9.1475
2025-04-23,SMF,LGB,WN,-15.0,-13.555
2025-04-19,LIT,CLT,OH,-20.0,-6.03
2025-04-04,BWI,COS,WN,21.0,-4.585
2025-04-07,TPA,DEN,WN,8.0,13.355
2025-04-27,CVG,ORD,OO,9.0,-7.6375
2025-04-13,LAS,BOS,B6,-30.0,7.2075
2025-04-05,EWR,DEN,UA,-18.0,-29.395
2025-04-08,DEN,JAC,OO,-6.0,-16.38
2025-04-14,FLL,BOS,B6,-5.0,-12.7375
2025-04-22,BWI,DEN,WN,12.0,12.86
2025-04-19,TYS,ATL,DL,-2.0,-0.9875
2025-04-22,BOS,ATL,DL,-10.0,-12.31
2025-04-30,ORD,PWM,UA,47.0,56.0975
2025-04-13,RNO,DEN,UA,-20.0,-16.6075
2025-04-01,DTW,MCO,NK,-8.0,-22.8325
2025-04-05,CLT,MSP,DL,69.0,76.4875
2025-04-11,DFW,TYS,AA,16.0,7.305
2025-04-29,ATL,PHX,DL,-3.0,-14.8
2025-04-18,PHL,CLT,AA,28.0,25.625
2025-04-22,ORD,GRR,YX,-23.0,-14.9
2025-04-23,DTW,LAX,DL,-7.0,-15.9375
2025-04-23,JFK,AUS,DL,-14.0,-12.7225
2025-04-23,IAH,MIA,MQ,232.0,230.4325
2025-04-10,DAL,FLL,WN,-13.0,-8.3375
2025-04-09,SAN,PHX,WN,0.0,1.675
2025-04-08,LGA,ORD,UA,30.0,30.135
2025-04-14,MIA,SJU,AA,-18.0,-12.0225
2025-04-23,CLT,RIC,AA,-3.0,-14.055
2025-04-23,TYS,PGD,G4,-12.0,-12.0525
2025-04-27,DFW,HOU,OO,-4.0,-12.095
2025-04-23,MIA,JFK,AA,-17.0,-10.895
2025-04-21,MLI,AZA,G4,-9.0,-33.8325
2025-04-05,ATL,BUR,DL,44.0,28.025
2025-04-13,DAL,MCI,WN,-5.0,-9.2675
2025-04-24,PBI,JFK,B6,-12.0,-10.9925
2025-04-07,JFK,MSY,DL,37.0,-5.09
2025-04-03,SFO,RNO,OO,-11.0,-8.5125
2025-04-29,MIA,MCO,AA,-13.0,-12.985
2025-04-18,DSM,PHX,MQ,24.0,-1.8
2025-04-22,BOS,JFK,B6,-9.0,-6.62
2025-04-21,PIE,RIC,G4,-3.0,-13.0275
2025-04-20,MSP,BWI,DL,-25.0,-19.5475
2025-04-15,DEN,PSC,UA,9.0,-3.8025
2025-04-28,DCA,SJU,B6,-19.0,-6.6
2025-04-05,SAT,ORD,AA,-6.0,-7.3725
2025-04-05,CHS,PHL,OH,-9.0,-18.485
2025-04-30,EUG,SLC,OO,-24.0,-19.59
2025-04-26,PHX,DSM,MQ,-2.0,1.3675
2025-04-30,BNA,LAS,WN,-13.0,-9.1625
2025-04-01,ATL,MKE,WN,-1.0,-4.73
2025-04-06,BUF,SRQ,WN,2.0,-12.3575
2025-04-22,DAL,PHX,WN,-17.0,-16.2875
2025-04-27,DFW,AUS,AA,-11.0,-12.02
2025-04-11,RNO,SAN,OO,44.0,21.4175
2025-04-27,VPS,HOU,WN,-5.0,-10.7375
2025-04-04,SEA,BNA,AS,51.0,-12.7475
2025-04-07,JNU,ANC,AS,-13.0,-18.1075
2025-04-19,RNO,LAX,OO,-3.0,-9.006666666666668
2025-04-04,SAN,SFO,WN,-11.0,-5.77
2025-04-17,LAS,SFO,OO,41.0,56.65
2025-04-05,DEN,MCO,F9,31.0,-13.705
2025-04-14,STL,PHL,AA,-12.0,-11.365
2025-04-24,MKE,LAS,NK,-12.0,-13.51
2025-04-29,ORD,MSN,OO,-25.0,-15.6325
2025-04-22,IND,LGA,YX,-15.0,-16.39
2025-04-01,DAY,DEN,OO,-23.0,-10.91
2025-04-26,ATL,BOS,NK,-1.0,-16.205
2025-04-06,JFK,FLL,B6,-15.0,-7.15
2025-04-28,MSY,AUS,WN,9.0,-3.7475
2025-04-08,MSP,RSW,DL,-9.0,-12.2275
2025-04-21,TYS,DCA,OH,-21.0,-12.7825
2025-04-01,LAX,DEN,F9,-24.0,-17.58
2025-04-30,BOI,SFO,UA,-36.0,-13.7125
2025-04-02,DEN,ATL,DL,11.0,-15.6175
2025-04-02,EWR,ILM,YX,-21.0,4.3875
2025-04-11,SAN,SLC,DL,47.0,45.6225
2025-04-04,PHX,DEN,UA,-1.0,-13.4425
2025-04-15,PIT,ATL,DL,-12.0,-16.5125
2025-04-03,DFW,BTR,OO,41.0,39.035
2025-04-20,IND,PHX,AA,-23.0,-18.265
2025-04-28,CMH,ORD,MQ,299.0,295.6675
2025-04-06,LNK,ORD,OO,11.0,8.0675
2025-04-05,LIH,HNL,WN,-13.0,-7.49
2025-04-18,GNV,MIA,MQ,-17.0,-8.9675
2025-04-12,ORD,ALB,YX,-13.0,-12.7275
2025-04-27,ATL,SAV,DL,-23.0,-17.415
2025-04-13,LCH,DFW,OO,-23.0,-18.92
2025-04-19,DEN,TUL,OO,-5.0,-9.325
2025-04-06,DEN,ONT,F9,-7.0,11.5725
2025-04-15,EYW,ORD,MQ,11.0,13.7325
2025-04-04,ATL,IND,DL,-5.0,-6.0475
2025-04-19,FLL,CLE,F9,-41.0,-19.9675
2025-04-22,MCO,TTN,F9,196.0,201.565
2025-04-26,ROC,ORD,YX,8.0,5.875
2025-04-09,SLC,PHX,WN,-2.0,-7.0425
2025-04-01,SEA,OGG,HA,9.0,-8.8475
2025-04-05,PGD,PIT,G4,-11.0,-2.6
2025-04-16,AUS,DEN,F9,-18.0,-18.21
2025-04-12,KOA,LAX,AA,3.0,-17.4725
2025-04-10,ATL,DTW,NK,8.0,4.3475
2025-04-28,DCA,STL,WN,-12.0,-12.5775
2025-04-08,DFW,SAT,OO,1.0,6.835
2025-04-27,SEA,IAD,AS,-15.0,-14.32
2025-04-01,SAN,OAK,WN,45.0,49.8275
2025-04-01,SGF,DFW,MQ,-9.0,-14.405
2025-04-27,BUR,LAS,NK,-3.0,-12.5675
2025-04-29,CLT,SDF,OH,20.0,4.085
2025-04-05,BUF,TPA,WN,-21.0,-28.97
2025-04-10,MSP,PHL,DL,-15.0,-17.3625
2025-04-09,IAH,DFW,UA,-19.0,-9.54
2025-04-16,CVG,DCA,YX,-17.0,-18.42
2025-04-12,TPA,BWI,WN,-15.0,-15.1075
2025-04-17,AUS,ABQ,WN,-7.0,-10.2275
2025-04-18,IAD,MCO,F9,-1.0,-4.7225
2025-04-02,LAS,RNO,WN,-1.0,2.0525
2025-04-19,PHL,SFO,AA,-23.0,-11.64
2025-04-09,ORD,MKE,OO,1.0,3.635
2025-04-25,AUS,MDW,WN,-19.0,-14.6575
2025-04-26,AUS,MIA,AA,-18.0,-14.63
2025-04-01,ATL,GSP,WN,-15.0,-14.42
2025-04-11,SBA,DEN,OO,12.0,6.7425
2025-04-18,SNA,SJC,WN,37.0,35.79
2025-04-03,MRY,PHX,MQ,-10.0,-18.1475
2025-04-14,LAS,SLC,DL,-17.0,-13.6425
2025-04-08,MCO,DCA,B6,-12.0,1.56
2025-04-18,AVL,PHX,G4,-14.0,3.155
2025-04-06,MEI,IAH,OO,-3.0,-5.7975
2025-04-28,IAH,TPA,F9,-5.0,-14.9
2025-04-26,LAS,CMH,WN,-16.0,-8.625
2025-04-29,CMH,TPA,WN,-13.0,-11.7
2025-04-29,PBI,CLT,AA,-7.0,-4.7925
2025-04-18,JFK,MCO,DL,-5.0,23.955
2025-04-30,BOS,LGA,YX,-8.0,-11.595
2025-04-21,SEA,PSC,AS,16.0,12.195
2025-04-12,DFW,PSP,AA,1.0,-10.7325
2025-04-03,DCA,CLE,OH,-7.0,-13.415
2025-04-29,DTW,ORD,YX,-27.0,-15.4325
2025-04-25,DFW,SJC,NK,16.0,13.81
2025-04-13,JAX,MDT,G4,18.0,22.9225
2025-04-08,PBI,BWI,WN,39.0,42.8525
2025-04-24,LAX,PHX,OO,-20.0,-10.7975
2025-04-17,DCA,MCO,AA,-12.0,-9.2275
2025-04-25,SLC,DAL,WN,-15.0,-11.3375
2025-04-12,PHL,BOS,F9,-6.0,-0.9175
2025-04-26,JFK,FLL,DL,-12.0,-13.55
2025-04-09,JFK,SAV,YX,-13.0,-0.325
2025-04-29,IND,AUS,WN,-15.0,-10.1325
2025-04-10,HOU,PVU,G4,-8.0,-7.445
2025-04-04,LAS,DTW,WN,26.0,30.425
2025-04-06,DEN,SFO,UA,-31.0,-9.4975
2025-04-09,DEN,AUS,F9,1.0,7.0425
2025-04-11,LAS,SMF,WN,8.0,10.9075
2025-04-29,FLL,RIC,NK,-13.0,-8.4525
2025-04-08,CLT,ORD,AA,-3.0,-7.9675
2025-04-22,STL,AUS,WN,-16.0,-7.445
2025-04-03,FLL,JFK,B6,-26.0,-22.395
2025-04-07,PHX,SLC,WN,-14.0,-14.98
2025-04-01,ONT,SMF,WN,-15.0,-16.15
2025-04-17,SLC,PDX,DL,6.0,14.2775
2025-04-20,CLT,RDU,AA,6.0,4.7825
2025-04-12,ORD,PIA,OO,-13.0,-16.655
2025-04-29,SLC,SAN,DL,-18.0,-5.14
2025-04-19,BOS,TPA,B6,-38.0,-18.31
2025-04-13,PHL,PBI,F9,-9.0,13.6
2025-04-17,MCO,ATL,DL,11.0,4.7675
2025-04-25,ATL,DCA,DL,-10.0,-12.395
2025-04-15,SEA,ORD,UA,-7.0,-4.14
2025-04-10,CLT,IND,AA,7.0,-6.8025
2025-04-13,ATL,SEA,DL,-12.0,-27.725
2025-04-11,SEA,PDX,AS,-6.0,-9.9575
2025-04-15,CLT,ATL,DL,-21.0,-16.665
2025-04-08,DCA,CLE,OH,6.0,-2.555
2025-04-09,PHX,ELP,MQ,-5.0,-5.2925
2025-04-19,GRR,DTW,OO,0.0,-11.4775
2025-04-13,RSW,ISP,F9,9.0,-3.1075
2025-04-04,SLC,BZN,OO,25.0,8.37
2025-04-18,BWI,MKE,WN,12.0,-0.975
2025-04-20,PHL,SJU,F9,21.0,-0.6825
2025-04-10,HOU,MCI,WN,9.0,2.135
2025-04-09,DEN,DVL,OO,-13.0,-14.0125
2025-04-25,DCA,SAV,OH,-23.0,-17.25
2025-04-18,ABQ,DAL,WN,-6.0,-3.7025
2025-04-16,RDU,SEA,AS,7.0,-7.035
2025-04-18,OAK,SLC,WN,-5.0,-16.2625
2025-04-20,CLT,ORF,AA,8.0,5.7075
2025-04-19,SEA,LIH,DL,-10.0,19.1875
2025-04-05,DEN,PSP,WN,-6.0,6.8625
2025-04-09,STS,BUR,OO,-2.0,-4.6775
2025-04-17,ACY,RSW,NK,-35.0,-27.4475
2025-04-30,MCO,OKC,WN,15.0,5.26
2025-04-18,PDX,PHX,WN,-7.0,-6.0825
2025-04-15,RSW,ORD,AA,-17.0,2.4675
2025-04-13,DCA,EYW,YX,-7.0,-7.8
2025-04-21,ORF,SFB,G4,68.0,61.335
2025-04-23,PHX,LAX,WN,-2.0,-1.81
2025-04-11,EWR,CLE,UA,-18.0,-8.9575
2025-04-15,CMH,SFO,UA,-6.0,-12.21
2025-04-01,DAL,PHX,WN,0.0,-10.2825
2025-04-19,LAX,DAL,WN,-6.0,-12.09
2025-04-07,ATL,PDX,AS,38.0,28.545
2025-04-12,MIA,TPA,MQ,1.0,2.44
2025-04-28,ATL,RIC,DL,-14.0,-16.8
2025-04-08,SEA,MSO,AS,-1.0,9.2825
2025-04-28,MAF,DFW,MQ,-2.0,-13.2975
2025-04-25,BOS,SYR,B6,-25.0,-23.24
2025-04-08,PHX,DEN,AA,0.0,-1.71
2025-04-24,DEN,LAX,WN,42.0,42.7175
2025-04-13,MIA,MEM,AA,97.0,96.4225
2025-04-23,DFW,MCI,AA,186.0,172.48
2025-04-10,MIA,BOS,AA,-9.0,-5.085
2025-04-05,ATL,DFW,AA,196.0,128.085
2025-04-04,DFW,MCI,AA,30.0,28.3125
2025-04-09,SEA,DEN,AS,-24.0,-18.685
2025-04-01,ATL,MEM,DL,1.0,-8.31
2025-04-16,MCO,PHL,AA,89.0,90.775
2025-04-23,JAX,IAD,UA,-13.0,-11.31
2025-04-19,PIA,ORD,OO,-28.0,-21.8875
2025-04-03,MIA,BNA,MQ,23.0,4.7775
2025-04-25,PVD,BWI,WN,6.0,-2.905
2025-04-04,LAX,AUS,WN,5.0,-4.9925
2025-04-19,ORD,CLT,AA,-22.0,-6.155
2025-04-14,DEN,BOS,UA,-41.0,-8.655
2025-04-11,MCO,LGA,DL,-23.0,-17.8925
2025-04-12,SJU,JFK,B6,-12.0,6.8225
2025-04-20,DFW,COS,AA,33.0,25.2225
2025-04-11,PHX,BFL,OO,-7.0,-0.4525
2025-04-01,ONT,DEN,WN,17.0,24.6225
2025-04-24,CLT,IAH,AA,8.0,16.5
2025-04-03,ORD,PHX,WN,35.0,22.475
2025-04-26,MIA,DCA,AA,8.0,18.4175
2025-04-11,MCO,PNS,NK,-9.0,-8.4525
2025-04-26,PHX,DRO,OO,-19.0,-13.9775
2025-04-23,BWI,AUS,WN,-3.0,0.32
2025-04-22,MKE,TPA,WN,-9.0,-14.5525
2025-04-15,CMH,LGA,YX,-26.0,-21.1975
2025-04-08,ATL,JFK,DL,-26.0,-5.765
2025-04-23,MDW,DEN,WN,-18.0,-14.6775
2025-04-14,MCO,PSE,B6,-21.0,-19.3275
2025-04-18,DAL,ABQ,WN,1.0,1.975
2025-04-18,ONT,PHX,AA,-18.0,-19.345
2025-04-16,SEA,SLC,DL,3.0,9.9475
2025-04-10,BLI,PSP,G4,-6.0,-17.225
2025-04-26,DFW,SAT,OO,-15.0,-13.7675
2025-04-03,PHL,ATL,DL,19.0,16.0025
2025-04-28,SEA,TUS,AS,20.0,19.8475
2025-04-02,ATL,MKE,DL,-2.0,0.23
2025-04-19,ATL,DAB,DL,-11.0,-14.09
2025-04-02,SMF,SEA,OO,-20.0,-12.725
2025-04-03,MSY,DAL,WN,-11.0,-6.0925
2025-04-22,DTW,BOS,DL,10.0,0.0425
2025-04-17,ORD,SJC,UA,-21.0,-2.715
2025-04-12,ORD,GSP,MQ,-24.0,-18.9525
2025-04-03,ATL,AUS,DL,73.0,78.29
2025-04-02,OAK,BUR,WN,-16.0,-15.805
2025-04-14,PIT,BWI,WN,-16.0,-12.427999999999999
2025-04-23,PHX,TPA,AA,-4.0,-4.1225
2025-04-16,SJU,BOS,B6,61.0,23.7675
2025-04-20,TPA,MIA,AA,4.0,-1.8325
2025-04-10,ATL,ORF,DL,84.0,68.5475
2025-04-18,FNT,ORD,OO,1.0,-3.0825
2025-04-07,ATL,MCO,F9,64.0,67.015
2025-04-14,LGA,MCO,DL,-26.0,-22.19
2025-04-04,IAH,STL,OO,-16.0,-11.25
2025-04-27,MSY,DFW,AA,2.0,-4.9675
2025-04-22,HRL,HOU,WN,6.0,11.305
2025-04-17,EWR,PIT,YX,-1.0,6.1075
2025-04-12,DEN,SAN,UA,-9.0,-13.055
2025-04-22,SMF,LGB,WN,-5.0,-8.09
2025-04-03,ORD,CAK,OO,-14.0,-4.7875
2025-04-20,STL,SRQ,WN,-6.0,-9.475
2025-04-25,DTW,OMA,OO,-6.0,-1.205
2025-04-03,DFW,IAH,AA,15.0,6.2825
2025-04-21,BWI,CLE,WN,4.0,4.86
2025-04-03,IAH,LAS,UA,-14.0,-13.735
2025-04-30,PDX,DFW,AS,66.0,-3.11
2025-04-10,TPA,DCA,AA,38.0,33.9625
2025-04-15,PBI,LGA,DL,-18.0,-14.8925
2025-04-30,ORD,JFK,AA,-29.0,-12.92
2025-04-13,AUS,PIT,WN,-12.0,-28.3475
2025-04-17,TPA,FLL,NK,-12.0,-13.9625
2025-04-11,CMH,ORD,MQ,-9.0,-13.6075
2025-04-19,DFW,PHX,AA,37.0,16.715
2025-04-09,SLC,BOS,DL,-30.0,-10.1725
2025-04-09,IAH,EWR,UA,12.0,-1.4225
2025-04-07,LAX,FAT,OO,-7.0,-5.7225
2025-04-23,JFK,LAX,AA,-32.0,-7.7075
2025-04-22,ORD,DCA,UA,-5.0,-12.6825
2025-04-21,IND,LGA,YX,-11.0,-16.8475
2025-04-11,MYR,CLT,OH,10.0,14.795
2025-04-04,SFO,PHX,F9,-5.0,7.1075
2025-04-28,CLT,DEN,WN,93.0,92.2975
2025-04-25,MSP,PDX,DL,-10.0,-17.0125
2025-04-12,IAH,LGA,UA,-24.0,-21.815
2025-04-09,TPA,IAD,UA,-12.0,-4.8375
2025-04-28,ICT,ORD,UA,-2.0,-5.27
2025-04-17,MCI,BOS,YX,-8.0,-20.9525
2025-04-23,LAS,BNA,WN,19.0,13.17
2025-04-25,SEA,ONT,AS,27.0,18.87
2025-04-20,ORD,LAX,AA,-13.0,-17.7325
2025-04-04,BOI,SEA,OO,-13.0,-10.555
2025-04-22,TPA,MSY,WN,-7.0,-1.61
2025-04-23,FLL,ORD,AA,-35.0,-17.2125
2025-04-25,MDW,SJC,WN,27.0,5.105
2025-04-18,KTN,SEA,AS,-24.0,-20.005
2025-04-02,MDW,LGA,WN,35.0,13.215
2025-04-29,TPA,HOU,WN,-21.0,-12.0625
2025-04-27,DEN,SAN,WN,0.0,-7.3375
2025-04-30,IAH,ABQ,OO,20.0,11.4875
2025-04-24,JAX,JFK,B6,-1.0,3.1325
2025-04-18,PHX,BNA,WN,-22.0,-10.83
2025-04-27,MYR,LCK,G4,-5.0,-13.4475
2025-04-10,LAS,LAX,NK,-17.0,-7.45
2025-04-07,BUR,ABQ,WN,-4.0,0.445
2025-04-19,DFW,FWA,MQ,1.0,-12.795
2025-04-11,SJC,BUR,WN,-17.0,-15.145
2025-04-13,DEN,AUS,UA,-14.0,-13.89
2025-04-03,PHL,ATL,OH,887.0,886.04
2025-04-01,ABQ,PHX,AA,-2.0,-5.4775
2025-04-27,ORD,PWM,OO,-3.0,-6.6425
2025-04-21,SFO,DFW,F9,-21.0,-13.3975
2025-04-08,GRR,MDW,WN,-12.0,-15.31
2025-04-10,DTW,SDF,OO,-2.0,-7.915
2025-04-08,MGM,ATL,OO,-7.0,-10.44
2025-04-04,ATL,PHL,DL,7.0,2.1175
2025-04-30,JFK,SFO,DL,-24.0,-9.1625
2025-04-22,LAS,PDX,AS,-21.0,-13.4225
2025-04-04,CLT,CHS,AA,8.0,10.185
2025-04-22,ORD,SMF,AA,-7.0,-18.89
2025-04-23,DEN,HOU,WN,45.0,41.72
2025-04-19,SEA,SMF,AS,12.0,10.2075
2025-04-28,SEA,CLT,AA,-9.0,-16.89
2025-04-27,SGU,SLC,OO,-10.0,-10.02
2025-04-03,BOS,FLL,B6,-8.0,-9.4975
2025-04-01,HRL,AUS,OO,-17.0,-15.2575
2025-04-04,EWR,PIT,YX,20.0,22.57
2025-04-11,MIA,MCO,AA,63.0,54.05
2025-04-19,SLC,SFO,OO,-20.0,-19.6125
2025-04-17,DEN,MSP,UA,-1.0,4.2775
2025-04-05,BWI,PWM,WN,7.0,10.1275
2025-04-12,MCO,SAT,WN,-6.0,2.41
2025-04-02,SLC,LAX,DL,-22.0,-10.085
2025-04-29,DEN,LNK,OO,4.0,5.405
2025-04-14,PHX,AUS,WN,12.0,13.5375
2025-04-05,LAX,SAN,OO,-9.0,0.255
2025-04-07,BNA,DAL,WN,-8.0,-3.8325
2025-04-02,MSP,SJC,DL,-4.0,0.2075
2025-04-23,ONT,OAK,WN,-1.0,-4.5875
2025-04-04,MSP,SEA,AS,1.0,15.3525
2025-04-27,DEN,ONT,WN,0.0,-0.8975
2025-04-12,DEN,SFO,UA,-12.0,-12.7225
2025-04-14,IAH,LAS,NK,-21.0,-16.6775
2025-04-19,ORD,JLN,OO,-29.0,-20.21
2025-04-16,DFW,CVG,OO,5.0,-3.175
2025-04-02,MLB,CLT,OH,-18.0,-19.4775
2025-04-15,ATL,BNA,DL,-7.0,-9.3925
2025-04-29,DEN,GSO,OO,1.0,0.3575
2025-04-04,LAX,MDW,WN,-13.0,-5.5625
2025-04-23,PBI,LGA,DL,8.0,4.0375
2025-04-07,DEN,RIW,OO,-8.0,-11.6225
2025-04-11,BWI,MYR,WN,18.0,9.57
2025-04-09,MCI,DAL,WN,-12.0,-8.4475
2025-04-24,SLC,BIL,OO,6.0,5.845
2025-04-16,HNL,ORD,UA,-22.0,-18.705
2025-04-01,AVL,ATL,DL,-27.0,-18.64
2025-04-27,SLC,MCI,DL,10.0,-0.525
2025-04-29,XNA,LAX,OO,-16.0,-11.425
2025-04-17,DCA,ATL,DL,72.0,70.4375
2025-04-06,SGF,ORD,OO,-6.0,-3.7775
2025-04-09,EWR,DFW,UA,10.0,20.77
2025-04-21,LAS,MCI,WN,-1.0,6.6925
2025-04-05,PDX,SJC,WN,-4.0,-1.3875
2025-04-15,DCA,OMA,WN,1.0,-5.31
2025-04-13,PHX,BFL,OO,-15.0,-8.9325
2025-04-22,DEN,LAX,WN,-8.0,-13.92
2025-04-07,FAT,DEN,OO,-19.0,-17.05
2025-04-26,JAX,DFW,AA,-6.0,-6.58
2025-04-27,BUR,SFO,OO,13.0,30.2525
2025-04-01,LGA,SDF,YX,-14.0,-16.2
2025-04-21,DFW,GCK,MQ,-3.0,-7.215
2025-04-08,DCA,CRW,OH,-5.0,-17.44
2025-04-26,OAK,PDX,WN,0.0,-2.18
2025-04-07,OAK,LAX,WN,-24.0,-14.9425
2025-04-10,IND,IAH,UA,-11.0,1.8625
2025-04-19,IAH,PHL,AA,-10.0,-10.62
2025-04-07,BUR,SEA,AS,-9.0,-12.85
2025-04-15,LGA,ILM,YX,12.0,-6.1075
2025-04-09,SMF,OGG,HA,-1.0,-8.8
2025-04-16,RAP,DEN,OO,-20.0,-7.58
2025-04-17,LAX,JFK,B6,-26.0,-16.885
2025-04-09,ORD,EWR,MQ,-10.0,-3.6425
2025-04-26,RDU,ORD,YX,-9.0,-11.385
2025-04-11,ANC,SEA,AS,3.0,-6.585
2025-04-02,CMH,ATL,DL,-5.0,-10.16
2025-04-03,SMF,SAN,WN,-15.0,-15.0475
2025-04-19,GSP,LGA,YX,-6.0,-8.345
2025-04-07,MCO,SEA,AS,28.0,51.745
2025-04-14,DEN,PSP,OO,-20.0,-20.6575
2025-04-10,MSP,ABR,OO,-20.0,-17.5725
2025-04-30,ATL,IAH,DL,13.0,2.2725
2025-04-27,SNA,IAH,UA,-4.0,-1.75
2025-04-10,LEX,FLL,G4,-5.0,-1.9825
2025-04-10,CLT,RDU,AA,-16.0,-19.605
2025-04-21,TUS,LAX,OO,-20.0,-15.945
2025-04-06,IND,ATL,DL,12.0,-7.815
2025-04-17,LGA,MDW,WN,8.0,5.8175
2025-04-20,PIE,ROA,G4,23.0,8.5225
2025-04-29,MCO,EWR,UA,98.0,95.335
2025-04-18,SLC,PDX,DL,-12.0,-6.5025
2025-04-27,HDN,DEN,OO,-9.0,10.475
2025-04-27,DEN,ICT,UA,-7.0,-7.73
2025-04-16,LGA,DEN,UA,-15.0,-18.845
2025-04-19,IAH,STL,OO,-19.0,-7.8925
2025-04-30,SAN,DEN,WN,-13.0,-16.505
2025-04-26,SJU,TPA,B6,-16.0,-5.78
2025-04-16,SFO,DEN,WN,5.0,-0.945
2025-04-12,DFW,DEN,UA,-11.0,-14.505
2025-04-17,PHX,OAK,WN,59.0,61.515
2025-04-11,BUR,LAS,NK,-6.0,-14.7975
2025-04-07,MIA,ORF,AA,63.0,56.78
2025-04-10,MCI,CLT,AA,-2.0,-8.43
2025-04-28,IAH,MFE,OO,-8.0,-6.155
2025-04-18,CLT,ALB,AA,3.0,-7.7925
2025-04-28,LAS,SAN,OO,2.0,-1.495
2025-04-05,PIE,SBN,G4,-22.0,-20.0925
2025-04-04,SEA,ORD,UA,-6.0,-15.01
2025-04-12,DEN,MIA,WN,6.0,-1.44
2025-04-23,SAT,SAN,WN,-10.0,-12.07
2025-04-10,DCA,JAN,OH,691.0,695.04
2025-04-29,ANC,DFW,AA,72.0,31.835
2025-04-28,DEN,JLN,OO,4.0,0.61
2025-04-26,BNA,FLL,WN,-16.0,-13.705
2025-04-19,ORD,PHX,UA,20.0,4.56
2025-04-15,AUS,STL,WN,-17.0,-19.1325
2025-04-28,MKE,ORD,OO,3.0,-3.055
2025-04-05,PHL,LAS,AA,-20.0,-11.2025
2025-04-10,DEN,BUF,WN,35.0,18.895
2025-04-25,CLT,BOS,AA,-5.0,-8.78
2025-04-01,BOS,RIC,B6,72.0,87.5825
2025-04-26,DTW,PHX,DL,-3.0,2.35
2025-04-07,DFW,MFE,OO,6.0,3.435
2025-04-20,LAS,SDF,WN,-10.0,-16.7125
2025-04-28,DTW,LAS,DL,12.0,11.675
2025-04-18,CLT,DEN,UA,333.0,332.49
2025-04-09,DAL,BNA,WN,-16.0,-15.1975
2025-04-08,AUS,MFE,OO,-19.0,-17.635
2025-04-22,MDW,DTW,WN,-20.0,-17.3875
2025-04-19,RDU,CLT,AA,-22.0,-12.8575
2025-04-04,DEN,CPR,OO,47.0,43.2425
2025-04-16,SMF,PHX,AA,-13.0,-14.7725
2025-04-17,EYW,CLT,AA,-9.0,-0.9275
2025-04-26,SFO,SAN,UA,-27.0,-17.95
2025-04-17,DTW,BDL,DL,1.0,-8.48
2025-04-01,DCA,CMH,OH,12.0,15.53
2025-04-17,CLE,BOS,YX,-23.0,-13.69
2025-04-08,BIS,DEN,OO,-23.0,-21.465
2025-04-15,DFW,MEM,AA,-9.0,-6.225
2025-04-25,ASE,DEN,OO,-10.0,-8.5875
2025-04-15,JFK,LAS,AA,-7.0,-18.715
2025-04-19,JFK,AUS,DL,-42.0,-26.4275
2025-04-25,MCO,ORD,UA,-15.0,-7.09
2025-04-29,IAH,LAS,UA,-35.0,-18.86
2025-04-13,LAS,RNO,NK,-25.0,-15.56
2025-04-04,DSM,ATL,DL,-11.0,-18.2475
2025-04-05,SLC,LAX,WN,-21.0,-10.0425
2025-04-27,LFT,DFW,OO,12.0,10.71
2025-04-05,DEN,HNL,UA,11.0,0.02
2025-04-09,GRR,SRQ,G4,-56.0,-39.7875
2025-04-10,MSP,MSN,DL,-5.0,-4.32
2025-04-27,SJU,FLL,WN,-6.0,0.5275
2025-04-15,BHM,TPA,WN,-20.0,-14.24
2025-04-30,ORD,OMA,UA,56.0,61.285
2025-04-06,BNA,LAS,WN,6.0,7.94
2025-04-24,PIT,JFK,YX,3.0,-4.29
2025-04-11,DTW,STL,DL,-11.0,-4.5525
2025-04-03,CMH,ATL,DL,105.0,99.51
2025-04-20,SFO,LAX,DL,1.0,5.83
2025-04-22,STL,IAH,UA,-18.0,-7.51
2025-04-26,BNA,SJU,WN,11.0,1.58
2025-04-30,BUR,PHX,OO,-26.0,-14.4975
2025-04-18,ONT,SEA,AS,-3.0,-9.025
2025-04-03,SLC,ATL,DL,-5.0,-11.715
2025-04-01,SMF,DEN,WN,-8.0,-6.4425
2025-04-30,BNA,DEN,UA,23.0,34.815
2025-04-04,DFW,SGU,OO,73.0,89.325
2025-04-18,FLL,BOS,B6,6.0,-2.3275
2025-04-28,AVL,CLT,OH,11.0,4.76
2025-04-24,BNA,BOS,DL,84.0,83.4925
2025-04-21,DEN,ORD,UA,-9.0,-3.32
2025-04-27,TPA,EWR,UA,171.0,157.255
2025-04-05,BWI,SAV,WN,-10.0,-6.715
2025-04-18,EWR,EYW,UA,209.0,225.775
2025-04-30,DCA,ATL,YX,-21.0,-15.5925
2025-04-24,SFB,EVV,G4,-10.0,-13.435
2025-04-04,FLL,IAH,UA,1.0,0.26
2025-04-19,DFW,ATL,DL,8.0,16.3275
2025-04-08,DEN,RIW,OO,-17.0,-18.07
2025-04-16,SAN,LAX,OO,4.0,1.0725
2025-04-10,DEN,STL,WN,-10.0,-3.2975
2025-04-04,OAK,PHX,WN,58.0,52.6575
2025-04-17,JAX,ATL,DL,-14.0,-7.41
2025-04-14,HOU,MAF,WN,-1.0,5.36
2025-04-12,ATL,CHS,DL,9.0,-12.1875
2025-04-17,ITO,HNL,HA,7.0,-5.9675
2025-04-15,PHL,ORF,OH,4.0,-3.63
2025-04-15,BNA,STL,WN,-14.0,-12.5575
2025-04-22,IAD,SAN,UA,-25.0,-7.195
2025-04-25,CLT,GPT,OH,7.0,4.19
2025-04-14,ORD,SGF,OO,-2.0,7.115
2025-04-03,CVG,CLT,AA,27.0,23.3775
2025-04-01,DEN,MKE,UA,7.0,-7.495
2025-04-27,CLT,MYR,AA,7.0,-2.275
2025-04-17,SEA,CMH,AS,37.0,27.5975
2025-04-22,PHX,PHL,AA,-9.0,-5.035
2025-04-22,EWR,CLT,AA,-35.0,-15.1025
2025-04-23,ORF,CLT,OH,-13.0,-8.72
2025-04-20,BOI,LAX,OO,-7.0,-14.245
2025-04-11,ORD,SEA,AS,-22.0,-22.03
2025-04-25,AUS,LAS,WN,175.0,159.265
2025-04-21,MCO,ATL,WN,18.0,21.0575
2025-04-23,DEN,FAT,OO,5.0,13.8525
2025-04-09,LAS,OMA,WN,-24.0,-15.3375
2025-04-07,CLT,MDW,WN,-6.0,-3.8875
2025-04-10,SFO,LAS,UA,-3.0,5.0
2025-04-15,PVD,MCO,WN,39.0,35.3975
2025-04-14,TYS,PGD,G4,-32.0,-13.4475
2025-04-23,DAL,ORD,WN,60.0,69.2275
2025-04-27,DFW,AUS,AA,-17.0,-11.2225
2025-04-12,ANC,FAI,AS,-21.0,-23.035
2025-04-11,DEN,LAX,F9,-28.0,-20.9225
2025-04-04,FLL,JFK,B6,-25.0,-21.6225
2025-04-06,MSP,GRB,OO,-21.0,-16.53
2025-04-01,ATL,JFK,B6,6.0,8.87
2025-04-01,MIA,DCA,AA,1.0,8.565
2025-04-14,CLT,MIA,AA,2.0,5.235
2025-04-29,DEN,SLC,WN,-3.0,-1.3175
2025-04-18,DTW,EWR,YX,-35.0,-21.1675
2025-04-15,LAX,EWR,AS,-9.0,-6.9375
2025-04-19,JFK,LAS,DL,-13.0,-11.875
2025-04-23,FCA,DEN,UA,-1.0,-13.99
2025-04-07,MDW,AUS,WN,-6.0,-3.2675
2025-04-01,SFO,PHX,F9,-7.0,1.59
2025-04-19,LAS,SEA,AS,0.0,-13.6475
2025-04-19,STL,LAS,F9,-44.0,-14.26
2025-04-27,PDX,SMF,AS,-18.0,-16.8825
2025-04-06,MSP,HRL,DL,-6.0,-13.02
2025-04-23,ABQ,PHX,OO,-14.0,-10.175
2025-04-09,MCI,DEN,UA,79.0,70.2175
2025-04-12,SJC,PHX,OO,-3.0,-8.79
2025-04-08,SLC,DTW,DL,-12.0,-14.905
2025-04-27,PIA,PIE,G4,9.0,-0.7025
2025-04-01,SAN,DFW,AA,3.0,-0.91
2025-04-07,ORD,LAX,AA,16.0,27.215
2025-04-24,DTW,SMF,DL,6.0,-7.9375
2025-04-08,CLT,CMH,AA,8.0,-13.945
2025-04-21,TUS,PHX,MQ,-7.0,-14.9025
2025-04-14,MCO,PVD,B6,-8.0,-7.47
2025-04-01,DFW,PBI,AA,34.0,42.3825
2025-04-02,LAS,MSP,DL,-18.0,-13.715
2025-04-28,PHL,LEX,OH,-21.0,-16.95
2025-04-03,PBI,ATL,DL,-7.0,1.3025
2025-04-16,AUS,SEA,AS,27.0,26.66
2025-04-18,MLI,ORD,OO,31.0,6.26
2025-04-23,TLH,ATL,DL,-16.0,-14.64
2025-04-03,ATL,LGA,WN,3.0,-3.9675
2025-04-28,PHL,ATL,DL,21.0,20.465
2025-04-16,SAN,SMF,WN,-10.0,-12.44
2025-04-02,MKE,DFW,AA,50.0,-2.2075
2025-04-16,ORD,SBN,OO,-19.0,-14.2925
2025-04-11,CLT,PHL,AA,117.0,108.545
2025-04-21,IAD,CVG,YX,-17.0,-18.505
2025-04-27,PHX,MAF,OO,-9.0,-4.73
2025-04-30,BNA,ORD,YX,-3.0,-7.015
2025-04-07,FLL,EWR,NK,-28.0,-17.2525
2025-04-25,DEN,LAX,WN,70.0,67.7825
2025-04-17,LBB,DAL,WN,-19.0,-19.8675
2025-04-11,MCO,ATL,DL,117.0,115.57
2025-04-24,SEA,PHX,DL,-19.0,-21.8725
2025-04-07,LGA,BNA,YX,33.0,13.2825
2025-04-29,SLC,SNA,DL,-19.0,-9.615
2025-04-11,DFW,CLE,AA,-10.0,-7.8325
2025-04-30,GEG,SLC,OO,-7.0,-13.71
2025-04-16,RDU,SLC,DL,-7.0,-14.9775
2025-04-28,ATL,MCI,DL,7.0,-0.535
2025-04-30,PHX,RDU,AA,29.0,13.49
2025-04-24,ORD,PHX,UA,-16.0,-0.505
2025-04-11,IAH,SAT,UA,9.0,5.735
2025-04-10,DEN,TUL,WN,-9.0,-7.2175
2025-04-17,DEN,LBB,OO,138.0,140.4875
2025-04-27,HNL,ITO,HA,-7.0,-6.015
2025-04-19,ORD,MCO,UA,-9.0,-9.0925
2025-04-24,LAX,SMF,OO,-13.0,-5.515
2025-04-01,CHA,ORD,OO,1.0,-10.9825
2025-04-05,STL,ORD,OO,-23.0,-15.615
2025-04-09,HRL,DFW,MQ,-8.0,-19.905
2025-04-21,SMF,LAX,OO,-7.0,-6.39
2025-04-14,DFW,JFK,DL,-11.0,-5.915
2025-04-17,MSY,CLT,AA,-9.0,-14.65
2025-04-08,MCO,EWR,NK,-25.0,-10.555
2025-04-20,BDL,DFW,AA,-27.0,-16.58
2025-04-03,DCA,SAV,OH,-11.0,-6.4325
2025-04-07,AUS,MSY,OO,-16.0,-6.7625
2025-04-05,JFK,JAX,B6,43.0,56.1575
2025-04-27,ORD,VPS,MQ,-18.0,-6.835
2025-04-11,BOS,SAT,DL,-29.0,-13.39
2025-04-19,DEN,TPA,WN,14.0,5.295
2025-04-08,DFW,LAX,DL,-4.0,-3.5525
2025-04-12,DEN,RSW,UA,8.0,5.4075
2025-04-09,TPA,EWR,UA,-35.0,-23.915
2025-04-24,DAL,IND,WN,41.0,24.555
2025-04-05,CLT,PHL,AA,-7.0,-4.955
2025-04-12,BWI,SJU,F9,169.0,150.0975
2025-04-25,MCI,DAL,WN,4.0,-12.5625
2025-04-15,TPA,PHX,AA,143.0,144.5825
2025-04-23,DEN,SLC,OO,-22.0,-12.4025
2025-04-20,ABQ,ATL,DL,-15.0,-12.4275
2025-04-14,TPA,ORD,AA,-39.0,-16.975
2025-04-03,DFW,OKC,AA,26.0,10.345
2025-04-15,SJU,EWR,UA,7.0,5.4225
2025-04-30,LGA,ORD,YX,-8.0,-17.2525
2025-04-08,DTW,DEN,DL,48.0,44.8025
2025-04-02,MIA,ORF,MQ,-13.0,-12.51
2025-04-11,TPA,PHL,AA,-26.0,-15.72
2025-04-28,MSP,GEG,DL,31.0,15.165
2025-04-28,DTW,ORD,DL,38.0,40.32
2025-04-07,BRO,DFW,MQ,-19.0,-17.745
2025-04-09,ATL,CVG,DL,35.0,30.6325
2025-04-11,PIT,SFB,G4,-13.0,-9.28
2025-04-13,MIA,LGA,DL,-8.0,-22.1725
2025-04-21,AUS,OKC,WN,19.0,21.1425
2025-04-29,PIT,ORD,YX,-30.0,-16.705
2025-04-27,SAN,LAS,OO,-17.0,-15.82
2025-04-20,LAS,AUS,WN,-9.0,-10.3275
2025-04-06,SAN,OAK,WN,2.0,-3.405
2025-04-19,DTW,CLT,DL,8.0,7.1225
2025-04-14,IND,SLC,DL,2.0,-14.98
2025-04-06,BOS,PBI,DL,-27.0,-21.05
2025-04-21,DFW,LGA,AA,-12.0,-9.125
2025-04-28,DCA,PDX,AS,98.0,105.5275
2025-04-09,AVL,PHX,G4,-35.0,-1.085
2025-04-12,JFK,PBI,B6,-7.0,-2.1725
2025-04-11,ROA,ATL,DL,-23.0,-20.1
2025-04-24,SAV,DCA,OH,-9.0,-16.3625
2025-04-04,CHA,ATL,DL,-13.0,-14.43
2025-04-10,ONT,SLC,OO,-19.0,-21.5275
2025-04-13,LBE,MCO,NK,-37.0,-19.915
2025-04-07,CLT,CLE,AA,137.0,143.36
2025-04-21,MSY,BWI,WN,33.0,33.4025
2025-04-20,ATL,GSO,DL,23.0,21.995
2025-04-09,ORF,LGA,YX,1.0,-0.39
2025-04-24,STL,ATL,WN,16.0,13.6975
2025-04-05,MCO,BHM,WN,94.0,100.4775
2025-04-28,HOU,MSY,WN,-16.0,-15.9625
2025-04-30,SEA,GEG,AS,-10.0,-14.005
2025-04-21,LGA,MSP,DL,-5.0,-20.9875
2025-04-29,LAS,IAH,UA,-3.0,-14.765
2025-04-18,MCO,SYR,F9,-14.0,-17.35
2025-04-26,FAT,PHX,OO,279.0,267.3075
2025-04-03,MRY,SFO,OO,-12.0,-4.3
2025-04-21,ORD,SMF,UA,17.0,-4.385
2025-04-05,FAR,DEN,OO,-4.0,-14.415
2025-04-20,ATL,LGA,DL,-21.0,-19.925
2025-04-20,LAS,MKE,WN,27.0,35.3
2025-04-04,DEN,MCI,WN,67.0,52.4725
2025-04-16,SBA,LAX,OO,-4.0,-15.3625
2025-04-20,LAS,FAT,G4,11.0,11.1675
2025-04-08,LEX,DFW,MQ,-34.0,-21.39
2025-04-04,DTW,CLT,DL,-9.0,-15.3025
2025-04-21,DCA,GSO,OH,-14.0,3.775
2025-04-28,ATL,CLT,OH,-12.0,-16.9425
2025-04-30,TUL,LAS,WN,17.0,-8.6775
2025-04-25,STX,SJU,B6,-24.0,-4.8
2025-04-07,DFW,LFT,MQ,2.0,0.54
2025-04-17,SAN,OAK,WN,-14.0,-8.5675
2025-04-06,PHL,BNA,WN,115.0,95.3875
2025-04-27,DEN,SAF,OO,-7.0,-6.6933333333333325
2025-04-11,PIT,DEN,WN,-21.0,-9.5525
2025-04-05,PHX,DCA,AA,38.0,31.5
2025-04-12,JFK,MCO,B6,-12.0,-14.7425
2025-04-26,DSM,DFW,AA,8.0,-8.775
2025-04-23,SEA,LAX,AS,-5.0,-13.1525
2025-04-07,DEN,ORD,AA,-1.0,0.6275
2025-04-24,DFW,MSP,AA,-10.0,-7.9025
2025-04-04,GRR,MCO,F9,560.0,547.94
2025-04-20,BOS,MIA,AA,-17.0,-6.6575
2025-04-27,DAL,SJC,WN,-4.0,-6.23
2025-04-27,CLT,TPA,AA,4.0,-5.425
2025-04-24,RDM,PHX,MQ,22.0,-5.1125
2025-04-27,PHL,LAS,AA,-10.0,-6.9125
2025-04-26,PHL,RDU,F9,-15.0,-13.4425
2025-04-26,PHL,MSY,OH,13.0,8.835
2025-04-10,RAP,LAS,G4,-26.0,-34.6275
2025-04-15,PHX,IAH,F9,-27.0,-18.7325
2025-04-28,LAS,DTW,DL,-21.0,-17.22
2025-04-11,RSW,IND,WN,-17.0,-15.3625
2025-04-08,ONT,SEA,OO,-10.0,-5.1825
2025-04-30,JFK,LAS,DL,-29.0,-26.07
2025-04-06,DEN,MAF,OO,24.0,26.1175
2025-04-18,PHX,MCI,WN,74.0,78.045
2025-04-17,GSP,EWR,YX,99.0,84.705
2025-04-20,MIA,MCO,AA,6.0,9.345
2025-04-02,HNL,KOA,HA,-8.0,-8.085
2025-04-25,SBN,CLT,OH,-6.0,-6.205
2025-04-01,SJU,BOS,B6,7.0,16.74
2025-04-25,ORD,MKE,OO,7.0,12.9975
2025-04-07,CHS,BWI,WN,0.0,-12.135
2025-04-30,MSO,SLC,OO,-24.0,-12.9625
2025-04-16,SFO,PHX,F9,25.0,17.8125
2025-04-04,BOS,SJU,B6,0.0,6.9025
2025-04-25,TPA,ACY,NK,-3.0,-10.2375
2025-04-22,PHX,DEN,WN,-12.0,-9.675
2025-04-28,FLL,CLT,AA,-9.0,-10.405
2025-04-16,LAX,LIH,HA,-19.0,-12.13
2025-04-23,ORD,LGA,AA,-13.0,-11.84
2025-04-08,HNL,LIH,HA,10.0,7.9625
2025-04-03,FLL,ATL,DL,19.0,22.0075
2025-04-13,EUG,PHX,AA,15.0,-10.6675
2025-04-27,MIA,ORD,AA,-4.0,-19.115
2025-04-05,DFW,STL,MQ,91.0,81.3875
2025-04-09,DFW,EWR,AA,-12.0,-17.585
2025-04-18,CLT,CVG,AA,-13.0,-10.3825
2025-04-23,MDW,DCA,WN,-16.0,-12.3525
2025-04-10,BUR,ABQ,WN,12.0,7.5525
2025-04-28,VPS,DFW,OH,-17.0,-14.4575
2025-04-27,DTW,SDF,OO,-18.0,-15.0775
2025-04-14,LAX,CLT,AA,-23.0,-12.2475
2025-04-24,ONT,SFO,UA,-17.0,-28.11
2025-04-18,BUR,SJC,WN,0.0,0.0425
2025-04-16,ORD,EWR,MQ,6.0,6.53
2025-04-24,CMH,MSP,OO,-11.0,-9.995
2025-04-08,IAH,MSY,UA,-20.0,-15.23
2025-04-13,PIH,SLC,OO,-19.0,-22.9475
2025-04-02,LAS,SNA,WN,15.0,12.8775
2025-04-20,DEN,SEA,WN,-9.0,-12.3975
2025-04-23,ORD,CLE,UA,-22.0,-10.9225
2025-04-12,SAN,PHX,WN,-20.0,-9.1525
2025-04-08,PHL,DFW,AA,-17.0,-6.3975
2025-04-02,TYS,CLT,OH,-2.0,-14.277000000000001
2025-04-22,PHL,JAX,AA,-29.0,-9.4425
2025-04-20,DEN,SJC,UA,-12.0,-11.715
2025-04-15,CLE,SEA,AS,20.0,23.1775
2025-04-16,LAN,DCA,OH,-22.0,-3.965
2025-04-04,OAK,LAX,WN,4.0,2.7975
2025-04-08,LAS,SMF,F9,-17.0,-9.0425
2025-04-03,IAD,HNL,UA,3.0,-27.8225
2025-04-11,PSP,PHX,AA,-17.0,-17.87
2025-04-02,FWA,CLT,OH,-2.0,-5.0475
2025-04-09,JFK,MCO,B6,20.0,-6.875
2025-04-16,DFW,EWR,AA,27.0,-16.745
2025-04-12,ANC,FAI,AS,-5.0,-19.0075
2025-04-19,MSP,LGA,DL,-23.0,-9.6375
2025-04-21,ATL,FAT,DL,-5.0,-16.16
2025-04-29,SAN,MIA,AA,-10.0,-4.3575
2025-04-25,PHX,EUG,AA,15.0,17.27
2025-04-21,DEN,MEM,WN,24.0,27.585
2025-04-09,PDX,LAX,AS,84.0,88.3025
2025-04-23,LAX,SLC,WN,-29.0,-15.18
2025-04-04,SLC,BOS,DL,5.0,0.195
2025-04-21,HDN,DEN,OO,29.0,68.9
2025-04-28,LAS,FAT,WN,-4.0,-2.635
2025-04-03,SLC,PDX,DL,0.0,6.8525
2025-04-15,AUS,MSY,OO,-19.0,-6.095
2025-04-21,FLL,JFK,B6,-23.0,-16.56
2025-04-10,RDU,BNA,WN,6.0,-0.825
2025-04-28,IND,MCO,WN,-15.0,-12.08
2025-04-20,PHL,CLT,AA,2.0,1.3625
2025-04-09,CHS,IAD,UA,-14.0,-13.0225
2025-04-26,MCO,LAX,AA,-16.0,-5.045
2025-04-10,JFK,RSW,B6,7.0,4.555
2025-04-13,ELP,LAS,WN,-10.0,-13.83
2025-04-15,BWI,MHT,WN,-20.0,-16.265
2025-04-26,JFK,SFO,AS,68.0,91.4675
2025-04-11,SEA,SNA,AS,2.0,-12.28
2025-04-02,DCA,PHL,OH,-10.0,-9.92
2025-04-27,BDL,PBI,B6,-36.0,-29.29
2025-04-27,FLL,LGA,B6,35.0,22.39
2025-04-17,PHX,BWI,WN,-22.0,-16.655
2025-04-25,DEN,TPA,F9,55.0,62.0525
2025-04-13,LAS,LAX,NK,30.0,40.4825
2025-04-20,FLL,BOS,DL,43.0,47.19
2025-04-05,AUS,MFE,OO,-3.0,-6.9975
2025-04-07,CID,DCA,OH,-2.0,2.015
2025-04-29,AUS,PHX,WN,-20.0,-18.7175
2025-04-20,SAN,SMF,WN,-5.0,-7.275
2025-04-01,DEN,BUR,WN,6.0,-5.5375
2025-04-08,DTW,FWA,OO,-6.0,-5.285
2025-04-21,BOI,SJC,WN,174.0,170.86
2025-04-22,IAH,DFW,UA,-17.0,-11.37
2025-04-24,PVD,MCO,WN,6.0,7.25
2025-04-28,DEN,BWI,WN,-7.0,0.97
2025-04-17,DTW,MSN,OO,-4.0,-2.68
2025-04-27,GJT,SLC,OO,-12.0,21.1775
2025-04-30,OMA,CLT,OH,34.0,35.4
2025-04-11,SLC,MSP,DL,-6.0,-2.965
2025-04-21,TPA,IAD,F9,76.0,86.8225
2025-04-10,SNA,LAS,NK,-4.0,-2.3475
2025-04-14,PHX,LAX,F9,-18.0,-15.46
2025-04-15,DFW,IAH,AA,-21.0,-11.4275
2025-04-14,PHX,SFO,UA,-23.0,-11.655
2025-04-30,SNA,SFO,OO,1.0,-9.745
2025-04-01,CVG,IAH,UA,-4.0,-1.345
2025-04-25,HOU,JAN,WN,24.0,17.8275
2025-04-13,PHX,LGB,WN,0.0,-7.995
2025-04-30,AUS,STL,WN,-6.0,-15.11
2025-04-10,PHX,DAL,WN,8.0,2.565
2025-04-04,MCO,BNA,NK,0.0,6.955
2025-04-25,DFW,HSV,MQ,78.0,74.1225
2025-04-12,IAD,CLE,UA,-2.0,-2.4975
2025-04-05,ANC,CDV,AS,14.0,-5.965
2025-04-22,EWR,MSY,UA,-22.0,-18.9075
2025-04-06,HOU,DAL,WN,22.0,24.32
2025-04-25,BHM,ATL,DL,-22.0,-10.195
2025-04-04,BWI,DAL,WN,53.0,6.9175
2025-04-25,ATL,EWR,UA,1.0,-0.425
2025-04-06,DEN,ICT,OO,-8.0,-8.4525
2025-04-14,LAX,IAH,UA,12.0,-11.5075
2025-04-08,TYS,LGA,YX,-3.0,-17.1775
2025-04-04,OAK,GEG,WN,-1.0,-4.13
2025-04-04,MCO,MIA,AA,-3.0,-13.9875
2025-04-22,DFW,CID,AA,51.0,49.5675
2025-04-15,DEN,LAX,F9,14.0,13.095
2025-04-21,DCA,DTW,OH,25.0,28.5075
2025-04-18,RDU,CLT,AA,-13.0,-3.56
2025-04-30,IAD,BTV,YX,-5.0,-14.3125
2025-04-23,ONT,PHX,WN,-7.0,-8.1625
2025-04-24,PHL,MCO,AA,-10.0,-13.41
2025-04-24,MSP,SLC,DL,-14.0,-12.855
2025-04-02,DFW,TPA,AA,35.0,15.3275
2025-04-15,DFW,GRK,MQ,19.0,-1.6025
2025-04-19,AUS,MIA,AA,-13.0,-15.955
2025-04-10,SAT,PHX,WN,-15.0,-14.9125
2025-04-16,OGG,SEA,DL,15.0,-9.565
2025-04-02,BWI,MCO,WN,5.0,-7.685
2025-04-08,MSY,HOU,WN,-15.0,-15.37
2025-04-11,ORD,SDF,MQ,-18.0,-1.245
2025-04-09,ORD,MIA,AA,-3.0,-7.42
2025-04-05,PVD,FLL,B6,-16.0,-7.0925
2025-04-10,CHS,CLT,OH,-5.0,-8.885
2025-04-30,ORD,OMA,UA,-25.0,-15.2225
2025-04-12,SFO,LAX,DL,-14.0,-14.13
2025-04-17,LAS,SMF,WN,5.0,4.1875
2025-04-14,FSD,MSP,OO,76.0,75.0875
2025-04-02,TUL,DEN,WN,62.0,58.7425
2025-04-27,ORD,OMA,UA,74.0,64.765
2025-04-27,SRQ,BWI,WN,-2.0,-5.3025
2025-04-22,PVD,MCO,WN,-6.0,-11.7125
2025-04-18,SEA,TUS,DL,-21.0,-17.2275
2025-04-09,KOA,HNL,WN,-8.0,-14.3775
2025-04-13,MEM,IAH,OO,-22.0,9.85
2025-04-29,DEN,SEA,UA,-11.0,-12.3975
2025-04-01,BOS,SLC,DL,4.0,-22.2575
2025-04-28,ORD,PIT,MQ,-18.0,-12.7275
2025-04-21,LAX,PHX,MQ,-11.0,-9.055
2025-04-11,AUS,LAX,WN,-4.0,1.7325
2025-04-14,ORD,JST,OO,-39.0,-15.79
2025-04-28,DEN,LAX,UA,-18.0,-9.29
2025-04-29,PHX,DEN,UA,65.0,39.925
2025-04-20,PHL,DTW,NK,114.0,120.115
2025-04-20,DTW,DCA,OH,-22.0,-12.1675
2025-04-07,DCA,ALB,OH,29.0,30.5975
2025-04-16,DEN,PIT,WN,-2.0,-5.9725
2025-04-24,LAS,DEN,UA,22.0,16.2175
2025-04-04,DEN,HOU,WN,82.0,71.2225
2025-04-23,MSP,DEN,WN,1.0,-4.5925
2025-04-09,SAN,SFO,UA,4.0,9.925
2025-04-28,BOS,BNA,YX,-39.0,-18.0775
2025-04-11,AUS,HRL,WN,-14.0,-12.765
2025-04-20,SAN,LAS,F9,74.0,79.8225
2025-04-12,MIA,LGA,AA,-18.0,-12.15
2025-04-22,JFK,ATL,DL,-34.0,-24.06
2025-04-16,BUR,DEN,WN,-20.0,-9.91
2025-04-25,BUR,LAS,NK,12.0,12.89
2025-04-10,ATW,MSP,OO,-9.0,-11.795
2025-04-24,SEA,HNL,HA,9.0,2.19
2025-04-28,DEN,BZN,UA,-6.0,-5.1725
2025-04-12,CMH,CLT,AA,-7.0,1.0525
2025-04-22,PHL,ORD,AA,-2.0,14.265
2025-04-29,CLE,DFW,AA,-8.0,-7.925
2025-04-07,MRY,PHX,OO,-5.0,-12.0775
2025-04-21,SEA,AUS,AS,-12.0,4.7075
2025-04-16,TUL,ORD,YX,-28.0,-22.01
2025-04-01,EWR,MCO,UA,24.0,26.075
2025-04-16,SFO,SAN,UA,-7.0,-4.3925
2025-04-30,LAX,JFK,AA,-25.0,-20.3825
2025-04-15,SLC,XNA,OO,-8.0,-13.855
2025-04-16,SEA,ORD,AS,-18.0,-7.305
2025-04-28,TXK,DFW,OO,-10.0,-10.16
2025-04-15,SEA,BNA,AS,-6.0,-7.135
2025-04-08,DEN,COS,OO,-11.0,-9.34
2025-04-19,PHX,ATL,WN,1.0,4.38
2025-04-21,BOI,PHX,OO,39.0,32.8375
2025-04-03,DFW,LGA,DL,-14.0,-22.22
2025-04-22,CLT,SHV,OH,44.0,38.0125
2025-04-04,MRY,PHX,MQ,-1.0,-9.6325
2025-04-21,ABQ,HOU,WN,40.0,0.085
2025-04-08,SFO,SAN,UA,-20.0,-7.72
2025-04-22,MCO,DFW,AA,-22.0,-11.31
2025-04-10,LIH,HNL,HA,-7.0,-9.405
2025-04-04,CVG,ATL,F9,292.0,271.42
2025-04-08,ORD,ATW,MQ,-5.0,4.61
2025-04-09,ABQ,DAL,WN,-20.0,-12.8825
2025-04-12,MCO,BDL,B6,-14.0,-9.295
2025-04-18,FLL,TYS,G4,-12.0,-3.835
2025-04-22,DCA,LAX,AA,-22.0,-11.96
2025-04-24,ATL,DTW,DL,-17.0,-16.25
2025-04-23,HOU,SJC,WN,58.0,19.935
2025-04-06,IAH,SAT,UA,27.0,32.36
2025-04-12,DCA,CLE,OH,-12.0,-14.31
2025-04-07,DTW,ATL,NK,82.0,72.655
2025-04-29,SBA,SLC,DL,-3.0,-14.51
2025-04-03,DFW,SFO,AA,12.0,22.3275
2025-04-17,CMH,ATL,DL,4.0,-1.365
2025-04-10,CLE,ORD,UA,22.0,29.2675
2025-04-07,DTW,IAD,OO,13.0,0.73
2025-04-21,RNO,DEN,UA,-19.0,-9.9825
2025-04-05,IAH,OMA,UA,4.0,27.5525
2025-04-29,FAI,SEA,AS,10.0,-4.0225
2025-04-03,STL,OMA,WN,-14.0,-5.425
2025-04-11,ORD,LGA,UA,0.0,-1.7
2025-04-06,MSY,CLT,AA,-9.0,-16.88
2025-04-28,SDF,DEN,WN,30.0,23.1075
2025-04-19,DFW,ATL,DL,-18.0,-14.635
2025-04-18,BWI,BNA,WN,-10.0,-12.3925
2025-04-21,BWI,DEN,UA,8.0,-2.2575
2025-04-21,DCA,DAY,OH,-1.0,-5.73
2025-04-17,ATL,DCA,YX,24.0,14.605
2025-04-08,IAH,LGA,DL,25.0,-3.3925
2025-04-16,DFW,CMH,AA,-13.0,-13.0325
2025-04-08,EWR,PBI,UA,15.0,8.4275
2025-04-19,DLH,MSP,OO,-9.0,-19.425
2025-04-23,DCA,FLL,B6,47.0,62.9175
2025-04-14,STL,DEN,WN,3.0,-12.3275
2025-04-01,MEM,BWI,WN,-9.0,-15.0725
2025-04-20,BNA,TPA,MQ,-13.0,-16.705
2025-04-04,PHX,LAX,AA,65.0,61.715
2025-04-01,SLC,JFK,B6,34.0,24.44
2025-04-08,SEA,ATL,DL,-32.0,-15.3975
2025-04-16,SEA,PHX,OO,-11.0,-8.7375
2025-04-11,DEN,PDX,WN,75.0,69.3825
2025-04-08,ICT,ORD,UA,-3.0,-13.505
2025-04-27,IAH,BNA,UA,-3.0,3.8675
2025-04-13,ATL,JFK,DL,-23.0,-18.4775
2025-04-29,MIA,BOS,AA,-15.0,-13.12
2025-04-12,MIA,PHX,AA,35.0,45.48
2025-04-04,ATL,SAT,DL,-10.0,-17.08
2025-04-05,RSW,MSP,NK,1.0,-9.3475
2025-04-04,CLT,BNA,MQ,-15.0,-2.2675
2025-04-11,BDL,DTW,OO,54.0,49.6775
2025-04-03,IND,TPA,NK,12.0,5.6775
2025-04-28,DEN,GJT,OO,-6.0,1.9025
2025-04-30,EWR,TPA,UA,-8.0,-8.805
2025-04-27,DCA,CLT,OH,-17.0,-10.01
2025-04-16,SMF,DFW,AA,1.0,-3.6775
2025-04-20,ORD,MSP,DL,-26.0,-14.8075
2025-04-15,HOU,DAL,WN,-21.0,-14.46
2025-04-11,MSP,SFO,OO,-10.0,-16.5525
2025-04-13,BDL,MCO,B6,-37.0,-10.3
2025-04-19,TPA,ATL,WN,-6.0,-3.1775
2025-04-27,ATL,STL,DL,-3.0,-3.95
2025-04-22,TUL,PHX,WN,-9.0,-13.8675
2025-04-06,PIT,AUS,WN,-7.0,-8.3525
2025-04-18,SHV,DFW,OH,-10.0,-12.0825
2025-04-25,LGA,DEN,WN,29.0,21.26
2025-04-13,AUS,MSY,WN,-16.0,-12.7375
2025-04-21,STL,SRQ,WN,16.0,9.3925
2025-04-30,BUF,ORD,YX,-9.0,-18.6225
2025-04-01,PGD,MDW,G4,-3.0,-7.835
2025-04-19,DFW,OKC,AA,84.0,43.46
2025-04-21,DAL,DEN,WN,-12.0,-12.7225
2025-04-03,ATL,SBN,OO,116.0,106.415
2025-04-05,SFO,JFK,B6,-36.0,-18.86
2025-04-03,ELP,LAX,OO,-5.0,-11.2475
2025-04-16,DAL,LBB,WN,-11.0,-12.6775
2025-04-20,CLE,LAX,UA,-14.0,-18.7675
2025-04-24,LAX,MDW,WN,43.0,39.2075
2025-04-06,SJC,DEN,OO,-8.0,-14.94
2025-04-06,BWI,DAL,WN,11.0,-5.13
2025-04-18,MEM,ATL,DL,-1.0,3.8975
2025-04-12,OGG,SEA,DL,-23.0,-22.055
2025-04-23,PHX,MRY,OO,-3.0,-7.555
2025-04-08,TYS,DEN,UA,-14.0,-18.955
2025-04-14,ATL,HOU,DL,-19.0,-17.0625
2025-04-11,PHX,MSP,WN,2.0,-5.085
2025-04-30,PIT,ATL,DL,-18.0,-11.8175
2025-04-22,LGA,MIA,AA,-10.0,0.5475
2025-04-21,LAS,BOS,DL,-33.0,-9.8975
2025-04-03,BOS,PHL,YX,15.0,6.12
2025-04-21,HNL,OGG,HA,-10.0,-6.6025
2025-04-29,RSW,DTW,DL,-5.0,-11.27
2025-04-11,LGA,DFW,AA,-26.0,-10.1225
2025-04-01,PDX,ONT,OO,4.0,10.3125
2025-04-26,PHL,ATL,F9,-34.0,-14.89
2025-04-05,MCO,SJU,B6,3.0,-9.0925
2025-04-21,JFK,DEN,B6,-7.0,-10.775
2025-04-07,ORD,IND,YX,-19.0,-10.0925
2025-04-17,FLL,JFK,B6,-2.0,-12.195
2025-04-23,MSP,LGA,DL,-8.0,-8.56
2025-04-19,LGA,OMA,YX,58.0,37.875
2025-04-27,OKC,DFW,AA,-8.0,-8.29
2025-04-27,SAN,AUS,WN,-9.0,-8.355
2025-04-01,MOB,IAH,OO,-16.0,-26.6175
2025-04-02,SEA,MSP,AS,13.0,-7.7
2025-04-25,ONT,SEA,F9,-24.0,-18.37
2025-04-24,LAS,SFO,UA,41.0,43.105
2025-04-13,DEN,LAX,UA,-3.0,-11.915
2025-04-01,BWI,MCO,WN,25.0,28.6075
2025-04-19,SFO,LAX,WN,-21.0,-15.1375
2025-04-06,MSP,DEN,WN,-1.0,-3.935
2025-04-21,EWR,PHX,UA,86.0,94.26
2025-04-18,EWR,FLL,NK,-28.0,-19.3175
2025-04-13,LAS,RNO,F9,-16.0,-6.4425
2025-04-15,SEA,PHX,AS,-22.0,-22.615
2025-04-01,LGA,RSW,DL,8.0,7.4725
2025-04-18,LAS,JFK,DL,-34.0,-15.425
2025-04-27,ORD,LGA,AA,14.0,13.5675
2025-04-10,DTW,LGA,NK,-5.0,-6.5975
2025-04-17,SAN,SLC,DL,-12.0,-9.535
2025-04-28,DEN,BOI,WN,87.0,92.4
2025-04-06,SFO,ACV,OO,-1.0,1.5825
2025-04-11,PDX,BOS,AS,-6.0,-3.0725
2025-04-24,DAL,LAS,WN,74.0,38.165
2025-04-10,HNL,LIH,HA,22.0,8.09
2025-04-14,PHL,CLE,OH,-8.0,-18.4525
2025-04-09,RIW,DEN,OO,-5.0,-4.925
2025-04-05,ORD,LAS,UA,5.0,-9.76
2025-04-12,GSP,DFW,MQ,-17.0,-11.8575
2025-04-09,EWR,BOS,UA,-25.0,-13.0425
2025-04-19,MIA,BWI,NK,-3.0,-16.8175
2025-04-19,LAS,CLT,AA,-11.0,-18.27
2025-04-08,HSV,DFW,OH,-32.0,-7.825
2025-04-21,DEN,LGB,WN,-2.0,3.5775
2025-04-06,IND,TPA,WN,-1.0,-11.6175
2025-04-09,JFK,DCA,YX,5.0,-23.5325
2025-04-16,RAP,DEN,OO,155.0,165.6825
2025-04-11,MDW,BUF,WN,15.0,8.6075
2025-04-06,MDW,LGA,WN,-11.0,-1.375
2025-04-19,GSO,CLT,OH,-22.0,-9.275
2025-04-22,GJT,DEN,OO,-24.0,-17.835
2025-04-23,RNO,DEN,UA,9.0,18.1425
2025-04-26,EWR,SJU,UA,84.0,84.65
2025-04-29,LGA,STL,YX,81.0,63.8575
2025-04-27,BNA,PHL,WN,-8.0,-6.78
2025-04-17,SFO,PHX,UA,-17.0,-13.365
2025-04-16,SAV,ORD,UA,-2.0,-10.68
2025-04-02,MCO,HOU,WN,-34.0,-12.7125
2025-04-03,OMA,PHX,WN,8.0,-11.0575
2025-04-17,DCA,ATL,DL,-26.0,-15.7575
2025-04-29,CLE,PHL,YX,-2.0,-13.19
2025-04-19,SFB,PBG,G4,-29.0,-27.07
2025-04-10,ANC,DEN,UA,11.0,10.0575
2025-04-14,GSO,ATL,DL,-27.0,-23.5225
2025-04-19,BOS,PBI,B6,-18.0,11.9525
2025-04-15,ORD,CLE,MQ,-17.0,-10.8675
2025-04-08,TPA,TTN,F9,-35.0,-15.5275
2025-04-20,HRL,HOU,WN,-12.0,-14.45
2025-04-16,LGA,BNA,YX,26.0,17.535
2025-04-08,PHL,ATL,DL,-15.0,-13.19
2025-04-23,IAH,MAF,OO,5.0,4.7875
2025-04-06,MAF,AUS,OO,-22.0,-9.985
2025-04-11,HNL,LAS,HA,12.0,-18.015
2025-04-14,SLC,DFW,AA,0.0,-13.7775
2025-04-25,SDF,LGA,YX,132.0,128.5
2025-04-25,BOS,PHL,B6,-27.0,-20.2475
2025-04-01,HNL,PHX,HA,-10.0,-14.2575
2025-04-08,STT,CLT,AA,-34.0,-23.5175
2025-04-26,CVG,LGA,YX,-4.0,-12.5775
2025-04-09,ATL,ROC,DL,-19.0,-20.1375
2025-04-13,SDF,LGA,YX,13.0,-12.3875
2025-04-18,BOS,PIT,B6,-10.0,-8.43
2025-04-25,ATL,BHM,DL,13.0,8.7325
2025-04-12,DFW,SJC,AA,-20.0,-12.6575
2025-04-21,LGA,LIT,YX,-14.0,-10.7325
2025-04-05,LBB,DFW,AA,148.0,125.035
2025-04-11,IAD,MSP,OO,-7.0,-10.765
2025-04-16,DEN,BFL,OO,5.0,-4.2775
2025-04-10,LAS,TPA,NK,-7.0,-17.8975
2025-04-07,JFK,ROC,B6,-5.0,-2.4275
2025-04-17,BOS,BWI,NK,16.0,24.205
2025-04-25,ABE,PGD,G4,-31.0,-15.27
2025-04-26,BWI,BNA,WN,-2.0,-5.5275
2025-04-04,CHA,DFW,MQ,198.0,105.7
2025-04-26,SLC,FCA,OO,-25.0,-8.405
2025-04-21,DFW,DEN,OO,-11.0,-11.3975
2025-04-25,IND,ORD,MQ,-4.0,-13.465
2025-04-04,MCO,MIA,AA,168.0,169.8975
2025-04-12,ONT,LAS,WN,-12.0,-12.9825
2025-04-26,SJC,SLC,DL,-20.0,-19.305
2025-04-10,ORD,MKE,OO,68.0,79.7125
2025-04-09,SFO,SBA,OO,-3.0,-15.2075
2025-04-30,BWI,SLC,WN,-21.0,-15.1
2025-04-08,LGA,ORD,AA,58.0,52.5075
2025-04-16,CLT,MCO,AA,8.0,8.4525
2025-04-19,ATL,MGM,OO,-6.0,-9.87
2025-04-22,PHL,SJU,AA,-22.0,-0.5225
2025-04-29,AUS,MCI,WN,-16.0,-17.5875
2025-04-07,LAS,PHL,AA,-11.0,-22.19
2025-04-13,SMF,DEN,WN,8.0,2.4825
2025-04-18,ATL,PHL,DL,11.0,5.2125
2025-04-08,SFO,DEN,WN,-21.0,-18.31
2025-04-13,CLT,IAH,AA,-12.0,2.5475
2025-04-29,CLT,ORF,AA,83.0,79.535
2025-04-25,DEN,BOS,UA,9.0,2.585
2025-04-06,TUS,DFW,AA,-12.0,-14.0175
2025-04-26,ORD,PIT,YX,-6.0,-18.505
2025-04-28,SNA,PDX,AS,-1.0,-9.23
2025-04-23,LWS,SLC,OO,-6.0,-12.8875
2025-04-22,MEM,DFW,AA,-2.0,-8.4675
2025-04-22,BWI,CHS,WN,-2.0,-1.405
2025-04-18,DEN,OMA,UA,31.0,29.5575
2025-04-28,ORD,DTW,DL,42.0,39.26
2025-04-20,ITO,HNL,WN,-12.0,-13.6325
2025-04-21,SJU,MCO,B6,-20.0,-13.8975
2025-04-15,ATW,MSP,OO,-18.0,-13.4075
2025-04-02,BWI,LAX,WN,25.0,-6.145
2025-04-13,LAS,LAX,NK,-9.0,-7.56
2025-04-04,MDW,MCI,WN,119.0,109.1425
2025-04-06,EWR,AUS,UA,15.0,-18.035
2025-04-04,LAS,IAH,UA,165.0,156.365
2025-04-06,HNL,LIH,HA,-6.0,-4.9275
2025-04-16,TUL,ATL,DL,-23.0,-23.3775
2025-04-25,CLT,RSW,AA,-14.0,-12.395
2025-04-20,COS,LAS,WN,-3.0,-6.1875
2025-04-21,IAD,LAS,UA,-1.0,-20.8
2025-04-20,PHX,LAS,AA,-5.0,-8.3
2025-04-10,ATL,CVG,DL,21.0,-8.3825
2025-04-06,SFO,IAH,UA,-5.0,-19.1975
2025-04-06,BNA,LAX,DL,-28.0,-14.905
2025-04-16,SDF,ATL,DL,-28.0,-12.905
2025-04-10,SMF,ONT,WN,-7.0,-9.9425
2025-04-28,FLL,DCA,B6,-8.0,-15.0925
2025-04-04,BOS,MYR,NK,-18.0,-21.7775
2025-04-22,BOS,PHX,AA,1.0,-12.2925
2025-04-08,ORD,CLT,AA,-19.0,-9.8375
2025-04-05,TPA,IAD,UA,-18.0,-18.57
2025-04-30,ELP,DEN,WN,-25.0,-19.51
2025-04-10,PHX,DAL,WN,-4.0,-8.6675
2025-04-28,MCW,ORD,OO,-13.0,-28.6175
2025-04-02,SFO,IAH,UA,-18.0,-13.4375
2025-04-09,FWA,ORD,OO,1.0,-7.605
2025-04-14,EWR,BNA,UA,-13.0,-14.4075
2025-04-14,IAH,LAX,DL,-21.0,-13.38
2025-04-05,PHL,MCO,AA,-2.0,-8.1825
2025-04-13,HOU,DEN,WN,-18.0,-16.64
2025-04-03,DFW,TPA,AA,18.0,29.5525
2025-04-27,IAH,AUS,UA,-9.0,-0.4925
2025-04-06,DFW,ORD,AA,-7.0,-5.4
2025-04-24,LGB,STL,WN,-17.0,-7.54
2025-04-05,ATL,EWR,UA,-6.0,2.7725
2025-04-15,MCO,ALB,B6,-35.0,-12.595
2025-04-17,LAS,SFO,AS,1.0,2.165
2025-04-27,DCA,ORD,UA,-17.0,-20.04
2025-04-14,TPA,ATL,DL,-2.0,-2.8325
2025-04-21,DFW,GGG,OO,-13.0,-6.3175
2025-04-04,ORF,ATL,DL,-3.0,1.595
2025-04-30,ORD,LAN,MQ,0.0,13.17
2025-04-25,SAN,SJC,WN,-5.0,-4.8275
2025-04-30,MIA,SAV,AA,-22.0,-16.6525
2025-04-10,CLT,ROC,OH,-15.0,-6.9475
2025-04-27,SJC,PHX,WN,-9.0,-16.0625
2025-04-25,LAX,TUS,OO,-3.0,-8.7825
2025-04-16,ORD,CMH,MQ,-6.0,0.3825
2025-04-25,ATL,AUS,DL,0.0,1.0175
2025-04-19,ATW,CLT,MQ,-15.0,-20.4
2025-04-27,SLC,GEG,DL,1.0,-1.4575
2025-04-07,SMF,TUS,OO,-2.0,-7.4025
2025-04-19,LAX,BOI,OO,-23.0,-11.1725
2025-04-13,ORF,ORD,UA,-1.0,-4.0875
2025-04-25,IAH,MCO,NK,61.0,73.23
2025-04-17,GSP,DCA,OH,-15.0,-21.9825
2025-04-28,DEN,DSM,WN,1.0,11.1775
2025-04-11,LGA,CLT,NK,-2.0,-11.485
2025-04-21,IAD,RDU,UA,-4.0,-1.67
2025-04-26,STT,PHL,AA,-18.0,-17.6425
2025-04-10,OGG,SEA,AS,12.0,2.79
2025-04-30,BNA,JAX,WN,3.0,-1.7025
2025-04-20,HRL,DAL,WN,-27.0,-6.425
2025-04-22,EWR,ATL,DL,-24.0,-17.86
2025-04-06,ATL,MDW,DL,128.0,138.1725
2025-04-13,SLC,PIH,OO,0.0,-4.295
2025-04-17,OMA,CLT,AA,-18.0,-8.3625
2025-04-03,ORD,TPA,UA,-19.0,-15.0175
2025-04-20,OKC,LAX,OO,246.0,242.5325
2025-04-14,DTW,SEA,DL,-8.0,-14.5675
2025-04-04,LAS,IND,NK,22.0,14.62
2025-04-06,MIA,BDL,MQ,56.0,64.6475
2025-04-13,JFK,IAD,OO,-21.0,-0.7075
2025-04-11,AUS,ABQ,WN,173.0,176.9
2025-04-28,DFW,LGA,DL,-20.0,-25.09
2025-04-24,SNA,LAS,WN,-12.0,-18.725
2025-04-24,CLT,DTW,DL,48.0,55.5975
2025-04-23,RSW,ATL,DL,6.0,14.0175
2025-04-16,MIA,CMH,MQ,55.0,29.6275
2025-04-20,JAN,DCA,OH,191.0,201.2825
2025-04-27,LGA,CAE,YX,47.0,35.34
2025-04-19,DEN,ECP,UA,-12.0,-14.3575
2025-04-13,MSY,JFK,DL,132.0,135.745
2025-04-29,RNO,DFW,AA,-4.0,-16.1875
2025-04-29,DFW,TUS,AA,-9.0,-16.2325
2025-04-17,DAL,HRL,WN,-13.0,-13.97
2025-04-26,HNL,LIH,HA,0.0,-1.7725
2025-04-25,LGA,MIA,AA,-8.0,-12.4525
2025-04-19,SLC,ATL,DL,0.0,6.8025
2025-04-09,DFW,CLT,AA,1.0,-12.585
2025-04-01,LAX,JFK,AA,-43.0,-20.15
2025-04-24,SDF,DFW,AA,-29.0,-14.9025
2025-04-23,SMF,ATL,DL,5.0,-1.6075
2025-04-17,PHL,ORD,AA,-22.0,-20.1625
2025-04-27,DFW,JFK,AA,-17.0,-13.0575
2025-04-04,DCA,RSW,AA,-1.0,-1.355
2025-04-26,HOU,FLL,WN,-9.0,-12.835
2025-04-22,BOS,EWR,UA,-1.0,-4.8525
2025-04-24,MSY,ATL,DL,-8.0,-8.0525
2025-04-13,IAD,LAS,UA,102.0,109.835
2025-04-25,STT,MIA,AA,-23.0,-6.4375
2025-04-28,HNL,LAX,AA,-6.0,-14.6525
2025-04-14,PHX,PHL,AA,-18.0,-15.8325
2025-04-29,PHL,LAX,AA,-17.0,-6.665
2025-04-24,DEN,DRO,UA,162.0,162.6275
2025-04-09,LGA,BNA,YX,-2.0,-8.7975
2025-04-03,ATL,BWI,WN,-9.0,-11.3825
2025-04-03,RDU,MSP,DL,-2.0,-22.75
2025-04-16,CLT,SBN,OH,-2.0,-1.5025
2025-04-24,DTW,ATL,DL,-9.0,-13.0775
2025-04-21,SLC,LAX,WN,-7.0,-8.3975
2025-04-22,IAH,FLL,NK,-28.0,-14.3625
2025-04-02,LAS,OKC,WN,-11.0,-10.8525
2025-04-20,SFO,JFK,AA,4.0,26.3075
2025-04-05,DTW,RSW,DL,21.0,3.5275
2025-04-01,IAH,LAS,UA,-7.0,-6.3675
2025-04-07,ABE,MLB,G4,-5.0,-13.74
2025-04-25,IAH,SFO,UA,183.0,202.145
2025-04-16,BHM,DEN,WN,-3.0,-18.8425
2025-04-28,LGA,MEM,YX,-25.0,-6.9575
2025-04-20,PBI,DCA,AA,-25.0,-13.74
2025-04-27,HNL,LAX,AA,-12.0,-17.555
2025-04-04,SLC,EUG,OO,-27.0,-14.1725
2025-04-16,CHS,IAD,YX,-23.0,-17.7325
2025-04-22,ABY,ATL,OO,-14.0,-10.555
2025-04-08,DFW,HOU,MQ,-15.0,-12.6375
2025-04-15,IAD,CHS,YX,26.0,4.6325
2025-04-28,LAS,SNA,WN,-20.0,-18.78
2025-04-21,LGB,LAS,WN,-9.0,-7.0
2025-04-08,LAS,GRR,WN,-12.0,-2.9725
2025-04-20,DTW,MCO,DL,19.0,-10.4525
2025-04-16,PHX,MRY,OO,-6.0,-11.6825
2025-04-24,MCO,DCA,B6,-4.0,-3.05
2025-04-15,FLL,PNS,NK,-21.0,-18.265
2025-04-06,BNA,LGA,OO,-35.0,-13.8425
2025-04-17,DCA,FLL,AA,-11.0,-7.5675
2025-04-22,PHX,SLC,WN,-18.0,-14.195
2025-04-16,PHX,CID,OO,-25.0,-7.0375
2025-04-08,LAS,ATL,DL,-11.0,-18.175
2025-04-26,LAS,ELP,WN,-14.0,-4.455
2025-04-05,BOS,BNA,NK,-8.0,-25.6
2025-04-09,EWR,MYR,YX,-10.0,-10.1925
2025-04-12,EWR,MIA,UA,-2.0,0.955
2025-04-20,LRD,DFW,MQ,25.0,-5.81
2025-04-28,STL,PHX,WN,7.0,-6.0475
2025-04-08,ORD,DTW,UA,6.0,3.95
2025-04-13,SLC,DEN,UA,24.0,17.3475
2025-04-02,PHX,CLT,AA,-6.0,-18.63
2025-04-05,DFW,TUL,MQ,-16.0,-8.1625
2025-04-02,FAT,LAS,WN,-4.0,-9.0875
2025-04-21,CLE,PHX,AA,63.0,56.5
2025-04-28,LAX,ABQ,OO,-10.0,-13.5025
2025-04-27,DEN,MCI,WN,-17.0,-15.8225
2025-04-29,ATL,HOU,WN,-19.0,-16.715
2025-04-20,ORD,SAN,UA,-13.0,-19.435
2025-04-05,SDF,SFB,G4,20.0,8.0325
2025-04-22,PHX,SGU,OO,-17.0,-15.9
2025-04-19,HNL,KOA,HA,2.0,-2.79
2025-04-09,RIC,ATL,DL,-25.0,-18.6775
2025-04-27,DEN,PIT,WN,43.0,37.0225
2025-04-13,MCO,IND,WN,-2.0,-10.785
2025-04-11,LAS,AUS,WN,26.0,19.5225
2025-04-20,SLC,MCO,DL,-9.0,-8.72
2025-04-24,LAS,DEN,F9,31.0,21.7225
2025-04-21,DFW,ORD,UA,8.0,-6.3175
2025-04-02,SEA,MCO,AS,3.0,-4.7825
2025-04-06,CLE,BOS,B6,-20.0,-12.0325
2025-04-07,FLL,CLE,UA,4.0,19.2225
2025-04-21,TPA,ATL,DL,-27.0,-14.6475
2025-04-23,ATL,RDU,DL,-18.0,-16.1725
2025-04-20,ATL,DCA,YX,0.0,-8.3075
2025-04-18,PNS,MIA,MQ,13.0,0.5075
2025-04-13,OKC,HOU,WN,14.0,17.0075
2025-04-05,SLC,PHX,OO,-5.0,-18.92
2025-04-03,JFK,PHX,AA,-2.0,-21.2025
2025-04-09,OGG,LAX,DL,-3.0,-20.2125
2025-04-03,HNL,OAK,HA,17.0,3.5675
2025-04-08,PHX,ICT,OO,-9.0,-9.89
2025-04-18,GEG,SLC,OO,-9.0,-16.225
2025-04-15,DEN,BNA,UA,-8.0,-10.160499999999999
2025-04-16,MSY,TPA,WN,-9.0,-4.8575
2025-04-13,AZA,PSC,G4,-15.0,-11.89
2025-04-12,ATL,CMH,DL,2.0,-10.1025
2025-04-28,SLC,SGU,OO,13.0,-1.235
2025-04-18,MEM,ATL,DL,-14.0,-17.3575
2025-04-13,PHX,AUS,AA,145.0,149.2725
2025-04-30,SJU,TPA,F9,48.0,64.48
2025-04-08,HOU,DEN,WN,-13.0,-15.845
2025-04-28,DFW,TYR,OO,-10.0,-6.705
2025-04-10,DTW,GRB,OO,-7.0,1.4925
2025-04-18,CLT,CVG,OH,22.0,36.69
2025-04-04,MIA,BWI,WN,-15.0,-1.93
2025-04-30,BWI,ABQ,WN,-6.0,-3.3325
2025-04-12,PHX,RNO,AA,-13.0,-15.0025
2025-04-17,SAN,PHX,WN,10.0,10.8025
2025-04-27,BUF,MCO,B6,-28.0,-28.9075
2025-04-26,ATL,DCA,WN,-1.0,-11.12
2025-04-16,BUF,BWI,WN,-2.0,-11.79
2025-04-23,AUS,IND,WN,32.0,15.39
2025-04-03,STL,ORD,YX,-20.0,-14.3975
2025-04-12,MGM,ATL,OO,-24.0,-16.51
2025-04-30,PHX,DEN,WN,-12.0,-10.8
2025-04-06,DFW,AMA,MQ,-14.0,-9.445
2025-04-09,PHL,MEM,OH,39.0,37.7775
2025-04-27,ORD,CVG,MQ,-17.0,-3.525
2025-04-30,LAX,BOS,B6,-28.0,-11.215
2025-04-09,LGA,PIT,YX,-28.0,-21.1925
2025-04-09,ORD,TUS,OO,-23.0,-4.8225
2025-04-20,PHX,DTW,DL,15.0,-12.165
2025-04-21,ATL,BNA,DL,-12.0,-10.4725
2025-04-04,FLL,DFW,NK,-45.0,-18.98
2025-04-26,FLL,ORD,NK,-5.0,-13.8525
2025-04-24,SAN,DEN,F9,22.0,33.6875
2025-04-09,BWI,MDW,WN,-14.0,-8.7925
2025-04-11,CVG,VPS,G4,-17.0,-5.11
2025-04-01,DEN,SJC,OO,9.0,-1.69
2025-04-03,SAN,DEN,UA,5.0,-0.5725
2025-04-30,GEG,SLC,DL,-10.0,-15.33
2025-04-24,FSD,ORD,OO,-11.0,-11.115
2025-04-02,LGA,CHS,YX,26.0,31.82
2025-04-26,FLL,SJU,WN,11.0,-9.73
2025-04-22,SMF,LAX,OO,3.0,-0.0175
2025-04-17,CLT,ORD,UA,1.0,-14.3525
2025-04-15,IND,BOS,YX,-7.0,-7.6525
2025-04-29,LGA,BNA,WN,-15.0,-2.61
2025-04-03,LAS,SEA,WN,37.0,36.015
2025-04-06,SGF,IAH,OO,130.0,127.81
2025-04-09,SJC,SAN,OO,37.0,24.1175
2025-04-17,DEN,SLC,F9,-12.0,-9.5
2025-04-01,MSP,DTW,DL,16.0,6.305
2025-04-13,PHX,CLE,F9,-11.0,-14.7725
2025-04-04,BIS,MSP,OO,-16.0,-9.165
2025-04-20,SAV,BWI,WN,-7.0,-4.09
2025-04-01,DFW,CLT,AA,182.0,185.81
2025-04-24,ORD,LAN,MQ,-7.0,3.43
2025-04-13,LGA,PIT,YX,-11.0,-15.82
2025-04-06,SAN,BOS,DL,-3.0,-4.5
2025-04-02,OGG,DFW,AA,-11.0,-38.0225
2025-04-04,MCO,EWR,UA,-14.0,-21.435
2025-04-13,BQN,MCO,F9,78.0,71.6625
2025-04-22,DFW,DTW,NK,-5.0,-10.0475
2025-04-07,ANC,JNU,AS,-19.0,-25.27
2025-04-01,BUR,MDW,WN,-33.0,-10.8075
2025-04-06,MSN,DFW,AA,-2.0,-17.6
2025-04-02,SFO,FAT,OO,17.0,12.4525
2025-04-17,BTV,DCA,AA,-11.0,-7.6675
2025-04-10,MCO,MSY,NK,-3.0,-8.8925
2025-04-13,MKE,LGA,YX,-24.0,-17.915
2025-04-28,MYR,ATL,DL,-8.0,-10.47
2025-04-09,ABQ,DFW,AA,15.0,-9.95
2025-04-02,ORD,SFO,AS,208.0,237.725
2025-04-04,BNA,CLT,MQ,6.0,6.29
2025-04-24,GEG,SLC,DL,-22.0,-17.4025
2025-04-22,LAS,BUR,WN,-22.0,-12.53
2025-04-18,HNL,OGG,HA,-6.0,-5.9575
2025-04-01,DFW,ATL,AA,5.0,-1.61
2025-04-10,BOI,SEA,OO,-22.0,-12.895
2025-04-05,MIA,DCA,AA,47.0,61.4625
2025-04-24,MCO,FLL,WN,2.0,3.6575
2025-04-27,SFO,JFK,DL,-24.0,-13.67
2025-04-19,MYR,BNA,WN,-15.0,-18.205
2025-04-06,DTW,MCO,DL,37.0,19.1175
2025-04-24,JFK,RDU,YX,-16.0,-10.465
2025-04-19,DFW,DCA,AA,-23.0,-15.05
2025-04-03,KTN,SIT,AS,-3.0,-10.3775
2025-04-13,SAN,IAH,UA,22.0,30.175
2025-04-24,AMA,DFW,AA,54.0,-0.54
2025-04-18,EWR,ATL,DL,-12.0,-2.6625
2025-04-28,SYR,ATL,DL,-28.0,-16.835
2025-04-07,SLC,MSO,DL,-9.0,-12.7825
2025-04-19,LIH,HNL,WN,-16.0,-17.745
2025-04-27,BOS,LGA,YX,30.0,33.13
2025-04-02,SDF,ATL,DL,-24.0,-19.6275
2025-04-20,JAN,CLT,OH,-14.0,-12.405
2025-04-22,SFO,SEA,UA,-32.0,-16.6025
2025-04-13,PHX,SFO,F9,-19.0,-16.0275
2025-04-24,ORD,IAH,UA,-3.0,0.8725
2025-04-04,SAN,ORD,AA,0.0,-8.81
2025-04-09,DFW,MCO,F9,-46.0,-22.68
2025-04-29,ORD,OKC,MQ,17.0,3.1175
2025-04-29,LAX,MCO,UA,-18.0,-19.6725
2025-04-04,SEA,LAX,AS,-3.0,5.9125
2025-04-25,SFO,SNA,OO,-11.0,-13.0875
2025-04-11,ATL,DAL,DL,-8.0,-6.6525
2025-04-06,MIA,DCA,AA,-21.0,-10.455
2025-04-18,BNA,BOS,WN,6.0,0.295
2025-04-16,ORD,IND,YX,-17.0,-13.5375
2025-04-13,TPA,LGA,DL,17.0,4.0075
2025-04-15,DEN,SLC,WN,2.0,-15.0125
2025-04-02,LAX,DEN,WN,73.0,81.1775
2025-04-25,SFO,SNA,F9,81.0,76.995
2025-04-21,ORD,CMH,YX,-14.0,-9.2925
2025-04-25,SJU,MCO,F9,-27.0,-16.615
2025-04-11,LGA,CLT,YX,5.0,-6.045
2025-04-13,ORD,ATL,UA,-8.0,-1.525
2025-04-12,FLL,LGA,B6,-25.0,-19.6125
2025-04-30,MIA,DCA,AA,25.0,19.665
2025-04-16,DFW,MCI,MQ,0.0,-13.405
2025-04-24,PHX,MEM,WN,5.0,3.8675
2025-04-09,PDX,SEA,AS,-9.0,-11.28
2025-04-18,MCO,ATL,DL,-11.0,-4.925
2025-04-08,MIA,SLC,AA,20.0,20.86
2025-04-27,BNA,ORF,WN,-17.0,-6.715
2025-04-17,DEN,SFO,UA,1.0,-3.7725
2025-04-16,BOS,ORD,MQ,-34.0,-13.36
2025-04-09,TUS,PDX,OO,-6.0,-9.9025
2025-04-29,OAK,PHX,WN,-10.0,-10.5825
2025-04-13,DEN,IAH,UA,-14.0,-5.98
2025-04-27,CLT,FLL,NK,-13.0,-8.325
2025-04-05,MCO,ORD,UA,260.0,258.635
2025-04-12,ATL,DFW,DL,-20.0,-12.2875
2025-04-22,LAS,BNA,WN,-28.0,-24.465
2025-04-07,FLL,SFO,B6,-30.0,-5.8275
2025-04-30,BNA,MDW,WN,-7.0,-2.65
2025-04-26,DAL,BWI,WN,-19.0,-14.445
2025-04-22,CID,DEN,UA,-16.0,-19.1875
2025-04-03,LAX,ORD,NK,-15.0,-22.425
2025-04-12,ONT,SEA,OO,-22.0,-13.4175
2025-04-04,MCI,LAX,NK,-29.0,-14.025
2025-04-13,ATW,ORD,OO,-13.0,-5.865
2025-04-10,ATL,BWI,DL,-7.0,-12.62
2025-04-07,SNA,LAS,WN,-9.0,-13.5225
2025-04-21,MSP,OMA,OO,4.0,8.2475
2025-04-22,DCA,BOS,AA,-8.0,-12.2575
2025-04-08,MDW,DFW,F9,-46.0,-22.285
2025-04-25,MCO,ATL,WN,-7.0,-7.89
2025-04-22,LAX,PSP,OO,-14.0,-9.2225
2025-04-11,JFK,ATL,DL,0.0,-3.2325
2025-04-12,DSM,ORD,YX,-6.0,-11.4775
2025-04-28,SFO,DEN,UA,-6.0,-3.8475
2025-04-06,MIA,BOS,DL,98.0,109.68
2025-04-02,ONT,PHX,WN,72.0,51.895
2025-04-20,RSW,PHL,AA,-3.0,-11.0375
2025-04-14,LAX,SEA,DL,-33.0,-14.735
2025-04-04,MCO,STT,NK,6.0,-3.265
2025-04-05,BUF,LGA,YX,-20.0,-18.665
2025-04-24,SEA,KOA,AS,-8.0,-2.27
2025-04-04,DEN,MSP,DL,-21.0,-3.98
2025-04-22,CLT,ORD,AA,-13.0,0.3125
2025-04-07,LAX,OGG,HA,-19.0,-8.6525
2025-04-01,ORD,DFW,AA,39.0,53.86
2025-04-19,JFK,SJU,DL,-42.0,-22.6825
2025-04-05,SFO,ATL,DL,5.0,-8.485
2025-04-19,GEG,LAS,WN,-14.0,-9.5485
2025-04-25,MDW,LGA,WN,7.0,7.1025
2025-04-20,SRQ,CVG,G4,-25.0,-24.0125
2025-04-01,DFW,BNA,MQ,24.0,21.71
2025-04-02,BOS,BWI,WN,19.0,30.2825
2025-04-12,SAN,LAS,WN,-24.0,-17.5025
2025-04-11,DTW,BWI,DL,-13.0,-20.09
2025-04-20,PIE,IAG,G4,-24.0,-11.1075
2025-04-04,LIT,ATL,DL,-26.0,-17.7775
2025-04-26,MCO,LAS,WN,-29.0,-8.225
2025-04-06,PHX,CID,OO,1.0,-3.7375
2025-04-06,DFW,PNS,AA,31.0,14.275
2025-04-28,SEA,LAS,WN,-4.0,-1.1975
2025-04-05,LAS,SLC,DL,-6.0,-10.355
2025-04-21,LGA,SDF,YX,-18.0,-10.725
2025-04-03,IAH,ABQ,UA,-13.0,-0.6275
2025-04-04,BDL,MCO,F9,-18.0,-0.715
2025-04-29,ORD,LGA,UA,-10.0,-10.32
2025-04-16,SEA,GEG,OO,-29.0,-17.0825
2025-04-28,DCA,BOS,B6,-15.0,-19.845
2025-04-22,BWI,SDF,WN,-13.0,-8.32
2025-04-11,SJC,SNA,WN,-6.0,3.6225
2025-04-19,SLC,MCI,DL,-12.0,-25.26
2025-04-07,ADQ,ANC,AS,31.0,15.7025
2025-04-16,DFW,SMF,AA,-17.0,-16.33
2025-04-20,LAX,PHL,AA,17.0,-17.205
2025-04-11,ORD,FLL,UA,-14.0,-6.1
2025-04-13,CLT,RDU,AA,-11.0,-11.765
2025-04-08,PHX,PSP,OO,-3.0,-10.375
2025-04-12,MSP,LGA,DL,-21.0,-18.12
2025-04-24,ORD,EWR,UA,-34.0,-22.545
2025-04-28,SFO,IAH,UA,-9.0,-5.8875
2025-04-21,DTW,AUS,DL,2.0,-18.0575
2025-04-09,BDL,ATL,DL,8.0,-0.96
2025-04-03,PHL,JAX,AA,-14.0,-15.8725
2025-04-30,BOS,DCA,YX,9.0,10.34
2025-04-09,MIA,ORD,AA,87.0,97.8125
2025-04-17,FLL,MCO,WN,-23.0,-11.5675
2025-04-16,LAX,ORD,UA,-8.0,3.9075
2025-04-07,MIA,LGA,AA,54.0,51.92
2025-04-08,MIA,EWR,UA,80.0,53.49
2025-04-13,SHV,DFW,OH,32.0,38.57
2025-04-26,IAH,LAX,UA,5.0,11.65
2025-04-22,EWR,CHS,UA,-30.0,-18.3775
2025-04-05,RNO,SJC,WN,23.0,24.54
2025-04-16,MDW,DTW,OO,-23.0,-19.1125
2025-04-25,CLT,MHT,OH,75.0,79.5175
2025-04-09,ORD,MDT,OO,-20.0,-8.505
2025-04-06,ATL,MIA,DL,3.0,-5.6325
2025-04-21,ATL,RSW,DL,-5.0,-7.3875
2025-04-20,BOS,MCO,B6,-24.0,-11.245
2025-04-15,LAS,LAX,WN,-19.0,-13.0425
2025-04-04,SJC,SEA,OO,-7.0,-7.825
2025-04-17,FLL,BWI,WN,20.0,14.815
2025-04-25,IAD,BOS,UA,87.0,96.34
2025-04-01,DEN,MSO,UA,-8.0,-9.275
2025-04-20,LAX,ATL,AA,-24.0,-15.225
2025-04-04,MSY,DEN,WN,5.0,-16.3525
2025-04-20,SRQ,LCK,G4,-12.0,-11.7275
2025-04-02,ORD,IAH,UA,107.0,96.03
2025-04-20,CMH,JFK,YX,-30.0,-16.67
2025-04-04,MIA,ATL,DL,74.0,75.72
2025-04-03,SFO,LAX,DL,-23.0,-9.7825
2025-04-15,ECP,ATL,DL,-19.0,-18.7125
2025-04-01,PHX,JFK,B6,-41.0,-10.06
2025-04-03,JAX,PIT,G4,-1.0,-12.6475
2025-04-18,BNA,LAX,WN,-17.0,-18.36
2025-04-28,JFK,IND,YX,-21.0,-18.685
2025-04-29,BNA,JAX,WN,-5.0,-3.7425
2025-04-13,LGA,ATL,WN,-21.0,-7.945
2025-04-07,DCA,LGA,YX,-21.0,-10.8225
2025-04-25,DEN,XNA,OO,57.0,72.5325
2025-04-22,LGA,GSO,YX,-9.0,-15.59
2025-04-03,SLC,GEG,DL,23.0,16.705
2025-04-12,ONT,ATL,DL,-1.0,-23.1125
2025-04-19,RNO,SAN,WN,-20.0,-17.7225
2025-04-30,HNL,KOA,HA,-1.0,-3.3925
2025-04-10,SJU,TPA,WN,1.0,3.0125
2025-04-18,DCA,DAY,OH,-22.0,-12.9375
2025-04-07,IMT,DTW,OO,118.0,107.315
2025-04-11,BOS,MCO,DL,-10.0,-21.3
2025-04-15,PHX,CLE,F9,-6.0,-21.9
2025-04-24,FAI,ANC,AS,202.0,192.77
2025-04-15,SAT,IAH,UA,-3.0,-16.28
2025-04-03,LAS,OGG,WN,-27.0,-6.555
2025-04-05,IDA,DEN,OO,-3.0,-19.0075
2025-04-18,CLE,MCO,UA,-22.0,-15.875
2025-04-11,HOU,PHX,WN,1.0,1.7625
2025-04-07,SEA,LAS,AS,-27.0,-17.055
2025-04-20,SAT,LAX,DL,-20.0,-18.1775
2025-04-17,GEG,SLC,OO,-15.0,-15.545
2025-04-03,EWR,AUS,UA,1.0,4.495
2025-04-23,JST,ORD,OO,-21.0,-31.645
2025-04-13,LAX,ATL,F9,57.0,66.4975
2025-04-01,IAD,MSY,UA,-10.0,-12.345
2025-04-02,DFW,ATL,DL,199.0,196.8825
2025-04-27,ORD,IAH,UA,4.0,-10.825
2025-04-10,DCA,MSY,WN,16.0,8.195
2025-04-03,LAS,SEA,DL,62.0,64.57
2025-04-08,CVG,DCA,OH,6.0,-3.925
2025-04-06,SEA,LAX,DL,-12.0,-16.035
2025-04-02,LAX,RNO,OO,-18.0,-17.6275
2025-04-03,ATL,SYR,DL,56.0,52.2075
2025-04-15,ATL,BDL,DL,-20.0,-10.305
2025-04-28,LAS,LAX,WN,8.0,13.945
2025-04-23,RAP,DFW,MQ,32.0,27.55
2025-04-28,CMI,ORD,MQ,-1.0,-12.74
2025-04-15,DRO,DEN,OO,-26.0,-17.7525
2025-04-15,CLT,MSY,AA,-10.0,-14.2925
2025-04-23,AUS,ATL,DL,3.0,-8.465
2025-04-11,LAS,PHL,AA,6.0,-14.37
2025-04-23,CLT,PBI,AA,17.0,1.9225
2025-04-04,ATL,BOS,DL,-8.0,-11.0475
2025-04-04,HOU,DAL,WN,6.0,0.44
2025-04-03,HOU,ATL,WN,35.0,33.18
2025-04-16,DEN,BOS,B6,57.0,53.625
2025-04-03,JFK,BUF,B6,19.0,43.955
2025-04-23,FLL,BOS,B6,26.0,21.9825
2025-04-06,SEA,GEG,OO,-14.0,-6.6225
2025-04-03,ATL,BHM,DL,-7.0,-0.8575
2025-04-13,GSP,ORD,OO,5.0,-7.3025
2025-04-12,ATL,JAX,DL,-14.0,-10.7975
2025-04-05,DEN,HOU,WN,8.0,-15.0825
2025-04-14,FLL,PHL,NK,-3.0,-11.9725
2025-04-07,SEA,GEG,OO,-17.0,-6.6825
2025-04-09,CHA,DFW,OH,-32.0,-18.97
2025-04-28,ATL,DEN,UA,-7.0,-7.795
2025-04-07,BOS,PBI,DL,36.0,25.5275
2025-04-25,SEA,ANC,AS,33.0,31.9875
2025-04-24,PHX,PSP,OO,7.0,0.61
2025-04-02,MCO,ALB,B6,-14.0,-4.9675
2025-04-04,BWI,CLE,WN,-11.0,-12.06
2025-04-21,ASE,ORD,OO,-17.0,-19.6275
2025-04-28,ORD,CVG,YX,-19.0,-7.825
2025-04-23,BIS,PIE,G4,6.0,-1.51
2025-04-03,TPA,BDL,B6,-28.0,-22.0675
2025-04-08,LAX,PDX,F9,-20.0,-9.3425
2025-04-10,DFW,MCO,AA,6.0,7.885
2025-04-20,TPA,FLL,NK,-14.0,-14.94
2025-04-08,ICT,DEN,OO,-1.0,-8.9875
2025-04-14,LAS,SAT,WN,2.0,0.07
2025-04-18,SGF,IAH,OO,-10.0,-16.5625
2025-04-02,SRQ,CVG,G4,19.0,-8.01
2025-04-01,LAS,MEM,WN,-16.0,-6.745
2025-04-28,ORD,CMH,MQ,-5.0,-1.385
2025-04-19,BGR,DCA,OH,-29.0,-31.975
2025-04-24,ATL,ORD,DL,-22.0,-12.0375
2025-04-14,BOS,IAH,UA,-24.0,-7.0125
2025-04-21,MSP,ORD,YX,-28.0,-15.6975
2025-04-29,BWI,SJU,NK,5.0,-15.1825
2025-04-06,PSP,DFW,AA,18.0,12.41
2025-04-14,DCA,MCO,B6,2.0,-3.6425
2025-04-05,KTN,JNU,AS,-24.0,-23.36
2025-04-01,PHL,TYS,OH,-4.0,-0.7
2025-04-17,ORD,RIC,MQ,-5.0,1.77
2025-04-09,DCA,BUF,MQ,-17.0,-16.2825
2025-04-14,DFW,ONT,AA,27.0,0.4225
2025-04-14,IAH,DEN,UA,-26.0,-14.51
2025-04-26,MSP,JFK,OO,19.0,-6.0375
2025-04-22,DCA,GSP,OH,130.0,136.8325
2025-04-07,PHL,IAH,UA,5.0,-18.495
2025-04-29,IAD,LAX,UA,19.0,7.53
2025-04-15,CLT,ATL,DL,-6.0,-17.5675
2025-04-07,ATL,CHS,DL,27.0,12.125
2025-04-16,SJC,HOU,WN,-2.0,-4.97
2025-04-13,SAT,LAX,DL,-19.0,-19.4475
2025-04-23,SAT,DFW,AA,183.0,186.5325
2025-04-14,GRB,ATL,DL,-22.0,-14.1225
2025-04-20,RDU,TPA,WN,-13.0,-9.8325
2025-04-30,CLT,PHX,AA,2.0,-2.53
2025-04-06,MSN,DEN,UA,-29.0,-24.685
2025-04-30,BWI,DTW,DL,-18.0,-13.7325
2025-04-25,BUF,BOS,B6,-27.0,-13.5125
2025-04-21,PHL,ORD,UA,-1.0,-12.7425
2025-04-25,GRB,ORD,OO,-5.0,-7.7725
2025-04-28,JFK,SLC,DL,28.0,34.975
2025-04-23,SLC,FCA,OO,-13.0,-6.73
2025-04-11,ORD,LGA,AA,21.0,20.8425
2025-04-06,BNA,STL,WN,14.0,21.9825
2025-04-03,SMF,DEN,UA,93.0,86.4375
2025-04-10,BNA,ATL,WN,23.0,12.9075
2025-04-30,DEN,DSM,WN,32.0,16.275
2025-04-08,ATL,MEM,DL,-10.0,-8.7725
2025-04-04,HSV,DFW,OH,32.0,-11.2375
2025-04-04,SLC,SMF,DL,4.0,4.5075
2025-04-20,DFW,DEN,F9,-22.0,-11.17
2025-04-28,DFW,BHM,OH,-9.0,-13.8175
2025-04-15,LGA,MEM,YX,-13.0,-10.155
2025-04-26,BUF,TPA,WN,13.0,7.7075
2025-04-22,PBI,BWI,WN,-11.0,-7.5075
2025-04-06,HOU,SAN,WN,11.0,-1.3525
2025-04-08,LAX,DTW,DL,-11.0,-21.93
2025-04-04,JFK,SEA,DL,-6.0,-14.455
2025-04-01,MDW,DAL,WN,10.0,7.375
2025-04-09,SEA,LAX,DL,-13.0,-0.3725
2025-04-04,MSP,DFW,AA,89.0,47.81
2025-04-02,PHL,CLT,F9,8.0,-7.7725
2025-04-08,LAX,DEN,UA,-15.0,-17.355
2025-04-20,BNA,PIT,WN,-20.0,-15.8475
2025-04-13,OAK,PSP,WN,60.0,55.76
2025-04-21,MDW,MSY,WN,5.0,-12.0725
2025-04-25,OMA,ORD,YX,3.0,-2.785
2025-04-14,ORF,CLT,OH,-17.0,-8.455
2025-04-20,CLE,ORD,YX,-7.0,-9.606666666666667
2025-04-17,SMF,BUR,WN,-7.0,-5.785
2025-04-16,HOU,MAF,WN,-18.0,-13.23
2025-04-20,LAX,DEN,OO,-11.0,-10.6725
2025-04-11,HOU,DAL,WN,-20.0,-15.115
2025-04-15,PDX,SMF,WN,-13.0,-5.9325
2025-04-19,DCA,ATL,DL,-21.0,-17.5925
2025-04-16,MCI,ORD,MQ,-8.0,-11.1225
2025-04-25,TUS,IAH,UA,18.0,9.36
2025-04-06,SLC,PSP,OO,-33.0,-14.965
2025-04-27,SFO,SEA,AS,21.0,4.26
2025-04-11,FLL,IAH,UA,-10.0,-11.375
2025-04-26,STL,MSP,DL,-27.0,-22.0025
2025-04-04,DFW,MEM,AA,49.0,43.9925
2025-04-18,DFW,AEX,OO,-6.0,-8.695
2025-04-28,PHX,AUS,AA,-7.0,1.315
2025-04-23,DAL,SDF,WN,34.0,23.2525
2025-04-19,ATL,GRR,DL,-2.0,-8.3925
2025-04-02,LIH,LAX,HA,65.0,62.39
2025-04-26,SAT,DEN,UA,7.0,-6.0975
2025-04-09,DEN,TPA,WN,-19.0,-13.925
2025-04-11,PHX,EWR,UA,-11.0,-12.29
2025-04-10,ORD,DTW,YX,-15.0,-9.26
2025-04-08,DFW,SMF,AA,0.0,8.8025
2025-04-19,SMF,LAX,OO,-16.0,-9.945
2025-04-27,IAD,BDL,UA,-8.0,-4.875
2025-04-08,DEN,SLC,WN,3.0,-16.2025
2025-04-04,SFO,PHX,WN,3.0,2.6225
2025-04-10,DTW,GRR,DL,1.0,-9.0425
2025-04-23,JFK,MSP,DL,167.0,161.0875
2025-04-01,ORD,DEC,OO,-21.0,-14.1225
2025-04-26,SAV,BOS,B6,-8.0,-7.9225
2025-04-07,LAX,CVG,DL,25.0,6.77
2025-04-18,DCA,HSV,OH,-17.0,-2.9725
2025-04-08,BZN,ATL,DL,-21.0,-14.355
2025-04-15,IAD,LAS,UA,-6.0,-18.6025
2025-04-29,ACV,SFO,OO,-11.0,-12.675
2025-04-16,CLT,SAN,AA,-2.0,-1.555
2025-04-18,PDX,LAX,DL,-31.0,-21.8525
2025-04-06,RSW,ORD,NK,-12.0,1.14
2025-04-09,HPN,ORD,MQ,-9.0,-8.3
2025-04-28,BNA,BUR,WN,-11.0,-1.005
2025-04-07,JFK,SAN,DL,-22.0,-11.8525
2025-04-20,EYW,CLT,AA,-15.0,-11.745
2025-04-12,DFW,TYR,OO,-20.0,-10.59
2025-04-18,CLT,CMH,OH,0.0,-1.755
2025-04-23,LIH,LAS,WN,-24.0,-33.505
2025-04-23,FLL,IAD,UA,-3.0,-6.1325
2025-04-08,LGA,CMH,YX,93.0,83.725
2025-04-10,MCO,RDU,F9,-20.0,-15.4925
2025-04-09,ORD,CLT,AA,21.0,-4.055
2025-04-29,CWA,ORD,MQ,122.0,111.8
2025-04-18,GSO,LGA,YX,-6.0,-11.6025
2025-04-16,SAN,BOI,WN,-24.0,-11.55
2025-04-09,ATL,LGA,DL,-16.0,-18.2825
2025-04-14,ONT,CLT,AA,-29.0,-21.845
2025-04-06,DCA,MEM,OH,5.0,-15.745
2025-04-24,BOS,RSW,B6,-17.0,-5.8425
2025-04-01,LAS,MKE,WN,-18.0,-4.8425
2025-04-24,PHL,BNA,AA,0.0,-9.205
2025-04-07,DRO,DEN,OO,-15.0,-14.5475
2025-04-24,LAX,ABQ,OO,15.0,15.9025
2025-04-10,HPN,ORD,MQ,-16.0,-17.9825
2025-04-28,SJC,LAX,WN,-13.0,-1.8225
2025-04-20,SAN,STS,OO,56.0,64.32
2025-04-13,DFW,ICT,OO,-28.0,-16.46
2025-04-30,ATL,PHL,DL,146.0,145.04
2025-04-01,BOS,DFW,AA,-25.0,-14.905
2025-04-28,SFO,DEN,WN,55.0,46.915
2025-04-10,PBI,EWR,UA,-14.0,-0.9925
2025-04-22,LAS,DTW,NK,28.0,18.595
2025-04-10,CHS,BNA,WN,-11.0,-6.7775
2025-04-30,ELP,LAS,WN,-7.0,-8.7275
2025-04-15,OMA,DEN,WN,5.0,-3.2725
2025-04-20,RNO,SAN,OO,19.0,11.4725
2025-04-04,ATL,BWI,WN,-10.0,-3.4425
2025-04-28,LAX,OMA,OO,-17.0,-20.25
2025-04-04,HNL,LIH,HA,6.0,-0.515
2025-04-09,SAT,DTW,DL,-3.0,-10.4425
2025-04-23,BWI,BDL,WN,-18.0,-16.0675
2025-04-09,ORD,SRQ,UA,-22.0,-14.1625
2025-04-30,DCA,FLL,B6,-21.0,-16.235
2025-04-01,MHT,DCA,OH,-32.0,-22.4375
2025-04-12,IAH,RSW,UA,-11.0,0.0575
2025-04-19,SNA,PDX,AS,-5.0,-4.1425
2025-04-30,OAK,SLC,OO,-11.0,-16.5225
2025-04-11,DEN,GJT,OO,-24.0,-16.4575
2025-04-16,DTW,BDL,DL,-11.0,-13.4225
2025-04-06,DFW,JFK,DL,-21.0,-5.8575
2025-04-13,BWI,DEN,WN,-1.0,-3.755
2025-04-22,HNL,ITO,HA,6.0,7.8625
2025-04-12,SMF,LGB,WN,64.0,59.96
2025-04-20,HNL,ITO,HA,-1.0,-4.86
2025-04-12,ORF,EWR,UA,-7.0,-12.2475
2025-04-29,BRO,DFW,MQ,8.0,-8.0625
2025-04-23,SGF,DFW,MQ,104.0,106.255
2025-04-24,DEN,CYS,OO,14.0,5.045
2025-04-06,PHL,MCO,AA,5.0,0.6625
2025-04-15,DTW,ATW,OO,-19.0,-17.4275
2025-04-02,STT,SJU,B6,-20.0,-17.2625
2025-04-11,FLL,BWI,WN,-5.0,-15.1875
2025-04-03,HPN,PBI,B6,-14.0,-25.0125
2025-04-30,PHX,DEN,F9,-21.0,-20.14
2025-04-26,BUF,MCO,WN,9.0,19.8
2025-04-10,MEM,LGA,YX,-12.0,-17.1025
2025-04-12,SAN,HNL,WN,-22.0,-3.805
2025-04-06,IAD,DEN,UA,-3.0,-2.9775
2025-04-08,DFW,DEN,AA,-17.0,-13.695
2025-04-16,IAD,TPA,UA,0.0,4.6675
2025-04-05,IAH,DTW,UA,64.0,85.055
2025-04-13,GSP,EWR,YX,-9.0,-19.165
2025-04-14,CLT,SRQ,AA,-6.0,-5.0325
2025-04-20,SAT,LAX,NK,-10.0,-17.895
2025-04-10,JAN,DFW,OO,15.0,14.945
2025-04-18,ATL,SNA,DL,50.0,-5.605
2025-04-22,DCA,ALB,OH,-11.0,-7.515
2025-04-07,SMF,PHX,MQ,-24.0,-22.5575
2025-04-16,MCO,ATL,DL,-25.0,-19.145
2025-04-12,SDF,ORD,MQ,-21.0,-11.9775
2025-04-04,PDX,LAS,AS,-7.0,0.255
2025-04-28,TVC,CLT,MQ,-14.0,-12.605
2025-04-17,PIE,FNT,G4,-9.0,-19.27
2025-04-17,TPA,PVD,WN,2.0,2.1275
2025-04-08,DEN,DFW,AA,-3.0,-4.455
2025-04-04,FLL,SYR,G4,12.0,-0.5925
2025-04-28,MCO,MHT,WN,10.0,-9.3075
2025-04-05,LAX,PHX,OO,-17.0,-15.2775
2025-04-23,DEN,TPA,WN,-1.0,-2.875
2025-04-09,IAH,MSY,NK,-22.0,-22.38
2025-04-10,PSP,DEN,UA,-12.0,-12.2975
2025-04-09,ATL,DFW,AA,-11.0,-8.695
2025-04-28,LGA,DEN,DL,-16.0,-13.15
2025-04-22,SDF,ORD,YX,8.0,20.93
2025-04-20,MSN,ORD,YX,-4.0,-15.86
2025-04-08,ABQ,ORD,AA,-10.0,-23.6425
2025-04-16,DEN,SHR,OO,-24.0,-15.8125
2025-04-24,PHX,PIT,AA,-2.0,-0.53
2025-04-30,SEA,FAI,DL,-1.0,-8.815
2025-04-16,DFW,LRD,MQ,-26.0,-17.5225
2025-04-26,BOS,LAX,DL,24.0,-11.06
2025-04-30,AVL,CLT,OH,-18.0,-10.9325
2025-04-18,CLT,LIT,OH,-28.0,-9.18
2025-04-05,DEN,SEA,DL,-17.0,-3.695
2025-04-25,CLT,CID,AA,26.0,14.3975
2025-04-07,LAX,JFK,B6,-16.0,-16.6
2025-04-24,SBN,ORD,OO,-35.0,-20.41
2025-04-26,GRB,ORD,OO,-9.0,-16.2925
2025-04-01,SFO,PDX,UA,8.0,14.6875
2025-04-20,LAX,SAN,OO,12.0,6.8975
2025-04-02,SAN,LIH,AS,-28.0,-0.655
2025-04-21,ATL,DEN,WN,2.0,-14.1425
2025-04-14,MCI,LGA,WN,-24.0,-14.16
2025-04-24,SMF,LAS,WN,-10.0,-8.655
2025-04-20,SFO,ONT,OO,-13.0,-10.605
2025-04-14,BWI,BDL,WN,-16.0,-11.6875
2025-04-22,MIA,LAX,AA,-21.0,-17.9025
2025-04-06,LAS,DFW,AA,49.0,39.9925
2025-04-02,GEG,SEA,AS,-16.0,-18.8975
2025-04-21,LAS,ONT,F9,-15.0,-17.545
2025-04-27,SAN,PHX,WN,0.0,0.575
2025-04-24,SAN,DFW,F9,108.0,98.1875
2025-04-30,ABQ,IAH,UA,14.0,-11.71
2025-04-04,SLC,GEG,DL,20.0,13.9875
2025-04-12,BNA,SJU,WN,11.0,17.475
2025-04-17,LGA,SAV,YX,-33.0,-22.2625
2025-04-24,PIT,DCA,YX,-14.0,-17.9475
2025-04-03,LAS,BNA,WN,28.0,13.105
2025-04-27,FLL,DFW,AA,-13.0,-6.4975
2025-04-14,DEN,IND,WN,39.0,42.78
2025-04-21,BWI,ORD,MQ,-35.0,-19.3475
2025-04-06,ORD,PBI,AA,23.0,-1.165
2025-04-07,OAK,AUS,WN,14.0,-0.8175
2025-04-01,ATL,MSP,DL,-3.0,-11.415
2025-04-16,BNA,AUS,WN,-13.0,-12.75
2025-04-09,MCI,DFW,OO,38.0,45.17
2025-04-25,CLT,LEX,OH,3.0,-4.9575
2025-04-18,DAL,ATL,DL,-20.0,-15.17
2025-04-06,PHX,CLT,AA,-2.0,-19.8425
2025-04-18,EWR,IND,YX,13.0,28.275
2025-04-19,LAX,SEA,OO,-5.0,-10.925
2025-04-27,MCI,DEN,WN,-13.0,-10.3375
2025-04-03,MDW,MEM,WN,-8.0,-10.5875
2025-04-28,LAS,TUL,G4,-15.0,-5.795
2025-04-14,TPA,BWI,F9,6.0,-8.4425
2025-04-28,LIH,HNL,WN,-19.0,-13.165
2025-04-06,DCA,CHS,YX,27.0,14.57
2025-04-23,ATL,FLL,DL,-22.0,-16.1475
2025-04-12,BUR,HOU,WN,-6.0,-8.7325
2025-04-23,SAT,DFW,MQ,-8.0,-5.55
2025-04-06,BWI,TPA,WN,-12.0,-3.5375
2025-04-10,LAX,SFO,UA,-5.0,4.9775
2025-04-24,DEN,CLE,UA,-6.0,-4.6275
2025-04-04,PIT,DCA,AA,-18.0,-17.045
2025-04-09,DFW,SGF,MQ,9.0,0.12
2025-04-11,DFW,RDU,AA,-8.0,-9.155
2025-04-13,DFW,AUS,AA,77.0,84.4125
2025-04-20,CLT,TPA,AA,11.0,9.3525
2025-04-26,DFW,LGA,AA,11.0,-2.0925
2025-04-14,TPA,JFK,F9,2.0,-22.5575
2025-04-26,JAX,MIA,MQ,-16.0,-23.115
2025-04-16,DTW,DEN,WN,-19.0,-13.6075
2025-04-10,ICT,STL,WN,-14.0,-21.3225
2025-04-02,DCA,PHX,AA,30.0,5.555
2025-04-10,CLT,GSP,MQ,-5.0,4.9175
2025-04-27,ATL,VPS,DL,-15.0,-9.87
2025-04-18,ORD,MKE,OO,91.0,107.3
2025-04-23,ATL,MCI,DL,29.0,25.965
2025-04-20,MCO,CVG,F9,-22.0,-17.61
2025-04-11,DEN,BZN,UA,-11.0,-17.9925
2025-04-17,ORD,CLE,YX,9.0,4.4125
2025-04-30,CMH,BOS,YX,-28.0,-16.6925
2025-04-07,MCO,DTW,DL,20.0,17.23
2025-04-13,LEX,DEN,OO,-5.0,-12.845
2025-04-20,LAW,DFW,OO,-19.0,-22.315
2025-04-01,PHL,MCO,NK,-40.0,-23.665
2025-04-18,DFW,AMA,MQ,11.0,-10.5775
2025-04-09,DFW,JAN,OO,-8.0,-10.1675
2025-04-26,HNL,OGG,WN,-13.0,-13.8875
2025-04-17,MSP,LAS,DL,-1.0,-1.8575
2025-04-08,DEN,JLN,OO,-23.0,-19.035
2025-04-06,BOS,IAH,UA,7.0,-15.4125
2025-04-02,BOS,CLT,AA,-34.0,-20.0725
2025-04-11,DTW,CLT,AA,9.0,-1.765
2025-04-04,BHM,MCO,WN,-10.0,-8.4075
2025-04-12,CLT,BOS,AA,41.0,33.99
2025-04-30,MIA,STT,AA,9.0,-7.4675
2025-04-11,DAL,MDW,WN,-1.0,-2.645
2025-04-19,ORD,SAN,UA,-24.0,-24.5325
2025-04-14,ATL,LGA,DL,-8.0,-20.195
2025-04-25,SFO,ABQ,OO,-10.0,-13.465
2025-04-03,STL,ATL,WN,11.0,4.7875
2025-04-03,SFO,SBA,OO,2.0,-10.975
2025-04-14,EYW,CLT,AA,46.0,47.23
2025-04-13,LGA,ORD,AA,23.0,10.565
2025-04-22,TPA,CLE,F9,12.0,31.63
2025-04-02,ATL,PVD,DL,16.0,19.0925
2025-04-03,SAN,SAT,WN,-2.0,5.67
2025-04-07,LAX,SLC,DL,-24.0,-13.6725
2025-04-28,PHL,RSW,AA,-25.0,-7.5925
2025-04-07,LAX,BOS,AA,74.0,43.3875
2025-04-15,DEN,BNA,WN,-12.0,-4.59
2025-04-21,CVG,ATL,DL,-12.0,-10.545
2025-04-01,DAL,MAF,WN,-16.0,-19.11
2025-04-30,FLL,HPN,B6,3.0,10.585
2025-04-22,IAH,PHX,UA,-23.0,-19.8975
2025-04-06,DFW,RIC,AA,23.0,25.1175
2025-04-06,MEM,FLL,NK,24.0,-30.0325
2025-04-03,LFT,DFW,OO,-21.0,-7.145
2025-04-25,DCA,DFW,AA,-4.0,-23.63
2025-04-23,PBI,HPN,B6,22.0,-3.575
2025-04-25,STL,SAT,WN,-17.0,-12.9575
2025-04-10,LGA,ATL,DL,-16.0,-11.3375
2025-04-26,SFO,JFK,AS,2.0,-14.12
2025-04-18,PHL,LGA,YX,11.0,0.16
2025-04-03,DTW,MDW,WN,4.0,3.8625
2025-04-23,BNA,PHL,AA,7.0,-8.23
2025-04-29,LGA,DTW,DL,-22.0,-12.6025
2025-04-05,CLT,PBI,AA,-15.0,-11.445
2025-04-24,SMF,ORD,UA,-32.0,-15.6375
2025-04-18,MCO,SAN,AS,-19.0,3.375
2025-04-23,SBP,SFO,OO,41.0,37.515
2025-04-24,RDU,LGA,YX,-7.0,1.4575
2025-04-27,DFW,JAX,AA,-4.0,-13.6125
2025-04-09,BNA,MCO,WN,13.0,17.0425
2025-04-13,CLT,ATL,OH,-8.0,-6.885
2025-04-05,TUS,PHX,OO,32.0,32.6125
2025-04-02,AUS,MSY,OO,-27.0,-18.8175
2025-04-06,BNA,DCA,OH,48.0,54.0375
2025-04-10,RDU,TPA,F9,-3.0,-13.0175
2025-04-05,GSP,ORD,OO,7.0,5.85
2025-04-28,DCA,CHS,OH,-24.0,-18.58
2025-04-01,BNA,AUS,OO,-15.0,-11.5475
2025-04-14,SEA,MKE,AS,-26.0,-6.0525
2025-04-13,LAX,HOU,WN,48.0,38.295
2025-04-27,PWM,LGA,YX,7.0,0.9225
2025-04-09,DEN,IAH,UA,-6.0,-8.1475
2025-04-01,MDW,PHX,WN,11.0,-18.5525
2025-04-24,MCI,PHX,AA,-9.0,-13.015
2025-04-13,DEN,MSP,UA,-15.0,-14.435
2025-04-21,ORD,DEN,AA,0.0,-3.9475
2025-04-29,ORD,PHL,AA,-15.0,-4.3025
2025-04-22,TUL,LAX,OO,-17.0,-13.5725
2025-04-20,PGD,DSM,G4,-25.0,-18.71
2025-04-16,LAX,EWR,UA,-25.0,-6.0725
2025-04-04,EWR,PBI,B6,54.0,34.325
2025-04-13,ATL,SAT,NK,-25.0,-12.81
2025-04-30,SLC,DEN,WN,-9.0,-14.5275
2025-04-25,DEN,PHL,AA,-15.0,-11.025
2025-04-13,LAS,SFO,UA,38.0,26.645
2025-04-20,BWI,BUF,WN,-6.0,-3.505
2025-04-30,AUS,MSY,OO,-22.0,-8.835
2025-04-02,MDW,LAS,WN,-13.0,-11.5825
2025-04-22,ATL,LEX,DL,-16.0,-12.16
2025-04-23,LAS,BWI,WN,-12.0,-16.3925
2025-04-12,EWR,ORD,UA,-42.0,-12.95
2025-04-17,FSM,DFW,MQ,-9.0,-10.115
2025-04-30,SEA,LAX,DL,-14.0,-17.9325
2025-04-04,BNA,SAV,WN,-7.0,-5.875
2025-04-29,TUS,SLC,OO,-27.0,-18.17
2025-04-19,MCO,SJU,B6,41.0,33.5275
2025-04-16,HOU,BNA,WN,-7.0,-8.005
2025-04-06,BNA,DEN,UA,4.0,15.1625
2025-04-19,EWR,LAX,UA,-26.0,-23.685
2025-04-07,MSN,PHL,OH,86.0,86.51
2025-04-20,MCO,ORD,F9,15.0,-11.49
2025-04-17,SEA,PHX,OO,1.0,-11.47
2025-04-13,PNS,DFW,AA,-10.0,-5.325
2025-04-06,PIT,LGA,YX,-19.0,-9.9
2025-04-25,BWI,FLL,NK,253.0,269.2375
2025-04-19,BNA,ECP,WN,-15.0,-12.7025
2025-04-29,BOI,ATL,DL,-18.0,-5.97
2025-04-29,FLL,CHS,NK,65.0,62.1875
2025-04-30,ATL,ROC,DL,-14.0,5.4475
2025-04-20,TLH,DFW,MQ,32.0,13.7575
2025-04-07,EWR,AUS,UA,-8.0,-24.505
2025-04-15,ITO,HNL,HA,-6.0,-4.71
2025-04-08,ATL,FLL,DL,238.0,163.9975
2025-04-21,MSY,LAX,DL,-11.0,-12.875
2025-04-14,MCO,ATL,DL,-22.0,-8.8575
2025-04-25,LAS,CLT,AA,-33.0,-15.5375
2025-04-05,OMA,STL,WN,-12.0,-14.1775
2025-04-29,DCA,BDL,AA,-20.0,-4.7075
2025-04-27,AUS,SLC,WN,-14.0,-16.2275
2025-04-09,BOS,SJU,B6,18.0,14.52
2025-04-08,IAH,CVG,UA,-22.0,-12.86
2025-04-17,ATL,DCA,DL,-10.0,-9.8975
2025-04-09,BTV,PHL,OH,-14.0,-19.805
2025-04-10,LGA,PHL,YX,-23.0,-5.0025
2025-04-08,ORD,TUL,OO,-30.0,-14.535
2025-04-22,MSP,DEN,DL,-13.0,-14.9025
2025-04-22,RDU,MCO,F9,-16.0,-18.775
2025-04-23,SMF,LGB,WN,-6.0,-4.34
2025-04-09,SEA,PHX,AS,3.0,6.4725
2025-04-16,LAX,DTW,DL,8.0,8.81
2025-04-25,PVD,TPA,B6,-17.0,-11.15
2025-04-08,GRR,ORD,OO,14.0,7.48
2025-04-25,SFO,LAS,UA,0.0,-6.8475
2025-04-01,SEA,LAX,DL,-18.0,-2.1225
2025-04-05,RDU,BOS,YX,-18.0,-6.7625
2025-04-11,BOS,MSP,DL,0.0,11.4075
2025-04-14,SMF,SFO,OO,-3.0,10.81
2025-04-25,PBI,ISP,WN,5.0,-13.555
2025-04-01,DEN,PHX,UA,1.0,-17.8925
2025-04-29,ORD,BMI,MQ,-13.0,-7.87
2025-04-30,SFO,EWR,UA,32.0,40.615
2025-04-09,IAH,DEN,UA,-13.0,-5.095
2025-04-28,HPN,ATL,DL,-27.0,-26.6625
2025-04-14,STL,LGA,WN,-17.0,-9.555
2025-04-28,JFK,ATL,DL,-3.0,18.9425
2025-04-09,JFK,SNA,AA,-9.0,-9.7975
2025-04-06,SLC,DAL,WN,-6.0,-8.6775
2025-04-09,LAX,SFO,OO,-16.0,-9.1525
2025-04-28,DFW,PHX,F9,-9.0,-12.93
2025-04-13,DFW,PHL,AA,0.0,-8.5175
2025-04-30,MIA,ORD,AA,-29.0,-16.6075
2025-04-16,LAS,RNO,WN,-16.0,-8.34
2025-04-19,HNL,OGG,HA,-1.0,-3.2825
2025-04-08,DEN,SGF,OO,-11.0,-13.405
2025-04-14,TPA,MCI,WN,-19.0,-10.91
2025-04-29,ATL,GNV,DL,0.0,-3.435
2025-04-14,PHX,DFW,AA,-15.0,-7.8825
2025-04-28,RDU,ATL,DL,-22.0,-18.2825
2025-04-25,EWR,DFW,AA,23.0,32.9025
2025-04-27,BOS,DEN,UA,-12.0,-4.18
2025-04-08,LGB,SMF,WN,-13.0,-14.595
2025-04-17,HPN,DCA,OH,-6.0,-18.785
2025-04-16,AUS,BUR,WN,-6.0,-6.0725
2025-04-09,BNA,LGA,WN,-31.0,-18.61
2025-04-25,ELP,PHX,OO,99.0,88.005
2025-04-23,MSY,ATL,DL,199.0,204.9475
2025-04-16,ORD,ALB,YX,-5.0,-13.4875
2025-04-02,ATL,SAT,WN,-13.0,-13.1625
2025-04-30,LAS,SLC,WN,-4.0,-8.5675
2025-04-13,SLC,COS,OO,-26.0,-10.0675
2025-04-26,ORD,BOS,AA,-23.0,-16.66
2025-04-04,LAS,BWI,WN,-1.0,-9.735
2025-04-07,PVD,CLT,AA,-1.0,-7.9825
2025-04-05,CHS,STL,WN,-19.0,-5.515
2025-04-20,SBP,DFW,AA,56.0,60.025
2025-04-07,SRQ,LGA,DL,-11.0,1.185
2025-04-06,MIA,TPA,AA,134.0,134.44
2025-04-25,MKE,EWR,YX,-42.0,-25.4525
2025-04-05,FAR,ORD,MQ,10.0,1.9525
2025-04-23,MIA,GSO,MQ,22.0,21.76
2025-04-04,PIT,ATL,DL,-34.0,-23.6975
2025-04-03,LGA,DEN,WN,86.0,69.63
2025-04-30,JFK,LAX,AA,-34.0,-31.195
2025-04-03,HDN,DEN,WN,7.0,-9.3575
2025-04-02,RDU,TPA,WN,-19.0,-19.0975
2025-04-13,SAT,DFW,MQ,-19.0,-17.045
2025-04-11,SBP,SAN,OO,1.0,-3.36
2025-04-14,SFB,SYR,G4,-17.0,-5.28
2025-04-04,SAV,PHL,AA,-10.0,-10.8575
2025-04-27,FLL,RDU,B6,-24.0,-15.445
2025-04-21,ILM,DFW,MQ,-16.0,-19.2
2025-04-10,PSC,SEA,OO,-17.0,-13.04
2025-04-03,JFK,SFO,AS,87.0,106.175
2025-04-05,DFW,SAN,AA,134.0,136.5225
2025-04-14,EWR,FLL,B6,-23.0,-10.525
2025-04-12,MCO,GRR,F9,-9.0,-26.6575
2025-04-16,MCO,BNA,WN,9.0,11.25
2025-04-23,SEA,EUG,OO,-4.0,-9.56
2025-04-03,BWI,LAS,WN,106.0,90.6175
2025-04-03,ATL,GRB,DL,24.0,8.555
2025-04-23,DFW,GRI,OO,-12.0,-10.11
2025-04-14,HSV,ATL,DL,-14.0,-10.345
2025-04-25,DEN,SFO,UA,25.0,30.44
2025-04-08,IAH,BHM,OO,-8.0,-2.9225
2025-04-13,SEA,BOI,OO,5.0,-9.3325
2025-04-01,EUG,SFO,UA,21.0,29.655
2025-04-24,PHX,RNO,WN,-4.0,-10.67
2025-04-07,PHL,TPA,AA,22.0,-5.6875
2025-04-22,STL,DEN,UA,-18.0,-21.035
2025-04-18,ORD,CLT,AA,-12.0,-8.8175
2025-04-06,ATL,ICT,DL,12.0,-3.7725
2025-04-09,EWR,FLL,UA,73.0,80.41
2025-04-08,MLB,CLT,OH,-28.0,-18.1875
2025-04-13,MCI,DAL,WN,-4.0,-3.85
2025-04-27,PVU,AUS,G4,-13.0,-19.91
2025-04-20,LAS,FLL,NK,1.0,-8.9925
2025-04-18,SAN,BWI,WN,-24.0,-6.615
2025-04-03,LAX,MCO,F9,43.0,46.78
2025-04-15,BRO,DFW,OO,-25.0,-18.6925
2025-04-02,HOU,DAL,WN,168.0,104.9775
2025-04-15,FAR,MSP,DL,-2.0,-3.46
2025-04-03,SPN,GUM,UA,-22.0,-20.295
2025-04-28,TPA,DEN,UA,-25.0,-13.66
2025-04-27,BOS,STT,B6,13.0,-12.83
2025-04-05,BNA,ECP,WN,-1.0,-4.2775
2025-04-24,CLT,CVG,OH,-4.0,3.4375
2025-04-20,LAX,SEA,DL,1.0,8.335
2025-04-08,MEM,ORD,MQ,-15.0,-17.705
2025-04-24,ORD,RDU,AA,-12.0,-9.37
2025-04-03,HOU,HRL,WN,147.0,147.3975
2025-04-26,LAS,SAT,WN,23.0,27.1625
2025-04-05,ANC,SEA,AS,23.0,-14.0875
2025-04-15,EYW,AVL,G4,-17.0,-16.8675
2025-04-25,IAH,DTW,DL,-7.0,-11.3625
2025-04-01,DEN,TUS,OO,1.0,-12.345
2025-04-13,MHK,DFW,MQ,-31.0,-21.33
2025-04-25,LAS,BUR,WN,45.0,46.77
2025-04-20,DTW,DCA,DL,-19.0,-13.6325
2025-04-14,BOS,SEA,DL,-4.0,3.7625
2025-04-26,BOS,TPA,DL,-25.0,-16.595
2025-04-23,JAX,BNA,WN,-5.0,-8.1975
2025-04-01,BUF,TPA,F9,38.0,47.6225
2025-04-12,CVG,CLT,AA,-9.0,-14.6375
2025-04-13,DFW,MSN,AA,23.0,33.73
2025-04-23,CHO,LGA,YX,-24.0,-16.1675
2025-04-13,FLL,ORD,AA,-8.0,-4.05
2025-04-25,ONT,SEA,AS,-23.0,-7.5325
2025-04-07,HSV,ATL,DL,39.0,27.9075
2025-04-05,EWR,ROC,UA,-11.0,-10.815
2025-04-15,DFW,MEM,MQ,-14.0,-9.555
2025-04-15,ORD,RSW,UA,-31.0,-14.2
2025-04-18,IND,AUS,WN,-13.0,-8.5375
2025-04-10,SNA,SFO,UA,-21.0,-9.0725
2025-04-15,AUS,DTW,DL,-9.0,-23.385
2025-04-30,DFW,LAW,OO,94.0,49.71
2025-04-14,DCA,BTV,AA,18.0,19.56
2025-04-30,PHX,PHL,AA,-15.0,-9.985
2025-04-22,FLL,BOS,B6,-16.0,-8.445
2025-04-25,ORD,PHL,AA,-4.0,1.37
2025-04-27,PIT,IAD,YX,-13.0,-11.565
2025-04-21,DEN,IAH,UA,-17.0,-11.7425
2025-04-28,MCO,MIA,AA,5.0,12.995
2025-04-16,LAS,MIA,AA,-25.0,-6.0975
2025-04-22,TPA,CLE,F9,-7.0,-9.365
2025-04-09,STL,HOU,WN,-3.0,0.63
2025-04-10,MSP,CLT,DL,3.0,-1.1275
2025-04-20,CMH,LGA,YX,0.0,-6.61
2025-04-09,MDW,GRR,WN,-13.0,-12.42
2025-04-19,MSO,SLC,OO,-20.0,-14.825
2025-04-28,FAT,PHX,OO,3.0,-9.4225
2025-04-26,DFW,LIT,MQ,-4.0,-13.2025
2025-04-29,SAN,AUS,OO,2.0,-10.915
2025-04-19,HOU,MCI,WN,-20.0,-16.8
2025-04-11,CMH,FLL,NK,13.0,-0.225
2025-04-30,ATL,BUF,DL,-8.0,-7.8825
2025-04-12,TPA,MSP,DL,18.0,14.0375
2025-04-09,ORF,IAD,UA,-23.0,-16.37
2025-04-23,LGA,ATL,DL,-8.0,-13.7975
2025-04-27,LAS,PIT,WN,51.0,54.25
2025-04-03,DFW,LRD,MQ,4.0,-1.775
2025-04-04,LEX,ATL,DL,-28.0,-26.5825
2025-04-18,RDM,PHX,MQ,-16.0,-22.0725
2025-04-21,JFK,ATL,DL,-18.0,-8.7175
2025-04-25,GGG,DFW,OO,75.0,82.3275
2025-04-09,SDF,EWR,YX,34.0,-11.4825
2025-04-27,JFK,LAS,B6,-2.0,-12.0875
2025-04-04,CLE,LGA,YX,-11.0,-7.6575
2025-04-07,ATL,MEM,DL,42.0,39.6375
2025-04-17,CHS,ATL,DL,-17.0,-18.4025
2025-04-12,TPA,IAD,UA,-19.0,-17.6825
2025-04-12,PHX,ORD,UA,-12.0,-16.965
2025-04-18,SAN,SMF,WN,-4.0,-7.0475
2025-04-27,RSW,DFW,AA,8.0,7.495
2025-04-06,TPA,BNA,WN,70.0,64.725
2025-04-11,LAX,EUG,OO,-32.0,-15.405
2025-04-21,RSW,DCA,AA,-13.0,-12.445
2025-04-07,MOT,DEN,OO,-7.0,-4.055
2025-04-23,ATL,ONT,DL,-9.0,-11.085
2025-04-01,MCI,DFW,AA,31.0,8.6325
2025-04-03,SAV,ATL,DL,-9.0,-15.3125
2025-04-02,TPA,IAH,UA,4.0,0.1075
2025-04-19,JAX,BWI,WN,-4.0,-2.6625
2025-04-05,SDF,ORD,OO,4.0,16.1825
2025-04-20,LBB,DEN,WN,-20.0,-19.3875
2025-04-18,LAS,DFW,AA,-3.0,-4.22
2025-04-28,LAS,ONT,F9,-11.0,-6.3
2025-04-01,DCA,DTW,DL,-32.0,-20.84
2025-04-29,BOS,TPA,DL,-17.0,-8.015
2025-04-10,LGA,MDW,WN,-23.0,-9.6875
2025-04-26,SMF,MCI,WN,-6.0,-3.2325
2025-04-02,ELP,PHX,OO,7.0,11.02
2025-04-20,BUF,MCO,WN,116.0,93.775
2025-04-13,SEA,CMH,AS,-19.0,-12.9925
2025-04-06,CMH,TPA,WN,4.0,-3.265
2025-04-02,PHL,BOS,AA,-8.0,-12.985
2025-04-08,ATL,DAL,WN,-17.0,-9.2875
2025-04-07,CVG,MCO,F9,-15.0,-22.415
2025-04-04,EWR,SNA,UA,-7.0,-23.13
2025-04-04,HOU,TPA,WN,0.0,-15.6925
2025-04-11,SFO,DFW,AA,-2.0,2.3925
2025-04-22,SJC,DEN,UA,-5.0,-11.91
2025-04-29,LGA,GSO,YX,-19.0,-14.9975
2025-04-04,MCO,SLC,DL,-6.0,12.6175
2025-04-13,ATW,CLT,MQ,-18.0,-21.9925
2025-04-25,GRB,MSP,OO,-3.0,-10.0175
2025-04-20,ORD,BWI,UA,8.0,5.7575
2025-04-24,MIA,BOS,AA,-21.0,-14.395
2025-04-08,DAY,DCA,OH,-22.0,-19.9825
2025-04-19,SEA,DEN,DL,38.0,40.3775
2025-04-26,DEN,MSY,UA,-9.0,-14.15
2025-04-08,PHX,RDU,WN,55.0,48.8875
2025-04-24,GJT,DEN,UA,16.0,12.075
2025-04-09,ORD,IAD,UA,9.0,7.085
2025-04-05,DTW,TPA,WN,161.0,146.9475
2025-04-02,ASE,ORD,OO,132.0,142.1975
2025-04-05,CLT,ECP,OH,-11.0,-0.27
2025-04-26,LAX,SJC,OO,-15.0,-14.1575
2025-04-10,SMF,DEN,UA,-9.0,-10.8875
2025-04-18,LGA,ATL,DL,-25.0,-19.7725
2025-04-11,FLL,DTW,DL,-8.0,-2.135
2025-04-26,MIA,PHL,AA,62.0,77.7275
2025-04-25,LAS,CLT,AA,-5.0,-15.1475
2025-04-23,LIH,HNL,HA,6.0,-0.78
2025-04-03,SFO,SAN,OO,1.0,6.8
2025-04-01,FLL,PHL,AA,-26.0,-0.9075
2025-04-16,ISP,BWI,WN,-21.0,-18.575
2025-04-25,MIA,ATL,DL,-11.0,-7.245
2025-04-06,PDX,DFW,AA,-24.0,-20.66
2025-04-21,CMH,LAX,AA,9.0,4.5275
2025-04-26,ATL,LAS,DL,-7.0,-16.0525
2025-04-22,DFW,CLT,AA,1.0,-13.8475
2025-04-29,JFK,LAX,B6,-44.0,0.4725
2025-04-29,DEN,OAK,WN,-22.0,-12.915
2025-04-25,LGA,BOS,B6,-2.0,11.275
2025-04-30,BOS,PHL,B6,13.0,12.7175
2025-04-28,JAX,STL,WN,-20.0,-11.33
2025-04-17,TPA,AUS,WN,7.0,0.6625
2025-04-03,SLC,SMF,DL,-10.0,-10.0525
2025-04-08,CLT,SYR,AA,-3.0,-9.15
2025-04-21,SAT,DTW,DL,-10.0,-5.4025
2025-04-30,TPA,PHL,AA,-16.0,-13.575
2025-04-05,BWI,ATL,DL,-7.0,-13.4775
2025-04-04,LGA,CMH,YX,-1.0,-11.285
2025-04-28,MSY,IAH,UA,-15.0,-15.65
2025-04-02,HNL,SMF,WN,-15.0,-12.2275
2025-04-04,DTW,BUF,OO,6.0,2.185
2025-04-19,DAL,AUS,WN,-19.0,-14.7975
2025-04-16,BNA,SFO,UA,-9.0,-16.645
2025-04-01,MDW,MCO,WN,-24.0,-12.895
2025-04-13,FNT,BNA,G4,-28.0,-14.98
2025-04-20,ATL,RNO,DL,9.0,0.57
2025-04-18,SRQ,ATL,DL,-1.0,1.34
2025-04-28,SEA,SAN,AS,-23.0,-14.1225
2025-04-04,STL,TUL,WN,-1.0,-6.105
2025-04-17,ONT,HNL,HA,-12.0,10.685
2025-04-27,PHX,TUS,OO,-5.0,-5.5025
2025-04-30,CLT,SEA,AA,-16.0,-2.83
2025-04-16,CAK,SRQ,G4,-24.0,-13.32
2025-04-24,SEA,CLE,AS,3.0,4.2275
2025-04-26,DEN,AVL,OO,23.0,35.4525
2025-04-04,ATL,LGA,WN,-3.0,-1.415
2025-04-17,ABQ,HOU,WN,-11.0,-11.9075
2025-04-16,BOS,ATL,B6,26.0,53.3225
2025-04-17,LGA,FLL,DL,-2.0,-8.49
2025-04-01,SEA,ORD,AA,56.0,30.795
2025-04-20,ECP,HOU,WN,-21.0,-14.3575
2025-04-17,DFW,SBP,AA,8.0,14.625
2025-04-17,LGA,ILM,YX,-6.0,-3.3975
2025-04-17,FNT,SFB,G4,-15.0,-2.5525
2025-04-09,SEA,LAX,DL,-25.0,-14.1925
2025-04-04,DFW,SFO,UA,-12.0,-0.715
2025-04-19,SRQ,CLT,AA,-9.0,-10.7875
2025-04-10,TUL,BNA,WN,-11.0,-9.935
2025-04-17,DEN,CPR,OO,66.0,52.2025
2025-04-19,DFW,TLH,MQ,12.0,14.04
2025-04-07,ATL,SAT,DL,73.0,72.345
2025-04-30,BNA,STL,WN,-1.0,-1.59
2025-04-12,SAN,RNO,WN,-23.0,-13.7425
2025-04-04,BOS,LAX,B6,70.0,9.33
2025-04-22,RDM,SEA,OO,-25.0,-16.715
2025-04-13,DAL,HOU,WN,-8.0,-5.55
2025-04-09,ORD,PBI,F9,-15.0,-18.0825
2025-04-17,PHX,ABQ,OO,-16.0,-15.05
2025-04-21,FAT,LAX,OO,-10.0,-16.895
2025-04-14,SNA,ORD,UA,-23.0,-12.56
2025-04-28,ATL,MCO,DL,-6.0,-2.055
2025-04-19,FAT,DFW,AA,-6.0,-4.7675
2025-04-08,SFO,LAX,DL,-36.0,-21.76
2025-04-01,FLL,PHL,NK,-20.0,-12.1575
2025-04-09,ATL,LAS,F9,-7.0,4.625
2025-04-18,GSP,LGA,YX,-8.0,-10.6175
2025-04-18,BOS,PBI,DL,-16.0,-3.31
2025-04-06,DEN,MIA,WN,10.0,-11.685
2025-04-18,SEA,PHX,OO,-17.0,-6.0275
2025-04-26,OAK,HOU,WN,-9.0,-14.095
2025-04-21,OMA,STL,WN,-20.0,-14.545
2025-04-23,PIT,LGA,YX,-11.0,-12.1875
2025-04-22,PHX,SBA,AA,-5.0,-5.3775
2025-04-28,BWI,LAX,WN,-13.0,-16.8125
2025-04-25,TPA,MKE,WN,3.0,17.3475
2025-04-25,MCO,JFK,B6,5.0,-2.4575
2025-04-20,LAS,DFW,AA,-23.0,-18.39
2025-04-20,MCO,LGA,DL,-26.0,-15.62
2025-04-19,JAX,ATL,DL,-25.0,-15.4975
2025-04-09,CVG,DCA,OH,22.0,17.295
2025-04-13,ORD,LEX,MQ,-20.0,-15.0125
2025-04-02,LAS,SEA,AS,30.0,37.575
2025-04-24,MYR,CLT,OH,-17.0,-22.86
2025-04-17,DEN,DFW,UA,72.0,52.77
2025-04-12,HDN,DEN,UA,-34.0,-22.2
2025-04-11,SRQ,DCA,AA,16.0,8.965
2025-04-19,PIT,ATL,DL,-14.0,-13.2925
2025-04-14,SAN,PHX,AA,56.0,51.3225
2025-04-19,ORD,DTW,YX,16.0,11.445
2025-04-01,GCK,DFW,MQ,-3.0,-11.845
2025-04-04,PHX,DAL,WN,9.0,13.5425
2025-04-18,OAK,SLC,WN,119.0,108.2125
2025-04-12,DTW,SBN,OO,-6.0,-15.6125
2025-04-16,PDX,LAS,AS,-7.0,-10.035
2025-04-24,BOS,DEN,B6,42.0,-1.5875
2025-04-24,BNA,PHX,WN,22.0,28.2575
2025-04-26,CLE,LAS,F9,-6.0,-8.1575
2025-04-13,CLT,MSY,AA,11.0,-15.475
2025-04-24,BWI,ATL,DL,4.0,-2.9725
2025-04-14,ATL,DTW,DL,-15.0,-10.4075
2025-04-26,DFW,ILM,MQ,-18.0,-11.4575
2025-04-04,SBN,SRQ,G4,-23.0,-30.5875
2025-04-01,ITO,HNL,HA,-8.0,-12.0575
2025-04-28,DTW,PDX,DL,3.0,-2.795
2025-04-28,MSP,LGA,YX,-19.0,-22.5375
2025-04-18,SAN,SFO,WN,-8.0,-6.21
2025-04-08,DFW,XNA,MQ,-5.0,-11.1725
2025-04-18,DAL,SAN,WN,3.0,-6.5075
2025-04-18,JFK,HNL,DL,-38.0,-7.5375
2025-04-11,LAX,MCO,DL,27.0,27.42
2025-04-18,EYW,PIE,G4,-18.0,-13.5575
2025-04-27,RDU,SEA,AS,3.0,-11.69
2025-04-15,ASE,DEN,OO,-35.0,-17.745
2025-04-12,SLC,GEG,DL,0.0,-2.55
2025-04-25,ELP,LAX,OO,-11.0,-10.4675
2025-04-23,CLT,ECP,OH,183.0,185.845
2025-04-15,CVG,ATL,DL,6.0,2.9625
2025-04-10,ORD,LAS,WN,-23.0,-17.1625
2025-04-15,DTW,GRB,OO,-2.0,5.2425
2025-04-05,DAL,FLL,WN,223.0,194.6875
2025-04-24,MSP,SBN,OO,-12.0,-7.5525
2025-04-18,ORD,MSN,YX,-26.0,-11.1525
2025-04-26,FSD,ATL,DL,8.0,3.3875
2025-04-13,SFO,SEA,AS,-5.0,-3.89
2025-04-10,EWR,IAD,YX,-27.0,-6.655
2025-04-10,EWR,CLT,UA,-19.0,-18.1325
2025-04-18,JFK,PHX,AA,-2.0,-5.475
2025-04-10,MSP,BWI,DL,153.0,148.665
2025-04-29,TUL,DEN,WN,21.0,-8.7525
2025-04-09,DEN,DAL,WN,-18.0,-12.335
2025-04-18,SNA,OAK,WN,17.0,10.2525
2025-04-08,OGG,LIH,HA,6.0,1.4
2025-04-12,BUF,MCO,B6,-26.0,-30.1575
2025-04-06,HNL,ITO,HA,1.0,0.725
2025-04-14,MIA,ATL,DL,-20.0,-5.52
2025-04-16,DEN,GEG,WN,-8.0,-7.0675
2025-04-07,LAS,LAX,UA,9.0,14.1175
2025-04-16,MSP,RHI,OO,-5.0,-12.7125
2025-04-14,IAD,FLL,UA,-28.0,-16.5175
2025-04-07,ORD,LGA,DL,-16.0,-1.9
2025-04-13,PHL,TPA,AA,-32.0,-12.4475
2025-04-22,MCO,CLT,AA,-16.0,-14.5375
2025-04-07,SAV,DAL,WN,13.0,20.355
2025-04-07,MSY,CLT,NK,-19.0,-14.0025
2025-04-14,CVG,AUS,G4,-17.0,-17.8475
2025-04-16,HOU,CRP,WN,-11.0,-13.8475
2025-04-10,CHS,EWR,UA,-18.0,-20.945
2025-04-07,SCC,ANC,AS,-7.0,-16.7525
2025-04-07,SFO,CLT,AA,7.0,-7.645
2025-04-19,DFW,MCI,AA,10.0,-4.495
2025-04-12,SEA,BZN,AS,3.0,0.725
2025-04-13,CLT,PWM,OH,8.0,5.62
2025-04-26,BOS,RSW,B6,2.0,10.0275
2025-04-30,DCA,DAY,OH,-9.0,-12.5525
2025-04-29,LGA,ORD,UA,-17.0,-22.5725
2025-04-10,ORD,ATL,UA,-31.0,-19.415
2025-04-15,BUR,OAK,WN,-20.0,-14.1675
2025-04-29,HNL,OGG,HA,-9.0,-8.0625
2025-04-04,FLL,ATL,DL,-17.0,-8.67
2025-04-21,BOS,MYR,NK,-11.0,-12.095
2025-04-28,MSY,MCI,WN,-7.0,-8.3775
2025-04-19,MSP,MDW,WN,-17.0,-20.55
2025-04-06,MSP,MEM,DL,-13.0,-20.76
2025-04-18,LAN,DTW,OO,53.0,48.9075
2025-04-18,BOI,SFO,OO,-23.0,-17.2275
2025-04-12,TPA,MDW,WN,24.0,17.825
2025-04-05,EWR,DEN,UA,54.0,52.6725
2025-04-24,DAL,MEM,WN,42.0,40.29
2025-04-15,DFW,IAH,OO,29.0,34.15
2025-04-26,PBI,EWR,UA,-6.0,4.9175
2025-04-16,MKE,MSP,DL,-18.0,-21.095
2025-04-28,LGA,BOS,YX,-7.0,-0.955
2025-04-26,SEA,SMF,OO,-9.0,-4.6075
2025-04-05,DRO,PHX,OO,21.0,20.2025
2025-04-14,DFW,RSW,AA,-11.0,-14.16
2025-04-23,RDU,MSP,DL,-13.0,-16.8
2025-04-04,IAD,ATL,DL,26.0,29.9475
2025-04-20,BWI,DAL,WN,-6.0,-5.87
2025-04-29,LBB,DEN,OO,46.0,35.2675
2025-04-11,MAF,DFW,MQ,-12.0,-10.38
2025-04-30,SJU,JFK,B6,-19.0,-16.7075
2025-04-25,EWR,ORD,UA,18.0,-19.075
2025-04-15,SFO,HNL,UA,-46.0,-14.425
2025-04-30,ATL,SAT,NK,-7.0,-4.355
2025-04-15,DTW,SLC,DL,-9.0,0.0375
2025-04-01,DFW,ACT,OO,-8.0,-4.0675
2025-04-17,PHL,MKE,OH,55.0,42.55
2025-04-01,LAS,ORD,WN,-12.0,-6.475
2025-04-04,BOS,PBI,DL,127.0,95.9675
2025-04-11,BOS,ATL,DL,-10.0,-12.835
2025-04-04,CLT,BUF,AA,5.0,5.885
2025-04-29,DTW,SEA,DL,-15.0,-19.9125
2025-04-15,IDA,SLC,OO,-20.0,-16.1775
2025-04-13,MDT,SFB,G4,-3.0,11.45
2025-04-11,DEN,LAS,F9,-28.0,-20.78
2025-04-10,FLL,BNA,NK,-7.0,-18.7325
2025-04-29,IAD,RDU,YX,-1.0,0.8775
2025-04-16,CLT,CAE,OH,-17.0,-12.2
2025-04-14,SMF,SNA,WN,-16.0,-15.18
2025-04-09,EWR,CLT,UA,-2.0,-6.4375
2025-04-21,SEA,SLC,AS,-13.0,-11.1575
2025-04-25,IND,ATL,DL,-8.0,-10.3025
2025-04-28,BUR,PHX,OO,1.0,-6.5875
2025-04-07,ATL,MIA,DL,26.0,9.165
2025-04-23,DDC,DEN,OO,-4.0,-14.125
2025-04-30,EUG,SFO,UA,-3.0,17.0375
2025-04-02,DEN,LAS,UA,6.0,10.475
2025-04-28,DEN,BIL,OO,-23.0,-10.0775
2025-04-13,BNA,ECP,WN,-23.0,-18.9725
2025-04-14,SRQ,PHL,AA,145.0,150.5775
2025-04-14,AUS,EWR,NK,-11.0,-4.285
2025-04-12,MSN,ORD,OO,-25.0,-17.225
2025-04-30,PHL,SAN,AA,-18.0,-13.6575
2025-04-09,ORD,SNA,AA,8.0,-3.56
2025-04-09,IAH,SAN,UA,-17.0,1.33
2025-04-07,HOU,IND,WN,-14.0,-4.9775
2025-04-21,PDX,SEA,AS,11.0,-14.23
2025-04-04,BNA,SEA,AS,136.0,115.6775
2025-04-08,ATL,VPS,DL,-18.0,-10.4025
2025-04-10,ORD,GRB,OO,-6.0,-3.6725
2025-04-19,MSP,BRD,OO,-12.0,-14.5475
2025-04-11,SMF,DFW,AA,-18.0,-9.65
2025-04-23,EWR,LAX,UA,-6.0,9.135
2025-04-15,BNA,SAT,WN,-10.0,-10.735
2025-04-17,MLI,ORD,OO,-1.0,-13.1025
2025-04-25,DFW,CLL,OO,19.0,11.98
2025-04-03,RDU,ATL,DL,40.0,46.8
2025-04-15,LGA,TUL,YX,11.0,6.2375
2025-04-29,BOS,JAX,B6,-19.0,-17.835
2025-04-23,DEN,PHX,WN,-5.0,-10.0125
2025-04-07,SEA,CVG,DL,-20.0,-22.05
2025-04-22,DEN,LAS,F9,-17.0,-17.45
2025-04-30,ATL,HOU,WN,-9.0,-12.5375
2025-04-07,MSP,MKE,DL,-13.0,-12.81
2025-04-26,BNA,CLT,OH,-20.0,-7.5475
2025-04-28,RDM,SEA,OO,-15.0,-18.5875
2025-04-08,FCA,SLC,OO,-13.0,-13.325
2025-04-20,GRB,ORD,OO,-17.0,-19.8325
2025-04-19,EWR,SFO,UA,30.0,23.535
2025-04-18,OMA,ATL,DL,11.0,-0.0375
2025-04-06,FSD,ORD,MQ,-7.0,-7.0675
2025-04-11,GRB,MSP,OO,-23.0,-21.5625
2025-04-07,RDU,ORD,AA,5.0,9.5425
2025-04-17,BOS,LGA,YX,-9.0,0.02
2025-04-20,FLL,JFK,B6,-4.0,-2.6725
2025-04-25,SEA,GEG,DL,12.0,8.88
2025-04-01,ATL,ORD,UA,-14.0,-10.6025
2025-04-08,DEN,PHX,UA,-17.0,-14.9475
2025-04-02,AUS,MDW,WN,96.0,111.385
2025-04-13,ICT,PHX,WN,-12.0,-20.44
2025-04-02,LGA,BNA,YX,2.0,-12.8
2025-04-15,TUS,LAS,WN,-16.0,-12.46
2025-04-18,ATL,MIA,DL,-19.0,-13.77
2025-04-22,LAS,DTW,DL,-21.0,-21.0475
2025-04-02,HNL,LAX,HA,22.0,14.1825
2025-04-12,MIA,SFO,AA,-17.0,-3.515
2025-04-08,MGM,ATL,OO,-15.0,-10.2375
2025-04-11,DEN,LAS,UA,69.0,68.73
2025-04-05,BWI,MCO,WN,1.0,-0.915
2025-04-02,LAS,ORD,UA,-15.0,-17.705
2025-04-06,PDX,ORD,AA,-3.0,-9.3525
2025-04-18,ATL,BOS,DL,1.0,0.2875
2025-04-01,HNL,KOA,HA,-11.0,-8.08
2025-04-30,MDW,ATL,WN,-16.0,-16.725
2025-04-19,MDW,MCI,WN,9.0,-3.745
2025-04-11,SBA,SFO,OO,3.0,-0.9775
2025-04-16,BWI,DTW,DL,-13.0,-14.275
2025-04-19,PDX,DEN,WN,-28.0,-16.4125
2025-04-25,IND,EWR,YX,92.0,96.07
2025-04-16,OGG,HNL,WN,-9.0,-13.6125
2025-04-10,ORD,FWA,OO,2.0,8.11
2025-04-24,BWI,RSW,NK,-16.0,-19.39
2025-04-18,CLE,LGA,OO,8.0,0.28
2025-04-07,HNL,OGG,HA,3.0,0.9825
2025-04-16,ATL,MGM,OO,-21.0,-17.435
2025-04-21,BWI,DTW,DL,-14.0,-12.9075
2025-04-30,BMI,ORD,MQ,12.0,-4.5475
2025-04-25,EYW,MIA,MQ,1.0,-2.5375
2025-04-19,IAH,CMH,UA,-30.0,-7.5175
2025-04-16,JFK,SAT,DL,-26.0,-16.58
2025-04-07,ORD,MSY,NK,-1.0,-2.04
2025-04-22,BOS,MIA,B6,-17.0,-18.9775
2025-04-10,ATL,SFO,DL,10.0,-6.86
2025-04-15,SDF,DTW,YX,-8.0,-13.5925
2025-04-22,ORD,MSP,UA,-10.0,-14.5225
2025-04-10,DTW,PHL,NK,33.0,11.0875
2025-04-20,LAX,SFO,OO,0.0,9.5
2025-04-19,SEA,SMF,OO,-18.0,-9.45
2025-04-21,CLT,TYS,OH,-11.0,-9.895
2025-04-19,BUR,BOI,WN,-28.0,-17.4675
2025-04-09,HNL,LAS,HA,-1.0,-20.2375
2025-04-10,JFK,LAX,AA,-46.0,-24.295
2025-04-04,ORD,CHO,OO,-9.0,1.4775
2025-04-04,LAS,DEN,WN,151.0,149.4
2025-04-04,DCA,ATL,WN,74.0,80.36
2025-04-13,ABQ,DAL,WN,-6.0,-4.8125
2025-04-09,DEN,LAX,WN,-13.0,-4.6825
2025-04-15,ATL,HSV,DL,-17.0,-14.825
2025-04-01,MCO,DCA,WN,7.0,14.3
2025-04-29,SLC,DEN,OO,-6.0,-19.285
2025-04-21,SFO,PHL,AA,-26.0,-3.2775
2025-04-22,MCO,BOS,B6,-5.0,-9.2275
2025-04-14,CPR,DEN,OO,3.0,-1.695
2025-04-21,ROC,MCO,WN,-18.0,-19.27
2025-04-17,SAN,DEN,UA,-11.0,-6.765
2025-04-15,JFK,SRQ,B6,-1.0,-10.3075
2025-04-04,CRW,CLT,OH,38.0,53.34
2025-04-17,ATL,ORD,DL,27.0,4.11
2025-04-07,JFK,MIA,AA,11.0,7.4625
2025-04-12,MCO,STL,WN,118.0,101.985
2025-04-01,BOS,DTW,B6,-5.0,-11.8425
2025-04-21,BOS,ORD,DL,-11.0,-12.78
2025-04-17,DEN,DFW,UA,-2.0,-3.755
2025-04-28,SEA,IAH,UA,-6.0,-8.2525
2025-04-19,HNL,OGG,HA,-1.0,-4.175
2025-04-14,DFW,LAX,AA,-1.0,0.2025
2025-04-16,ECP,CLT,AA,-20.0,-17.755
2025-04-21,CLE,IAH,UA,82.0,-15.3325
2025-04-16,LAS,HOU,WN,13.0,15.21
2025-04-15,SFO,PHX,UA,-8.0,-12.215
2025-04-11,LAS,PDX,WN,-9.0,-3.155
2025-04-20,PHX,ONT,WN,-4.0,-5.6075
2025-04-19,ALB,BWI,WN,2.0,2.785
2025-04-23,PIA,DFW,MQ,97.0,69.215
2025-04-10,SEA,SFO,AS,25.0,6.7725
2025-04-24,SFO,RDU,UA,6.0,-6.215
2025-04-27,AUS,LAX,WN,-5.0,-4.1625
2025-04-25,ATL,CVG,DL,8.0,-5.84
2025-04-28,MDT,PIE,G4,72.0,65.36
2025-04-29,FAI,SEA,AS,-20.0,-20.47
2025-04-22,DFW,IAH,OO,-4.0,-2.9275
2025-04-09,BHM,MCO,WN,0.0,-7.4575
2025-04-16,PHL,FLL,NK,-20.0,-10.2
2025-04-30,ELP,PHX,MQ,-6.0,-11.2275
2025-04-15,SAN,LAX,OO,-1.0,-11.9775
2025-04-23,PVD,BWI,WN,-10.0,-14.53
2025-04-29,PHX,IAD,UA,26.0,-16.0225
2025-04-01,EWR,MIA,AA,-27.0,-13.995
2025-04-02,ATL,MSY,DL,8.0,-0.7275
2025-04-17,BWI,RSW,WN,-10.0,-3.265
2025-04-30,SRQ,LGA,DL,-17.0,-12.4025
2025-04-26,ANC,FAI,AS,-27.0,-25.855
2025-04-03,OAK,BUR,WN,-9.0,-11.7325
2025-04-18,SAN,EWR,UA,66.0,59.37
2025-04-24,MCO,IAH,NK,175.0,178.92
2025-04-23,TUL,HOU,WN,1.0,-11.21
2025-04-26,BNA,LAX,WN,-3.0,-9.5925
2025-04-13,MEM,MSP,DL,-14.0,-16.31
2025-04-24,ATL,DTW,DL,6.0,2.825
2025-04-04,DEN,PHX,F9,-15.0,-18.365
2025-04-30,LAS,ABQ,WN,0.0,5.19
2025-04-29,MSY,LAX,DL,-30.0,-14.0475
2025-04-24,ABQ,MCI,WN,-2.0,-1.3925
2025-04-14,ORD,MCO,F9,-29.0,-11.7625
2025-04-18,MIA,CLT,AA,74.0,55.4075
2025-04-13,RSW,ATL,DL,-18.0,-16.0425
2025-04-28,HOU,ELP,WN,11.0,3.9025
2025-04-07,PDX,OGG,HA,-9.0,-19.11
2025-04-23,ORD,BDL,UA,23.0,-2.615
2025-04-28,MIA,JFK,AA,73.0,44.12
2025-04-08,DEN,ATL,DL,-1.0,-8.9075
2025-04-16,PHX,EUG,AA,131.0,130.0325
2025-04-08,CLT,LEX,OH,-9.0,-2.1375
2025-04-11,SEA,SFO,UA,67.0,57.785
2025-04-13,DEN,DCA,F9,-27.0,-15.67
2025-04-13,BNA,LGA,YX,-13.0,-11.41
2025-04-17,ORD,IND,YX,-5.0,3.655
2025-04-22,SMF,ORD,AA,-7.0,-15.6975
2025-04-14,JFK,BNA,YX,-8.0,-18.2725
2025-04-02,FSD,PHX,OO,-10.0,-14.115
2025-04-26,AMA,IAH,OO,240.0,252.9625
2025-04-16,SJU,PHL,F9,64.0,91.4775
2025-04-10,LGA,FLL,DL,4.0,2.7875
2025-04-01,DFW,MSP,DL,-17.0,-13.535
2025-04-30,LAS,DTW,DL,4.0,-21.7075
2025-04-11,CHS,FLL,B6,6.0,1.1475
2025-04-06,LAS,PHX,WN,36.0,42.24
2025-04-15,BOS,DFW,DL,-30.0,-21.6325
2025-04-12,CLT,MCI,AA,-4.0,-6.6475
2025-04-15,BOS,DCA,AA,-8.0,-20.295
2025-04-02,ABQ,DFW,AA,203.0,180.53
2025-04-16,HOU,MSY,WN,5.0,3.405
2025-04-14,ATL,LAX,DL,8.0,8.8975
2025-04-07,MKE,ORD,OO,40.0,43.0875
2025-04-07,TUL,ORD,OO,7.0,-5.12
2025-04-16,BUR,PHX,WN,-5.0,-12.19
2025-04-23,SFO,BUR,OO,-13.0,-6.1425
2025-04-28,RSW,DTW,DL,5.0,-10.54
2025-04-29,DAL,SMF,WN,-20.0,-11.07
2025-04-19,MSP,GRR,DL,1.0,4.8675
2025-04-28,LGA,MDW,WN,-6.0,3.295
2025-04-09,ATL,BDL,DL,-3.0,-7.3275
2025-04-27,HNL,OGG,HA,1.0,5.2
2025-04-13,SFO,ACV,OO,4.0,11.5425
2025-04-11,PDX,LAS,NK,-7.0,-15.735
2025-04-11,EUG,DEN,UA,-26.0,-19.6825
2025-04-13,SAT,LAX,NK,-8.0,-24.1875
2025-04-02,SNA,IAH,UA,-21.0,-13.81
2025-04-06,MCO,ATL,DL,-2.0,-5.0175
2025-04-24,LAS,ABQ,WN,149.0,153.0725
2025-04-27,PDX,SAN,AS,-7.0,-5.1375
2025-04-20,DEN,BWI,WN,-10.0,-4.9075
2025-04-23,ORF,ATL,DL,40.0,49.4325
2025-04-30,BOS,LAX,DL,-21.0,-13.605
2025-04-10,SEA,ORD,AS,-21.0,-5.3475
2025-04-24,ORD,TUL,YX,-16.0,-12.6
2025-04-30,DCA,DTW,DL,31.0,26.3375
2025-04-06,DEN,LAX,WN,-16.0,-2.5025
2025-04-23,OAK,LGB,WN,-6.0,-2.965
2025-04-04,MCO,CLE,UA,-6.0,-22.27
2025-04-24,PHL,FLL,AA,-17.0,-16.8725
2025-04-08,MSP,BZN,DL,-19.0,-23.8675
2025-04-11,LIH,LAX,DL,-6.0,-24.6925
2025-04-21,MCO,SJU,NK,-10.0,-16.065
2025-04-25,SLC,LGB,OO,3.0,-4.775
2025-04-21,SNA,OAK,WN,-9.0,-0.475
2025-04-26,AMA,IAH,OO,247.0,255.715
2025-04-07,MSP,ORD,UA,122.0,109.5175
2025-04-07,DFW,COS,AA,8.0,1.7425
2025-04-17,LAX,CLT,AA,298.0,323.2775
2025-04-09,MSY,DEN,WN,15.0,9.2675
2025-04-04,PIT,LGA,YX,9.0,3.77
2025-04-13,DAL,HOU,WN,21.0,18.94
2025-04-04,LAX,FLL,B6,235.0,224.165
2025-04-04,DAL,HOU,WN,107.0,96.0575
2025-04-04,LAS,SAT,WN,73.0,12.5125
2025-04-12,IAD,SFO,UA,-18.0,-7.99
2025-04-02,AUS,PHX,WN,15.0,7.815
2025-04-17,ORF,LGA,YX,0.0,-1.78
2025-04-07,MIA,RDU,AA,-14.0,-4.695
2025-04-04,IAD,LAX,UA,7.0,-6.6
2025-04-01,DFW,ATL,AA,149.0,143.81
2025-04-08,CHS,DAL,WN,-14.0,-9.795
2025-04-24,STL,BWI,WN,-4.0,-3.01
2025-04-02,SAN,LAS,OO,-2.0,0.5075
2025-04-19,DEN,SGF,OO,192.0,199.1225
2025-04-28,PVD,BNA,WN,-16.0,-16.195
2025-04-07,MKE,ORD,OO,-23.0,-20.605
2025-04-06,ORD,PHL,AA,85.0,76.9025
2025-04-25,PHX,ORD,AA,10.0,6.5675
2025-04-12,ORD,SGF,OO,-30.0,-11.3175
2025-04-12,RNO,ATL,DL,-14.0,5.075
2025-04-10,ITO,OGG,HA,-9.0,-4.4625
2025-04-23,JAX,ATL,DL,-7.0,-8.5925
2025-04-21,PBI,DFW,AA,59.0,51.1525
2025-04-18,LAS,ATL,NK,-20.0,-7.615
2025-04-12,ELP,DEN,F9,-20.0,-19.8325
2025-04-14,MSY,AUS,WN,67.0,66.73
2025-04-12,ORD,BUF,UA,-1.0,3.7575
2025-04-11,TPA,BUF,F9,34.0,31.3175
2025-04-06,EWR,PIT,YX,2.0,0.2875
2025-04-27,AGS,CLT,OH,13.0,1.8275
2025-04-12,MSP,BRD,OO,-13.0,-15.125
2025-04-04,OKC,LAS,F9,88.0,86.0375
2025-04-22,SJU,BDL,B6,-17.0,-8.3325
2025-04-21,PHL,ORF,OH,-10.0,-11.6875
2025-04-21,GEG,SFO,OO,67.0,47.39
2025-04-18,SJC,LGB,WN,-1.0,4.03
2025-04-21,PHX,SMF,AA,4.0,-3.0225
2025-04-16,ONT,LAS,WN,0.0,-2.4275
2025-04-24,EWR,SJU,F9,13.0,-2.645
2025-04-04,HOU,MDW,WN,35.0,23.2225
2025-04-01,LAS,DCA,AA,19.0,37.2725
2025-04-04,STL,PHL,WN,-13.0,-9.12
2025-04-14,BOS,SDF,YX,337.0,309.505
2025-04-19,TPA,CLT,AA,1.0,-9.99
2025-04-06,ATL,IAH,NK,-14.0,-10.3075
2025-04-21,JNU,YAK,AS,-5.0,-11.495
2025-04-25,LIH,SEA,DL,-7.0,-23.63
2025-04-18,SFO,JFK,DL,-38.0,-13.19
2025-04-15,IAD,BTV,YX,-15.0,-18.9175
2025-04-26,LGB,DEN,WN,54.0,19.5125
2025-04-07,PDX,LAS,AS,-15.0,-12.73
2025-04-07,BWI,TPA,F9,-3.0,-14.43
2025-04-05,DEN,SFO,UA,-26.0,-7.2325
2025-04-02,MSP,MCI,DL,8.0,2.92
2025-04-11,IND,DFW,AA,-15.0,-9.26
2025-04-22,PHL,GSP,OH,5.0,7.2725
2025-04-19,EWR,BOS,YX,-12.0,-13.965
2025-04-04,MSP,MOT,OO,-6.0,-5.565
2025-04-08,ITO,HNL,WN,-6.0,-10.0125
2025-04-27,EWR,ROC,YX,-19.0,-20.1625
2025-04-22,BUF,DCA,OH,-13.0,-4.7075
2025-04-22,AUS,JFK,AA,-3.0,-9.4875
2025-04-16,SFO,PIT,UA,-17.0,-3.2675
2025-04-09,DEN,CLE,WN,-15.0,-9.81
2025-04-21,IAH,DEN,UA,8.0,17.2175
2025-04-28,DCA,STL,WN,-9.0,-9.265
2025-04-04,ATL,RDU,DL,40.0,33.4525
2025-04-21,MIA,RDU,AA,-1.0,-0.015
2025-04-22,SFO,SNA,OO,-5.0,-7.725
2025-04-25,SJU,BDL,B6,-30.0,-18.7025
2025-04-14,BHM,DAL,WN,-22.0,-14.335
2025-04-11,LGB,SJC,WN,-16.0,-15.9
2025-04-19,CLT,ATL,OH,6.0,6.295
2025-04-10,DFW,GSO,AA,17.0,13.655
2025-04-27,DAL,TUS,WN,-11.0,-6.43
2025-04-05,IAH,DFW,UA,188.0,184.2175
2025-04-02,EWR,SFO,UA,13.0,5.1225
2025-04-11,MSP,MCI,DL,-9.0,-11.79
2025-04-22,HOU,HRL,WN,-11.0,-13.1975
2025-04-07,SFO,SAN,WN,16.0,21.6925
2025-04-25,LGA,MIA,AA,-20.0,-11.59
2025-04-28,MDW,MCO,WN,-11.0,-10.615
2025-04-02,AUS,EWR,UA,-21.0,-12.8825
2025-04-02,BOS,LAS,DL,0.0,-5.83
2025-04-08,BOI,LAS,WN,-15.0,-13.79
2025-04-23,FLL,DFW,AA,66.0,70.6525
2025-04-17,PDX,STS,OO,3.0,-19.3275
2025-04-13,LAS,IAH,F9,17.0,-8.46
2025-04-07,BNA,SLC,DL,-8.0,-18.58
2025-04-21,LAX,BOI,OO,-19.0,-18.8175
2025-04-24,SFO,ONT,OO,-7.0,-10.9275
2025-04-12,DEN,TUL,OO,-5.0,-3.3975
2025-04-23,SMF,LAX,OO,-15.0,-17.205
2025-04-30,SJC,ORD,UA,-28.0,-10.9525
2025-04-23,SEA,DEN,AS,47.0,36.8875
2025-04-10,ONT,AUS,WN,-3.0,-14.5675
2025-04-14,RSW,MSP,DL,37.0,37.1525
2025-04-27,DCA,IND,YX,43.0,39.78
2025-04-07,CHS,DFW,AA,9.0,-2.8175
2025-04-28,BOS,ATL,DL,-12.0,1.1075
2025-04-06,MIA,ATL,DL,251.0,275.6125
2025-04-28,CMH,MCO,WN,-7.0,4.5775
2025-04-17,BWI,BUF,WN,21.0,18.03
2025-04-07,LIT,LGA,YX,-23.0,-17.53
2025-04-28,LAS,CLE,F9,8.0,0.7925
2025-04-17,LAS,DTW,DL,30.0,32.0875
2025-04-28,STL,SLC,DL,-10.0,-10.9525
2025-04-02,DFW,AMA,MQ,43.0,31.6175
2025-04-24,SAN,PHX,WN,20.0,20.0225
2025-04-08,ITO,HNL,HA,-11.0,-17.0975
2025-04-01,MCO,CLE,F9,47.0,51.5925
2025-04-20,LAS,BUF,WN,48.0,63.34
2025-04-07,TPA,STL,WN,-17.0,-8.6
2025-04-24,LAS,HOU,WN,44.0,56.6475
2025-04-29,DEN,EWR,UA,36.0,0.0275
2025-04-05,CHS,JFK,B6,-28.0,-17.7525
2025-04-11,AUS,TPA,WN,-7.0,-2.03
2025-04-08,DEN,BOI,UA,3.0,-5.0225
2025-04-17,PIT,SFO,UA,-10.0,-18.045
2025-04-28,ATL,LAS,DL,-8.0,-2.2925
2025-04-07,BWI,MCO,WN,6.0,4.6575
2025-04-04,ORF,JFK,YX,-5.0,-10.605
2025-04-05,IDA,SLC,OO,16.0,18.555
2025-04-03,FLL,ATL,WN,-11.0,-3.3325
2025-04-19,SAV,ORD,UA,-37.0,-20.2325
2025-04-23,TPA,MSP,DL,-16.0,-15.5525
2025-04-13,SJC,LGB,WN,-1.0,-5.73
2025-04-07,XNA,ORD,MQ,14.0,4.7325
2025-04-21,ORD,XNA,AA,-19.0,-15.5325
2025-04-27,MCO,ATL,DL,-6.0,-2.0925
2025-04-11,LAS,SAN,WN,177.0,178.7825
2025-04-19,PHL,LAX,AA,55.0,46.1125
2025-04-09,OMA,CLT,OH,-23.0,-19.565
2025-04-03,SLC,TWF,OO,20.0,9.4175
2025-04-17,MCO,SLC,DL,-10.0,-7.225
2025-04-13,LGA,CMH,YX,-24.0,-27.77
2025-04-16,ORD,RNO,UA,-11.0,-14.5325
2025-04-23,ATL,LGA,DL,15.0,9.08
2025-04-04,PHL,CLT,AA,79.0,70.0325
2025-04-29,ECP,DEN,WN,-18.0,-12.845
2025-04-01,DCA,PHX,AA,6.0,-11.77
2025-04-07,BWI,BOS,WN,-25.0,-9.945
2025-04-01,BOS,HNL,HA,-15.0,-16.655
2025-04-25,OAK,MCI,WN,22.0,8.37
2025-04-19,ORD,MSP,DL,-16.0,-8.9075
2025-04-01,PIT,ATL,DL,-14.0,-14.0675
2025-04-09,ATL,TPA,DL,18.0,-5.565
2025-04-27,RDU,ORD,MQ,57.0,52.4525
2025-04-02,PHL,MSY,AA,-20.0,-19.745
2025-04-15,SFO,LAS,AS,-5.0,-8.49
2025-04-12,DEN,CPR,OO,-13.0,-12.945
2025-04-17,ORD,DSM,OO,109.0,106.2575
2025-04-30,LGA,EYW,YX,40.0,53.17
2025-04-18,ATL,MDW,F9,-21.0,-19.445
2025-04-14,ALB,FLL,B6,-26.0,-10.1275
2025-04-18,PHX,LAX,WN,8.0,-2.475
2025-04-16,ORD,IAH,UA,-14.0,-1.8375
2025-04-22,DTW,BOS,DL,-12.0,-13.37
2025-04-10,DCA,JFK,YX,-13.0,-6.2875
2025-04-09,SEA,IAD,AS,-9.0,-6.6825
2025-04-26,CLT,SYR,AA,-9.0,-10.3975
2025-04-09,LAX,SEA,DL,-19.0,-14.47
2025-04-24,BOS,CHS,B6,-1.0,14.495
2025-04-10,IAH,LGA,UA,2.0,-1.095
2025-04-21,SJC,SEA,AS,-3.0,-0.125
2025-04-16,DEN,SAT,WN,-11.0,-4.6225
2025-04-28,BNA,ORD,MQ,-10.0,-9.115
2025-04-22,LAX,MDW,WN,-23.0,-13.675
2025-04-18,HNL,ITO,WN,-4.0,-1.8525
2025-04-17,CLT,DTW,AA,-8.0,-15.565
2025-04-20,MSY,DCA,AA,-15.0,-3.6675
2025-04-23,LIH,HNL,HA,1.0,-3.4275
2025-04-21,DFW,TLH,MQ,21.0,4.5825
2025-04-23,DEN,STL,WN,0.0,2.7625
2025-04-05,SAF,DEN,OO,-19.0,-16.795
2025-04-12,JFK,BOS,B6,-4.0,9.8925
2025-04-04,GRR,DFW,MQ,54.0,11.175
2025-04-24,TPA,BNA,WN,-18.0,-16.335
2025-04-06,BOS,MKE,YX,5.0,-10.265
2025-04-01,DEN,SNA,UA,24.0,17.79
2025-04-04,BOS,ORD,UA,9.0,-10.91
2025-04-10,EWR,DEN,UA,-16.0,-11.915
2025-04-09,AUS,HOU,WN,6.0,-4.9975
2025-04-02,DEN,FLL,UA,12.0,1.1425
2025-04-16,BOS,RDU,B6,-18.0,-10.9225
2025-04-29,CRW,ATL,OO,-16.0,-16.7575
2025-04-01,BUR,SFO,OO,6.0,4.805
2025-04-03,DFW,AUS,AA,15.0,6.5325
2025-04-21,TUL,PHX,OO,-6.0,-8.8825
2025-04-24,PHL,LAS,F9,-42.0,-11.7
2025-04-17,BNA,JFK,YX,-16.0,-14.5025
2025-04-28,SAN,SLC,DL,-11.0,-19.3725
2025-04-28,BDL,DTW,DL,-24.0,-17.7
2025-04-08,CLT,PBI,AA,37.0,-5.6925
2025-04-05,ORD,JAX,UA,5.0,-6.9375
2025-04-20,HPN,ATL,DL,-1.0,-15.9475
2025-04-03,DEN,LGB,WN,-18.0,-0.5825
2025-04-16,JFK,FLL,DL,-17.0,1.055
2025-04-06,DEN,BOS,B6,-32.0,-19.335
2025-04-12,VPS,CVG,G4,-5.0,-19.5475
2025-04-27,RSW,BOS,NK,-7.0,-16.7175
2025-04-19,LIH,HNL,HA,-1.0,-1.035
2025-04-29,BOS,PHL,YX,-19.0,-17.6775
2025-04-05,ORD,CMI,MQ,-12.0,-7.775
2025-04-14,MEM,ATL,DL,-21.0,-18.575
2025-04-12,AUS,BWI,WN,-19.0,-21.815
2025-04-08,MCO,PHL,F9,-24.0,-5.0875
2025-04-19,CHS,HOU,WN,-19.0,-6.3225
2025-04-07,BWI,PHX,WN,-30.0,-13.3175
2025-04-17,PSP,ORD,UA,-25.0,-9.855
2025-04-28,PIT,BOS,B6,-13.0,-18.5625
2025-04-11,SLC,SUN,OO,-1.0,-6.205
2025-04-07,GJT,DEN,OO,-26.0,-16.59
2025-04-15,LAS,MSP,DL,56.0,55.735
2025-04-30,MKE,STL,WN,-14.0,-18.1975
2025-04-13,BWI,LAX,UA,-19.0,-8.2275
2025-04-22,CAE,DCA,OH,48.0,55.665
2025-04-23,SDF,ATL,DL,-29.0,-25.0675
2025-04-21,AUS,IND,WN,78.0,80.9925
2025-04-15,CID,DEN,UA,-15.0,-17.325
2025-04-07,SEA,FAI,AS,-6.0,1.6675
2025-04-16,DAB,ATL,DL,-18.0,-11.215
2025-04-28,SJC,LAS,NK,8.0,-4.6825
2025-04-29,KOA,HNL,WN,-5.0,-7.01
2025-04-13,ORD,SLN,OO,-20.0,-8.895
2025-04-17,MIA,DEN,AA,-22.0,-15.3675
2025-04-20,PDX,LAS,NK,-21.0,-19.4675
2025-04-22,BOS,RSW,B6,-15.0,-7.7625
2025-04-16,BUF,LGA,YX,639.0,632.625
2025-04-17,SEA,SFO,AS,-19.0,-6.41
2025-04-02,STL,TPA,WN,20.0,26.4175
2025-04-07,SFO,RDM,OO,-22.0,-16.73
2025-04-02,JNU,KTN,AS,-26.0,-21.6425
2025-04-14,DCA,ORD,UA,14.0,-1.68
2025-04-25,ORF,ORD,YX,-18.0,-13.76
2025-04-15,LGA,MSP,DL,-6.0,-12.4275
2025-04-14,RFD,SFB,G4,-33.0,-21.5325
2025-04-29,DFW,ORD,NK,-13.0,-12.5325
2025-04-10,DEN,GJT,UA,-18.0,-17.14
2025-04-29,DFW,EVV,MQ,-15.0,-22.51
2025-04-20,MCO,IAH,UA,11.0,34.695
2025-04-04,ALB,DTW,OO,-7.0,-18.335
2025-04-18,JAX,ORD,MQ,-17.0,-10.1075
2025-04-16,OKC,ATL,DL,-22.0,-21.4875
2025-04-05,MSP,BIS,OO,854.0,862.4075
2025-04-05,DTW,FLL,DL,55.0,58.15
2025-04-30,MIA,ATL,AA,-6.0,-13.2325
2025-04-24,STL,PHL,AA,-13.0,-16.455
2025-04-03,SFO,ONT,OO,-15.0,-11.77
2025-04-28,ORD,DTW,MQ,-15.0,-9.39
2025-04-03,CID,DCA,OH,41.0,26.57
2025-04-08,LAX,FLL,B6,-12.0,-14.855
2025-04-21,PHX,LAX,WN,11.0,14.1275
2025-04-29,ONT,LAS,WN,-14.0,-14.42
2025-04-17,BUR,SMF,WN,-5.0,-5.4225
2025-04-20,ORF,DCA,OH,-13.0,-14.9825
2025-04-13,DAL,LAX,WN,8.0,-2.0225
2025-04-27,PHX,ORD,AA,-5.0,-11.48
2025-04-05,CLT,MCO,AA,-13.0,-11.01
2025-04-04,FNT,PIE,G4,-7.0,-22.7825
2025-04-08,DTW,HPN,OO,-1.0,-8.4375
2025-04-16,LAS,PHL,NK,-34.0,-16.2775
2025-04-21,MSP,LAS,DL,5.0,3.7475
2025-04-17,MIA,DCA,DL,-12.0,-16.91
2025-04-22,SMF,IAD,UA,-11.0,8.575
2025-04-21,LWS,SEA,OO,-19.0,-18.86
2025-04-03,MSP,SEA,DL,-9.0,-5.6925
2025-04-06,DSM,PIE,G4,-20.0,-20.93
2025-04-03,BWI,GRR,WN,-12.0,-4.3825
2025-04-05,DCA,HSV,OH,-8.0,-16.81
2025-04-15,DFW,ROW,OO,-5.0,-8.4575
2025-04-27,CLT,BDL,AA,0.0,-10.245
2025-04-10,SFB,GRR,G4,-6.0,-3.9525
2025-04-19,HOU,ECP,WN,-2.0,0.465
2025-04-18,DEN,JAC,UA,87.0,95.0725
2025-04-19,IAH,DEN,UA,10.0,-15.8
2025-04-30,SYR,JFK,B6,-25.0,-26.65
2025-04-02,DTW,PHX,DL,21.0,-7.86
2025-04-08,ORD,RDU,UA,-6.0,-3.615
2025-04-11,SLC,DAL,WN,-15.0,-9.975
2025-04-04,BOS,ATL,DL,-2.0,-0.0225
2025-04-14,HOU,ATL,WN,-8.0,-10.2925
2025-04-16,IAH,SJU,UA,-31.0,-18.495
2025-04-22,PHL,ORD,UA,68.0,68.775
2025-04-18,HOU,ABQ,WN,-18.0,-16.5075
2025-04-30,MSP,BNA,DL,0.0,-1.075
2025-04-25,BUR,SEA,AS,-15.0,-16.6925
2025-04-14,DCA,TPA,AA,156.0,146.5275
2025-04-04,PHX,SFO,F9,-8.0,-13.2625
2025-04-03,PGD,RIC,G4,-5.0,-15.1025
2025-04-03,LCK,PGD,G4,-37.0,-24.825
2025-04-04,DSM,ORD,MQ,-9.0,-6.9833333333333325
2025-04-20,TPA,CLE,UA,-27.0,-17.8325
2025-04-12,LAX,JFK,DL,-22.0,-22.4275
2025-04-02,SLC,SMF,DL,-24.0,-14.05
2025-04-08,BOS,MDW,WN,3.0,6.5675
2025-04-02,LAX,SJC,WN,-19.0,-15.86
2025-04-08,MIA,MSY,AA,27.0,26.1075
2025-04-29,BOS,ORD,UA,-27.0,-13.71
2025-04-19,VPS,BOS,G4,-5.0,-13.4425
2025-04-30,MHT,FLL,B6,-38.0,-20.5675
2025-04-18,PHX,SAN,WN,12.0,8.5925
2025-04-26,MSP,BNA,DL,-3.0,1.1875
2025-04-08,ILM,EWR,YX,9.0,30.12
2025-04-20,DCA,ATL,DL,-21.0,-13.7425
2025-04-03,DCA,ORF,OH,-9.0,-10.9575
2025-04-13,JFK,MIA,B6,-37.0,-11.13
2025-04-02,FLL,BNA,WN,-23.0,-14.37
2025-04-20,MIA,EYW,MQ,-2.0,-9.195
2025-04-17,MCO,ORD,UA,11.0,-5.2025
2025-04-19,AUS,ECP,WN,-11.0,5.98
2025-04-25,PNS,CLT,AA,-6.0,-9.035
2025-04-06,DTW,MSY,NK,2.0,-13.04
2025-04-06,DFW,HNL,AA,-27.0,-18.6675
2025-04-01,DRO,PHX,OO,-57.0,-23.5075
2025-04-10,SNA,TUS,OO,23.0,7.795
2025-04-30,STL,DEN,UA,-15.0,-23.7
2025-04-29,SJC,LAX,OO,-16.0,-11.68
2025-04-04,TPA,DTW,NK,106.0,111.005
2025-04-01,MIA,ORD,AA,-9.0,-19.63
2025-04-17,DTW,IND,YX,-12.0,-8.8175
2025-04-04,TPA,IAH,UA,-19.0,-8.9975
2025-04-15,LAX,DEN,F9,-34.0,-17.975
2025-04-07,SGF,DEN,OO,76.0,86.9375
2025-04-20,ONT,SEA,AS,-5.0,-6.16
2025-04-26,BWI,MCO,WN,154.0,167.7175
2025-04-21,CLE,ATL,DL,-12.0,-19.3825
2025-04-21,MIA,JFK,AA,0.0,4.98
2025-04-10,XNA,LGA,YX,-16.0,-17.9725
2025-04-15,BNA,PHX,WN,-9.0,-14.9375
2025-04-16,SAT,LAX,NK,-16.0,-27.36
2025-04-01,LAS,SAN,WN,3.0,5.1325
2025-04-25,DFW,LAX,AA,-3.0,-12.7825
2025-04-17,EWR,ORD,MQ,78.0,71.4975
2025-04-01,PIA,CLT,OH,-30.0,-16.9425
2025-04-01,BHM,ATL,DL,-10.0,-10.0075
2025-04-27,MDW,ATL,WN,-3.0,2.7275
2025-04-06,ORD,GRR,OO,54.0,36.645
2025-04-10,DSM,PIE,G4,-10.0,-10.3175
2025-04-11,BHM,MIA,MQ,5.0,-8.3925
2025-04-25,SLC,LAS,DL,6.0,-0.9225
2025-04-24,MIA,SDF,AA,-9.0,-10.325
2025-04-19,MKE,DTW,DL,-17.0,-25.71
2025-04-14,CHA,DFW,OH,-36.0,-19.8075
2025-04-28,PHX,DEN,AA,-11.0,-11.5225
2025-04-12,MIA,MCO,AA,-11.0,-4.9075
2025-04-27,SAN,DEN,WN,12.0,21.4375
2025-04-18,LGA,CLT,AA,-20.0,-17.295
2025-04-26,DEN,FAR,UA,-11.0,-8.765
2025-04-23,SLC,CVG,DL,6.0,2.3225
2025-04-17,BNA,IAH,UA,-19.0,-13.715833333333332
2025-04-05,SAV,JFK,B6,2.0,16.5575
2025-04-23,ATL,MSN,DL,32.0,10.6675
2025-04-17,PDX,DCA,AS,-4.0,-3.525
2025-04-05,PVD,ATL,DL,53.0,58.54
2025-04-24,CLT,ABE,OH,3.0,-0.58
2025-04-19,MIA,CLT,NK,-18.0,-18.4975
2025-04-04,DTW,LGA,DL,-25.0,-15.5825
2025-04-30,JFK,ROC,B6,-6.0,-5.5575
2025-04-16,GRR,EWR,YX,-12.0,-13.86
2025-04-16,PIT,LGA,YX,50.0,37.2075
2025-04-25,DFW,DAY,OH,9.0,2.0425
2025-04-01,LAS,PHX,AA,-17.0,-15.0125
2025-04-08,PHL,LAX,AA,-24.0,-25.215
2025-04-23,TPA,PHX,AA,-4.0,-12.15
2025-04-14,FAT,SLC,OO,-16.0,-15.09
2025-04-13,LAS,DFW,AA,-15.0,-15.2825
2025-04-11,JAX,CLT,AA,123.0,133.86
2025-04-23,SFO,SAN,UA,-11.0,-6.22
2025-04-30,MFE,IAH,OO,-13.0,-14.4875
2025-04-28,OMA,DCA,YX,-7.0,-12.745
2025-04-07,EWR,PBI,UA,-6.0,-12.7325
2025-04-29,ATL,SFO,UA,-6.0,-19.1625
2025-04-11,SDF,PIE,G4,88.0,85.805
2025-04-06,PNS,DFW,AA,-18.0,-17.8125
2025-04-28,BOS,CMH,YX,27.0,33.8675
2025-04-19,JFK,LAX,B6,-33.0,-15.18
2025-04-20,SFO,SLC,DL,-16.0,-15.22
2025-04-27,BWI,BOS,NK,64.0,60.3
2025-04-29,LAX,DCA,AS,15.0,-18.865
2025-04-17,MCO,EWR,UA,61.0,54.365
2025-04-15,MIA,ATL,AA,-20.0,-13.565
2025-04-22,XNA,CLT,AA,-33.0,-19.915
2025-04-13,DEN,FLL,UA,-20.0,-13.2175
2025-04-04,SEA,SAN,AS,-13.0,1.0525
2025-04-11,PIT,MDW,WN,-3.0,0.325
2025-04-27,HPN,PBI,B6,-39.0,-29.655
2025-04-25,OKC,ATL,DL,-2.0,-6.3975
2025-04-01,GRR,PHX,AA,12.0,-1.18
2025-04-22,BOS,SAV,YX,5.0,-8.38
2025-04-17,FLL,ATL,DL,8.0,-5.885
2025-04-25,LAS,SLC,WN,114.0,115.7375
2025-04-18,MAF,IAH,OO,-7.0,-4.725
2025-04-29,BNA,CLT,AA,-28.0,-14.865
2025-04-22,HSV,DEN,OO,-22.0,-31.4425
2025-04-04,MCI,DCA,OH,6.0,14.0
2025-04-05,STL,LGA,WN,-29.0,-20.93
2025-04-28,DTW,LGA,DL,9.0,5.5075
2025-04-09,DTW,MDW,OO,3.0,1.1125
2025-04-09,PHL,BDL,OH,33.0,32.43
2025-04-08,SMF,SEA,OO,42.0,-8.3975
2025-04-13,MCI,AUS,WN,-3.0,-4.8875
2025-04-16,JFK,DEN,DL,4.0,0.0125
2025-04-24,CLT,EWR,UA,9.0,3.34
2025-04-26,SAN,MIA,AA,-13.0,0.07
2025-04-18,DVL,DEN,OO,969.0,980.49
2025-04-20,HSV,DFW,AA,125.0,125.3425
2025-04-05,MSP,DLH,OO,-4.0,-14.21
2025-04-08,BWI,MCO,F9,27.0,-2.805
2025-04-16,IAH,MIA,UA,-22.0,-10.87
2025-04-07,AUS,BNA,OO,-15.0,-1.7425
2025-04-05,ATL,DAL,DL,34.0,-19.4025
2025-04-01,ABE,SFB,G4,-26.0,-22.5525
2025-04-17,PHX,ATL,AA,-21.0,-12.585
2025-04-20,IAH,PHX,UA,-18.0,-3.775
2025-04-10,PHX,ICT,WN,-8.0,-1.6375
2025-04-27,ABQ,DAL,WN,-13.0,-9.3325
2025-04-08,ATL,GRR,DL,-4.0,-4.2
2025-04-07,BWI,IND,WN,51.0,42.97
2025-04-02,SAN,MDW,WN,-28.0,-8.5225
2025-04-13,BUF,RSW,WN,-22.0,-7.5225
2025-04-02,SAN,RNO,WN,-14.0,-9.705
2025-04-28,MIA,MCO,AA,4.0,-13.25
2025-04-11,OAK,BUR,WN,-1.0,-7.2775
2025-04-04,RSW,MDW,WN,-24.0,-6.145
2025-04-03,TPA,DCA,AA,23.0,1.785
2025-04-07,ATL,LAX,DL,37.0,30.8975
2025-04-07,PHL,BNA,AA,7.0,-8.995
2025-04-10,TPA,ISP,F9,-8.0,-4.56
2025-04-01,OAK,PSP,WN,-19.0,-12.3275
2025-04-25,SJU,CLE,F9,-40.0,-15.4
2025-04-29,LGB,SMF,WN,1.0,-0.385
2025-04-18,ORD,CMH,YX,-19.0,-8.6325
2025-04-11,ATL,TLH,DL,31.0,25.2575
2025-04-03,HOU,LAX,WN,-19.0,-11.2625
2025-04-17,DEN,HOB,OO,20.0,14.92
2025-04-15,JAX,DEN,WN,-10.0,-9.515
2025-04-19,DEN,GCC,OO,0.0,-2.245
2025-04-04,KOA,LIH,HA,-2.0,-1.175
2025-04-25,EYW,CVG,G4,3.0,-1.6
2025-04-24,PHX,SEA,OO,0.0,11.6925
2025-04-07,SJU,IAH,UA,12.0,4.8625
2025-04-02,LAS,DAL,WN,46.0,44.7325
2025-04-19,PHX,LAX,AA,2.0,-12.9225
2025-04-02,ATL,SJC,DL,8.0,-23.44
2025-04-18,MSP,PIT,DL,-20.0,-18.36
2025-04-28,ORF,ATL,DL,-28.0,-18.965
2025-04-04,DTW,IAH,DL,-2.0,-14.5675
2025-04-27,LAX,SAT,NK,-22.0,-20.74
2025-04-08,MDW,LAX,WN,2.0,-1.705
2025-04-04,MSP,CLT,AA,-8.0,-18.3075
2025-04-24,ORF,MIA,AA,-14.0,-9.5525
2025-04-16,SLC,DAL,WN,-20.0,-9.8875
2025-04-08,ORD,LGA,UA,-2.0,5.675
2025-04-23,AUS,MCO,WN,26.0,-12.9925
2025-04-18,IND,MCO,WN,-22.0,-13.305
2025-04-03,RDU,MIA,DL,-18.0,-13.4625
2025-04-02,ABQ,DAL,WN,39.0,-1.5925
2025-04-13,ORD,MSP,UA,-6.0,-8.8525
2025-04-07,SMF,BNA,WN,14.0,-3.8875
2025-04-16,ATL,RDU,DL,-12.0,-13.6325
2025-04-30,SLC,LAS,F9,-25.0,-16.62
2025-04-08,SAT,LAX,WN,39.0,38.925
2025-04-02,SFO,IAD,UA,22.0,-9.04
2025-04-18,ORD,ICT,MQ,-16.0,-16.615
2025-04-06,SNA,CLT,AA,-18.0,-12.305
2025-04-28,CMH,ORD,YX,-5.0,4.9625
2025-04-10,BIS,DEN,OO,-50.0,-21.94
2025-04-29,JFK,CLE,YX,-18.0,-19.8025
2025-04-05,EWR,MCO,NK,-5.0,-0.115
2025-04-23,PIT,EWR,YX,-1.0,-19.535
2025-04-11,ATL,BDL,DL,16.0,8.755
2025-04-22,BWI,SJU,NK,-2.0,-15.1925
2025-04-16,RHI,MSP,OO,1.0,0.1425
2025-04-18,DTW,MSN,OO,-9.0,-10.1
2025-04-30,MCI,BWI,WN,389.0,381.125
2025-04-27,FLL,PHL,AA,39.0,35.485
2025-04-26,BUF,PBI,B6,-30.0,-7.185
2025-04-13,BNA,LAX,WN,-4.0,-4.8525
2025-04-25,MSP,CLE,OO,-11.0,-13.0575
2025-04-29,DEN,MDW,WN,51.0,59.5775
2025-04-07,JFK,PIT,YX,-12.0,-20.805
2025-04-03,TYS,JAX,G4,-24.0,-12.675
2025-04-11,CLT,HPN,OH,4.0,4.1375
2025-04-29,DCA,CVG,YX,-19.0,-14.1875
2025-04-16,LAS,AUS,WN,-2.0,-4.6
2025-04-12,LAS,BUF,WN,17.0,-10.39
2025-04-22,FSM,DFW,MQ,4.0,5.2825
2025-04-09,DTW,PHX,DL,5.0,5.18
2025-04-13,CLE,IAD,YX,15.0,0.0025
2025-04-20,ATL,IND,DL,1.0,3.135
2025-04-23,PHX,SBA,OO,-6.0,-9.535
2025-04-28,DTW,MBS,OO,-10.0,-11.46
2025-04-20,IAH,DCA,UA,-21.0,-9.415
2025-04-02,STL,ORD,UA,257.0,191.92
2025-04-13,MSP,MDW,WN,-2.0,5.3375
2025-04-26,AZA,GRR,G4,30.0,2.845
2025-04-13,DCA,TYS,OH,82.0,88.4025
2025-04-11,EWR,MCO,UA,-5.0,-16.7025
2025-04-10,MIA,LGA,AA,-10.0,-9.1925
2025-04-17,ATL,GSO,DL,6.0,-0.11
2025-04-18,SMF,ORD,AA,-11.0,-11.6675
2025-04-17,DAL,BNA,WN,115.0,118.8825
2025-04-23,MIA,PNS,MQ,19.0,10.3875
2025-04-25,DEN,GEG,UA,170.0,164.1
2025-04-22,ATL,DSM,DL,15.0,9.875
2025-04-04,DEN,STL,WN,-5.0,-5.87
2025-04-25,DFW,DTW,NK,-5.0,-9.1925
2025-04-05,IND,ATL,DL,-17.0,-20.6275
2025-04-27,DFW,SAV,MQ,-12.0,-14.8475
2025-04-16,MCO,PHL,F9,-11.0,-11.75
2025-04-14,IAD,RDU,YX,-10.0,-9.41
2025-04-22,DEN,RAP,OO,-20.0,-18.225
2025-04-14,CLT,PHX,AA,-2.0,-6.9525
2025-04-22,BOS,LAX,UA,3.0,-19.1425
2025-04-24,EWR,ATL,F9,19.0,22.425
2025-04-20,MCI,DEN,WN,9.0,18.3475
2025-04-11,CMH,MDW,WN,-12.0,-12.675
2025-04-02,BNA,DEN,WN,15.0,12.0575
2025-04-15,DEN,PHX,UA,-13.0,-13.7825
2025-04-07,MSO,DFW,MQ,19.0,14.5325
2025-04-15,SLC,ABQ,OO,7.0,-3.8025
2025-04-15,TYS,ORD,OO,-19.0,-19.33
2025-04-26,XNA,ORD,OO,-12.0,-19.9325
2025-04-23,SLC,SUN,OO,-22.0,-20.3175
2025-04-07,PHL,SAN,AA,198.0,206.0875
2025-04-06,CMH,FLL,WN,-19.0,-18.81
2025-04-14,JAX,BWI,WN,-6.0,-13.685
2025-04-08,CMH,LAX,AA,-21.0,-1.8625
2025-04-23,ESC,DTW,OO,-34.0,-20.7375
2025-04-08,ATL,RIC,DL,-1.0,-3.6575
2025-04-19,STL,DCA,WN,27.0,37.5575
2025-04-18,MEM,LGA,YX,-13.0,-12.4625
2025-04-19,FLL,EWR,UA,-1.0,2.835
2025-04-11,TPA,ATL,F9,-19.0,-14.4525
2025-04-06,PIT,CLT,AA,-4.0,-15.0975
2025-04-15,PHX,FAT,OO,7.0,7.6625
2025-04-01,ATL,PHL,F9,31.0,32.825
2025-04-20,MDW,DAL,WN,8.0,-10.525
2025-04-01,SAN,HNL,WN,2.0,4.3
2025-04-04,FAT,DEN,UA,-4.0,-10.94
2025-04-07,SNA,OAK,WN,-20.0,-16.155
2025-04-21,SAN,OAK,WN,-3.0,-0.94
2025-04-13,SNA,SJC,WN,-3.0,0.5775
2025-04-13,IAD,SFO,UA,2.0,-6.085
2025-04-09,DFW,RNO,AA,-7.0,-6.545
2025-04-11,MSP,ORD,UA,4.0,-0.055
2025-04-05,CDV,ANC,AS,-24.0,-13.3775
2025-04-12,BWI,JAX,WN,-13.0,-7.815
2025-04-25,SFO,ORD,UA,-20.0,-18.545
2025-04-13,STL,BOS,MQ,49.0,41.06
2025-04-13,MSN,ORD,YX,7.0,-15.2625
2025-04-12,DCA,LAX,AA,-31.0,-11.3975
2025-04-11,JFK,CMH,YX,-10.0,-3.5825
2025-04-10,PHX,SMF,WN,-14.0,-11.305
2025-04-04,BWI,BUF,WN,-10.0,-7.115
2025-04-29,SMF,GEG,WN,-3.0,-7.08
2025-04-09,BOS,JFK,B6,-6.0,-10.3075
2025-04-20,DEN,CMH,WN,-11.0,-16.54
2025-04-25,TPA,ATL,DL,61.0,60.3275
2025-04-03,SFO,CLT,AA,30.0,11.5725
2025-04-05,DFW,RSW,AA,307.0,253.95
2025-04-15,SAV,ORD,UA,0.0,-1.4275
2025-04-02,CLT,TPA,AA,-18.0,-9.7125
2025-04-27,BNA,PHL,NK,-3.0,-11.2575
2025-04-23,OAK,LAX,WN,-13.0,-10.0975
2025-04-21,PHX,MDW,WN,243.0,248.585
2025-04-06,RSW,DCA,MQ,1.0,0.54
2025-04-01,MKE,BOS,YX,-20.0,-8.535
2025-04-22,EWR,LAX,UA,26.0,37.66
2025-04-24,MCO,EWR,UA,44.0,38.58
2025-04-01,IAD,DFW,UA,-1.0,-4.475
2025-04-18,BUF,LGA,YX,0.0,-13.3325
2025-04-30,BOI,SJC,OO,-20.0,-12.8675
2025-04-19,SAN,DFW,AA,1.0,-1.9275
2025-04-27,MYR,ATL,DL,-12.0,-13.14
2025-04-12,BOS,PQI,B6,-16.0,-9.4275
2025-04-30,AUS,BNA,WN,-6.0,-9.3075
2025-04-27,PDX,BUR,AS,-14.0,-12.9375
2025-04-06,PVD,BWI,WN,-7.0,-2.515
2025-04-25,PHX,DTW,F9,136.0,144.505
2025-04-02,MSP,BOS,DL,37.0,2.4225
2025-04-08,DTW,MCO,DL,-3.0,-15.82
2025-04-26,CLT,VPS,AA,-14.0,-12.6375
2025-04-01,RDU,MIA,DL,-13.0,-7.85
2025-04-25,GRB,ORD,MQ,87.0,75.6775
2025-04-29,DEN,DRO,OO,16.0,20.5075
2025-04-08,STL,BNA,WN,-16.0,-15.515
2025-04-11,DEN,FAT,OO,-18.0,-5.76
2025-04-13,DFW,DEN,AA,-12.0,-13.2525
2025-04-20,DEN,MTJ,UA,21.0,27.0075
2025-04-30,MCO,CLT,AA,32.0,28.2475
2025-04-30,RIC,PHL,OH,-6.0,13.5175
2025-04-29,SFO,JFK,AS,14.0,-8.13
2025-04-17,RDU,LGA,YX,-4.0,-8.2075
2025-04-23,IAH,DFW,UA,-19.0,-9.4
2025-04-19,RNO,LAS,WN,-34.0,-20.1325
2025-04-04,DEN,DFW,AA,25.0,-6.22
2025-04-30,IAH,ORD,UA,-27.0,-13.82
2025-04-09,MCO,IND,WN,-1.0,-8.54
2025-04-14,AUS,ORD,UA,-26.0,-10.725
2025-04-19,CLT,SAV,OH,-23.0,-10.0025
2025-04-29,SAN,AUS,OO,-9.0,-16.725
2025-04-14,ABI,DFW,MQ,-1.0,-0.5825
2025-04-10,CLT,SAN,AA,-10.0,-6.7775
2025-04-16,SNA,EWR,UA,-51.0,-21.025
2025-04-06,PIT,TPA,WN,-17.0,-12.1225
2025-04-23,LGA,TYS,YX,3.0,-14.5825
2025-04-07,ATL,BHM,DL,181.0,179.0075
2025-04-06,LAX,SMF,OO,-6.0,-14.8825
2025-04-08,PHL,BOS,AA,-17.0,-9.57
2025-04-15,EWR,LAX,AS,-9.0,2.265
2025-04-19,EYW,LGA,YX,-15.0,-9.15
2025-04-22,HOU,MSY,WN,-15.0,-8.9725
2025-04-26,IAD,SFO,AS,-17.0,-23.0675
2025-04-24,MIA,DAL,WN,71.0,5.91
2025-04-23,ORD,CVG,MQ,-17.0,-9.7925
2025-04-11,MCO,CVG,WN,6.0,4.2275
2025-04-08,COS,MDW,WN,-18.0,-15.445
2025-04-09,SJU,MIA,NK,-5.0,-5.7925
2025-04-15,SJC,BOI,WN,14.0,12.81
2025-04-08,ALB,ORD,YX,2.0,-9.46
2025-04-30,EWR,DFW,UA,106.0,72.015
2025-04-26,MGW,ORD,OO,-15.0,-15.31
2025-04-26,ATL,MSP,DL,-19.0,-8.0175
2025-04-07,JFK,SLC,B6,-24.0,-12.6125
2025-04-08,SFO,EWR,UA,-10.0,14.735
2025-04-10,ATL,EWR,UA,-15.0,-12.4775
2025-04-07,EWR,SJU,F9,195.0,183.225
2025-04-14,OKC,MCO,WN,-18.0,-15.68
2025-04-13,ORD,SAT,AA,-17.0,-15.8525
2025-04-01,ORD,EWR,UA,15.0,13.9825
2025-04-30,LGA,CLT,AA,-27.0,-27.6325
2025-04-02,ATL,AUS,WN,-6.0,-16.725
2025-04-28,SFO,MFR,OO,-13.0,-10.9525
2025-04-05,CLT,CVG,OH,33.0,0.6725
2025-04-06,BUF,EWR,UA,-3.0,-12.525
2025-04-18,ORD,CVG,UA,-15.0,-1.8575
2025-04-06,ORD,MIA,UA,-2.0,-12.2225
2025-04-08,HOU,ABQ,WN,-18.0,-11.3775
2025-04-18,SLC,BUR,DL,12.0,9.83
2025-04-05,CMH,PHX,WN,-20.0,-18.4
2025-04-29,DFW,JAN,OO,-12.0,-10.585
2025-04-08,LAX,SEA,DL,-25.0,-13.245
2025-04-24,MCO,IAH,UA,-23.0,-13.4425
2025-04-04,MCO,SAN,AS,-47.0,-8.9025
2025-04-10,DFW,CMH,AA,24.0,18.25
2025-04-19,VPS,DFW,OH,49.0,62.245
2025-04-16,DEN,LBB,OO,1.0,6.775
2025-04-06,CHO,LGA,YX,-31.0,-9.7925
2025-04-04,DAL,ABQ,WN,-1.0,4.6375
2025-04-03,PIT,MCO,WN,40.0,49.2425
2025-04-07,BWI,FLL,WN,11.0,11.8475
2025-04-28,SLC,PHX,WN,-12.0,-17.6675
2025-04-20,PHX,MIA,AA,376.0,355.6875
2025-04-15,BUR,PHX,WN,5.0,-3.7225
2025-04-03,BUF,BWI,WN,2.0,8.64
2025-04-11,DEN,MAF,OO,-14.0,-4.8875
2025-04-14,MIA,DTW,DL,-4.0,-14.5325
2025-04-18,MDW,DCA,WN,101.0,112.755
2025-04-17,LAS,FAT,WN,50.0,55.5125
2025-04-14,STX,MIA,AA,22.0,-12.3075
2025-04-15,MSY,EWR,UA,49.0,44.9375
2025-04-09,ATL,DCA,YX,20.0,-2.7625
2025-04-02,DCA,BGR,OH,13.0,21.89
2025-04-10,DTW,ATL,DL,-12.0,-10.98
2025-04-23,MKE,DFW,AA,9.0,9.0475
2025-04-10,RDU,AUS,OO,-18.0,-10.22
2025-04-07,CLE,JFK,YX,0.0,-1.5825
2025-04-17,MSP,SAT,DL,42.0,25.835
2025-04-25,LAS,LAX,DL,-5.0,-4.97
2025-04-22,SMF,DFW,AA,15.0,-11.9875
2025-04-25,BOS,CLT,AA,-15.0,-7.3725
2025-04-16,EUG,SFO,OO,70.0,80.1175
2025-04-05,ATL,ORF,DL,-7.0,-7.0175
2025-04-29,BHM,DTW,OO,-9.0,-11.3075
2025-04-28,JFK,BOS,YX,-21.0,-1.59
2025-04-07,DCA,AVL,YX,8.0,1.095
2025-04-07,ORD,LEX,OO,-13.0,-4.98
2025-04-12,DEN,MDW,WN,-5.0,-4.475
2025-04-08,CLT,MSP,AA,4.0,-10.83
2025-04-29,IAD,SYR,YX,-3.0,-7.3025
2025-04-14,MKE,ORD,OO,-19.0,-12.555
2025-04-08,SAN,LAS,OO,-14.0,-11.1725
2025-04-13,TUL,MDW,WN,-19.0,-17.0875
2025-04-04,PHX,LAX,WN,-13.0,-10.03
2025-04-20,RIC,ATL,DL,-5.0,-5.1825
2025-04-15,ATL,OMA,DL,-10.0,-17.7125
2025-04-26,DEN,CID,UA,-19.0,-11.475
2025-04-10,PHX,IAD,WN,-6.0,-4.505
2025-04-14,RNO,LAS,WN,-6.0,-10.9325
2025-04-09,LAX,BOS,B6,-4.0,-24.8275
2025-04-14,DEN,MDW,WN,-26.0,-4.465
2025-04-27,SAN,PHX,AA,10.0,10.6775
2025-04-09,IND,BWI,WN,-15.0,-11.4275
2025-04-02,MCO,SDF,WN,-13.0,-11.3775
2025-04-14,SJC,SLC,WN,-1.0,-15.0975
2025-04-23,SCC,ANC,AS,6.0,-9.33
2025-04-10,PHX,PIT,AA,210.0,188.77
2025-04-12,RIC,ORD,MQ,-4.0,-13.21
2025-04-25,ORF,EWR,YX,187.0,199.9525
2025-04-02,IAD,IAH,UA,-10.0,-12.8425
2025-04-17,MCO,PHL,AA,376.0,371.3375
2025-04-14,LIT,DFW,MQ,-17.0,-18.605
2025-04-18,LAX,MDW,WN,-27.0,-5.06
2025-04-23,ORF,ATL,DL,-18.0,-12.53
2025-04-21,HSV,ORD,MQ,4.0,20.14
2025-04-30,PHX,MCO,AA,2.0,-13.83
2025-04-16,DAY,DCA,OH,55.0,48.815
2025-04-14,DFW,SGF,MQ,-11.0,-7.42
2025-04-25,MSP,AUS,DL,13.0,3.51
2025-04-08,MCI,AUS,WN,-13.0,-16.7375
2025-04-25,FLL,CHS,B6,-12.0,-11.38
2025-04-22,LAN,ORD,MQ,-22.0,-13.235
2025-04-01,DCA,LGA,YX,34.0,49.3675
2025-04-13,PHL,ATL,DL,9.0,19.355
2025-04-05,ATL,LIT,DL,-19.0,-12.8475
2025-04-07,STS,BUR,OO,26.0,-4.975
2025-04-19,LAS,OAK,WN,-4.0,-6.7375
2025-04-15,DCA,PVD,AA,-9.0,-3.3475
2025-04-27,DFW,HOU,OO,-10.0,-5.12
2025-04-17,SAT,LAS,WN,10.0,-5.745
2025-04-24,DEN,BHM,OO,81.0,69.5875
2025-04-24,BOI,SMF,WN,-2.0,-6.425
2025-04-12,AUS,DEN,UA,-22.0,-18.625
2025-04-09,DEN,DFW,AA,-15.0,-17.0975
2025-04-03,SLC,PHL,DL,-4.0,-14.6375
2025-04-03,BOS,TPA,DL,-16.0,-11.2775
2025-04-12,OKC,DEN,WN,34.0,37.2425
2025-04-05,LIH,HNL,WN,-19.0,-15.01
2025-04-11,SFO,SNA,OO,-5.0,-3.5
2025-04-02,OAK,SNA,WN,14.0,19.8675
2025-04-23,SLC,MFR,OO,27.0,25.545
2025-04-26,LAS,SEA,NK,-30.0,-13.685
2025-04-22,PIT,LGA,YX,-13.0,-9.915
2025-04-05,DEN,ONT,WN,-11.0,6.445
2025-04-01,ATL,BWI,DL,-13.0,-11.9125
2025-04-08,TUL,DFW,OH,-10.0,-9.17
2025-04-19,GEG,DEN,WN,-14.0,-13.1275
2025-04-04,FSD,DEN,F9,26.0,7.0325
2025-04-15,FLL,IND,WN,-8.0,-1.1975
2025-04-20,MCO,BWI,NK,-11.0,-9.5525
2025-04-30,ASE,DEN,OO,-7.0,-5.82
2025-04-01,ORD,ORF,MQ,-15.0,-7.3725
2025-04-06,FAR,BNA,G4,-21.0,-24.805
2025-04-24,MIA,ATL,DL,25.0,6.3775
2025-04-26,RIC,PHL,OH,17.0,13.24
2025-04-03,DEN,LAS,F9,43.0,51.6
2025-04-25,LIT,DFW,MQ,-5.0,-8.42
2025-04-25,CLE,PHL,OH,-28.0,-18.955
2025-04-05,PHX,LAS,NK,19.0,8.965
2025-04-02,SNA,CLT,AA,33.0,3.035
2025-04-09,DFW,FAT,AA,2.0,-11.4025
2025-04-20,ORD,PHL,UA,1.0,12.445
2025-04-20,JFK,BOS,YX,-10.0,5.305
2025-04-25,BOS,RDU,YX,-28.0,-13.8075
2025-04-10,SFO,BUR,OO,72.0,73.1975
2025-04-25,EWR,CLE,UA,15.0,12.825
2025-04-03,AUS,SJC,WN,-27.0,-14.8775
2025-04-17,PWM,CLT,OH,-5.0,-11.37
2025-04-28,SEA,ABQ,AS,11.0,4.33
2025-04-06,PHX,MCO,WN,12.0,0.915
2025-04-13,AUS,DCA,WN,-3.0,-7.0425
2025-04-02,RDU,JFK,YX,6.0,6.6075
2025-04-13,ORD,XNA,OO,-19.0,-7.8425
2025-04-23,BWI,MCO,WN,-6.0,-14.755
2025-04-18,ABR,MSP,OO,-10.0,-18.13
2025-04-21,ILM,ATL,DL,-20.0,-8.345
2025-04-07,CMH,ORD,UA,24.0,22.9925
2025-04-30,ORD,ORF,UA,11.0,-1.335
2025-04-25,LAX,DEN,UA,10.0,5.5725
2025-04-24,DAL,MAF,WN,18.0,18.125
2025-04-11,LAS,PHX,AA,68.0,73.21
2025-04-15,SMF,ATL,DL,-20.0,-6.4275
2025-04-09,DEN,COS,OO,-13.0,-3.72
2025-04-04,BUR,SMF,WN,14.0,14.625
2025-04-14,MDW,ATL,WN,-10.0,-13.7425
2025-04-27,CVG,DFW,AA,1.0,-17.4225
2025-04-07,CLT,BHM,OH,-3.0,-5.3975
2025-04-17,LAS,MKE,WN,-4.0,1.98
2025-04-17,LGA,CLT,YX,-15.0,-19.735
2025-04-13,DEN,PHX,WN,-3.0,-17.0625
2025-04-23,TUS,PHX,OO,-1.0,2.3475
2025-04-10,DTW,LGA,YX,3.0,-9.911
2025-04-13,LGA,STL,YX,1.0,-4.435
2025-04-28,ILM,LGA,YX,-11.0,-6.48
2025-04-21,ORD,MCI,AA,-11.0,-9.785
2025-04-21,CLT,BTR,OH,-21.0,-8.31
2025-04-23,SAT,DTW,DL,24.0,-1.875
2025-04-26,SAV,EWR,YX,32.0,32.09
2025-04-18,CHS,LGA,NK,-3.0,-11.4975
2025-04-27,BWI,CHS,WN,6.0,0.64
2025-04-14,LGA,DFW,AA,-12.0,-9.6325
2025-04-26,LAX,SEA,DL,-30.0,-19.9975
2025-04-06,SFO,LAS,OO,7.0,8.3
2025-04-19,AUS,ORD,AA,13.0,-15.96
2025-04-11,PSP,JFK,AS,93.0,23.3775
2025-04-23,SLC,TPA,DL,-2.0,-25.665
2025-04-08,FLL,CLT,AA,68.0,80.795
2025-04-17,ORD,MCW,OO,-11.0,-5.0325
2025-04-01,MCO,BNA,WN,-9.0,-4.6975
2025-04-27,PHL,RDU,F9,-13.0,-13.1725
2025-04-08,PHL,BOS,AA,-19.0,-7.06
2025-04-01,PHX,BWI,WN,-28.0,-23.165
2025-04-23,SFO,SNA,OO,-10.0,-11.74
2025-04-25,ELP,LAX,WN,-20.0,-12.4575
2025-04-12,BNA,OKC,WN,10.0,10.065
2025-04-18,BWI,TPA,F9,0.0,11.56
2025-04-30,SEA,LAS,NK,-17.0,-8.5625
2025-04-27,LAS,COS,WN,73.0,78.0675
2025-04-07,PHX,MSP,DL,-6.0,-13.985
2025-04-08,RDU,BOS,DL,-39.0,-14.6475
2025-04-14,PDX,ORD,AS,-21.0,-10.3375
2025-04-17,LAS,CLE,F9,-16.0,-10.315
2025-04-14,DFW,RAP,MQ,-3.0,-10.39
2025-04-24,DTW,MIA,NK,-14.0,-5.5175
2025-04-21,DFW,MFE,AA,49.0,52.855
2025-04-16,DFW,AEX,OO,12.0,11.57
2025-04-05,BOS,PIT,B6,-24.0,-28.5575
2025-04-07,MCO,CMH,F9,-24.0,-15.27
2025-04-23,STL,ATL,DL,-16.0,-20.11
2025-04-07,PSP,BLI,G4,-6.0,1.7775
2025-04-11,DEN,SLC,F9,-20.0,-14.83
2025-04-27,ATL,SFO,DL,-25.0,-21.865
2025-04-19,SLC,HNL,HA,-30.0,-17.1725
2025-04-04,LAS,IND,WN,122.0,120.6475
2025-04-23,BWI,RDU,WN,40.0,43.02
2025-04-30,CLT,DAB,OH,-20.0,-7.395
2025-04-24,PHX,LAX,OO,5.0,5.835
2025-04-07,PHX,DFW,AA,7.0,4.3325
2025-04-07,EWR,CHS,UA,6.0,-15.7575
2025-04-24,SFO,PHX,WN,23.0,22.555
2025-04-03,ATL,MCO,WN,19.0,19.9825
2025-04-21,SLC,BOS,DL,-23.0,-8.3025
2025-04-25,DFW,TUL,AA,-9.0,-6.725
2025-04-03,ROC,DCA,OH,190.0,188.5625
2025-04-29,ATL,LAS,DL,-12.0,-10.2425
2025-04-15,PHL,SJU,AA,-28.0,-5.4625
2025-04-20,DSM,ORD,OO,25.0,18.8475
2025-04-19,DFW,SAN,AA,33.0,15.455
2025-04-06,DCA,LGA,YX,98.0,104.5125
2025-04-03,PHX,BOI,WN,-15.0,-10.4875
2025-04-26,DCA,SEA,DL,-28.0,-28.3475
2025-04-10,IAH,ORD,UA,-28.0,-16.205
2025-04-15,TPA,DCA,WN,-11.0,-2.97
2025-04-24,FLL,LAS,NK,-31.0,-7.975
2025-04-11,BOS,ORD,YX,-12.0,-13.1025
2025-04-19,PIE,GRR,G4,6.0,-2.5475
2025-04-21,DEN,MCI,WN,-6.0,-12.6925
2025-04-22,ATL,PHL,DL,6.0,4.6775
2025-04-23,ALB,ATL,DL,-18.0,-15.2575
2025-04-30,DFW,LBB,MQ,-14.0,-13.7475
2025-04-04,RNO,OAK,WN,115.0,128.515
2025-04-05,HOU,MCO,WN,2.0,-15.735
2025-04-05,LAX,JFK,AA,-6.0,-22.1575
2025-04-04,IND,PHX,WN,5.0,-2.4
2025-04-17,CMH,BWI,WN,-14.0,-17.99
2025-04-28,HLN,SLC,OO,-19.0,-14.8075
2025-04-01,SJC,SLC,DL,-23.0,-25.0325
2025-04-15,PHX,SLC,OO,-10.0,-12.315
2025-04-17,LAS,MCI,WN,51.0,71.66
2025-04-14,PIE,LCK,G4,-8.0,-14.3
2025-04-07,EWR,SFO,UA,-19.0,-16.07
2025-04-29,GRR,CLT,AA,-7.0,-7.76
2025-04-29,RDM,SFO,UA,-13.0,-15.525
2025-04-07,LGB,LAS,WN,-12.0,-16.06
2025-04-19,CLT,CAE,OH,-5.0,-5.5325
2025-04-21,ITO,HNL,HA,24.0,19.1375
2025-04-25,IAD,MSY,UA,6.0,10.0775
2025-04-11,FSD,ORD,UA,8.0,-1.915
2025-04-28,VPS,BOS,G4,-19.0,-14.7575
2025-04-11,STL,DCA,WN,45.0,35.2725
2025-04-13,JAN,BNA,WN,5.0,-4.1525
2025-04-23,DCA,MCI,OH,-19.0,-12.9375
2025-04-02,ATL,RDU,DL,-2.0,-5.1925
2025-04-21,SAT,LAS,NK,-8.0,-11.305
2025-04-07,LGA,SRQ,AA,39.0,16.005
2025-04-17,CLT,GSP,MQ,-12.0,-1.02
2025-04-21,DCA,BOS,B6,-8.0,-8.285
2025-04-26,LAS,DEN,WN,-18.0,-10.9425
2025-04-16,JMS,DEN,OO,-1.0,0.3925
2025-04-12,PHX,SAT,WN,-12.0,-18.345
2025-04-09,DCA,JFK,YX,-9.0,-13.7375
2025-04-22,SLC,PIT,DL,16.0,-2.19
2025-04-06,LGA,CLT,AA,20.0,20.1825
2025-04-23,CLT,OKC,OH,-9.0,9.945
2025-04-23,PHX,DEN,WN,36.0,28.525
2025-04-19,TUS,DEN,WN,14.0,-5.91
2025-04-27,ORD,ATL,DL,9.0,1.58
2025-04-13,HOU,DCA,WN,-15.0,-14.7
2025-04-17,MCO,DCA,B6,-11.0,-10.21
2025-04-14,PHX,DEN,UA,-5.0,4.1375
2025-04-20,IND,MSP,DL,-15.0,-25.795
2025-04-04,HSV,DFW,MQ,-15.0,-11.045
2025-04-11,EWR,ORD,MQ,20.0,38.5725
2025-04-10,ORD,ICT,MQ,4.0,-1.0
2025-04-03,IAH,BNA,UA,68.0,73.58
2025-04-08,SEA,DAL,AS,-25.0,-9.8225
2025-04-25,PBI,DCA,B6,-17.0,-19.0625
2025-04-20,ATL,ORD,UA,29.0,19.5175
2025-04-03,FLL,JFK,B6,-23.0,-24.1575
2025-04-25,SLC,CVG,DL,-1.0,-18.105
2025-04-06,SNA,LAS,WN,51.0,46.9275
2025-04-29,ATL,MEM,DL,-3.0,-4.5475
2025-04-14,EAR,DEN,OO,26.0,-3.2025
2025-04-23,DAL,LAS,WN,59.0,55.5025
2025-04-18,TPA,IND,WN,90.0,82.9825
2025-04-15,LAX,BOS,UA,-21.0,-14.7
2025-04-09,TPA,PHL,AA,-1.0,2.315
2025-04-08,JFK,PDX,DL,134.0,122.0875
2025-04-13,DFW,SFO,AA,19.0,13.34
2025-04-07,MCO,SFO,UA,-22.0,-8.56
2025-04-04,RDM,LAX,OO,-31.0,-11.635
2025-04-27,BOS,FLL,DL,-19.0,-15.9575
2025-04-27,OMA,MSP,OO,-11.0,-11.51
2025-04-04,DEN,MDW,WN,60.0,63.4925
2025-04-13,AMA,DAL,WN,-8.0,-17.375
2025-04-02,MSP,BIS,OO,-14.0,-6.95
2025-04-07,DEN,BNA,WN,-12.0,-15.82
2025-04-26,EWR,ORD,MQ,321.0,327.03
2025-04-29,LAX,SLC,DL,-8.0,-12.185
2025-04-08,MSY,LAS,WN,-13.0,2.9175
2025-04-21,PHX,RDM,MQ,-1.0,-5.4775
2025-04-02,DCA,IND,OH,-9.0,-10.46
2025-04-09,JAX,CLT,AA,-22.0,-17.8375
2025-04-27,ATL,CHS,DL,-10.0,-10.0725
2025-04-10,ATL,DAL,DL,-10.0,-13.085
2025-04-29,GSP,ATL,DL,-19.0,-17.3575
2025-04-11,SJC,LAX,OO,17.0,2.0075
2025-04-01,ORD,ATL,F9,-15.0,-7.8
2025-04-26,DEN,SGU,OO,23.0,26.4925
2025-04-03,DTW,PVD,OO,7.0,-0.0825
2025-04-01,DCA,MSY,WN,-21.0,-14.2225
2025-04-17,HOU,DCA,WN,-14.0,-4.465
2025-04-11,DEN,LAX,OO,-15.0,-16.165
2025-04-07,MCI,SMF,WN,-21.0,-12.705
2025-04-26,CHS,BOS,DL,23.0,-4.2975
2025-04-09,PHX,FAT,OO,-4.0,1.19
2025-04-23,DFW,BOI,AA,48.0,43.1875
2025-04-13,SFO,SAN,WN,0.0,4.3
2025-04-14,IND,RSW,WN,-12.0,-14.0225
2025-04-09,BDL,ORD,MQ,2.0,-12.865
2025-04-27,STL,TUL,WN,-8.0,-7.005
2025-04-27,MCI,PHX,OO,-3.0,-17.05
2025-04-17,DEN,CLE,UA,-18.0,-13.3875
2025-04-16,BWI,BNA,WN,3.0,4.655
2025-04-28,ANC,SCC,AS,24.0,19.9125
2025-04-10,CLT,LAS,AA,52.0,41.6175
2025-04-20,ROC,ORD,MQ,13.0,-3.9875
2025-04-18,DFW,COU,MQ,-8.0,-4.5825
2025-04-21,DRO,DFW,OO,-11.0,-8.5
2025-04-22,ORD,MCO,UA,-5.0,0.66
2025-04-27,JAX,MIA,MQ,5.0,-5.305
2025-04-24,EWR,SFO,AS,-24.0,-38.5775
2025-04-10,DCA,CID,OH,-29.0,-18.5175
2025-04-14,DEN,BNA,WN,-12.0,-8.1
2025-04-27,ORD,CLT,UA,-19.0,-6.1475
2025-04-06,TPA,SJU,WN,-1.0,-4.085
2025-04-19,PHX,OGG,AA,-22.0,-7.745
2025-04-23,ATL,JAX,DL,5.0,-4.375
2025-04-09,BOS,MDW,WN,38.0,28.9825
2025-04-12,CLT,SBN,OH,-21.0,-2.1925
2025-04-03,ORD,FWA,OO,149.0,156.795
2025-04-09,OAK,SEA,WN,-12.0,-10.4575
2025-04-09,CHS,DEN,UA,16.0,7.485
2025-04-22,DFW,ORD,AA,-14.0,-10.5275
2025-04-19,BOS,LAX,AA,-2.0,-22.755
2025-04-07,SBN,ORD,OO,86.0,78.6075
2025-04-16,BOS,LGA,YX,46.0,62.8125
2025-04-30,SEA,DFW,AA,225.0,245.2525
2025-04-02,TPA,MKE,NK,-22.0,-18.865
2025-04-26,BNA,MCO,WN,-9.0,-5.8525
2025-04-09,ORD,SGF,MQ,-4.0,-9.1175
2025-04-22,PHL,IND,YX,-5.0,-10.2975
2025-04-21,CLT,MCI,AA,5.0,18.2325
2025-04-18,DFW,ORF,AA,-8.0,-11.3725
2025-04-15,MSP,ORD,UA,-18.0,-12.3325
2025-04-23,BNA,GSP,WN,36.0,16.865
2025-04-08,ATL,OKC,DL,0.0,1.675
2025-04-06,CRW,ORD,OO,-9.0,-7.275
2025-04-30,DEN,SNA,UA,-21.0,-13.3625
2025-04-21,LGA,SAV,YX,-17.0,-15.6875
2025-04-18,DEN,SAV,UA,9.0,3.5675
2025-04-04,DTW,DFW,AA,9.0,-14.29
2025-04-21,ORD,EWR,UA,-3.0,3.89
2025-04-22,RDU,EWR,UA,35.0,28.195
2025-04-11,CMH,LAX,AA,-36.0,-1.7225
2025-04-24,MCO,EWR,UA,77.0,65.215
2025-04-18,CLT,LAX,AA,41.0,29.625
2025-04-28,IAH,CLE,UA,-29.0,-19.15
2025-04-17,BWI,BOS,WN,-2.0,-1.9075
2025-04-11,JFK,SLC,B6,137.0,163.4625
2025-04-10,SFB,CAK,G4,17.0,2.745
2025-04-25,ATL,MDW,WN,-19.0,-14.375
2025-04-24,FLL,BDL,B6,7.0,1.4625
2025-04-22,MSY,DAL,WN,-10.0,-14.93
2025-04-17,GSP,BWI,WN,9.0,2.8875
2025-04-24,JAX,CLT,AA,-23.0,-17.415
2025-04-09,OAK,LAS,NK,-11.0,-14.0825
2025-04-30,MCO,MCI,WN,6.0,-1.9425
2025-04-12,AUS,PHX,WN,-22.0,-8.49
2025-04-30,LGB,SMF,WN,-15.0,-12.1125
2025-04-24,STL,DEN,UA,13.0,-9.1875
2025-04-03,BOS,JFK,DL,-8.0,-6.7475
2025-04-16,IND,IAH,UA,-11.0,-11.9625
2025-04-13,ORD,SAT,UA,-37.0,-14.1325
2025-04-20,ATL,EYW,DL,5.0,-9.3625
2025-04-04,TUS,PHX,MQ,-5.0,-13.39
2025-04-15,AUS,DTW,DL,26.0,12.7675
2025-04-22,ATL,CAE,DL,-2.0,-6.4725
2025-04-30,IAD,BTV,YX,-14.0,-18.96
2025-04-24,MEM,DCA,OH,-17.0,-20.935
2025-04-05,PSP,SEA,DL,-13.0,-10.2675
2025-04-29,KOA,HNL,HA,17.0,8.7325
2025-04-09,MSP,MDW,WN,-14.0,-9.51
2025-04-28,PHX,SFO,AA,37.0,39.845
2025-04-25,OAK,DEN,WN,8.0,8.9475
2025-04-25,IAH,OKC,OO,-19.0,-14.72
2025-04-13,ATL,DFW,DL,-6.0,-18.6475
2025-04-10,SHV,CLT,OH,-11.0,-8.2925
2025-04-05,DEN,LAS,UA,-10.0,-12.505
2025-04-16,ECP,ATL,DL,-12.0,-13.3075
2025-04-10,MIA,BWI,WN,36.0,42.9425
2025-04-27,COU,ORD,MQ,-21.0,-14.605
2025-04-15,STL,DCA,AA,-14.0,-15.9975
2025-04-08,CLT,AUS,AA,-28.0,-11.1
2025-04-02,SAV,DCA,OH,-16.0,-10.5875
2025-04-01,PHL,SJU,AA,439.0,441.285
2025-04-24,GSP,SFB,G4,-4.0,-8.8625
2025-04-17,BOS,LAX,B6,9.0,-5.29
2025-04-19,HOU,DEN,WN,10.0,-14.1475
2025-04-04,SAN,DEN,WN,5.0,2.095
2025-04-02,DFW,SAT,AA,115.0,113.86
2025-04-01,PHX,LAS,WN,-1.0,2.27
2025-04-22,ATL,HHH,YX,-15.0,-9.115
2025-04-10,DEN,BUR,UA,-12.0,-9.3125
2025-04-13,SMF,SLC,WN,-4.0,-4.875
2025-04-25,SFO,PSC,OO,-17.0,-6.2075
2025-04-09,FLL,CLT,AA,-41.0,-21.02
2025-04-01,RDU,JFK,YX,-23.0,-19.91
2025-04-18,IND,BOS,YX,-22.0,-7.7
2025-04-12,SLC,AUS,DL,26.0,10.77
2025-04-30,DEN,AUS,UA,-2.0,-3.72
2025-04-06,CLT,PHL,AA,1.0,10.805
2025-04-14,JFK,RSW,B6,-41.0,-19.165
2025-04-07,HNL,DFW,AA,0.0,-15.4825
2025-04-26,LAS,BUR,WN,-13.0,-12.2575
2025-04-18,COS,LAS,WN,-3.0,-8.8525
2025-04-14,SAT,DFW,MQ,-22.0,-13.7775
2025-04-08,DEN,DAL,WN,-10.0,-5.6275
2025-04-14,MTJ,DFW,MQ,-22.0,-11.06
2025-04-23,SFO,FAT,OO,19.0,20.0075
2025-04-20,DTW,MSP,DL,-18.0,-19.795
2025-04-21,TPA,AUS,WN,-6.0,-2.4625
2025-04-29,SFO,RNO,OO,2.0,8.2225
2025-04-15,LAS,SFO,F9,17.0,23.8175
2025-04-17,DTW,ELM,OO,-9.0,-5.525
2025-04-06,SAN,IAD,UA,136.0,125.8225
2025-04-21,OKC,PHX,WN,-3.0,-7.8825
2025-04-20,LAS,ORD,F9,-12.0,-4.665
2025-04-20,LAX,SFO,DL,1.0,3.1025
2025-04-16,MSN,DTW,OO,53.0,56.8075
2025-04-11,ORD,BNA,OO,-13.0,-3.715
2025-04-30,DEN,LAS,WN,6.0,3.0825
2025-04-10,TPA,EWR,B6,-21.0,-20.635
2025-04-15,DEN,SFO,UA,-19.0,-7.0525
2025-04-21,DFW,SAT,AA,8.0,12.1825
2025-04-15,JAN,ATL,DL,-24.0,-22.03
2025-04-12,CLE,MCO,F9,3.0,-2.46
2025-04-09,SFO,JFK,B6,-27.0,-22.1025
2025-04-27,DCA,MCO,B6,-10.0,-16.9175
2025-04-03,JAC,DFW,AA,1.0,-9.1325
2025-04-01,STL,SLC,DL,-7.0,-14.16
2025-04-07,ECP,DAL,WN,-5.0,3.6675
2025-04-25,SAT,DEN,WN,-10.0,-15.285
2025-04-03,FLL,CVG,DL,89.0,74.06
2025-04-26,SMF,EWR,UA,941.0,931.26
2025-04-11,OGG,HNL,HA,-8.0,-5.8775
2025-04-22,DFW,ORD,AA,-16.0,-9.1525
2025-04-02,HOU,MDW,WN,-7.0,-6.965
2025-04-18,PHX,JFK,AA,-27.0,-15.8825
2025-04-24,IAH,DEN,UA,6.0,-5.6325
2025-04-12,LAS,SAN,OO,4.0,6.255
2025-04-02,OAK,PDX,WN,42.0,36.2175
2025-04-04,MCO,BDL,WN,10.0,9.56
2025-04-22,ATL,BNA,DL,-4.0,-6.8375
2025-04-14,DSM,ORD,OO,-21.0,-14.4425
2025-04-15,LAX,PHX,OO,-15.0,-15.7125
2025-04-02,IAH,BWI,UA,8.0,6.125
2025-04-24,CLT,SFO,AA,11.0,14.1375
2025-04-21,MEM,ORD,MQ,261.0,243.0775
2025-04-09,ORD,LAS,NK,-4.0,-14.0825
2025-04-02,BTR,ATL,DL,-11.0,-9.805
2025-04-13,FSD,ATL,DL,-20.0,-15.245
2025-04-08,CLT,ABE,OH,-7.0,-7.52
2025-04-13,ATL,FWA,OO,-5.0,-1.1625
2025-04-12,DEN,GEG,WN,-2.0,-3.9975
2025-04-21,OGG,HNL,HA,-4.0,-1.8
2025-04-29,DCA,MKE,OH,-10.0,-18.2675
2025-04-21,PIT,PHL,AA,35.0,34.5225
2025-04-14,FSD,ATL,DL,-14.0,-17.955
2025-04-07,MIA,GSP,MQ,-17.0,-7.34
2025-04-25,DTW,ALB,OO,73.0,78.05
2025-04-27,DEN,IAD,UA,-8.0,-4.7575
2025-04-27,ATL,CLT,OH,-12.0,-3.215
2025-04-17,SFO,BOS,UA,-16.0,-4.2775
2025-04-02,ICT,STL,WN,-20.0,-28.55
2025-04-30,LSE,ORD,MQ,-19.0,-21.5875
2025-04-08,IND,DFW,AA,-24.0,-12.1775
2025-04-27,SAN,ORD,AA,-27.0,-13.955
2025-04-30,ALB,ATL,DL,-29.0,-14.7175
2025-04-17,MDW,BWI,WN,-14.0,-9.3675
2025-04-03,LAX,DAL,WN,-28.0,-15.64
2025-04-15,ORD,JFK,OO,4.0,-10.8225
2025-04-05,PHX,DCA,AA,44.0,-2.5875
2025-04-09,DEN,MKE,OO,0.0,-6.035
2025-04-01,LAX,DFW,AA,-21.0,-7.355
2025-04-23,LAX,CLT,AA,-8.0,-15.0875
2025-04-24,BWI,CLT,WN,-7.0,0.42
2025-04-27,DAL,MDW,WN,10.0,8.835
2025-04-25,BOS,LGA,YX,-22.0,-14.3875
2025-04-04,CLT,ATL,DL,-17.0,-9.1325
2025-04-27,LAS,BNA,WN,47.0,56.71
2025-04-20,DFW,CRP,MQ,-7.0,-7.8975
2025-04-28,ATL,MCO,F9,0.0,-12.2775
2025-04-01,BNA,CLT,OH,-5.0,-18.705
2025-04-30,MDW,STL,WN,-7.0,-9.2575
2025-04-21,AUS,MSY,WN,-10.0,-10.175
2025-04-20,BWI,ATL,DL,-5.0,-9.9575
2025-04-28,LGA,ORD,DL,-25.0,-7.3425
2025-04-02,CLT,LGA,AA,1.0,-2.7375
2025-04-20,BOS,SEA,AS,20.0,31.345
2025-04-08,JFK,MIA,F9,58.0,-7.505
2025-04-24,LAS,SFO,AS,-3.0,-1.305
2025-04-01,IAD,BNA,UA,-4.0,-13.8025
2025-04-30,LAS,LGB,WN,-3.0,6.6125
2025-04-05,EWR,RSW,UA,-14.0,-3.9275
2025-04-07,ORD,EWR,UA,92.0,102.745
2025-04-05,MCO,BWI,WN,-11.0,-12.6225
2025-04-08,MSP,MCO,NK,-14.0,-12.195
2025-04-21,SEA,LAX,AS,25.0,21.4425
2025-04-21,GNV,ATL,DL,-27.0,-15.1075
2025-04-30,CLT,MSP,DL,-10.0,-13.825
2025-04-18,PHL,CMH,YX,11.0,-0.8925
2025-04-05,BOI,SJC,OO,11.0,-10.065
2025-04-10,HOU,MAF,WN,12.0,17.28
2025-04-19,EWR,ORD,MQ,-16.0,-13.6075
2025-04-03,MCO,PWM,F9,3.0,-19.055
2025-04-28,DSM,PGD,G4,-23.0,28.7475
2025-04-04,MSY,MCO,NK,-15.0,-18.0475
2025-04-06,LIT,ORD,OO,13.0,17.035
2025-04-26,OGG,LAX,DL,-13.0,-23.6325
2025-04-03,PHX,CLT,AA,25.0,-11.485
2025-04-27,MEM,ORD,OO,-7.0,-9.7475
2025-04-23,MSP,CLT,DL,-6.0,-13.233333333333334
2025-04-27,LAS,ATL,DL,-11.0,-13.1975
2025-04-30,MCO,CMH,NK,-9.0,-6.94
2025-04-17,PVD,BWI,WN,-17.0,-16.12
2025-04-06,DFW,PHL,AA,-23.0,-13.18
2025-04-14,ONT,PHX,AA,1.0,-4.05
2025-04-27,OMA,SFO,OO,-11.0,-8.8
2025-04-10,SNA,DEN,WN,-7.0,-6.145
2025-04-24,ATL,TPA,WN,-2.0,5.9625
2025-04-27,SAT,LAX,WN,-1.0,-11.4675
2025-04-29,LGA,MDW,WN,-13.0,-10.6575
2025-04-07,SMF,PHX,AA,-18.0,-19.0325
2025-04-19,EWR,FLL,B6,-26.0,-12.915
2025-04-06,ORD,MCO,AA,8.0,-14.835
2025-04-10,DEN,MIA,WN,-32.0,-14.41
2025-04-05,FWA,PIE,G4,186.0,179.94
2025-04-07,ATL,MCO,DL,42.0,9.33
2025-04-19,MIA,ATL,F9,-16.0,-1.485
2025-04-07,OMA,LAX,OO,-19.0,-14.7075
2025-04-29,FAR,ORD,MQ,-9.0,-13.8375
2025-04-26,SBN,DTW,OO,-21.0,-21.38
2025-04-14,BHM,DAL,WN,-16.0,-14.72
2025-04-04,SMF,SAN,WN,0.0,-12.8175
2025-04-28,MIA,MCO,AA,-3.0,0.6175
2025-04-12,ORD,BDL,UA,-14.0,-15.8675
2025-04-09,BOS,SLC,DL,6.0,3.7375
2025-04-12,DCA,DFW,AA,-37.0,-20.4625
2025-04-12,DCA,ORF,OH,-6.0,-6.525
2025-04-27,CHS,BNA,WN,-12.0,-9.5975
2025-04-24,DEN,SYR,UA,72.0,73.45
2025-04-27,EWR,MCO,NK,-27.0,-25.3875
2025-04-20,SAT,IAH,UA,2.0,-8.1375
2025-04-16,JFK,SFO,DL,-37.0,-27.365
2025-04-11,CMH,DEN,WN,-19.0,-11.205
2025-04-15,SFO,ORD,AS,-17.0,-14.3475
2025-04-30,BOS,IAD,UA,-15.0,-23.585
2025-04-17,AZA,ICT,G4,-22.0,-7.34
2025-04-27,JFK,LAX,AA,-13.0,-15.885
2025-04-13,EWR,ATL,NK,-9.0,-15.365
2025-04-29,BOS,TPA,NK,-16.0,-14.395
2025-04-13,DCA,ATL,DL,-22.0,-21.64
2025-04-05,DEN,EWR,UA,-15.0,-4.1825
2025-04-27,TUL,CLT,OH,17.0,9.3775
2025-04-08,SEA,ONT,AS,19.0,19.4825
2025-04-01,MKE,ORD,OO,-13.0,-11.435
2025-04-02,DCA,JFK,YX,33.0,33.235
2025-04-04,DEN,ASE,OO,-21.0,-14.6625
2025-04-13,MEM,DFW,AA,-25.0,-13.0225
2025-04-10,CLT,EYW,AA,-20.0,-13.1775
2025-04-06,IND,ATL,WN,4.0,-11.6475
2025-04-21,IAD,IND,YX,-7.0,-8.29
2025-04-18,LAS,DCA,WN,-15.0,0.3375
2025-04-25,RSW,CLT,AA,-1.0,-1.515
2025-04-03,SLC,PSC,OO,-6.0,-3.675
2025-04-26,IAD,MGW,OO,-22.0,-3.975
2025-04-08,MCI,DFW,AA,22.0,-15.13
2025-04-17,BOS,BWI,WN,-8.0,2.72
2025-04-16,ACV,DEN,OO,-9.0,-12.2775
2025-04-08,PHX,MSP,F9,-11.0,-18.5375
2025-04-27,HOU,BNA,WN,47.0,51.8675
2025-04-10,MCO,ROC,NK,-17.0,-11.845
2025-04-01,SAN,SFO,WN,-2.0,0.095
2025-04-03,CHS,ATL,DL,-5.0,-9.38
2025-04-04,LAS,PIT,WN,-4.0,-4.5175
2025-04-24,SEA,KOA,AS,42.0,47.5875
2025-04-01,DFW,GSP,AA,3.0,-7.355
2025-04-05,PHL,LGA,YX,-10.0,-12.2325
2025-04-12,AUS,ATL,DL,-19.0,-12.925
2025-04-29,SAT,STL,WN,-21.0,-16.21
2025-04-28,JAX,PHL,AA,-2.0,-1.8325
2025-04-23,DFW,MKE,AA,179.0,185.4075
2025-04-06,LAX,DFW,NK,-10.0,-16.8975
2025-04-30,LAS,BOI,WN,-1.0,-4.5075
2025-04-11,DEN,ATL,WN,49.0,49.045
2025-04-13,DSM,ORD,OO,76.0,78.135
2025-04-08,LGA,MIA,NK,-4.0,-19.955
2025-04-25,ROC,ATL,DL,-15.0,-19.68
2025-04-15,EWR,FLL,UA,9.0,12.12
2025-04-27,LAS,SMF,NK,-11.0,-13.9725
2025-04-26,HNL,IAD,UA,-6.0,-2.4125
2025-04-21,ICT,ORD,OO,5.0,-3.8075
2025-04-21,SFO,DCA,UA,-13.0,0.4275
2025-04-22,SFO,JFK,AS,-10.0,-19.0975
2025-04-22,PIT,ATL,DL,-15.0,-18.5375
2025-04-14,ORD,STL,MQ,-5.0,-3.2825
2025-04-02,SJU,ATL,DL,-20.0,-11.5625
2025-04-01,RDU,BOS,DL,159.0,153.98
2025-04-30,LAS,DEN,WN,-5.0,-11.4975
2025-04-01,LAX,SJC,OO,3.0,-9.8975
2025-04-23,PHL,DFW,AA,66.0,39.915
2025-04-08,FCA,DEN,UA,-24.0,-13.5175
2025-04-28,GEG,SEA,OO,-9.0,-6.41
2025-04-02,DTW,PVD,OO,40.0,28.4625
2025-04-14,ORD,EWR,MQ,25.0,0.65
2025-04-06,SAN,LIH,AS,-27.0,-9.19
2025-04-11,ORD,MCI,MQ,-13.0,-5.205
2025-04-05,RNO,PHX,AA,27.0,26.3125
2025-04-13,LAS,BNA,WN,-18.0,-15.29
2025-04-01,DCA,MIA,AA,-9.0,-1.51
2025-04-10,DEN,GJT,OO,-11.0,-4.0875
2025-04-28,LAS,MSO,G4,-17.0,-15.275
2025-04-09,LAW,DFW,OO,-26.0,-19.27
2025-04-07,SRQ,DCA,AA,-29.0,-24.3825
2025-04-24,BNA,DEN,UA,-26.0,-14.0725
2025-04-13,ORD,DFW,AA,-6.0,-6.3525
2025-04-20,LGA,CLT,NK,-15.0,-13.2
2025-04-08,SJC,LAX,WN,-17.0,-15.1225
2025-04-16,ATL,CHS,DL,-12.0,-10.1
2025-04-17,SDF,DFW,AA,24.0,13.83
2025-04-17,SAT,DTW,DL,-11.0,-21.1325
2025-04-11,ORD,IND,AA,-6.0,-10.8575
2025-04-07,AUS,TPA,WN,-9.0,-4.35
2025-04-19,SEA,RDU,AS,-3.0,3.49
2025-04-14,DEN,TPA,F9,15.0,22.165
2025-04-26,MDW,MCI,WN,21.0,26.1675
2025-04-04,SFO,PHX,AA,-1.0,-4.5175
2025-04-03,LAS,SJC,NK,-7.0,-2.69
2025-04-19,MSY,MIA,AA,4.0,-7.205
2025-04-02,IAH,TPA,UA,-24.0,-20.95
2025-04-13,PHL,SRQ,F9,-33.0,-13.18
2025-04-26,DFW,AUS,MQ,-16.0,-13.2925
2025-04-14,SEA,BNA,AS,-23.0,-5.32
2025-04-17,MCI,IND,WN,23.0,11.25
2025-04-18,BOS,ATL,DL,44.0,53.53
2025-04-03,STL,JAX,WN,-13.0,-13.585
2025-04-17,CLT,BOS,YX,-8.0,-5.9025
2025-04-12,CLT,GSP,OH,-24.0,-15.7125
2025-04-12,PHX,FAT,OO,-13.0,-15.5825
2025-04-14,DTW,LAN,OO,-16.0,-14.075
2025-04-30,RSW,EWR,UA,-16.0,-24.39
2025-04-10,ISP,TPA,F9,-12.0,-14.9325
2025-04-21,DEN,DCA,F9,-20.0,-10.745
2025-04-13,ICT,ORD,MQ,-22.0,-17.43
2025-04-11,PHX,LAX,AA,-8.0,-5.1725
2025-04-07,ORD,FWA,OO,16.0,-7.8625
2025-04-08,BWI,BDL,WN,-19.0,-7.3175
2025-04-30,DFW,XNA,MQ,18.0,10.05
2025-04-24,MCO,BOS,B6,-13.0,-12.5475
2025-04-24,DTW,DCA,DL,-5.0,-7.0325
2025-04-06,MIA,AUS,AA,58.0,60.845
2025-04-08,XWA,MSP,OO,-21.0,-10.01
2025-04-20,DEN,COS,UA,-8.0,-12.72
2025-04-26,CLT,CAK,OH,11.0,8.4475
2025-04-08,SFO,PDX,OO,-4.0,-3.21
2025-04-27,ONT,SFO,UA,34.0,35.0475
2025-04-10,OGG,HNL,HA,30.0,36.2925
2025-04-25,OAK,LAS,WN,-4.0,-6.3025
2025-04-29,DEN,ELP,UA,7.0,6.8425
2025-04-23,ELP,DFW,AA,48.0,45.82
2025-04-22,SRQ,BOS,G4,-13.0,-22.9725
2025-04-14,BHM,PHX,WN,362.0,348.8825
2025-04-19,COU,DFW,OO,135.0,119.5275
2025-04-07,DFW,MIA,AA,21.0,-6.2
2025-04-14,BNA,TPA,MQ,-9.0,-13.23
2025-04-02,LAX,LAS,WN,1.0,16.9425
2025-04-21,ORD,LAX,NK,-7.0,-15.1025
2025-04-12,PHX,MSP,WN,-12.0,-4.9
2025-04-04,DAL,SAT,WN,50.0,42.22
2025-04-16,CLE,IAH,UA,-10.0,-8.1525
2025-04-15,LAX,IAH,UA,-10.0,-6.8025
2025-04-15,PDX,SEA,OO,-24.0,-14.3225
2025-04-01,SFO,JFK,DL,-24.0,-10.495
2025-04-17,LAS,EWR,UA,-25.0,-9.8675
2025-04-04,CID,MSP,OO,-15.0,-14.9575
2025-04-21,DTW,LAS,DL,-5.0,-13.8
2025-04-04,PIT,ORD,UA,2.0,-9.48
2025-04-26,BUF,RSW,WN,-3.0,-12.2125
2025-04-13,MSP,PHX,DL,10.0,-8.205
2025-04-27,SFO,ATL,DL,0.0,-3.8475
2025-04-29,BOS,STL,WN,13.0,-2.03
2025-04-08,LGA,XNA,YX,7.0,1.42
2025-04-27,MSP,BOS,DL,5.0,-0.8475
2025-04-25,MIA,PHX,AA,-8.0,-5.215
2025-04-15,TUL,DFW,AA,-22.0,-15.11
2025-04-04,CHS,ORD,UA,40.0,20.525
2025-04-04,LGA,ATL,F9,83.0,91.985
2025-04-10,LAX,ORD,UA,-14.0,-15.17
2025-04-26,SAN,LAS,OO,-9.0,-7.3125
2025-04-02,IAH,LAS,UA,-8.0,-12.485
2025-04-18,TYS,DEN,OO,42.0,24.5525
2025-04-16,LGA,ORD,AA,36.0,31.895
2025-04-06,DAB,CLT,OH,63.0,62.32
2025-04-11,DCA,BOS,YX,7.0,-7.14
2025-04-25,ATL,PHL,F9,115.0,122.5875
2025-04-01,IAD,RDU,UA,-19.0,-18.2225
2025-04-28,LAS,HOU,WN,7.0,-5.255
2025-04-05,STL,MCO,WN,-2.0,-9.9575
2025-04-11,PVD,DEN,WN,-28.0,-11.645
2025-04-24,TPA,FLL,WN,-17.0,-3.605
2025-04-14,PHX,SMF,OO,-4.0,-3.675
2025-04-05,MDW,FLL,WN,27.0,-2.5975
2025-04-06,CMH,LAS,WN,-17.0,5.7275
2025-04-26,CPR,DEN,OO,39.0,41.0725
2025-04-18,AUS,SAN,WN,-8.0,-21.3925
2025-04-10,BOI,ORD,OO,-13.0,-19.125
2025-04-09,STL,DFW,AA,-20.0,-17.8125
2025-04-19,HNL,KOA,HA,0.0,2.5825
2025-04-21,SDF,FLL,G4,-31.0,-8.9025
2025-04-15,DCA,MGM,OH,-1.0,-16.86
2025-04-21,DFW,LAX,NK,-31.0,-11.44
2025-04-13,SFO,SLC,OO,-11.0,-14.0225
2025-04-04,ATL,SLC,DL,-14.0,-15.5125
2025-04-04,PHL,SLC,DL,4.0,-6.8525
2025-04-03,MCO,EWR,NK,179.0,178.915
2025-04-08,MEM,IAH,UA,-29.0,30.245
2025-04-27,GEG,SEA,OO,-23.0,-12.815
2025-04-19,GPT,CLT,OH,0.0,-0.3925
2025-04-07,CLE,DCA,OH,123.0,122.91
2025-04-30,LAX,SEA,UA,-7.0,-13.4725
2025-04-18,GSP,ATL,DL,9.0,4.905
2025-04-08,TLH,ATL,DL,-24.0,-16.9075
2025-04-02,MYR,CLT,AA,-9.0,-13.385
2025-04-15,SEA,PHX,AS,135.0,125.4125
2025-04-09,ATL,HOU,WN,-5.0,-8.785
2025-04-12,AUS,BNA,WN,-14.0,-17.5575
2025-04-01,SEA,RDD,OO,-13.0,-18.51
2025-04-26,SRQ,GRR,G4,-6.0,-33.3125
2025-04-25,AUS,ABQ,WN,-18.0,-12.655
2025-04-07,MSP,DCA,DL,-13.0,-14.55
2025-04-22,DFW,BTR,OH,25.0,5.1525
2025-04-24,LBE,MCO,NK,-38.0,-22.3125
2025-04-22,MIA,CLT,AA,-5.0,-9.97
2025-04-06,HNL,PDX,HA,15.0,6.2375
2025-04-26,MIA,SJU,AA,3.0,-12.385
2025-04-11,PHX,LAS,AA,-8.0,-7.3
2025-04-17,MCO,SDF,WN,-6.0,-11.38
2025-04-02,MSP,DEN,WN,-4.0,-17.24
2025-04-09,SBA,SFO,OO,-6.0,-1.1975
2025-04-25,DEN,DCA,F9,-10.0,-11.6025
2025-04-29,SNA,PHX,AA,6.0,-14.545
2025-04-10,SLC,SEA,DL,15.0,15.165
2025-04-28,SRQ,ATL,DL,-25.0,-14.115
2025-04-06,SHV,ATL,OO,23.0,-8.5625
2025-04-15,FLL,PHL,F9,-16.0,-16.61
2025-04-13,JFK,AUS,DL,-40.0,-11.625
2025-04-06,SFO,BNA,UA,-13.0,6.9525
2025-04-17,RDU,LGA,YX,-5.0,-8.5225
2025-04-22,SAT,HOU,WN,-14.0,-19.035
2025-04-10,CLT,PVD,AA,-2.0,-6.175
2025-04-15,DEN,GSP,OO,-15.0,-1.5575
2025-04-21,ORD,ATL,YX,-3.0,-11.195
2025-04-24,DFW,MIA,NK,26.0,26.9375
2025-04-12,JAX,SJU,F9,42.0,36.4825
2025-04-01,PHX,DTW,AA,55.0,76.1275
2025-04-22,DFW,STL,AA,54.0,51.85
2025-04-23,MIA,SFO,UA,-17.0,-2.98
2025-04-03,CHS,HOU,WN,332.0,337.3625
2025-04-15,SLC,LAS,WN,-14.0,-16.7025
2025-04-19,SFB,RAP,G4,-33.0,-23.8225
2025-04-17,LAX,FAT,OO,-8.0,-6.655
2025-04-20,DCA,MIA,DL,-26.0,-22.9025
2025-04-28,TPA,IAD,UA,-10.0,-13.455
2025-04-01,BOS,DCA,YX,7.0,5.0725
2025-04-21,RSW,DTW,DL,-3.0,2.19
2025-04-03,MCO,DAL,WN,-10.0,8.455
2025-04-10,LGA,ATL,DL,-14.0,-22.1175
2025-04-21,PVD,DCA,YX,29.0,24.0525
2025-04-27,SLC,DEN,DL,-16.0,-16.8575
2025-04-01,MKE,BNA,WN,-13.0,-13.045
2025-04-07,EWR,PHX,UA,-33.0,-17.2625
2025-04-29,SEA,SAN,AS,-5.0,-0.0275
2025-04-02,LAX,DAL,WN,-30.0,-17.5975
2025-04-08,DTW,IAH,UA,-19.0,-20.305
2025-04-01,DEN,OKC,OO,-12.0,-6.43
2025-04-14,GRR,PGD,G4,-41.0,-33.7
2025-04-27,HOU,LGB,WN,-8.0,-17.88
2025-04-06,ORD,LAX,UA,-15.0,12.405
2025-04-19,PHL,PWM,OH,-17.0,-13.6125
2025-04-22,DFW,SEA,AS,25.0,29.49
2025-04-01,RSW,DCA,MQ,-5.0,-16.7625
2025-04-07,MIA,PHX,AA,-2.0,19.3975
2025-04-26,PHL,JAX,AA,20.0,35.0275
2025-04-13,BNA,MCO,WN,-13.0,-0.37
2025-04-01,EYW,PHL,YX,5.0,10.57
2025-04-04,CLT,ORD,UA,-8.0,-16.795
2025-04-08,BNA,JFK,B6,20.0,8.3425
2025-04-17,DAL,MCO,WN,-12.0,-11.0875
2025-04-30,IAD,SFO,UA,-37.0,-26.595
2025-04-02,LAX,DFW,AA,-20.0,-15.7625
2025-04-21,DEN,SFO,UA,4.0,10.985
2025-04-13,LGA,MSP,DL,0.0,-13.7975
2025-04-23,PHX,LAS,WN,19.0,22.9375
2025-04-30,AUS,PHL,AA,39.0,17.4075
2025-04-21,DCA,MSY,AA,4.0,-23.2425
2025-04-09,MSP,GRB,OO,-9.0,-6.95
2025-04-17,BOS,RIC,YX,-28.0,-24.5125
2025-04-19,MSY,AUS,WN,-16.0,-14.11
2025-04-22,SFO,MDW,WN,-2.0,6.83
2025-04-23,LAS,MCO,WN,-4.0,-10.8675
2025-04-30,RNO,ORD,UA,-14.0,-12.8525
2025-04-26,ALB,MCO,B6,-17.0,-24.4
2025-04-25,TPA,ATL,DL,-18.0,-14.46
2025-04-21,JNU,SIT,AS,87.0,81.31
2025-04-02,ALB,MCO,WN,-27.0,-2.18
2025-04-01,LGA,TUL,YX,-7.0,12.48
2025-04-09,HNL,KOA,HA,-5.0,-8.2825
2025-04-20,SMF,SFO,OO,-19.0,-13.755
2025-04-17,LAX,DEN,OO,-8.0,-13.4725
2025-04-04,BOS,RIC,B6,-24.0,-25.585
2025-04-03,BOS,DFW,DL,117.0,45.4
2025-04-24,AUS,SAN,OO,-7.0,-3.585
2025-04-08,MCO,DCA,AA,-33.0,-16.99
2025-04-22,FWA,ATL,OO,-4.0,-6.0425
2025-04-11,MIA,DTW,DL,-24.0,-18.2
2025-04-03,RNO,LAS,WN,-22.0,-19.8575
2025-04-21,TPA,DEN,F9,-26.0,-7.4025
2025-04-15,ATL,PIT,DL,-7.0,-13.8075
2025-04-29,CHS,DCA,YX,-9.0,-6.24
2025-04-08,DAL,LGA,WN,-19.0,-13.7075
2025-04-26,MCO,ATL,F9,-10.0,-4.785
2025-04-13,DEN,HOU,WN,-1.0,3.7475
2025-04-04,IAH,LAX,UA,1.0,2.2275
2025-04-18,SDF,DFW,MQ,2.0,-13.94
2025-04-07,LGA,BOS,B6,141.0,132.5725
2025-04-06,LAS,CLT,AA,4.0,-15.755
2025-04-05,KOA,LAX,UA,-21.0,-25.73
2025-04-13,ATL,SEA,DL,-19.0,-11.73
2025-04-03,DEN,RDM,UA,187.0,218.715
2025-04-18,PIT,ATL,DL,-16.0,-12.3775
2025-04-14,HNL,DTW,DL,64.0,53.895
2025-04-11,OAK,LAS,WN,-14.0,-8.4725
2025-04-16,BHM,FLL,NK,-25.0,-17.11
2025-04-22,MLB,ATL,DL,-10.0,-8.41
2025-04-08,BOS,PHX,AA,7.0,15.845
2025-04-14,FLL,BWI,NK,115.0,107.46
2025-04-29,ORD,MIA,AA,-16.0,-5.84
2025-04-07,MEM,ATL,DL,8.0,4.885
2025-04-16,CHA,ATL,OO,-12.0,-13.88
2025-04-16,SJC,SAN,WN,11.0,5.525
2025-04-10,SJU,MCO,B6,-12.0,-14.635
2025-04-30,DTW,AUS,DL,19.0,-11.7475
2025-04-20,JFK,FLL,B6,-10.0,-3.4225
2025-04-30,ATL,HSV,DL,78.0,79.0475
2025-04-16,RIC,BOS,YX,-7.0,-12.26
2025-04-12,LGA,PBI,DL,3.0,-6.485
2025-04-11,MSP,CLT,DL,-3.0,-2.725
2025-04-01,MCO,DTW,DL,22.0,13.1925
2025-04-15,RNO,DEN,UA,-10.0,-10.895
2025-04-09,XNA,DFW,MQ,82.0,90.2375
2025-04-16,BRO,DFW,MQ,-15.0,-15.165
2025-04-20,DEN,DDC,OO,2.0,-14.6825
2025-04-01,ATL,MCI,DL,-15.0,-11.865
2025-04-02,ISP,FLL,F9,-25.0,-12.1275
2025-04-21,LGA,MCO,DL,6.0,-22.6025
2025-04-04,BOS,ORD,YX,53.0,47.0725
2025-04-23,BHM,FLL,NK,-25.0,-16.9625
2025-04-29,SAN,SMF,WN,-9.0,-11.1275
2025-04-19,SAT,HOU,WN,-10.0,-13.4425
2025-04-18,SEA,PHX,AS,-14.0,-12.345
2025-04-14,PHL,DEN,WN,17.0,-12.605
2025-04-23,SJU,CLT,AA,-35.0,-6.39
2025-04-30,DCA,GRR,OH,-29.0,-16.5675
2025-04-23,LAX,OGG,AA,-27.0,-22.395
2025-04-13,PWM,DCA,YX,2.0,-7.39
2025-04-16,CLE,LGA,YX,29.0,28.365
2025-04-15,BIL,SLC,OO,-18.0,-13.48
2025-04-14,CLT,ALB,AA,-7.0,-9.54
2025-04-16,SEA,PHX,AS,-15.0,-16.6825
2025-04-10,ABQ,ATL,DL,-20.0,-10.65
2025-04-18,DAL,MSY,WN,28.0,32.6975
2025-04-10,DEN,MEM,UA,-25.0,-14.2425
2025-04-08,ABQ,DFW,AA,-23.0,-15.75
2025-04-18,SFO,CLE,UA,-14.0,-12.2325
2025-04-04,LAS,BZN,WN,9.0,10.33
2025-04-07,TYS,CLT,AA,-10.0,-5.0375
2025-04-19,ATW,PHX,MQ,32.0,-20.1325
2025-04-12,AUS,LAS,DL,-13.0,-8.235
2025-04-27,IAH,MIA,AA,120.0,128.3025
2025-04-25,ORD,ROC,MQ,-4.0,-1.11
2025-04-10,DFW,SAV,AA,-12.0,-14.55
2025-04-28,SMF,PHX,OO,-7.0,-12.51
2025-04-19,AUS,SJU,WN,-13.0,26.845
2025-04-26,SEA,DEN,DL,3.0,-4.245
2025-04-27,LAS,SEA,AS,8.0,-6.48
2025-04-11,MCI,LGA,DL,-10.0,-16.0875
2025-04-11,MLB,ATL,DL,4.0,-0.6775
2025-04-02,CLE,JFK,YX,25.0,29.62
2025-04-03,CLT,ORF,OH,-2.0,-6.8575
2025-04-12,LGA,PIT,YX,-26.0,-23.0575
2025-04-21,RSW,DTW,NK,0.0,2.8575
2025-04-24,ORD,PHX,AA,2.0,-14.9925
2025-04-10,DTW,DFW,NK,-26.0,-13.9
2025-04-19,SFO,CMH,UA,-14.0,-16.315
2025-04-16,SAV,MDW,WN,-6.0,-17.9675
2025-04-08,ATL,BOS,DL,-17.0,-15.015
2025-04-21,PDX,DFW,AA,-5.0,-5.0275
2025-04-25,SJU,MIA,AA,-22.0,-11.4975
2025-04-14,CMX,ORD,OO,-30.0,-19.085
2025-04-28,PIT,SFB,G4,-19.0,-11.7175
2025-04-28,DEN,PSP,WN,5.0,2.2475
2025-04-29,LFT,CLT,OH,8.0,-14.1075
2025-04-13,SLC,EUG,OO,-28.0,-8.41
2025-04-13,IND,SEA,AS,-8.0,-6.66
2025-04-20,BOS,JFK,YX,0.0,0.78
2025-04-26,CLT,BWI,AA,48.0,48.0375
2025-04-19,SLC,SMF,DL,-8.0,-4.055
2025-04-22,PHL,SFO,AA,-9.0,-7.115
2025-04-05,VPS,PIT,G4,-4.0,-3.9025
